match_id,innings,team,player,runs,balls,fours,sixes,strike_rate,dismissal,not_out,boundary_runs,boundary_percentage,is_fifty,is_hundred
IPL_2019_001,1,LSG,KL Rahul,59,35,4,3,168.57,b Cummins,0,34,57.63,1,0
IPL_2019_001,1,LSG,Quinton de Kock,29,20,1,1,145.0,lbw b Chahal,0,10,34.48,0,0
IPL_2019_001,1,LSG,Marcus Stoinis,48,26,3,2,184.62,c Dhoni b Bumrah,0,24,50.0,0,0
IPL_2019_001,1,LSG,Nicholas Pooran,44,38,3,1,115.79,b Cummins,0,18,40.91,0,0
IPL_2019_001,1,LSG,Ayush Badoni,1,1,0,0,100.0,b Cummins,0,0,0.0,0,0
IPL_2019_001,2,PBKS,Shikhar Dhawan,38,33,4,1,115.15,c & b Narine,0,22,57.89,0,0
IPL_2019_001,2,PBKS,Jonny Bairstow,29,24,3,0,120.83,lbw b Chahal,0,12,41.38,0,0
IPL_2019_001,2,PBKS,Prabhsimran Singh,31,17,2,1,182.35,b Cummins,0,14,45.16,0,0
IPL_2019_001,2,PBKS,Rilee Rossouw,34,27,2,0,125.93,run out,0,8,23.53,0,0
IPL_2019_001,2,PBKS,Sam Curran,25,19,1,0,131.58,c Dhoni b Bumrah,0,4,16.0,0,0
IPL_2019_002,1,KKR,Phil Salt,29,21,1,0,138.1,b Cummins,0,4,13.79,0,0
IPL_2019_002,1,KKR,Sunil Narine,50,29,3,2,172.41,c Dhoni b Bumrah,0,24,48.0,1,0
IPL_2019_002,1,KKR,Venkatesh Iyer,67,38,4,4,176.32,b Cummins,0,40,59.7,1,0
IPL_2019_002,1,KKR,Shreyas Iyer,33,20,2,1,165.0,c Dhoni b Bumrah,0,14,42.42,0,0
IPL_2019_002,1,KKR,Rinku Singh,14,12,1,0,116.67,c Dhoni b Bumrah,0,4,28.57,0,0
IPL_2019_002,2,PBKS,Shikhar Dhawan,42,35,2,2,120.0,run out,0,20,47.62,0,0
IPL_2019_002,2,PBKS,Jonny Bairstow,44,27,2,2,162.96,run out,0,20,45.45,0,0
IPL_2019_002,2,PBKS,Prabhsimran Singh,22,13,1,1,169.23,run out,0,10,45.45,0,0
IPL_2019_002,2,PBKS,Rilee Rossouw,12,8,0,0,150.0,c Dhoni b Bumrah,0,0,0.0,0,0
IPL_2019_002,2,PBKS,Sam Curran,12,10,1,0,120.0,b Cummins,0,4,33.33,0,0
IPL_2019_002,2,PBKS,Jitesh Sharma,17,10,0,1,170.0,run out,0,6,35.29,0,0
IPL_2019_002,2,PBKS,Shashank Singh,29,17,2,1,170.59,not out,1,14,48.28,0,0
IPL_2019_003,1,RR,Yashasvi Jaiswal,24,18,1,0,133.33,c Dhoni b Bumrah,0,4,16.67,0,0
IPL_2019_003,1,RR,Jos Buttler,49,31,4,1,158.06,lbw b Chahal,0,22,44.9,0,0
IPL_2019_003,1,RR,Sanju Samson,44,29,1,2,151.72,c & b Narine,0,16,36.36,0,0
IPL_2019_003,1,RR,Riyan Parag,31,26,2,1,119.23,b Cummins,0,14,45.16,0,0
IPL_2019_003,1,RR,Dhruv Jurel,27,16,1,1,168.75,not out,1,10,37.04,0,0
IPL_2019_003,2,PBKS,Shikhar Dhawan,34,22,2,2,154.55,c & b Narine,0,20,58.82,0,0
IPL_2019_003,2,PBKS,Jonny Bairstow,32,25,2,1,128.0,b Cummins,0,14,43.75,0,0
IPL_2019_003,2,PBKS,Prabhsimran Singh,59,36,5,1,163.89,lbw b Chahal,0,26,44.07,1,0
IPL_2019_003,2,PBKS,Rilee Rossouw,44,27,3,1,162.96,run out,0,18,40.91,0,0
IPL_2019_003,2,PBKS,Sam Curran,13,9,1,0,144.44,run out,0,4,30.77,0,0
IPL_2019_004,1,SRH,Travis Head,22,15,1,1,146.67,b Cummins,0,10,45.45,0,0
IPL_2019_004,1,SRH,Abhishek Sharma,40,24,3,2,166.67,run out,0,24,60.0,0,0
IPL_2019_004,1,SRH,Rahul Tripathi,43,25,3,2,172.0,run out,0,24,55.81,0,0
IPL_2019_004,1,SRH,Aiden Markram,46,32,1,3,143.75,run out,0,22,47.83,0,0
IPL_2019_004,1,SRH,Heinrich Klaasen,41,24,4,1,170.83,not out,1,22,53.66,0,0
IPL_2019_004,2,LSG,KL Rahul,36,20,2,2,180.0,c & b Narine,0,20,55.56,0,0
IPL_2019_004,2,LSG,Quinton de Kock,45,31,3,2,145.16,b Cummins,0,24,53.33,0,0
IPL_2019_004,2,LSG,Marcus Stoinis,26,20,2,0,130.0,run out,0,8,30.77,0,0
IPL_2019_004,2,LSG,Nicholas Pooran,42,37,3,2,113.51,run out,0,24,57.14,0,0
IPL_2019_004,2,LSG,Ayush Badoni,17,12,0,0,141.67,b Cummins,0,0,0.0,0,0
IPL_2019_005,1,RCB,Faf du Plessis,30,20,3,1,150.0,c Dhoni b Bumrah,0,18,60.0,0,0
IPL_2019_005,1,RCB,Virat Kohli,29,20,2,1,145.0,lbw b Chahal,0,14,48.28,0,0
IPL_2019_005,1,RCB,Will Jacks,13,9,0,0,144.44,c Dhoni b Bumrah,0,0,0.0,0,0
IPL_2019_005,1,RCB,Rajat Patidar,28,20,1,0,140.0,c & b Narine,0,4,14.29,0,0
IPL_2019_005,1,RCB,Glenn Maxwell,27,20,1,1,135.0,c & b Narine,0,10,37.04,0,0
IPL_2019_005,1,RCB,Cameron Green,42,29,2,1,144.83,c & b Narine,0,14,33.33,0,0
IPL_2019_005,1,RCB,Dinesh Karthik,2,2,0,0,100.0,c Dhoni b Bumrah,0,0,0.0,0,0
IPL_2019_005,2,KKR,Phil Salt,27,20,2,1,135.0,run out,0,14,51.85,0,0
IPL_2019_005,2,KKR,Sunil Narine,44,24,2,2,183.33,lbw b Chahal,0,20,45.45,0,0
IPL_2019_005,2,KKR,Venkatesh Iyer,53,30,3,3,176.67,run out,0,30,56.6,1,0
IPL_2019_005,2,KKR,Shreyas Iyer,45,29,3,1,155.17,c & b Narine,0,18,40.0,0,0
IPL_2019_005,2,KKR,Rinku Singh,9,8,0,0,112.5,c Dhoni b Bumrah,0,0,0.0,0,0
IPL_2019_006,1,GT,Shubman Gill,27,17,2,1,158.82,c Dhoni b Bumrah,0,14,51.85,0,0
IPL_2019_006,1,GT,Wriddhiman Saha,65,37,4,3,175.68,c Dhoni b Bumrah,0,34,52.31,1,0
IPL_2019_006,1,GT,Sai Sudharsan,59,32,4,3,184.38,b Cummins,0,34,57.63,1,0
IPL_2019_006,1,GT,David Miller,30,25,2,0,120.0,run out,0,8,26.67,0,0
IPL_2019_006,1,GT,Azmatullah Omarzai,14,9,1,0,155.56,b Cummins,0,4,28.57,0,0
IPL_2019_006,2,DC,David Warner,11,9,1,0,122.22,lbw b Chahal,0,4,36.36,0,0
IPL_2019_006,2,DC,Prithvi Shaw,12,9,1,0,133.33,run out,0,4,33.33,0,0
IPL_2019_006,2,DC,Jake Fraser-McGurk,37,23,1,1,160.87,b Cummins,0,10,27.03,0,0
IPL_2019_006,2,DC,Rishabh Pant,54,35,4,2,154.29,b Cummins,0,28,51.85,1,0
IPL_2019_006,2,DC,Tristan Stubbs,26,22,2,0,118.18,lbw b Chahal,0,8,30.77,0,0
IPL_2019_006,2,DC,Axar Patel,38,22,2,1,172.73,not out,1,14,36.84,0,0
IPL_2019_007,1,RR,Yashasvi Jaiswal,28,19,2,1,147.37,c Dhoni b Bumrah,0,14,50.0,0,0
IPL_2019_007,1,RR,Jos Buttler,25,16,2,1,156.25,run out,0,14,56.0,0,0
IPL_2019_007,1,RR,Sanju Samson,30,22,3,1,136.36,run out,0,18,60.0,0,0
IPL_2019_007,1,RR,Riyan Parag,10,8,0,0,125.0,run out,0,0,0.0,0,0
IPL_2019_007,1,RR,Dhruv Jurel,58,34,3,3,170.59,lbw b Chahal,0,30,51.72,1,0
IPL_2019_007,1,RR,Shimron Hetmyer,38,21,2,2,180.95,not out,1,20,52.63,0,0
IPL_2019_007,2,CSK,Ruturaj Gaikwad,53,29,4,1,182.76,c Dhoni b Bumrah,0,22,41.51,1,0
IPL_2019_007,2,CSK,Rachin Ravindra,40,31,2,2,129.03,c & b Narine,0,20,50.0,0,0
IPL_2019_007,2,CSK,Ajinkya Rahane,16,10,0,0,160.0,lbw b Chahal,0,0,0.0,0,0
IPL_2019_007,2,CSK,Daryl Mitchell,28,16,2,1,175.0,run out,0,14,50.0,0,0
IPL_2019_007,2,CSK,Shivam Dube,42,24,3,2,175.0,lbw b Chahal,0,24,57.14,0,0
IPL_2019_007,2,CSK,Ravindra Jadeja,11,10,0,0,110.0,not out,1,0,0.0,0,0
IPL_2019_008,1,DC,David Warner,27,23,2,1,117.39,run out,0,14,51.85,0,0
IPL_2019_008,1,DC,Prithvi Shaw,38,32,2,2,118.75,lbw b Chahal,0,20,52.63,0,0
IPL_2019_008,1,DC,Jake Fraser-McGurk,40,27,4,1,148.15,lbw b Chahal,0,22,55.0,0,0
IPL_2019_008,1,DC,Rishabh Pant,22,14,1,1,157.14,run out,0,10,45.45,0,0
IPL_2019_008,1,DC,Tristan Stubbs,27,24,2,0,112.5,not out,1,8,29.63,0,0
IPL_2019_008,2,LSG,KL Rahul,24,19,1,1,126.32,c Dhoni b Bumrah,0,10,41.67,0,0
IPL_2019_008,2,LSG,Quinton de Kock,43,28,2,1,153.57,c & b Narine,0,14,32.56,0,0
IPL_2019_008,2,LSG,Marcus Stoinis,20,12,1,0,166.67,c Dhoni b Bumrah,0,4,20.0,0,0
IPL_2019_008,2,LSG,Nicholas Pooran,19,14,1,0,135.71,c Dhoni b Bumrah,0,4,21.05,0,0
IPL_2019_008,2,LSG,Ayush Badoni,9,8,0,0,112.5,run out,0,0,0.0,0,0
IPL_2019_008,2,LSG,Deepak Hooda,39,26,3,1,150.0,lbw b Chahal,0,18,46.15,0,0
IPL_2019_008,2,LSG,Krunal Pandya,16,13,1,0,123.08,not out,1,4,25.0,0,0
IPL_2019_009,1,DC,David Warner,31,24,1,1,129.17,run out,0,10,32.26,0,0
IPL_2019_009,1,DC,Prithvi Shaw,16,11,1,0,145.45,b Cummins,0,4,25.0,0,0
IPL_2019_009,1,DC,Jake Fraser-McGurk,39,27,2,1,144.44,c & b Narine,0,14,35.9,0,0
IPL_2019_009,1,DC,Rishabh Pant,18,13,1,0,138.46,run out,0,4,22.22,0,0
IPL_2019_009,1,DC,Tristan Stubbs,16,9,1,0,177.78,lbw b Chahal,0,4,25.0,0,0
IPL_2019_009,1,DC,Axar Patel,50,36,4,2,138.89,not out,1,28,56.0,1,0
IPL_2019_009,2,MI,Rohit Sharma,20,15,1,0,133.33,c Dhoni b Bumrah,0,4,20.0,0,0
IPL_2019_009,2,MI,Ishan Kishan,62,34,2,4,182.35,lbw b Chahal,0,32,51.61,1,0
IPL_2019_009,2,MI,Suryakumar Yadav,38,25,4,1,152.0,c Dhoni b Bumrah,0,22,57.89,0,0
IPL_2019_009,2,MI,Tilak Varma,40,29,1,1,137.93,b Cummins,0,10,25.0,0,0
IPL_2019_009,2,MI,Hardik Pandya,31,17,2,1,182.35,c Dhoni b Bumrah,0,14,45.16,0,0
IPL_2019_010,1,GT,Shubman Gill,14,8,1,0,175.0,c & b Narine,0,4,28.57,0,0
IPL_2019_010,1,GT,Wriddhiman Saha,35,19,2,1,184.21,b Cummins,0,14,40.0,0,0
IPL_2019_010,1,GT,Sai Sudharsan,44,37,2,1,118.92,c & b Narine,0,14,31.82,0,0
IPL_2019_010,1,GT,David Miller,41,23,1,2,178.26,lbw b Chahal,0,16,39.02,0,0
IPL_2019_010,1,GT,Azmatullah Omarzai,29,23,3,1,126.09,lbw b Chahal,0,18,62.07,0,0
IPL_2019_010,1,GT,Rahul Tewatia,14,10,0,0,140.0,not out,1,0,0.0,0,0
IPL_2019_010,2,CSK,Ruturaj Gaikwad,48,38,2,2,126.32,run out,0,20,41.67,0,0
IPL_2019_010,2,CSK,Rachin Ravindra,13,9,0,0,144.44,c & b Narine,0,0,0.0,0,0
IPL_2019_010,2,CSK,Ajinkya Rahane,25,19,2,0,131.58,c & b Narine,0,8,32.0,0,0
IPL_2019_010,2,CSK,Daryl Mitchell,12,11,1,0,109.09,lbw b Chahal,0,4,33.33,0,0
IPL_2019_010,2,CSK,Shivam Dube,31,25,2,1,124.0,c Dhoni b Bumrah,0,14,45.16,0,0
IPL_2019_010,2,CSK,Ravindra Jadeja,29,18,1,1,161.11,run out,0,10,34.48,0,0
IPL_2019_011,1,DC,David Warner,41,32,3,2,128.12,lbw b Chahal,0,24,58.54,0,0
IPL_2019_011,1,DC,Prithvi Shaw,49,28,5,1,175.0,c & b Narine,0,26,53.06,0,0
IPL_2019_011,1,DC,Jake Fraser-McGurk,27,19,3,0,142.11,c & b Narine,0,12,44.44,0,0
IPL_2019_011,1,DC,Rishabh Pant,38,23,1,1,165.22,c Dhoni b Bumrah,0,10,26.32,0,0
IPL_2019_011,1,DC,Tristan Stubbs,26,18,2,1,144.44,lbw b Chahal,0,14,53.85,0,0
IPL_2019_011,2,GT,Shubman Gill,39,27,3,2,144.44,lbw b Chahal,0,24,61.54,0,0
IPL_2019_011,2,GT,Wriddhiman Saha,25,19,2,0,131.58,run out,0,8,32.0,0,0
IPL_2019_011,2,GT,Sai Sudharsan,48,28,3,2,171.43,lbw b Chahal,0,24,50.0,0,0
IPL_2019_011,2,GT,David Miller,17,12,2,0,141.67,c & b Narine,0,8,47.06,0,0
IPL_2019_011,2,GT,Azmatullah Omarzai,38,23,1,2,165.22,c Dhoni b Bumrah,0,16,42.11,0,0
IPL_2019_011,2,GT,Rahul Tewatia,19,11,0,0,172.73,c & b Narine,0,0,0.0,0,0
IPL_2019_012,1,GT,Shubman Gill,39,29,3,1,134.48,run out,0,18,46.15,0,0
IPL_2019_012,1,GT,Wriddhiman Saha,66,38,7,1,173.68,lbw b Chahal,0,34,51.52,1,0
IPL_2019_012,1,GT,Sai Sudharsan,40,33,3,1,121.21,run out,0,18,45.0,0,0
IPL_2019_012,1,GT,David Miller,25,20,1,1,125.0,run out,0,10,40.0,0,0
IPL_2019_012,2,RCB,Faf du Plessis,20,15,1,1,133.33,run out,0,10,50.0,0,0
IPL_2019_012,2,RCB,Virat Kohli,48,27,4,1,177.78,b Cummins,0,22,45.83,0,0
IPL_2019_012,2,RCB,Will Jacks,17,15,1,0,113.33,run out,0,4,23.53,0,0
IPL_2019_012,2,RCB,Rajat Patidar,36,20,1,1,180.0,lbw b Chahal,0,10,27.78,0,0
IPL_2019_012,2,RCB,Glenn Maxwell,34,28,1,2,121.43,run out,0,16,47.06,0,0
IPL_2019_012,2,RCB,Cameron Green,18,15,1,0,120.0,not out,1,4,22.22,0,0
IPL_2019_013,1,RCB,Faf du Plessis,59,33,3,3,178.79,b Cummins,0,30,50.85,1,0
IPL_2019_013,1,RCB,Virat Kohli,19,12,1,0,158.33,run out,0,4,21.05,0,0
IPL_2019_013,1,RCB,Will Jacks,52,32,4,2,162.5,c & b Narine,0,28,53.85,1,0
IPL_2019_013,1,RCB,Rajat Patidar,26,15,2,1,173.33,c & b Narine,0,14,53.85,0,0
IPL_2019_013,1,RCB,Glenn Maxwell,46,26,2,3,176.92,c & b Narine,0,26,56.52,0,0
IPL_2019_013,1,RCB,Cameron Green,2,2,0,0,100.0,not out,1,0,0.0,0,0
IPL_2019_013,2,MI,Rohit Sharma,40,32,3,2,125.0,c & b Narine,0,24,60.0,0,0
IPL_2019_013,2,MI,Ishan Kishan,28,25,1,1,112.0,b Cummins,0,10,35.71,0,0
IPL_2019_013,2,MI,Suryakumar Yadav,40,29,3,2,137.93,c Dhoni b Bumrah,0,24,60.0,0,0
IPL_2019_013,2,MI,Tilak Varma,44,25,4,2,176.0,run out,0,28,63.64,0,0
IPL_2019_013,2,MI,Hardik Pandya,13,9,1,0,144.44,c & b Narine,0,4,30.77,0,0
IPL_2019_014,1,LSG,KL Rahul,20,14,1,0,142.86,c Dhoni b Bumrah,0,4,20.0,0,0
IPL_2019_014,1,LSG,Quinton de Kock,49,36,5,1,136.11,b Cummins,0,26,53.06,0,0
IPL_2019_014,1,LSG,Marcus Stoinis,44,28,4,1,157.14,lbw b Chahal,0,22,50.0,0,0
IPL_2019_014,1,LSG,Nicholas Pooran,26,21,3,0,123.81,b Cummins,0,12,46.15,0,0
IPL_2019_014,1,LSG,Ayush Badoni,38,21,2,2,180.95,lbw b Chahal,0,20,52.63,0,0
IPL_2019_014,2,GT,Shubman Gill,35,22,2,2,159.09,c Dhoni b Bumrah,0,20,57.14,0,0
IPL_2019_014,2,GT,Wriddhiman Saha,46,36,4,2,127.78,run out,0,28,60.87,0,0
IPL_2019_014,2,GT,Sai Sudharsan,28,21,2,1,133.33,run out,0,14,50.0,0,0
IPL_2019_014,2,GT,David Miller,30,24,2,1,125.0,c & b Narine,0,14,46.67,0,0
IPL_2019_014,2,GT,Azmatullah Omarzai,21,17,0,1,123.53,b Cummins,0,6,28.57,0,0
IPL_2019_015,1,SRH,Travis Head,14,10,1,0,140.0,c & b Narine,0,4,28.57,0,0
IPL_2019_015,1,SRH,Abhishek Sharma,35,28,1,2,125.0,lbw b Chahal,0,16,45.71,0,0
IPL_2019_015,1,SRH,Rahul Tripathi,46,38,3,1,121.05,c Dhoni b Bumrah,0,18,39.13,0,0
IPL_2019_015,1,SRH,Aiden Markram,12,8,1,0,150.0,lbw b Chahal,0,4,33.33,0,0
IPL_2019_015,1,SRH,Heinrich Klaasen,14,10,1,0,140.0,c & b Narine,0,4,28.57,0,0
IPL_2019_015,1,SRH,Nitish Kumar Reddy,41,26,2,2,157.69,run out,0,20,48.78,0,0
IPL_2019_015,2,LSG,KL Rahul,65,36,6,2,180.56,b Cummins,0,36,55.38,1,0
IPL_2019_015,2,LSG,Quinton de Kock,14,10,0,0,140.0,c Dhoni b Bumrah,0,0,0.0,0,0
IPL_2019_015,2,LSG,Marcus Stoinis,43,37,3,2,116.22,c Dhoni b Bumrah,0,24,55.81,0,0
IPL_2019_015,2,LSG,Nicholas Pooran,25,19,1,0,131.58,c Dhoni b Bumrah,0,4,16.0,0,0
IPL_2019_015,2,LSG,Ayush Badoni,28,18,1,1,155.56,lbw b Chahal,0,10,35.71,0,0
IPL_2019_016,1,RCB,Faf du Plessis,55,36,5,2,152.78,lbw b Chahal,0,32,58.18,1,0
IPL_2019_016,1,RCB,Virat Kohli,55,38,3,3,144.74,run out,0,30,54.55,1,0
IPL_2019_016,1,RCB,Will Jacks,27,19,1,1,142.11,run out,0,10,37.04,0,0
IPL_2019_016,1,RCB,Rajat Patidar,47,27,4,1,174.07,b Cummins,0,22,46.81,0,0
IPL_2019_016,2,CSK,Ruturaj Gaikwad,65,37,5,3,175.68,run out,0,38,58.46,1,0
IPL_2019_016,2,CSK,Rachin Ravindra,23,14,2,1,164.29,lbw b Chahal,0,14,60.87,0,0
IPL_2019_016,2,CSK,Ajinkya Rahane,51,34,2,2,150.0,lbw b Chahal,0,20,39.22,1,0
IPL_2019_016,2,CSK,Daryl Mitchell,21,16,1,1,131.25,lbw b Chahal,0,10,47.62,0,0
IPL_2019_016,2,CSK,Shivam Dube,33,19,1,2,173.68,b Cummins,0,16,48.48,0,0
IPL_2019_017,1,PBKS,Shikhar Dhawan,54,33,4,3,163.64,lbw b Chahal,0,34,62.96,1,0
IPL_2019_017,1,PBKS,Jonny Bairstow,33,26,2,1,126.92,c & b Narine,0,14,42.42,0,0
IPL_2019_017,1,PBKS,Prabhsimran Singh,44,29,1,2,151.72,lbw b Chahal,0,16,36.36,0,0
IPL_2019_017,1,PBKS,Rilee Rossouw,45,26,5,1,173.08,c Dhoni b Bumrah,0,26,57.78,0,0
IPL_2019_017,1,PBKS,Sam Curran,9,6,0,0,150.0,lbw b Chahal,0,0,0.0,0,0
IPL_2019_017,2,RR,Yashasvi Jaiswal,40,22,2,2,181.82,c Dhoni b Bumrah,0,20,50.0,0,0
IPL_2019_017,2,RR,Jos Buttler,37,22,3,2,168.18,lbw b Chahal,0,24,64.86,0,0
IPL_2019_017,2,RR,Sanju Samson,56,38,5,2,147.37,c & b Narine,0,32,57.14,1,0
IPL_2019_017,2,RR,Riyan Parag,45,26,1,2,173.08,c & b Narine,0,16,35.56,0,0
IPL_2019_017,2,RR,Dhruv Jurel,20,12,0,1,166.67,not out,1,6,30.0,0,0
IPL_2019_018,1,CSK,Ruturaj Gaikwad,48,35,2,2,137.14,c Dhoni b Bumrah,0,20,41.67,0,0
IPL_2019_018,1,CSK,Rachin Ravindra,18,13,1,0,138.46,lbw b Chahal,0,4,22.22,0,0
IPL_2019_018,1,CSK,Ajinkya Rahane,18,15,1,0,120.0,lbw b Chahal,0,4,22.22,0,0
IPL_2019_018,1,CSK,Daryl Mitchell,18,12,1,0,150.0,run out,0,4,22.22,0,0
IPL_2019_018,1,CSK,Shivam Dube,14,10,1,0,140.0,run out,0,4,28.57,0,0
IPL_2019_018,1,CSK,Ravindra Jadeja,23,13,1,0,176.92,lbw b Chahal,0,4,17.39,0,0
IPL_2019_018,1,CSK,MS Dhoni,14,10,1,0,140.0,run out,0,4,28.57,0,0
IPL_2019_018,1,CSK,Mitchell Santner,16,12,0,0,133.33,not out,1,0,0.0,0,0
IPL_2019_018,2,MI,Rohit Sharma,29,18,2,1,161.11,c Dhoni b Bumrah,0,14,48.28,0,0
IPL_2019_018,2,MI,Ishan Kishan,19,12,1,1,158.33,run out,0,10,52.63,0,0
IPL_2019_018,2,MI,Suryakumar Yadav,34,30,1,1,113.33,c & b Narine,0,10,29.41,0,0
IPL_2019_018,2,MI,Tilak Varma,40,33,2,2,121.21,lbw b Chahal,0,20,50.0,0,0
IPL_2019_018,2,MI,Hardik Pandya,47,27,2,2,174.07,lbw b Chahal,0,20,42.55,0,0
IPL_2019_019,1,LSG,KL Rahul,40,31,1,1,129.03,b Cummins,0,10,25.0,0,0
IPL_2019_019,1,LSG,Quinton de Kock,20,11,1,1,181.82,lbw b Chahal,0,10,50.0,0,0
IPL_2019_019,1,LSG,Marcus Stoinis,58,36,2,3,161.11,lbw b Chahal,0,26,44.83,1,0
IPL_2019_019,1,LSG,Nicholas Pooran,51,31,4,2,164.52,lbw b Chahal,0,28,54.9,1,0
IPL_2019_019,1,LSG,Ayush Badoni,18,11,1,0,163.64,lbw b Chahal,0,4,22.22,0,0
IPL_2019_019,2,GT,Shubman Gill,28,16,2,1,175.0,c Dhoni b Bumrah,0,14,50.0,0,0
IPL_2019_019,2,GT,Wriddhiman Saha,31,21,1,1,147.62,c & b Narine,0,10,32.26,0,0
IPL_2019_019,2,GT,Sai Sudharsan,27,18,2,1,150.0,c & b Narine,0,14,51.85,0,0
IPL_2019_019,2,GT,David Miller,19,12,2,0,158.33,lbw b Chahal,0,8,42.11,0,0
IPL_2019_019,2,GT,Azmatullah Omarzai,45,26,2,1,173.08,lbw b Chahal,0,14,31.11,0,0
IPL_2019_019,2,GT,Rahul Tewatia,28,18,1,0,155.56,c & b Narine,0,4,14.29,0,0
IPL_2019_019,2,GT,Rashid Khan,11,9,0,0,122.22,not out,1,0,0.0,0,0
IPL_2019_020,1,PBKS,Shikhar Dhawan,32,18,2,1,177.78,b Cummins,0,14,43.75,0,0
IPL_2019_020,1,PBKS,Jonny Bairstow,10,8,0,0,125.0,c Dhoni b Bumrah,0,0,0.0,0,0
IPL_2019_020,1,PBKS,Prabhsimran Singh,32,19,4,0,168.42,c Dhoni b Bumrah,0,16,50.0,0,0
IPL_2019_020,1,PBKS,Rilee Rossouw,28,23,2,1,121.74,c Dhoni b Bumrah,0,14,50.0,0,0
IPL_2019_020,1,PBKS,Sam Curran,14,8,0,0,175.0,c Dhoni b Bumrah,0,0,0.0,0,0
IPL_2019_020,1,PBKS,Jitesh Sharma,33,23,1,2,143.48,run out,0,16,48.48,0,0
IPL_2019_020,1,PBKS,Shashank Singh,32,21,2,1,152.38,c Dhoni b Bumrah,0,14,43.75,0,0
IPL_2019_020,2,RCB,Faf du Plessis,38,32,3,1,118.75,lbw b Chahal,0,18,47.37,0,0
IPL_2019_020,2,RCB,Virat Kohli,34,25,1,1,136.0,b Cummins,0,10,29.41,0,0
IPL_2019_020,2,RCB,Will Jacks,34,25,3,1,136.0,run out,0,18,52.94,0,0
IPL_2019_020,2,RCB,Rajat Patidar,44,36,4,1,122.22,c & b Narine,0,22,50.0,0,0
IPL_2019_020,2,RCB,Glenn Maxwell,3,2,0,0,150.0,not out,1,0,0.0,0,0
IPL_2019_021,1,GT,Shubman Gill,47,30,3,3,156.67,lbw b Chahal,0,30,63.83,0,0
IPL_2019_021,1,GT,Wriddhiman Saha,57,35,4,3,162.86,b Cummins,0,34,59.65,1,0
IPL_2019_021,1,GT,Sai Sudharsan,56,38,4,3,147.37,c Dhoni b Bumrah,0,34,60.71,1,0
IPL_2019_021,1,GT,David Miller,20,17,1,1,117.65,run out,0,10,50.0,0,0
IPL_2019_021,2,RR,Yashasvi Jaiswal,60,34,5,3,176.47,lbw b Chahal,0,38,63.33,1,0
IPL_2019_021,2,RR,Jos Buttler,41,28,1,2,146.43,lbw b Chahal,0,16,39.02,0,0
IPL_2019_021,2,RR,Sanju Samson,41,27,1,2,151.85,run out,0,16,39.02,0,0
IPL_2019_021,2,RR,Riyan Parag,49,31,3,2,158.06,run out,0,24,48.98,0,0
IPL_2019_022,1,LSG,KL Rahul,49,27,1,2,181.48,b Cummins,0,16,32.65,0,0
IPL_2019_022,1,LSG,Quinton de Kock,25,21,2,0,119.05,b Cummins,0,8,32.0,0,0
IPL_2019_022,1,LSG,Marcus Stoinis,29,25,2,1,116.0,c Dhoni b Bumrah,0,14,48.28,0,0
IPL_2019_022,1,LSG,Nicholas Pooran,46,28,3,2,164.29,c & b Narine,0,24,52.17,0,0
IPL_2019_022,1,LSG,Ayush Badoni,34,19,2,1,178.95,b Cummins,0,14,41.18,0,0
IPL_2019_022,2,PBKS,Shikhar Dhawan,30,19,4,0,157.89,lbw b Chahal,0,16,53.33,0,0
IPL_2019_022,2,PBKS,Jonny Bairstow,14,12,1,0,116.67,run out,0,4,28.57,0,0
IPL_2019_022,2,PBKS,Prabhsimran Singh,24,14,3,0,171.43,b Cummins,0,12,50.0,0,0
IPL_2019_022,2,PBKS,Rilee Rossouw,17,14,1,0,121.43,lbw b Chahal,0,4,23.53,0,0
IPL_2019_022,2,PBKS,Sam Curran,43,36,4,1,119.44,lbw b Chahal,0,22,51.16,0,0
IPL_2019_022,2,PBKS,Jitesh Sharma,36,22,2,1,163.64,c Dhoni b Bumrah,0,14,38.89,0,0
IPL_2019_022,2,PBKS,Shashank Singh,3,3,0,0,100.0,not out,1,0,0.0,0,0
IPL_2019_023,1,CSK,Ruturaj Gaikwad,15,9,1,0,166.67,run out,0,4,26.67,0,0
IPL_2019_023,1,CSK,Rachin Ravindra,23,13,2,1,176.92,b Cummins,0,14,60.87,0,0
IPL_2019_023,1,CSK,Ajinkya Rahane,35,24,1,2,145.83,b Cummins,0,16,45.71,0,0
IPL_2019_023,1,CSK,Daryl Mitchell,35,30,2,1,116.67,c Dhoni b Bumrah,0,14,40.0,0,0
IPL_2019_023,1,CSK,Shivam Dube,46,30,3,2,153.33,c Dhoni b Bumrah,0,24,52.17,0,0
IPL_2019_023,1,CSK,Ravindra Jadeja,19,14,0,1,135.71,run out,0,6,31.58,0,0
IPL_2019_023,2,MI,Rohit Sharma,63,36,5,3,175.0,run out,0,38,60.32,1,0
IPL_2019_023,2,MI,Ishan Kishan,48,34,1,3,141.18,lbw b Chahal,0,22,45.83,0,0
IPL_2019_023,2,MI,Suryakumar Yadav,57,32,4,2,178.12,c & b Narine,0,28,49.12,1,0
IPL_2019_023,2,MI,Tilak Varma,25,18,3,0,138.89,run out,0,12,48.0,0,0
IPL_2019_024,1,RR,Yashasvi Jaiswal,22,16,1,0,137.5,c Dhoni b Bumrah,0,4,18.18,0,0
IPL_2019_024,1,RR,Jos Buttler,12,10,0,0,120.0,lbw b Chahal,0,0,0.0,0,0
IPL_2019_024,1,RR,Sanju Samson,52,35,4,2,148.57,c Dhoni b Bumrah,0,28,53.85,1,0
IPL_2019_024,1,RR,Riyan Parag,54,37,5,2,145.95,lbw b Chahal,0,32,59.26,1,0
IPL_2019_024,1,RR,Dhruv Jurel,31,22,2,1,140.91,not out,1,14,45.16,0,0
IPL_2019_024,2,GT,Shubman Gill,60,33,4,2,181.82,c Dhoni b Bumrah,0,28,46.67,1,0
IPL_2019_024,2,GT,Wriddhiman Saha,52,34,5,1,152.94,c & b Narine,0,26,50.0,1,0
IPL_2019_024,2,GT,Sai Sudharsan,35,21,3,1,166.67,run out,0,18,51.43,0,0
IPL_2019_024,2,GT,David Miller,37,26,3,1,142.31,c Dhoni b Bumrah,0,18,48.65,0,0
IPL_2019_025,1,KKR,Phil Salt,12,9,0,0,133.33,lbw b Chahal,0,0,0.0,0,0
IPL_2019_025,1,KKR,Sunil Narine,28,18,3,0,155.56,b Cummins,0,12,42.86,0,0
IPL_2019_025,1,KKR,Venkatesh Iyer,53,29,3,3,182.76,b Cummins,0,30,56.6,1,0
IPL_2019_025,1,KKR,Shreyas Iyer,66,37,7,2,178.38,run out,0,40,60.61,1,0
IPL_2019_025,1,KKR,Rinku Singh,11,9,1,0,122.22,lbw b Chahal,0,4,36.36,0,0
IPL_2019_025,1,KKR,Andre Russell,23,18,2,0,127.78,c Dhoni b Bumrah,0,8,34.78,0,0
IPL_2019_025,2,SRH,Travis Head,50,28,2,3,178.57,lbw b Chahal,0,26,52.0,1,0
IPL_2019_025,2,SRH,Abhishek Sharma,45,31,3,1,145.16,run out,0,18,40.0,0,0
IPL_2019_025,2,SRH,Rahul Tripathi,47,26,3,2,180.77,lbw b Chahal,0,24,51.06,0,0
IPL_2019_025,2,SRH,Aiden Markram,11,10,0,0,110.0,b Cummins,0,0,0.0,0,0
IPL_2019_025,2,SRH,Heinrich Klaasen,28,18,1,1,155.56,lbw b Chahal,0,10,35.71,0,0
IPL_2019_025,2,SRH,Nitish Kumar Reddy,11,7,1,0,157.14,not out,1,4,36.36,0,0
IPL_2019_026,1,LSG,KL Rahul,67,37,3,3,181.08,c Dhoni b Bumrah,0,30,44.78,1,0
IPL_2019_026,1,LSG,Quinton de Kock,42,34,1,2,123.53,lbw b Chahal,0,16,38.1,0,0
IPL_2019_026,1,LSG,Marcus Stoinis,19,14,0,0,135.71,run out,0,0,0.0,0,0
IPL_2019_026,1,LSG,Nicholas Pooran,24,17,1,1,141.18,b Cummins,0,10,41.67,0,0
IPL_2019_026,1,LSG,Ayush Badoni,22,18,1,0,122.22,not out,1,4,18.18,0,0
IPL_2019_026,2,GT,Shubman Gill,44,37,4,1,118.92,c & b Narine,0,22,50.0,0,0
IPL_2019_026,2,GT,Wriddhiman Saha,56,33,6,1,169.7,c & b Narine,0,30,53.57,1,0
IPL_2019_026,2,GT,Sai Sudharsan,36,25,1,2,144.0,c & b Narine,0,16,44.44,0,0
IPL_2019_026,2,GT,David Miller,13,8,1,0,162.5,b Cummins,0,4,30.77,0,0
IPL_2019_026,2,GT,Azmatullah Omarzai,30,17,2,1,176.47,b Cummins,0,14,46.67,0,0
IPL_2019_027,1,SRH,Travis Head,64,37,3,3,172.97,b Cummins,0,30,46.88,1,0
IPL_2019_027,1,SRH,Abhishek Sharma,24,19,1,1,126.32,lbw b Chahal,0,10,41.67,0,0
IPL_2019_027,1,SRH,Rahul Tripathi,40,29,1,2,137.93,c Dhoni b Bumrah,0,16,40.0,0,0
IPL_2019_027,1,SRH,Aiden Markram,35,29,2,1,120.69,lbw b Chahal,0,14,40.0,0,0
IPL_2019_027,1,SRH,Heinrich Klaasen,9,6,0,0,150.0,run out,0,0,0.0,0,0
IPL_2019_027,2,RR,Yashasvi Jaiswal,31,19,1,0,163.16,b Cummins,0,4,12.9,0,0
IPL_2019_027,2,RR,Jos Buttler,53,34,5,2,155.88,b Cummins,0,32,60.38,1,0
IPL_2019_027,2,RR,Sanju Samson,18,16,1,0,112.5,c & b Narine,0,4,22.22,0,0
IPL_2019_027,2,RR,Riyan Parag,45,27,4,2,166.67,run out,0,28,62.22,0,0
IPL_2019_027,2,RR,Dhruv Jurel,28,24,2,1,116.67,run out,0,14,50.0,0,0
IPL_2019_028,1,DC,David Warner,16,12,1,0,133.33,run out,0,4,25.0,0,0
IPL_2019_028,1,DC,Prithvi Shaw,41,31,4,1,132.26,c Dhoni b Bumrah,0,22,53.66,0,0
IPL_2019_028,1,DC,Jake Fraser-McGurk,38,32,3,1,118.75,lbw b Chahal,0,18,47.37,0,0
IPL_2019_028,1,DC,Rishabh Pant,22,19,1,1,115.79,lbw b Chahal,0,10,45.45,0,0
IPL_2019_028,1,DC,Tristan Stubbs,15,9,1,0,166.67,lbw b Chahal,0,4,26.67,0,0
IPL_2019_028,1,DC,Axar Patel,24,17,2,1,141.18,not out,1,14,58.33,0,0
IPL_2019_028,2,SRH,Travis Head,16,13,2,0,123.08,c Dhoni b Bumrah,0,8,50.0,0,0
IPL_2019_028,2,SRH,Abhishek Sharma,47,34,2,2,138.24,b Cummins,0,20,42.55,0,0
IPL_2019_028,2,SRH,Rahul Tripathi,26,17,1,0,152.94,c Dhoni b Bumrah,0,4,15.38,0,0
IPL_2019_028,2,SRH,Aiden Markram,50,31,2,2,161.29,b Cummins,0,20,40.0,1,0
IPL_2019_028,2,SRH,Heinrich Klaasen,24,16,1,1,150.0,run out,0,10,41.67,0,0
IPL_2019_029,1,LSG,KL Rahul,21,16,2,0,131.25,lbw b Chahal,0,8,38.1,0,0
IPL_2019_029,1,LSG,Quinton de Kock,33,20,1,1,165.0,c & b Narine,0,10,30.3,0,0
IPL_2019_029,1,LSG,Marcus Stoinis,14,9,1,0,155.56,b Cummins,0,4,28.57,0,0
IPL_2019_029,1,LSG,Nicholas Pooran,40,35,4,1,114.29,c Dhoni b Bumrah,0,22,55.0,0,0
IPL_2019_029,1,LSG,Ayush Badoni,30,19,2,0,157.89,c & b Narine,0,8,26.67,0,0
IPL_2019_029,1,LSG,Deepak Hooda,24,21,1,0,114.29,b Cummins,0,4,16.67,0,0
IPL_2019_029,2,RCB,Faf du Plessis,25,19,1,1,131.58,lbw b Chahal,0,10,40.0,0,0
IPL_2019_029,2,RCB,Virat Kohli,53,33,4,2,160.61,c & b Narine,0,28,52.83,1,0
IPL_2019_029,2,RCB,Will Jacks,35,23,3,1,152.17,b Cummins,0,18,51.43,0,0
IPL_2019_029,2,RCB,Rajat Patidar,17,12,1,0,141.67,run out,0,4,23.53,0,0
IPL_2019_029,2,RCB,Glenn Maxwell,36,28,1,2,128.57,not out,1,16,44.44,0,0
IPL_2019_030,1,LSG,KL Rahul,44,26,2,1,169.23,run out,0,14,31.82,0,0
IPL_2019_030,1,LSG,Quinton de Kock,59,34,4,3,173.53,run out,0,34,57.63,1,0
IPL_2019_030,1,LSG,Marcus Stoinis,27,22,2,1,122.73,run out,0,14,51.85,0,0
IPL_2019_030,1,LSG,Nicholas Pooran,47,30,2,1,156.67,lbw b Chahal,0,14,29.79,0,0
IPL_2019_030,1,LSG,Ayush Badoni,12,8,1,0,150.0,b Cummins,0,4,33.33,0,0
IPL_2019_030,2,PBKS,Shikhar Dhawan,15,11,0,0,136.36,c Dhoni b Bumrah,0,0,0.0,0,0
IPL_2019_030,2,PBKS,Jonny Bairstow,26,17,2,0,152.94,lbw b Chahal,0,8,30.77,0,0
IPL_2019_030,2,PBKS,Prabhsimran Singh,35,26,1,2,134.62,c Dhoni b Bumrah,0,16,45.71,0,0
IPL_2019_030,2,PBKS,Rilee Rossouw,39,22,2,1,177.27,c Dhoni b Bumrah,0,14,35.9,0,0
IPL_2019_030,2,PBKS,Sam Curran,31,19,2,1,163.16,c & b Narine,0,14,45.16,0,0
IPL_2019_030,2,PBKS,Jitesh Sharma,33,25,2,1,132.0,not out,1,14,42.42,0,0
IPL_2019_031,1,RR,Yashasvi Jaiswal,17,10,0,0,170.0,lbw b Chahal,0,0,0.0,0,0
IPL_2019_031,1,RR,Jos Buttler,25,15,1,1,166.67,c & b Narine,0,10,40.0,0,0
IPL_2019_031,1,RR,Sanju Samson,54,34,3,2,158.82,lbw b Chahal,0,24,44.44,1,0
IPL_2019_031,1,RR,Riyan Parag,52,38,2,2,136.84,b Cummins,0,20,38.46,1,0
IPL_2019_031,1,RR,Dhruv Jurel,11,8,1,0,137.5,c Dhoni b Bumrah,0,4,36.36,0,0
IPL_2019_031,1,RR,Shimron Hetmyer,21,15,1,0,140.0,run out,0,4,19.05,0,0
IPL_2019_031,2,LSG,KL Rahul,44,33,4,2,133.33,c & b Narine,0,28,63.64,0,0
IPL_2019_031,2,LSG,Quinton de Kock,49,36,2,1,136.11,b Cummins,0,14,28.57,0,0
IPL_2019_031,2,LSG,Marcus Stoinis,37,30,3,1,123.33,lbw b Chahal,0,18,48.65,0,0
IPL_2019_031,2,LSG,Nicholas Pooran,34,21,3,0,161.9,b Cummins,0,12,35.29,0,0
IPL_2019_032,1,CSK,Ruturaj Gaikwad,53,37,3,3,143.24,lbw b Chahal,0,30,56.6,1,0
IPL_2019_032,1,CSK,Rachin Ravindra,36,31,1,1,116.13,b Cummins,0,10,27.78,0,0
IPL_2019_032,1,CSK,Ajinkya Rahane,60,33,4,2,181.82,b Cummins,0,28,46.67,1,0
IPL_2019_032,1,CSK,Daryl Mitchell,13,8,1,0,162.5,lbw b Chahal,0,4,30.77,0,0
IPL_2019_032,1,CSK,Shivam Dube,14,11,1,0,127.27,lbw b Chahal,0,4,28.57,0,0
IPL_2019_032,2,RCB,Faf du Plessis,53,36,3,2,147.22,b Cummins,0,24,45.28,1,0
IPL_2019_032,2,RCB,Virat Kohli,48,31,3,3,154.84,c & b Narine,0,30,62.5,0,0
IPL_2019_032,2,RCB,Will Jacks,33,22,1,1,150.0,lbw b Chahal,0,10,30.3,0,0
IPL_2019_032,2,RCB,Rajat Patidar,48,27,1,3,177.78,run out,0,22,45.83,0,0
IPL_2019_033,1,RR,Yashasvi Jaiswal,65,38,2,3,171.05,b Cummins,0,26,40.0,1,0
IPL_2019_033,1,RR,Jos Buttler,24,18,2,0,133.33,c Dhoni b Bumrah,0,8,33.33,0,0
IPL_2019_033,1,RR,Sanju Samson,61,34,4,3,179.41,lbw b Chahal,0,34,55.74,1,0
IPL_2019_033,1,RR,Riyan Parag,46,30,3,2,153.33,run out,0,24,52.17,0,0
IPL_2019_033,2,CSK,Ruturaj Gaikwad,26,15,2,1,173.33,c & b Narine,0,14,53.85,0,0
IPL_2019_033,2,CSK,Rachin Ravindra,21,18,1,0,116.67,run out,0,4,19.05,0,0
IPL_2019_033,2,CSK,Ajinkya Rahane,32,25,3,1,128.0,lbw b Chahal,0,18,56.25,0,0
IPL_2019_033,2,CSK,Daryl Mitchell,17,11,1,1,154.55,lbw b Chahal,0,10,58.82,0,0
IPL_2019_033,2,CSK,Shivam Dube,59,37,3,3,159.46,run out,0,30,50.85,1,0
IPL_2019_033,2,CSK,Ravindra Jadeja,16,12,0,0,133.33,c Dhoni b Bumrah,0,0,0.0,0,0
IPL_2019_033,2,CSK,MS Dhoni,2,2,0,0,100.0,not out,1,0,0.0,0,0
IPL_2019_034,1,PBKS,Shikhar Dhawan,25,20,2,1,125.0,b Cummins,0,14,56.0,0,0
IPL_2019_034,1,PBKS,Jonny Bairstow,38,25,2,2,152.0,c Dhoni b Bumrah,0,20,52.63,0,0
IPL_2019_034,1,PBKS,Prabhsimran Singh,57,38,3,3,150.0,c & b Narine,0,30,52.63,1,0
IPL_2019_034,1,PBKS,Rilee Rossouw,9,8,1,0,112.5,c & b Narine,0,4,44.44,0,0
IPL_2019_034,1,PBKS,Sam Curran,25,22,2,1,113.64,c & b Narine,0,14,56.0,0,0
IPL_2019_034,1,PBKS,Jitesh Sharma,9,7,0,0,128.57,c Dhoni b Bumrah,0,0,0.0,0,0
IPL_2019_034,2,LSG,KL Rahul,45,25,4,1,180.0,c & b Narine,0,22,48.89,0,0
IPL_2019_034,2,LSG,Quinton de Kock,40,28,3,1,142.86,lbw b Chahal,0,18,45.0,0,0
IPL_2019_034,2,LSG,Marcus Stoinis,16,14,1,0,114.29,b Cummins,0,4,25.0,0,0
IPL_2019_034,2,LSG,Nicholas Pooran,29,23,2,1,126.09,lbw b Chahal,0,14,48.28,0,0
IPL_2019_034,2,LSG,Ayush Badoni,14,9,1,0,155.56,c & b Narine,0,4,28.57,0,0
IPL_2019_034,2,LSG,Deepak Hooda,28,21,2,0,133.33,b Cummins,0,8,28.57,0,0
IPL_2019_035,1,SRH,Travis Head,49,38,5,1,128.95,run out,0,26,53.06,0,0
IPL_2019_035,1,SRH,Abhishek Sharma,48,28,1,2,171.43,c & b Narine,0,16,33.33,0,0
IPL_2019_035,1,SRH,Rahul Tripathi,38,22,1,1,172.73,c & b Narine,0,10,26.32,0,0
IPL_2019_035,1,SRH,Aiden Markram,27,23,2,0,117.39,c & b Narine,0,8,29.63,0,0
IPL_2019_035,1,SRH,Heinrich Klaasen,16,9,1,0,177.78,not out,1,4,25.0,0,0
IPL_2019_035,2,RCB,Faf du Plessis,42,26,2,1,161.54,run out,0,14,33.33,0,0
IPL_2019_035,2,RCB,Virat Kohli,44,35,3,1,125.71,lbw b Chahal,0,18,40.91,0,0
IPL_2019_035,2,RCB,Will Jacks,25,17,2,0,147.06,b Cummins,0,8,32.0,0,0
IPL_2019_035,2,RCB,Rajat Patidar,26,17,1,1,152.94,lbw b Chahal,0,10,38.46,0,0
IPL_2019_035,2,RCB,Glenn Maxwell,40,25,2,1,160.0,lbw b Chahal,0,14,35.0,0,0
IPL_2019_036,1,RR,Yashasvi Jaiswal,11,9,1,0,122.22,lbw b Chahal,0,4,36.36,0,0
IPL_2019_036,1,RR,Jos Buttler,30,19,2,1,157.89,c Dhoni b Bumrah,0,14,46.67,0,0
IPL_2019_036,1,RR,Sanju Samson,29,17,3,0,170.59,lbw b Chahal,0,12,41.38,0,0
IPL_2019_036,1,RR,Riyan Parag,55,34,4,3,161.76,c & b Narine,0,34,61.82,1,0
IPL_2019_036,1,RR,Dhruv Jurel,21,17,1,1,123.53,run out,0,10,47.62,0,0
IPL_2019_036,1,RR,Shimron Hetmyer,21,16,1,0,131.25,c & b Narine,0,4,19.05,0,0
IPL_2019_036,1,RR,Rovman Powell,11,8,1,0,137.5,not out,1,4,36.36,0,0
IPL_2019_036,2,DC,David Warner,30,20,2,1,150.0,b Cummins,0,14,46.67,0,0
IPL_2019_036,2,DC,Prithvi Shaw,41,24,4,1,170.83,c & b Narine,0,22,53.66,0,0
IPL_2019_036,2,DC,Jake Fraser-McGurk,27,18,1,1,150.0,run out,0,10,37.04,0,0
IPL_2019_036,2,DC,Rishabh Pant,46,31,2,2,148.39,c Dhoni b Bumrah,0,20,43.48,0,0
IPL_2019_036,2,DC,Tristan Stubbs,30,26,1,1,115.38,lbw b Chahal,0,10,33.33,0,0
IPL_2019_036,2,DC,Axar Patel,1,1,0,0,100.0,not out,1,0,0.0,0,0
IPL_2019_037,1,LSG,KL Rahul,62,37,3,4,167.57,run out,0,36,58.06,1,0
IPL_2019_037,1,LSG,Quinton de Kock,26,21,2,1,123.81,run out,0,14,53.85,0,0
IPL_2019_037,1,LSG,Marcus Stoinis,42,25,3,1,168.0,c Dhoni b Bumrah,0,18,42.86,0,0
IPL_2019_037,1,LSG,Nicholas Pooran,13,11,0,0,118.18,c & b Narine,0,0,0.0,0,0
IPL_2019_037,1,LSG,Ayush Badoni,38,26,1,1,146.15,run out,0,10,26.32,0,0
IPL_2019_037,2,KKR,Phil Salt,16,13,2,0,123.08,c Dhoni b Bumrah,0,8,50.0,0,0
IPL_2019_037,2,KKR,Sunil Narine,63,37,4,3,170.27,lbw b Chahal,0,34,53.97,1,0
IPL_2019_037,2,KKR,Venkatesh Iyer,28,18,1,1,155.56,lbw b Chahal,0,10,35.71,0,0
IPL_2019_037,2,KKR,Shreyas Iyer,34,24,2,1,141.67,run out,0,14,41.18,0,0
IPL_2019_037,2,KKR,Rinku Singh,40,26,2,2,153.85,c & b Narine,0,20,50.0,0,0
IPL_2019_037,2,KKR,Andre Russell,2,2,0,0,100.0,c Dhoni b Bumrah,0,0,0.0,0,0
IPL_2019_038,1,MI,Rohit Sharma,50,33,2,2,151.52,c Dhoni b Bumrah,0,20,40.0,1,0
IPL_2019_038,1,MI,Ishan Kishan,33,20,1,1,165.0,lbw b Chahal,0,10,30.3,0,0
IPL_2019_038,1,MI,Suryakumar Yadav,60,34,2,3,176.47,run out,0,26,43.33,1,0
IPL_2019_038,1,MI,Tilak Varma,33,29,1,1,113.79,c Dhoni b Bumrah,0,10,30.3,0,0
IPL_2019_038,1,MI,Hardik Pandya,7,4,0,0,175.0,not out,1,0,0.0,0,0
IPL_2019_038,2,KKR,Phil Salt,14,10,0,0,140.0,c Dhoni b Bumrah,0,0,0.0,0,0
IPL_2019_038,2,KKR,Sunil Narine,22,16,1,1,137.5,b Cummins,0,10,45.45,0,0
IPL_2019_038,2,KKR,Venkatesh Iyer,42,27,1,2,155.56,lbw b Chahal,0,16,38.1,0,0
IPL_2019_038,2,KKR,Shreyas Iyer,16,14,1,0,114.29,c & b Narine,0,4,25.0,0,0
IPL_2019_038,2,KKR,Rinku Singh,24,15,2,1,160.0,lbw b Chahal,0,14,58.33,0,0
IPL_2019_038,2,KKR,Andre Russell,43,37,2,2,116.22,lbw b Chahal,0,20,46.51,0,0
IPL_2019_038,2,KKR,Ramandeep Singh,1,1,0,0,100.0,not out,1,0,0.0,0,0
IPL_2019_039,1,PBKS,Shikhar Dhawan,14,8,1,0,175.0,b Cummins,0,4,28.57,0,0
IPL_2019_039,1,PBKS,Jonny Bairstow,18,11,1,0,163.64,c & b Narine,0,4,22.22,0,0
IPL_2019_039,1,PBKS,Prabhsimran Singh,26,22,2,1,118.18,c Dhoni b Bumrah,0,14,53.85,0,0
IPL_2019_039,1,PBKS,Rilee Rossouw,34,27,1,2,125.93,c & b Narine,0,16,47.06,0,0
IPL_2019_039,1,PBKS,Sam Curran,24,21,0,1,114.29,c Dhoni b Bumrah,0,6,25.0,0,0
IPL_2019_039,1,PBKS,Jitesh Sharma,24,18,1,0,133.33,c & b Narine,0,4,16.67,0,0
IPL_2019_039,1,PBKS,Shashank Singh,17,13,1,0,130.77,c & b Narine,0,4,23.53,0,0
IPL_2019_039,2,MI,Rohit Sharma,20,14,1,1,142.86,c & b Narine,0,10,50.0,0,0
IPL_2019_039,2,MI,Ishan Kishan,37,21,2,1,176.19,c & b Narine,0,14,37.84,0,0
IPL_2019_039,2,MI,Suryakumar Yadav,47,32,4,1,146.88,lbw b Chahal,0,22,46.81,0,0
IPL_2019_039,2,MI,Tilak Varma,21,15,1,1,140.0,run out,0,10,47.62,0,0
IPL_2019_039,2,MI,Hardik Pandya,27,17,1,1,158.82,b Cummins,0,10,37.04,0,0
IPL_2019_039,2,MI,Tim David,25,21,2,1,119.05,not out,1,14,56.0,0,0
IPL_2019_040,1,RR,Yashasvi Jaiswal,40,28,4,1,142.86,b Cummins,0,22,55.0,0,0
IPL_2019_040,1,RR,Jos Buttler,46,38,4,2,121.05,run out,0,28,60.87,0,0
IPL_2019_040,1,RR,Sanju Samson,33,28,2,1,117.86,c Dhoni b Bumrah,0,14,42.42,0,0
IPL_2019_040,1,RR,Riyan Parag,40,26,3,2,153.85,lbw b Chahal,0,24,60.0,0,0
IPL_2019_040,2,DC,David Warner,15,10,1,0,150.0,b Cummins,0,4,26.67,0,0
IPL_2019_040,2,DC,Prithvi Shaw,40,24,4,1,166.67,b Cummins,0,22,55.0,0,0
IPL_2019_040,2,DC,Jake Fraser-McGurk,24,20,1,0,120.0,c Dhoni b Bumrah,0,4,16.67,0,0
IPL_2019_040,2,DC,Rishabh Pant,49,28,2,1,175.0,run out,0,14,28.57,0,0
IPL_2019_040,2,DC,Tristan Stubbs,24,15,1,1,160.0,run out,0,10,41.67,0,0
IPL_2019_040,2,DC,Axar Patel,39,23,4,1,169.57,not out,1,22,56.41,0,0
IPL_2019_041,1,KKR,Phil Salt,38,23,3,1,165.22,c Dhoni b Bumrah,0,18,47.37,0,0
IPL_2019_041,1,KKR,Sunil Narine,50,34,3,2,147.06,lbw b Chahal,0,24,48.0,1,0
IPL_2019_041,1,KKR,Venkatesh Iyer,51,31,4,1,164.52,c Dhoni b Bumrah,0,22,43.14,1,0
IPL_2019_041,1,KKR,Shreyas Iyer,33,24,2,0,137.5,c & b Narine,0,8,24.24,0,0
IPL_2019_041,1,KKR,Rinku Singh,9,8,0,0,112.5,c Dhoni b Bumrah,0,0,0.0,0,0
IPL_2019_041,2,RCB,Faf du Plessis,58,34,4,3,170.59,run out,0,34,58.62,1,0
IPL_2019_041,2,RCB,Virat Kohli,55,35,3,1,157.14,lbw b Chahal,0,18,32.73,1,0
IPL_2019_041,2,RCB,Will Jacks,33,18,1,1,183.33,lbw b Chahal,0,10,30.3,0,0
IPL_2019_041,2,RCB,Rajat Patidar,29,22,1,1,131.82,b Cummins,0,10,34.48,0,0
IPL_2019_041,2,RCB,Glenn Maxwell,14,11,0,0,127.27,c & b Narine,0,0,0.0,0,0
IPL_2019_042,1,MI,Rohit Sharma,18,12,1,1,150.0,c & b Narine,0,10,55.56,0,0
IPL_2019_042,1,MI,Ishan Kishan,43,36,3,1,119.44,run out,0,18,41.86,0,0
IPL_2019_042,1,MI,Suryakumar Yadav,45,25,2,2,180.0,b Cummins,0,20,44.44,0,0
IPL_2019_042,1,MI,Tilak Varma,54,31,3,2,174.19,run out,0,24,44.44,1,0
IPL_2019_042,1,MI,Hardik Pandya,18,16,1,0,112.5,b Cummins,0,4,22.22,0,0
IPL_2019_042,2,PBKS,Shikhar Dhawan,37,22,2,1,168.18,b Cummins,0,14,37.84,0,0
IPL_2019_042,2,PBKS,Jonny Bairstow,46,26,1,2,176.92,lbw b Chahal,0,16,34.78,0,0
IPL_2019_042,2,PBKS,Prabhsimran Singh,10,8,1,0,125.0,b Cummins,0,4,40.0,0,0
IPL_2019_042,2,PBKS,Rilee Rossouw,54,36,4,3,150.0,c Dhoni b Bumrah,0,34,62.96,1,0
IPL_2019_042,2,PBKS,Sam Curran,26,19,1,1,136.84,c Dhoni b Bumrah,0,10,38.46,0,0
IPL_2019_042,2,PBKS,Jitesh Sharma,13,9,1,0,144.44,not out,1,4,30.77,0,0
IPL_2019_043,1,GT,Shubman Gill,56,31,3,2,180.65,c & b Narine,0,24,42.86,1,0
IPL_2019_043,1,GT,Wriddhiman Saha,33,20,1,1,165.0,run out,0,10,30.3,0,0
IPL_2019_043,1,GT,Sai Sudharsan,18,12,2,0,150.0,lbw b Chahal,0,8,44.44,0,0
IPL_2019_043,1,GT,David Miller,40,31,1,2,129.03,lbw b Chahal,0,16,40.0,0,0
IPL_2019_043,1,GT,Azmatullah Omarzai,36,21,2,1,171.43,c Dhoni b Bumrah,0,14,38.89,0,0
IPL_2019_043,1,GT,Rahul Tewatia,7,5,0,0,140.0,not out,1,0,0.0,0,0
IPL_2019_043,2,CSK,Ruturaj Gaikwad,42,30,3,1,140.0,c & b Narine,0,18,42.86,0,0
IPL_2019_043,2,CSK,Rachin Ravindra,56,31,5,1,180.65,c & b Narine,0,26,46.43,1,0
IPL_2019_043,2,CSK,Ajinkya Rahane,47,37,3,2,127.03,run out,0,24,51.06,0,0
IPL_2019_043,2,CSK,Daryl Mitchell,39,22,2,1,177.27,b Cummins,0,14,35.9,0,0
IPL_2019_044,1,KKR,Phil Salt,36,24,2,1,150.0,c Dhoni b Bumrah,0,14,38.89,0,0
IPL_2019_044,1,KKR,Sunil Narine,44,30,4,1,146.67,c Dhoni b Bumrah,0,22,50.0,0,0
IPL_2019_044,1,KKR,Venkatesh Iyer,26,20,1,0,130.0,lbw b Chahal,0,4,15.38,0,0
IPL_2019_044,1,KKR,Shreyas Iyer,23,15,1,0,153.33,c Dhoni b Bumrah,0,4,17.39,0,0
IPL_2019_044,1,KKR,Rinku Singh,53,31,2,2,170.97,run out,0,20,37.74,1,0
IPL_2019_044,2,PBKS,Shikhar Dhawan,19,15,1,1,126.67,run out,0,10,52.63,0,0
IPL_2019_044,2,PBKS,Jonny Bairstow,56,35,5,1,160.0,c & b Narine,0,26,46.43,1,0
IPL_2019_044,2,PBKS,Prabhsimran Singh,52,29,4,1,179.31,lbw b Chahal,0,22,42.31,1,0
IPL_2019_044,2,PBKS,Rilee Rossouw,39,32,4,1,121.88,c Dhoni b Bumrah,0,22,56.41,0,0
IPL_2019_044,2,PBKS,Sam Curran,12,9,0,0,133.33,c & b Narine,0,0,0.0,0,0
IPL_2019_045,1,PBKS,Shikhar Dhawan,16,9,1,0,177.78,c Dhoni b Bumrah,0,4,25.0,0,0
IPL_2019_045,1,PBKS,Jonny Bairstow,44,27,1,2,162.96,c & b Narine,0,16,36.36,0,0
IPL_2019_045,1,PBKS,Prabhsimran Singh,26,16,2,1,162.5,b Cummins,0,14,53.85,0,0
IPL_2019_045,1,PBKS,Rilee Rossouw,27,19,1,1,142.11,lbw b Chahal,0,10,37.04,0,0
IPL_2019_045,1,PBKS,Sam Curran,17,10,1,0,170.0,c & b Narine,0,4,23.53,0,0
IPL_2019_045,1,PBKS,Jitesh Sharma,37,27,2,2,137.04,lbw b Chahal,0,20,54.05,0,0
IPL_2019_045,1,PBKS,Shashank Singh,16,12,1,1,133.33,c & b Narine,0,10,62.5,0,0
IPL_2019_045,2,LSG,KL Rahul,18,16,2,0,112.5,c Dhoni b Bumrah,0,8,44.44,0,0
IPL_2019_045,2,LSG,Quinton de Kock,37,31,1,2,119.35,c & b Narine,0,16,43.24,0,0
IPL_2019_045,2,LSG,Marcus Stoinis,59,37,6,1,159.46,c & b Narine,0,30,50.85,1,0
IPL_2019_045,2,LSG,Nicholas Pooran,44,27,2,2,162.96,lbw b Chahal,0,20,45.45,0,0
IPL_2019_045,2,LSG,Ayush Badoni,16,9,1,0,177.78,lbw b Chahal,0,4,25.0,0,0
IPL_2019_046,1,PBKS,Shikhar Dhawan,44,27,2,2,162.96,c & b Narine,0,20,45.45,0,0
IPL_2019_046,1,PBKS,Jonny Bairstow,62,37,3,2,167.57,lbw b Chahal,0,24,38.71,1,0
IPL_2019_046,1,PBKS,Prabhsimran Singh,29,17,2,1,170.59,c & b Narine,0,14,48.28,0,0
IPL_2019_046,1,PBKS,Rilee Rossouw,24,17,1,1,141.18,c Dhoni b Bumrah,0,10,41.67,0,0
IPL_2019_046,1,PBKS,Sam Curran,26,17,2,0,152.94,c Dhoni b Bumrah,0,8,30.77,0,0
IPL_2019_046,1,PBKS,Jitesh Sharma,6,5,0,0,120.0,c Dhoni b Bumrah,0,0,0.0,0,0
IPL_2019_046,2,RR,Yashasvi Jaiswal,34,27,2,2,125.93,lbw b Chahal,0,20,58.82,0,0
IPL_2019_046,2,RR,Jos Buttler,48,28,5,1,171.43,lbw b Chahal,0,26,54.17,0,0
IPL_2019_046,2,RR,Sanju Samson,45,30,4,1,150.0,c & b Narine,0,22,48.89,0,0
IPL_2019_046,2,RR,Riyan Parag,23,19,1,1,121.05,lbw b Chahal,0,10,43.48,0,0
IPL_2019_046,2,RR,Dhruv Jurel,23,14,0,1,164.29,b Cummins,0,6,26.09,0,0
IPL_2019_046,2,RR,Shimron Hetmyer,3,2,0,0,150.0,run out,0,0,0.0,0,0
IPL_2019_047,1,KKR,Phil Salt,34,19,3,1,178.95,lbw b Chahal,0,18,52.94,0,0
IPL_2019_047,1,KKR,Sunil Narine,44,33,5,1,133.33,b Cummins,0,26,59.09,0,0
IPL_2019_047,1,KKR,Venkatesh Iyer,59,32,5,2,184.38,run out,0,32,54.24,1,0
IPL_2019_047,1,KKR,Shreyas Iyer,59,35,5,2,168.57,run out,0,32,54.24,1,0
IPL_2019_047,1,KKR,Rinku Singh,1,1,0,0,100.0,lbw b Chahal,0,0,0.0,0,0
IPL_2019_047,2,GT,Shubman Gill,14,10,1,0,140.0,c & b Narine,0,4,28.57,0,0
IPL_2019_047,2,GT,Wriddhiman Saha,16,12,2,0,133.33,run out,0,8,50.0,0,0
IPL_2019_047,2,GT,Sai Sudharsan,49,30,3,1,163.33,lbw b Chahal,0,18,36.73,0,0
IPL_2019_047,2,GT,David Miller,40,24,3,2,166.67,c & b Narine,0,24,60.0,0,0
IPL_2019_047,2,GT,Azmatullah Omarzai,27,23,2,1,117.39,run out,0,14,51.85,0,0
IPL_2019_047,2,GT,Rahul Tewatia,27,21,2,0,128.57,not out,1,8,29.63,0,0
IPL_2019_048,1,CSK,Ruturaj Gaikwad,65,38,7,1,171.05,run out,0,34,52.31,1,0
IPL_2019_048,1,CSK,Rachin Ravindra,11,9,1,0,122.22,lbw b Chahal,0,4,36.36,0,0
IPL_2019_048,1,CSK,Ajinkya Rahane,35,22,3,1,159.09,c Dhoni b Bumrah,0,18,51.43,0,0
IPL_2019_048,1,CSK,Daryl Mitchell,22,15,1,1,146.67,c & b Narine,0,10,45.45,0,0
IPL_2019_048,1,CSK,Shivam Dube,44,27,3,2,162.96,c Dhoni b Bumrah,0,24,54.55,0,0
IPL_2019_048,1,CSK,Ravindra Jadeja,13,9,1,0,144.44,not out,1,4,30.77,0,0
IPL_2019_048,2,RCB,Faf du Plessis,11,8,0,0,137.5,c Dhoni b Bumrah,0,0,0.0,0,0
IPL_2019_048,2,RCB,Virat Kohli,18,12,1,0,150.0,b Cummins,0,4,22.22,0,0
IPL_2019_048,2,RCB,Will Jacks,15,11,0,0,136.36,b Cummins,0,0,0.0,0,0
IPL_2019_048,2,RCB,Rajat Patidar,18,12,0,1,150.0,c & b Narine,0,6,33.33,0,0
IPL_2019_048,2,RCB,Glenn Maxwell,13,8,1,0,162.5,run out,0,4,30.77,0,0
IPL_2019_048,2,RCB,Cameron Green,23,19,1,1,121.05,b Cummins,0,10,43.48,0,0
IPL_2019_048,2,RCB,Dinesh Karthik,16,14,2,0,114.29,b Cummins,0,8,50.0,0,0
IPL_2019_048,2,RCB,Mahipal Lomror,59,33,5,2,178.79,run out,0,32,54.24,1,0
IPL_2019_048,2,RCB,Karn Sharma,4,3,0,0,133.33,not out,1,0,0.0,0,0
IPL_2019_049,1,SRH,Travis Head,34,28,2,1,121.43,lbw b Chahal,0,14,41.18,0,0
IPL_2019_049,1,SRH,Abhishek Sharma,18,11,1,1,163.64,lbw b Chahal,0,10,55.56,0,0
IPL_2019_049,1,SRH,Rahul Tripathi,66,37,5,1,178.38,c & b Narine,0,26,39.39,1,0
IPL_2019_049,1,SRH,Aiden Markram,21,16,2,1,131.25,lbw b Chahal,0,14,66.67,0,0
IPL_2019_049,1,SRH,Heinrich Klaasen,33,19,2,1,173.68,c & b Narine,0,14,42.42,0,0
IPL_2019_049,1,SRH,Nitish Kumar Reddy,14,9,1,0,155.56,not out,1,4,28.57,0,0
IPL_2019_049,2,PBKS,Shikhar Dhawan,34,20,3,1,170.0,c Dhoni b Bumrah,0,18,52.94,0,0
IPL_2019_049,2,PBKS,Jonny Bairstow,43,26,3,1,165.38,lbw b Chahal,0,18,41.86,0,0
IPL_2019_049,2,PBKS,Prabhsimran Singh,28,16,1,1,175.0,lbw b Chahal,0,10,35.71,0,0
IPL_2019_049,2,PBKS,Rilee Rossouw,44,26,4,2,169.23,run out,0,28,63.64,0,0
IPL_2019_049,2,PBKS,Sam Curran,39,26,3,1,150.0,run out,0,18,46.15,0,0
IPL_2019_050,1,LSG,KL Rahul,41,27,3,1,151.85,b Cummins,0,18,43.9,0,0
IPL_2019_050,1,LSG,Quinton de Kock,37,24,2,2,154.17,c Dhoni b Bumrah,0,20,54.05,0,0
IPL_2019_050,1,LSG,Marcus Stoinis,36,20,3,1,180.0,run out,0,18,50.0,0,0
IPL_2019_050,1,LSG,Nicholas Pooran,27,19,1,1,142.11,c Dhoni b Bumrah,0,10,37.04,0,0
IPL_2019_050,1,LSG,Ayush Badoni,12,9,0,0,133.33,b Cummins,0,0,0.0,0,0
IPL_2019_050,1,LSG,Deepak Hooda,27,21,2,1,128.57,not out,1,14,51.85,0,0
IPL_2019_050,2,SRH,Travis Head,9,8,1,0,112.5,c Dhoni b Bumrah,0,4,44.44,0,0
IPL_2019_050,2,SRH,Abhishek Sharma,59,35,6,2,168.57,b Cummins,0,36,61.02,1,0
IPL_2019_050,2,SRH,Rahul Tripathi,31,24,2,1,129.17,b Cummins,0,14,45.16,0,0
IPL_2019_050,2,SRH,Aiden Markram,33,22,2,1,150.0,c & b Narine,0,14,42.42,0,0
IPL_2019_050,2,SRH,Heinrich Klaasen,21,12,1,1,175.0,c Dhoni b Bumrah,0,10,47.62,0,0
IPL_2019_050,2,SRH,Nitish Kumar Reddy,24,19,1,1,126.32,not out,1,10,41.67,0,0
IPL_2019_051,1,DC,David Warner,32,25,2,1,128.0,c Dhoni b Bumrah,0,14,43.75,0,0
IPL_2019_051,1,DC,Prithvi Shaw,27,24,1,0,112.5,c & b Narine,0,4,14.81,0,0
IPL_2019_051,1,DC,Jake Fraser-McGurk,59,35,4,2,168.57,c Dhoni b Bumrah,0,28,47.46,1,0
IPL_2019_051,1,DC,Rishabh Pant,38,30,2,2,126.67,c & b Narine,0,20,52.63,0,0
IPL_2019_051,1,DC,Tristan Stubbs,9,6,1,0,150.0,c & b Narine,0,4,44.44,0,0
IPL_2019_051,2,MI,Rohit Sharma,17,13,2,0,130.77,lbw b Chahal,0,8,47.06,0,0
IPL_2019_051,2,MI,Ishan Kishan,16,11,0,1,145.45,lbw b Chahal,0,6,37.5,0,0
IPL_2019_051,2,MI,Suryakumar Yadav,16,13,1,0,123.08,run out,0,4,25.0,0,0
IPL_2019_051,2,MI,Tilak Varma,33,19,2,1,173.68,lbw b Chahal,0,14,42.42,0,0
IPL_2019_051,2,MI,Hardik Pandya,28,17,2,1,164.71,lbw b Chahal,0,14,50.0,0,0
IPL_2019_051,2,MI,Tim David,69,38,5,3,181.58,run out,0,38,55.07,1,0
IPL_2019_052,1,PBKS,Shikhar Dhawan,39,24,4,1,162.5,c Dhoni b Bumrah,0,22,56.41,0,0
IPL_2019_052,1,PBKS,Jonny Bairstow,38,28,3,1,135.71,c Dhoni b Bumrah,0,18,47.37,0,0
IPL_2019_052,1,PBKS,Prabhsimran Singh,28,20,1,1,140.0,b Cummins,0,10,35.71,0,0
IPL_2019_052,1,PBKS,Rilee Rossouw,52,38,4,1,136.84,c & b Narine,0,22,42.31,1,0
IPL_2019_052,1,PBKS,Sam Curran,17,10,0,1,170.0,c Dhoni b Bumrah,0,6,35.29,0,0
IPL_2019_052,2,MI,Rohit Sharma,40,31,4,1,129.03,b Cummins,0,22,55.0,0,0
IPL_2019_052,2,MI,Ishan Kishan,42,34,1,1,123.53,run out,0,10,23.81,0,0
IPL_2019_052,2,MI,Suryakumar Yadav,46,29,3,3,158.62,c Dhoni b Bumrah,0,30,65.22,0,0
IPL_2019_052,2,MI,Tilak Varma,22,16,1,1,137.5,c & b Narine,0,10,45.45,0,0
IPL_2019_052,2,MI,Hardik Pandya,17,10,1,0,170.0,run out,0,4,23.53,0,0
IPL_2019_053,1,SRH,Travis Head,36,30,2,1,120.0,c & b Narine,0,14,38.89,0,0
IPL_2019_053,1,SRH,Abhishek Sharma,14,11,0,0,127.27,lbw b Chahal,0,0,0.0,0,0
IPL_2019_053,1,SRH,Rahul Tripathi,57,34,5,2,167.65,run out,0,32,56.14,1,0
IPL_2019_053,1,SRH,Aiden Markram,42,33,3,2,127.27,lbw b Chahal,0,24,57.14,0,0
IPL_2019_053,1,SRH,Heinrich Klaasen,16,12,1,0,133.33,lbw b Chahal,0,4,25.0,0,0
IPL_2019_053,2,RCB,Faf du Plessis,42,26,3,1,161.54,lbw b Chahal,0,18,42.86,0,0
IPL_2019_053,2,RCB,Virat Kohli,61,34,4,2,179.41,run out,0,28,45.9,1,0
IPL_2019_053,2,RCB,Will Jacks,18,13,1,0,138.46,c & b Narine,0,4,22.22,0,0
IPL_2019_053,2,RCB,Rajat Patidar,14,12,1,0,116.67,b Cummins,0,4,28.57,0,0
IPL_2019_053,2,RCB,Glenn Maxwell,11,8,0,0,137.5,c Dhoni b Bumrah,0,0,0.0,0,0
IPL_2019_053,2,RCB,Cameron Green,44,27,2,2,162.96,lbw b Chahal,0,20,45.45,0,0
IPL_2019_054,1,PBKS,Shikhar Dhawan,52,38,4,2,136.84,lbw b Chahal,0,28,53.85,1,0
IPL_2019_054,1,PBKS,Jonny Bairstow,47,35,3,2,134.29,c Dhoni b Bumrah,0,24,51.06,0,0
IPL_2019_054,1,PBKS,Prabhsimran Singh,25,14,2,1,178.57,c Dhoni b Bumrah,0,14,56.0,0,0
IPL_2019_054,1,PBKS,Rilee Rossouw,20,17,2,0,117.65,c & b Narine,0,8,40.0,0,0
IPL_2019_054,1,PBKS,Sam Curran,27,16,1,0,168.75,run out,0,4,14.81,0,0
IPL_2019_054,2,GT,Shubman Gill,57,31,4,3,183.87,run out,0,34,59.65,1,0
IPL_2019_054,2,GT,Wriddhiman Saha,15,12,0,0,125.0,c & b Narine,0,0,0.0,0,0
IPL_2019_054,2,GT,Sai Sudharsan,28,24,2,1,116.67,b Cummins,0,14,50.0,0,0
IPL_2019_054,2,GT,David Miller,19,13,1,0,146.15,run out,0,4,21.05,0,0
IPL_2019_054,2,GT,Azmatullah Omarzai,20,12,1,1,166.67,c Dhoni b Bumrah,0,10,50.0,0,0
IPL_2019_054,2,GT,Rahul Tewatia,30,20,3,1,150.0,run out,0,18,60.0,0,0
IPL_2019_054,2,GT,Rashid Khan,12,8,1,0,150.0,not out,1,4,33.33,0,0
IPL_2019_055,1,DC,David Warner,26,20,3,0,130.0,lbw b Chahal,0,12,46.15,0,0
IPL_2019_055,1,DC,Prithvi Shaw,28,23,1,1,121.74,c & b Narine,0,10,35.71,0,0
IPL_2019_055,1,DC,Jake Fraser-McGurk,21,15,2,0,140.0,run out,0,8,38.1,0,0
IPL_2019_055,1,DC,Rishabh Pant,30,26,3,1,115.38,b Cummins,0,18,60.0,0,0
IPL_2019_055,1,DC,Tristan Stubbs,43,29,4,1,148.28,c & b Narine,0,22,51.16,0,0
IPL_2019_055,1,DC,Axar Patel,11,7,0,0,157.14,c & b Narine,0,0,0.0,0,0
IPL_2019_055,2,PBKS,Shikhar Dhawan,12,11,0,0,109.09,c & b Narine,0,0,0.0,0,0
IPL_2019_055,2,PBKS,Jonny Bairstow,50,30,2,2,166.67,lbw b Chahal,0,20,40.0,1,0
IPL_2019_055,2,PBKS,Prabhsimran Singh,57,38,3,1,150.0,run out,0,18,31.58,1,0
IPL_2019_055,2,PBKS,Rilee Rossouw,34,20,3,1,170.0,b Cummins,0,18,52.94,0,0
IPL_2019_055,2,PBKS,Sam Curran,31,21,3,1,147.62,run out,0,18,58.06,0,0
IPL_2019_056,1,LSG,KL Rahul,47,32,2,2,146.88,lbw b Chahal,0,20,42.55,0,0
IPL_2019_056,1,LSG,Quinton de Kock,33,25,3,1,132.0,c Dhoni b Bumrah,0,18,54.55,0,0
IPL_2019_056,1,LSG,Marcus Stoinis,20,11,1,1,181.82,c Dhoni b Bumrah,0,10,50.0,0,0
IPL_2019_056,1,LSG,Nicholas Pooran,20,17,1,1,117.65,lbw b Chahal,0,10,50.0,0,0
IPL_2019_056,1,LSG,Ayush Badoni,21,15,1,0,140.0,b Cummins,0,4,19.05,0,0
IPL_2019_056,1,LSG,Deepak Hooda,25,20,1,1,125.0,not out,1,10,40.0,0,0
IPL_2019_056,2,MI,Rohit Sharma,10,9,1,0,111.11,b Cummins,0,4,40.0,0,0
IPL_2019_056,2,MI,Ishan Kishan,44,35,2,1,125.71,c Dhoni b Bumrah,0,14,31.82,0,0
IPL_2019_056,2,MI,Suryakumar Yadav,30,26,2,1,115.38,c Dhoni b Bumrah,0,14,46.67,0,0
IPL_2019_056,2,MI,Tilak Varma,36,20,2,1,180.0,b Cummins,0,14,38.89,0,0
IPL_2019_056,2,MI,Hardik Pandya,27,15,2,1,180.0,b Cummins,0,14,51.85,0,0
IPL_2019_056,2,MI,Tim David,25,15,2,0,166.67,c Dhoni b Bumrah,0,8,32.0,0,0
IPL_2019_057,1,MI,Rohit Sharma,45,26,2,1,173.08,c & b Narine,0,14,31.11,0,0
IPL_2019_057,1,MI,Ishan Kishan,39,29,4,1,134.48,c & b Narine,0,22,56.41,0,0
IPL_2019_057,1,MI,Suryakumar Yadav,48,30,4,1,160.0,lbw b Chahal,0,22,45.83,0,0
IPL_2019_057,1,MI,Tilak Varma,19,12,2,0,158.33,c Dhoni b Bumrah,0,8,42.11,0,0
IPL_2019_057,1,MI,Hardik Pandya,34,23,2,2,147.83,c Dhoni b Bumrah,0,20,58.82,0,0
IPL_2019_057,2,KKR,Phil Salt,35,21,2,1,166.67,c Dhoni b Bumrah,0,14,40.0,0,0
IPL_2019_057,2,KKR,Sunil Narine,26,17,2,0,152.94,b Cummins,0,8,30.77,0,0
IPL_2019_057,2,KKR,Venkatesh Iyer,36,23,1,2,156.52,run out,0,16,44.44,0,0
IPL_2019_057,2,KKR,Shreyas Iyer,47,36,3,2,130.56,c & b Narine,0,24,51.06,0,0
IPL_2019_057,2,KKR,Rinku Singh,41,23,4,1,178.26,run out,0,22,53.66,0,0
IPL_2019_058,1,PBKS,Shikhar Dhawan,42,24,2,1,175.0,run out,0,14,33.33,0,0
IPL_2019_058,1,PBKS,Jonny Bairstow,21,18,2,0,116.67,lbw b Chahal,0,8,38.1,0,0
IPL_2019_058,1,PBKS,Prabhsimran Singh,24,20,2,0,120.0,b Cummins,0,8,33.33,0,0
IPL_2019_058,1,PBKS,Rilee Rossouw,39,24,2,1,162.5,c & b Narine,0,14,35.9,0,0
IPL_2019_058,1,PBKS,Sam Curran,17,12,1,0,141.67,c Dhoni b Bumrah,0,4,23.53,0,0
IPL_2019_058,1,PBKS,Jitesh Sharma,40,22,3,1,181.82,b Cummins,0,18,45.0,0,0
IPL_2019_058,2,CSK,Ruturaj Gaikwad,41,31,3,2,132.26,c & b Narine,0,24,58.54,0,0
IPL_2019_058,2,CSK,Rachin Ravindra,36,25,3,0,144.0,run out,0,12,33.33,0,0
IPL_2019_058,2,CSK,Ajinkya Rahane,33,19,1,2,173.68,c Dhoni b Bumrah,0,16,48.48,0,0
IPL_2019_058,2,CSK,Daryl Mitchell,53,29,5,1,182.76,c & b Narine,0,26,49.06,1,0
IPL_2019_058,2,CSK,Shivam Dube,29,16,1,1,181.25,not out,1,10,34.48,0,0
IPL_2019_059,1,PBKS,Shikhar Dhawan,38,26,1,1,146.15,c & b Narine,0,10,26.32,0,0
IPL_2019_059,1,PBKS,Jonny Bairstow,42,28,3,2,150.0,c & b Narine,0,24,57.14,0,0
IPL_2019_059,1,PBKS,Prabhsimran Singh,25,19,1,1,131.58,c Dhoni b Bumrah,0,10,40.0,0,0
IPL_2019_059,1,PBKS,Rilee Rossouw,14,10,1,0,140.0,c & b Narine,0,4,28.57,0,0
IPL_2019_059,1,PBKS,Sam Curran,30,24,2,1,125.0,b Cummins,0,14,46.67,0,0
IPL_2019_059,1,PBKS,Jitesh Sharma,14,11,1,0,127.27,lbw b Chahal,0,4,28.57,0,0
IPL_2019_059,1,PBKS,Shashank Singh,3,2,0,0,150.0,not out,1,0,0.0,0,0
IPL_2019_059,2,MI,Rohit Sharma,29,24,2,1,120.83,c & b Narine,0,14,48.28,0,0
IPL_2019_059,2,MI,Ishan Kishan,21,12,1,1,175.0,c Dhoni b Bumrah,0,10,47.62,0,0
IPL_2019_059,2,MI,Suryakumar Yadav,25,18,1,1,138.89,c & b Narine,0,10,40.0,0,0
IPL_2019_059,2,MI,Tilak Varma,23,14,1,0,164.29,c & b Narine,0,4,17.39,0,0
IPL_2019_059,2,MI,Hardik Pandya,48,27,2,2,177.78,run out,0,20,41.67,0,0
IPL_2019_059,2,MI,Tim David,33,21,3,1,157.14,c Dhoni b Bumrah,0,18,54.55,0,0
IPL_2019_060,1,LSG,KL Rahul,23,13,1,1,176.92,c Dhoni b Bumrah,0,10,43.48,0,0
IPL_2019_060,1,LSG,Quinton de Kock,35,25,1,2,140.0,lbw b Chahal,0,16,45.71,0,0
IPL_2019_060,1,LSG,Marcus Stoinis,36,21,3,1,171.43,run out,0,18,50.0,0,0
IPL_2019_060,1,LSG,Nicholas Pooran,23,19,2,0,121.05,c & b Narine,0,8,34.78,0,0
IPL_2019_060,1,LSG,Ayush Badoni,32,25,1,1,128.0,run out,0,10,31.25,0,0
IPL_2019_060,1,LSG,Deepak Hooda,24,17,1,1,141.18,not out,1,10,41.67,0,0
IPL_2019_060,2,RR,Yashasvi Jaiswal,37,21,3,1,176.19,c Dhoni b Bumrah,0,18,48.65,0,0
IPL_2019_060,2,RR,Jos Buttler,27,18,1,1,150.0,c & b Narine,0,10,37.04,0,0
IPL_2019_060,2,RR,Sanju Samson,43,31,1,2,138.71,lbw b Chahal,0,16,37.21,0,0
IPL_2019_060,2,RR,Riyan Parag,18,10,2,0,180.0,run out,0,8,44.44,0,0
IPL_2019_060,2,RR,Dhruv Jurel,23,15,1,1,153.33,lbw b Chahal,0,10,43.48,0,0
IPL_2019_060,2,RR,Shimron Hetmyer,31,25,1,1,124.0,b Cummins,0,10,32.26,0,0
IPL_2020_001,1,RR,Yashasvi Jaiswal,12,8,1,0,150.0,c Dhoni b Bumrah,0,4,33.33,0,0
IPL_2020_001,1,RR,Jos Buttler,62,36,4,3,172.22,run out,0,34,54.84,1,0
IPL_2020_001,1,RR,Sanju Samson,25,17,3,0,147.06,lbw b Chahal,0,12,48.0,0,0
IPL_2020_001,1,RR,Riyan Parag,56,37,2,3,151.35,lbw b Chahal,0,26,46.43,1,0
IPL_2020_001,1,RR,Dhruv Jurel,27,22,1,0,122.73,lbw b Chahal,0,4,14.81,0,0
IPL_2020_001,2,SRH,Travis Head,45,26,5,1,173.08,b Cummins,0,26,57.78,0,0
IPL_2020_001,2,SRH,Abhishek Sharma,46,31,3,2,148.39,b Cummins,0,24,52.17,0,0
IPL_2020_001,2,SRH,Rahul Tripathi,13,9,0,0,144.44,c & b Narine,0,0,0.0,0,0
IPL_2020_001,2,SRH,Aiden Markram,25,16,2,1,156.25,b Cummins,0,14,56.0,0,0
IPL_2020_001,2,SRH,Heinrich Klaasen,17,11,1,0,154.55,run out,0,4,23.53,0,0
IPL_2020_001,2,SRH,Nitish Kumar Reddy,34,27,3,1,125.93,not out,1,18,52.94,0,0
IPL_2020_002,1,RCB,Faf du Plessis,10,9,1,0,111.11,c Dhoni b Bumrah,0,4,40.0,0,0
IPL_2020_002,1,RCB,Virat Kohli,40,28,3,1,142.86,c & b Narine,0,18,45.0,0,0
IPL_2020_002,1,RCB,Will Jacks,50,35,3,1,142.86,c & b Narine,0,18,36.0,1,0
IPL_2020_002,1,RCB,Rajat Patidar,56,36,3,3,155.56,b Cummins,0,30,53.57,1,0
IPL_2020_002,1,RCB,Glenn Maxwell,20,12,1,0,166.67,not out,1,4,20.0,0,0
IPL_2020_002,2,SRH,Travis Head,33,23,2,1,143.48,b Cummins,0,14,42.42,0,0
IPL_2020_002,2,SRH,Abhishek Sharma,37,23,2,2,160.87,lbw b Chahal,0,20,54.05,0,0
IPL_2020_002,2,SRH,Rahul Tripathi,56,38,4,2,147.37,lbw b Chahal,0,28,50.0,1,0
IPL_2020_002,2,SRH,Aiden Markram,27,23,1,1,117.39,lbw b Chahal,0,10,37.04,0,0
IPL_2020_002,2,SRH,Heinrich Klaasen,16,9,1,0,177.78,c Dhoni b Bumrah,0,4,25.0,0,0
IPL_2020_002,2,SRH,Nitish Kumar Reddy,7,4,0,0,175.0,b Cummins,0,0,0.0,0,0
IPL_2020_003,1,CSK,Ruturaj Gaikwad,32,25,1,0,128.0,lbw b Chahal,0,4,12.5,0,0
IPL_2020_003,1,CSK,Rachin Ravindra,34,20,1,1,170.0,lbw b Chahal,0,10,29.41,0,0
IPL_2020_003,1,CSK,Ajinkya Rahane,15,9,1,0,166.67,run out,0,4,26.67,0,0
IPL_2020_003,1,CSK,Daryl Mitchell,61,36,6,2,169.44,b Cummins,0,36,59.02,1,0
IPL_2020_003,1,CSK,Shivam Dube,23,17,3,0,135.29,c Dhoni b Bumrah,0,12,52.17,0,0
IPL_2020_003,1,CSK,Ravindra Jadeja,23,13,1,1,176.92,not out,1,10,43.48,0,0
IPL_2020_003,2,DC,David Warner,47,27,2,2,174.07,run out,0,20,42.55,0,0
IPL_2020_003,2,DC,Prithvi Shaw,46,32,1,2,143.75,b Cummins,0,16,34.78,0,0
IPL_2020_003,2,DC,Jake Fraser-McGurk,45,28,3,2,160.71,lbw b Chahal,0,24,53.33,0,0
IPL_2020_003,2,DC,Rishabh Pant,42,24,2,1,175.0,run out,0,14,33.33,0,0
IPL_2020_003,2,DC,Tristan Stubbs,16,9,0,1,177.78,c & b Narine,0,6,37.5,0,0
IPL_2020_004,1,DC,David Warner,43,35,2,2,122.86,c Dhoni b Bumrah,0,20,46.51,0,0
IPL_2020_004,1,DC,Prithvi Shaw,37,32,3,1,115.62,run out,0,18,48.65,0,0
IPL_2020_004,1,DC,Jake Fraser-McGurk,44,38,2,2,115.79,run out,0,20,45.45,0,0
IPL_2020_004,1,DC,Rishabh Pant,24,15,2,0,160.0,run out,0,8,33.33,0,0
IPL_2020_004,2,MI,Rohit Sharma,66,38,3,2,173.68,lbw b Chahal,0,24,36.36,1,0
IPL_2020_004,2,MI,Ishan Kishan,12,9,1,0,133.33,c & b Narine,0,4,33.33,0,0
IPL_2020_004,2,MI,Suryakumar Yadav,37,21,2,1,176.19,c & b Narine,0,14,37.84,0,0
IPL_2020_004,2,MI,Tilak Varma,28,16,2,0,175.0,c Dhoni b Bumrah,0,8,28.57,0,0
IPL_2020_004,2,MI,Hardik Pandya,43,36,3,2,119.44,lbw b Chahal,0,24,55.81,0,0
IPL_2020_005,1,MI,Rohit Sharma,62,34,5,3,182.35,c Dhoni b Bumrah,0,38,61.29,1,0
IPL_2020_005,1,MI,Ishan Kishan,34,21,1,1,161.9,run out,0,10,29.41,0,0
IPL_2020_005,1,MI,Suryakumar Yadav,16,14,1,0,114.29,c & b Narine,0,4,25.0,0,0
IPL_2020_005,1,MI,Tilak Varma,13,8,1,0,162.5,b Cummins,0,4,30.77,0,0
IPL_2020_005,1,MI,Hardik Pandya,39,22,2,1,177.27,c Dhoni b Bumrah,0,14,35.9,0,0
IPL_2020_005,1,MI,Tim David,23,19,2,0,121.05,run out,0,8,34.78,0,0
IPL_2020_005,1,MI,Romario Shepherd,2,2,0,0,100.0,not out,1,0,0.0,0,0
IPL_2020_005,2,GT,Shubman Gill,17,13,1,0,130.77,b Cummins,0,4,23.53,0,0
IPL_2020_005,2,GT,Wriddhiman Saha,36,29,2,2,124.14,lbw b Chahal,0,20,55.56,0,0
IPL_2020_005,2,GT,Sai Sudharsan,12,11,0,0,109.09,run out,0,0,0.0,0,0
IPL_2020_005,2,GT,David Miller,13,12,1,0,108.33,run out,0,4,30.77,0,0
IPL_2020_005,2,GT,Azmatullah Omarzai,57,36,4,3,158.33,b Cummins,0,34,59.65,1,0
IPL_2020_005,2,GT,Rahul Tewatia,22,19,1,0,115.79,not out,1,4,18.18,0,0
IPL_2020_006,1,CSK,Ruturaj Gaikwad,55,32,5,2,171.88,b Cummins,0,32,58.18,1,0
IPL_2020_006,1,CSK,Rachin Ravindra,21,12,1,0,175.0,c & b Narine,0,4,19.05,0,0
IPL_2020_006,1,CSK,Ajinkya Rahane,45,31,3,1,145.16,c & b Narine,0,18,40.0,0,0
IPL_2020_006,1,CSK,Daryl Mitchell,49,35,4,3,140.0,run out,0,34,69.39,0,0
IPL_2020_006,1,CSK,Shivam Dube,13,10,1,0,130.0,run out,0,4,30.77,0,0
IPL_2020_006,2,RCB,Faf du Plessis,29,21,2,1,138.1,c Dhoni b Bumrah,0,14,48.28,0,0
IPL_2020_006,2,RCB,Virat Kohli,19,15,2,0,126.67,c Dhoni b Bumrah,0,8,42.11,0,0
IPL_2020_006,2,RCB,Will Jacks,50,35,4,2,142.86,run out,0,28,56.0,1,0
IPL_2020_006,2,RCB,Rajat Patidar,58,34,4,3,170.59,run out,0,34,58.62,1,0
IPL_2020_006,2,RCB,Glenn Maxwell,24,15,1,1,160.0,c Dhoni b Bumrah,0,10,41.67,0,0
IPL_2020_007,1,DC,David Warner,59,35,2,3,168.57,run out,0,26,44.07,1,0
IPL_2020_007,1,DC,Prithvi Shaw,43,34,3,1,126.47,b Cummins,0,18,41.86,0,0
IPL_2020_007,1,DC,Jake Fraser-McGurk,57,37,4,3,154.05,c & b Narine,0,34,59.65,1,0
IPL_2020_007,1,DC,Rishabh Pant,17,14,1,0,121.43,c Dhoni b Bumrah,0,4,23.53,0,0
IPL_2020_007,2,PBKS,Shikhar Dhawan,31,20,3,1,155.0,lbw b Chahal,0,18,58.06,0,0
IPL_2020_007,2,PBKS,Jonny Bairstow,15,13,1,0,115.38,run out,0,4,26.67,0,0
IPL_2020_007,2,PBKS,Prabhsimran Singh,47,31,1,2,151.61,lbw b Chahal,0,16,34.04,0,0
IPL_2020_007,2,PBKS,Rilee Rossouw,34,21,3,1,161.9,c Dhoni b Bumrah,0,18,52.94,0,0
IPL_2020_007,2,PBKS,Sam Curran,28,24,2,1,116.67,c & b Narine,0,14,50.0,0,0
IPL_2020_007,2,PBKS,Jitesh Sharma,19,11,0,0,172.73,not out,1,0,0.0,0,0
IPL_2020_008,1,GT,Shubman Gill,47,38,4,1,123.68,run out,0,22,46.81,0,0
IPL_2020_008,1,GT,Wriddhiman Saha,14,12,1,0,116.67,c & b Narine,0,4,28.57,0,0
IPL_2020_008,1,GT,Sai Sudharsan,16,14,1,1,114.29,c Dhoni b Bumrah,0,10,62.5,0,0
IPL_2020_008,1,GT,David Miller,37,29,1,1,127.59,run out,0,10,27.03,0,0
IPL_2020_008,1,GT,Azmatullah Omarzai,49,27,2,3,181.48,lbw b Chahal,0,26,53.06,0,0
IPL_2020_008,2,SRH,Travis Head,22,14,2,1,157.14,b Cummins,0,14,63.64,0,0
IPL_2020_008,2,SRH,Abhishek Sharma,19,14,1,0,135.71,b Cummins,0,4,21.05,0,0
IPL_2020_008,2,SRH,Rahul Tripathi,39,27,3,1,144.44,run out,0,18,46.15,0,0
IPL_2020_008,2,SRH,Aiden Markram,55,33,5,3,166.67,run out,0,38,69.09,1,0
IPL_2020_008,2,SRH,Heinrich Klaasen,13,8,1,0,162.5,c Dhoni b Bumrah,0,4,30.77,0,0
IPL_2020_008,2,SRH,Nitish Kumar Reddy,33,24,2,2,137.5,lbw b Chahal,0,20,60.61,0,0
IPL_2020_009,1,GT,Shubman Gill,19,11,1,0,172.73,c & b Narine,0,4,21.05,0,0
IPL_2020_009,1,GT,Wriddhiman Saha,42,24,3,2,175.0,b Cummins,0,24,57.14,0,0
IPL_2020_009,1,GT,Sai Sudharsan,32,26,2,2,123.08,b Cummins,0,20,62.5,0,0
IPL_2020_009,1,GT,David Miller,49,34,2,2,144.12,run out,0,20,40.82,0,0
IPL_2020_009,1,GT,Azmatullah Omarzai,17,10,1,0,170.0,b Cummins,0,4,23.53,0,0
IPL_2020_009,1,GT,Rahul Tewatia,24,15,1,0,160.0,lbw b Chahal,0,4,16.67,0,0
IPL_2020_009,2,RR,Yashasvi Jaiswal,16,12,2,0,133.33,c Dhoni b Bumrah,0,8,50.0,0,0
IPL_2020_009,2,RR,Jos Buttler,12,10,1,0,120.0,c & b Narine,0,4,33.33,0,0
IPL_2020_009,2,RR,Sanju Samson,28,22,2,1,127.27,b Cummins,0,14,50.0,0,0
IPL_2020_009,2,RR,Riyan Parag,9,8,0,0,112.5,c & b Narine,0,0,0.0,0,0
IPL_2020_009,2,RR,Dhruv Jurel,16,12,1,0,133.33,lbw b Chahal,0,4,25.0,0,0
IPL_2020_009,2,RR,Shimron Hetmyer,22,15,0,1,146.67,run out,0,6,27.27,0,0
IPL_2020_009,2,RR,Rovman Powell,17,10,1,0,170.0,run out,0,4,23.53,0,0
IPL_2020_009,2,RR,Ravichandran Ashwin,41,31,1,1,132.26,not out,1,10,24.39,0,0
IPL_2020_010,1,RCB,Faf du Plessis,39,24,2,2,162.5,c & b Narine,0,20,51.28,0,0
IPL_2020_010,1,RCB,Virat Kohli,39,31,3,1,125.81,c Dhoni b Bumrah,0,18,46.15,0,0
IPL_2020_010,1,RCB,Will Jacks,47,29,3,1,162.07,c & b Narine,0,18,38.3,0,0
IPL_2020_010,1,RCB,Rajat Patidar,34,24,3,1,141.67,lbw b Chahal,0,18,52.94,0,0
IPL_2020_010,1,RCB,Glenn Maxwell,18,12,0,1,150.0,not out,1,6,33.33,0,0
IPL_2020_010,2,KKR,Phil Salt,60,34,6,2,176.47,b Cummins,0,36,60.0,1,0
IPL_2020_010,2,KKR,Sunil Narine,12,9,0,0,133.33,c & b Narine,0,0,0.0,0,0
IPL_2020_010,2,KKR,Venkatesh Iyer,24,16,2,0,150.0,run out,0,8,33.33,0,0
IPL_2020_010,2,KKR,Shreyas Iyer,18,10,1,0,180.0,run out,0,4,22.22,0,0
IPL_2020_010,2,KKR,Rinku Singh,32,24,1,1,133.33,run out,0,10,31.25,0,0
IPL_2020_010,2,KKR,Andre Russell,14,13,0,0,107.69,b Cummins,0,0,0.0,0,0
IPL_2020_010,2,KKR,Ramandeep Singh,17,10,1,0,170.0,c & b Narine,0,4,23.53,0,0
IPL_2020_010,2,KKR,Mitchell Starc,4,4,0,0,100.0,not out,1,0,0.0,0,0
IPL_2020_011,1,GT,Shubman Gill,30,26,3,1,115.38,c Dhoni b Bumrah,0,18,60.0,0,0
IPL_2020_011,1,GT,Wriddhiman Saha,43,25,2,1,172.0,c & b Narine,0,14,32.56,0,0
IPL_2020_011,1,GT,Sai Sudharsan,45,33,1,2,136.36,lbw b Chahal,0,16,35.56,0,0
IPL_2020_011,1,GT,David Miller,34,27,2,0,125.93,b Cummins,0,8,23.53,0,0
IPL_2020_011,1,GT,Azmatullah Omarzai,12,9,1,0,133.33,lbw b Chahal,0,4,33.33,0,0
IPL_2020_011,2,KKR,Phil Salt,14,8,1,0,175.0,lbw b Chahal,0,4,28.57,0,0
IPL_2020_011,2,KKR,Sunil Narine,20,17,2,0,117.65,b Cummins,0,8,40.0,0,0
IPL_2020_011,2,KKR,Venkatesh Iyer,27,22,1,0,122.73,c Dhoni b Bumrah,0,4,14.81,0,0
IPL_2020_011,2,KKR,Shreyas Iyer,56,35,4,2,160.0,run out,0,28,50.0,1,0
IPL_2020_011,2,KKR,Rinku Singh,41,29,4,1,141.38,c Dhoni b Bumrah,0,22,53.66,0,0
IPL_2020_011,2,KKR,Andre Russell,14,9,1,0,155.56,not out,1,4,28.57,0,0
IPL_2020_012,1,RR,Yashasvi Jaiswal,35,27,2,1,129.63,lbw b Chahal,0,14,40.0,0,0
IPL_2020_012,1,RR,Jos Buttler,37,26,4,1,142.31,c & b Narine,0,22,59.46,0,0
IPL_2020_012,1,RR,Sanju Samson,16,13,1,0,123.08,c & b Narine,0,4,25.0,0,0
IPL_2020_012,1,RR,Riyan Parag,41,31,3,2,132.26,c & b Narine,0,24,58.54,0,0
IPL_2020_012,1,RR,Dhruv Jurel,19,15,1,1,126.67,c & b Narine,0,10,52.63,0,0
IPL_2020_012,1,RR,Shimron Hetmyer,14,8,1,0,175.0,c Dhoni b Bumrah,0,4,28.57,0,0
IPL_2020_012,2,DC,David Warner,24,20,2,1,120.0,c Dhoni b Bumrah,0,14,58.33,0,0
IPL_2020_012,2,DC,Prithvi Shaw,50,33,5,1,151.52,c & b Narine,0,26,52.0,1,0
IPL_2020_012,2,DC,Jake Fraser-McGurk,39,22,1,1,177.27,c & b Narine,0,10,25.64,0,0
IPL_2020_012,2,DC,Rishabh Pant,44,25,2,2,176.0,c & b Narine,0,20,45.45,0,0
IPL_2020_012,2,DC,Tristan Stubbs,30,20,3,1,150.0,lbw b Chahal,0,18,60.0,0,0
IPL_2020_013,1,SRH,Travis Head,53,35,4,3,151.43,run out,0,34,64.15,1,0
IPL_2020_013,1,SRH,Abhishek Sharma,30,26,1,1,115.38,c Dhoni b Bumrah,0,10,33.33,0,0
IPL_2020_013,1,SRH,Rahul Tripathi,29,19,1,1,152.63,run out,0,10,34.48,0,0
IPL_2020_013,1,SRH,Aiden Markram,29,17,1,1,170.59,lbw b Chahal,0,10,34.48,0,0
IPL_2020_013,1,SRH,Heinrich Klaasen,40,23,2,1,173.91,not out,1,14,35.0,0,0
IPL_2020_013,2,MI,Rohit Sharma,43,28,2,2,153.57,lbw b Chahal,0,20,46.51,0,0
IPL_2020_013,2,MI,Ishan Kishan,23,15,1,1,153.33,run out,0,10,43.48,0,0
IPL_2020_013,2,MI,Suryakumar Yadav,43,37,3,1,116.22,run out,0,18,41.86,0,0
IPL_2020_013,2,MI,Tilak Varma,16,11,2,0,145.45,run out,0,8,50.0,0,0
IPL_2020_013,2,MI,Hardik Pandya,40,29,4,1,137.93,run out,0,22,55.0,0,0
IPL_2020_014,1,PBKS,Shikhar Dhawan,50,38,4,2,131.58,b Cummins,0,28,56.0,1,0
IPL_2020_014,1,PBKS,Jonny Bairstow,29,24,1,1,120.83,run out,0,10,34.48,0,0
IPL_2020_014,1,PBKS,Prabhsimran Singh,11,8,1,0,137.5,run out,0,4,36.36,0,0
IPL_2020_014,1,PBKS,Rilee Rossouw,37,32,3,1,115.62,lbw b Chahal,0,18,48.65,0,0
IPL_2020_014,1,PBKS,Sam Curran,22,18,1,1,122.22,lbw b Chahal,0,10,45.45,0,0
IPL_2020_014,2,KKR,Phil Salt,59,38,3,3,155.26,c & b Narine,0,30,50.85,1,0
IPL_2020_014,2,KKR,Sunil Narine,43,28,2,2,153.57,c Dhoni b Bumrah,0,20,46.51,0,0
IPL_2020_014,2,KKR,Venkatesh Iyer,52,31,4,2,167.74,c Dhoni b Bumrah,0,28,53.85,1,0
IPL_2020_015,1,KKR,Phil Salt,25,21,2,1,119.05,run out,0,14,56.0,0,0
IPL_2020_015,1,KKR,Sunil Narine,23,13,1,1,176.92,b Cummins,0,10,43.48,0,0
IPL_2020_015,1,KKR,Venkatesh Iyer,9,8,1,0,112.5,c Dhoni b Bumrah,0,4,44.44,0,0
IPL_2020_015,1,KKR,Shreyas Iyer,42,35,2,1,120.0,c & b Narine,0,14,33.33,0,0
IPL_2020_015,1,KKR,Rinku Singh,30,17,1,1,176.47,b Cummins,0,10,33.33,0,0
IPL_2020_015,1,KKR,Andre Russell,47,26,3,1,180.77,c Dhoni b Bumrah,0,18,38.3,0,0
IPL_2020_015,2,CSK,Ruturaj Gaikwad,29,21,3,1,138.1,c & b Narine,0,18,62.07,0,0
IPL_2020_015,2,CSK,Rachin Ravindra,10,8,1,0,125.0,c Dhoni b Bumrah,0,4,40.0,0,0
IPL_2020_015,2,CSK,Ajinkya Rahane,27,19,1,1,142.11,lbw b Chahal,0,10,37.04,0,0
IPL_2020_015,2,CSK,Daryl Mitchell,29,18,1,1,161.11,b Cummins,0,10,34.48,0,0
IPL_2020_015,2,CSK,Shivam Dube,43,34,2,2,126.47,c & b Narine,0,20,46.51,0,0
IPL_2020_015,2,CSK,Ravindra Jadeja,16,11,2,0,145.45,c Dhoni b Bumrah,0,8,50.0,0,0
IPL_2020_015,2,CSK,MS Dhoni,11,9,0,0,122.22,not out,1,0,0.0,0,0
IPL_2020_016,1,KKR,Phil Salt,36,28,2,1,128.57,lbw b Chahal,0,14,38.89,0,0
IPL_2020_016,1,KKR,Sunil Narine,53,33,5,1,160.61,c & b Narine,0,26,49.06,1,0
IPL_2020_016,1,KKR,Venkatesh Iyer,58,38,2,2,152.63,c & b Narine,0,20,34.48,1,0
IPL_2020_016,1,KKR,Shreyas Iyer,19,17,1,0,111.76,c Dhoni b Bumrah,0,4,21.05,0,0
IPL_2020_016,1,KKR,Rinku Singh,7,4,0,0,175.0,c Dhoni b Bumrah,0,0,0.0,0,0
IPL_2020_016,2,CSK,Ruturaj Gaikwad,55,37,2,1,148.65,c & b Narine,0,14,25.45,1,0
IPL_2020_016,2,CSK,Rachin Ravindra,30,19,2,1,157.89,run out,0,14,46.67,0,0
IPL_2020_016,2,CSK,Ajinkya Rahane,48,28,3,1,171.43,b Cummins,0,18,37.5,0,0
IPL_2020_016,2,CSK,Daryl Mitchell,16,11,1,0,145.45,b Cummins,0,4,25.0,0,0
IPL_2020_016,2,CSK,Shivam Dube,31,25,2,1,124.0,b Cummins,0,14,45.16,0,0
IPL_2020_017,1,LSG,KL Rahul,11,9,0,0,122.22,c & b Narine,0,0,0.0,0,0
IPL_2020_017,1,LSG,Quinton de Kock,52,29,2,2,179.31,c & b Narine,0,20,38.46,1,0
IPL_2020_017,1,LSG,Marcus Stoinis,41,31,2,1,132.26,run out,0,14,34.15,0,0
IPL_2020_017,1,LSG,Nicholas Pooran,13,9,1,0,144.44,lbw b Chahal,0,4,30.77,0,0
IPL_2020_017,1,LSG,Ayush Badoni,29,23,1,1,126.09,run out,0,10,34.48,0,0
IPL_2020_017,1,LSG,Deepak Hooda,30,19,3,0,157.89,not out,1,12,40.0,0,0
IPL_2020_017,2,KKR,Phil Salt,55,37,3,2,148.65,c Dhoni b Bumrah,0,24,43.64,1,0
IPL_2020_017,2,KKR,Sunil Narine,34,30,1,1,113.33,run out,0,10,29.41,0,0
IPL_2020_017,2,KKR,Venkatesh Iyer,23,14,2,0,164.29,c Dhoni b Bumrah,0,8,34.78,0,0
IPL_2020_017,2,KKR,Shreyas Iyer,13,9,0,0,144.44,c Dhoni b Bumrah,0,0,0.0,0,0
IPL_2020_017,2,KKR,Rinku Singh,25,15,3,0,166.67,c Dhoni b Bumrah,0,12,48.0,0,0
IPL_2020_017,2,KKR,Andre Russell,21,15,0,1,140.0,c & b Narine,0,6,28.57,0,0
IPL_2020_018,1,MI,Rohit Sharma,12,8,0,0,150.0,b Cummins,0,0,0.0,0,0
IPL_2020_018,1,MI,Ishan Kishan,60,33,5,1,181.82,lbw b Chahal,0,26,43.33,1,0
IPL_2020_018,1,MI,Suryakumar Yadav,49,27,3,2,181.48,run out,0,24,48.98,0,0
IPL_2020_018,1,MI,Tilak Varma,10,8,1,0,125.0,b Cummins,0,4,40.0,0,0
IPL_2020_018,1,MI,Hardik Pandya,20,16,1,0,125.0,c & b Narine,0,4,20.0,0,0
IPL_2020_018,1,MI,Tim David,37,28,3,2,132.14,not out,1,24,64.86,0,0
IPL_2020_018,2,RR,Yashasvi Jaiswal,24,15,1,0,160.0,c & b Narine,0,4,16.67,0,0
IPL_2020_018,2,RR,Jos Buttler,47,36,4,2,130.56,run out,0,28,59.57,0,0
IPL_2020_018,2,RR,Sanju Samson,16,14,1,0,114.29,c & b Narine,0,4,25.0,0,0
IPL_2020_018,2,RR,Riyan Parag,30,17,2,1,176.47,run out,0,14,46.67,0,0
IPL_2020_018,2,RR,Dhruv Jurel,16,14,1,0,114.29,run out,0,4,25.0,0,0
IPL_2020_018,2,RR,Shimron Hetmyer,34,24,2,2,141.67,c Dhoni b Bumrah,0,20,58.82,0,0
IPL_2020_019,1,RCB,Faf du Plessis,24,16,2,1,150.0,c & b Narine,0,14,58.33,0,0
IPL_2020_019,1,RCB,Virat Kohli,48,36,2,2,133.33,run out,0,20,41.67,0,0
IPL_2020_019,1,RCB,Will Jacks,37,21,2,1,176.19,run out,0,14,37.84,0,0
IPL_2020_019,1,RCB,Rajat Patidar,16,10,1,0,160.0,run out,0,4,25.0,0,0
IPL_2020_019,1,RCB,Glenn Maxwell,36,26,3,1,138.46,run out,0,18,50.0,0,0
IPL_2020_019,1,RCB,Cameron Green,16,11,1,1,145.45,not out,1,10,62.5,0,0
IPL_2020_019,2,MI,Rohit Sharma,44,29,2,1,151.72,run out,0,14,31.82,0,0
IPL_2020_019,2,MI,Ishan Kishan,23,17,1,0,135.29,b Cummins,0,4,17.39,0,0
IPL_2020_019,2,MI,Suryakumar Yadav,50,32,3,1,156.25,b Cummins,0,18,36.0,1,0
IPL_2020_019,2,MI,Tilak Varma,35,28,2,1,125.0,run out,0,14,40.0,0,0
IPL_2020_019,2,MI,Hardik Pandya,13,8,0,0,162.5,c & b Narine,0,0,0.0,0,0
IPL_2020_019,2,MI,Tim David,10,6,0,0,166.67,not out,1,0,0.0,0,0
IPL_2020_020,1,GT,Shubman Gill,35,20,1,2,175.0,b Cummins,0,16,45.71,0,0
IPL_2020_020,1,GT,Wriddhiman Saha,51,36,3,1,141.67,c & b Narine,0,18,35.29,1,0
IPL_2020_020,1,GT,Sai Sudharsan,21,12,1,1,175.0,lbw b Chahal,0,10,47.62,0,0
IPL_2020_020,1,GT,David Miller,17,10,1,0,170.0,c Dhoni b Bumrah,0,4,23.53,0,0
IPL_2020_020,1,GT,Azmatullah Omarzai,36,28,2,2,128.57,c & b Narine,0,20,55.56,0,0
IPL_2020_020,1,GT,Rahul Tewatia,21,14,1,1,150.0,not out,1,10,47.62,0,0
IPL_2020_020,2,LSG,KL Rahul,16,12,1,0,133.33,c & b Narine,0,4,25.0,0,0
IPL_2020_020,2,LSG,Quinton de Kock,27,16,1,1,168.75,c Dhoni b Bumrah,0,10,37.04,0,0
IPL_2020_020,2,LSG,Marcus Stoinis,42,34,2,2,123.53,run out,0,20,47.62,0,0
IPL_2020_020,2,LSG,Nicholas Pooran,25,14,2,0,178.57,c & b Narine,0,8,32.0,0,0
IPL_2020_020,2,LSG,Ayush Badoni,36,26,2,1,138.46,c & b Narine,0,14,38.89,0,0
IPL_2020_020,2,LSG,Deepak Hooda,21,18,1,1,116.67,b Cummins,0,10,47.62,0,0
IPL_2020_021,1,RR,Yashasvi Jaiswal,36,27,2,1,133.33,c & b Narine,0,14,38.89,0,0
IPL_2020_021,1,RR,Jos Buttler,35,22,2,1,159.09,lbw b Chahal,0,14,40.0,0,0
IPL_2020_021,1,RR,Sanju Samson,63,37,5,3,170.27,c Dhoni b Bumrah,0,38,60.32,1,0
IPL_2020_021,1,RR,Riyan Parag,27,19,2,0,142.11,run out,0,8,29.63,0,0
IPL_2020_021,1,RR,Dhruv Jurel,25,15,1,1,166.67,lbw b Chahal,0,10,40.0,0,0
IPL_2020_021,2,KKR,Phil Salt,21,15,1,0,140.0,lbw b Chahal,0,4,19.05,0,0
IPL_2020_021,2,KKR,Sunil Narine,27,22,2,1,122.73,c & b Narine,0,14,51.85,0,0
IPL_2020_021,2,KKR,Venkatesh Iyer,36,20,3,1,180.0,lbw b Chahal,0,18,50.0,0,0
IPL_2020_021,2,KKR,Shreyas Iyer,37,22,1,2,168.18,c Dhoni b Bumrah,0,16,43.24,0,0
IPL_2020_021,2,KKR,Rinku Singh,52,33,5,1,157.58,b Cummins,0,26,50.0,1,0
IPL_2020_021,2,KKR,Andre Russell,13,8,1,0,162.5,lbw b Chahal,0,4,30.77,0,0
IPL_2020_022,1,RCB,Faf du Plessis,15,9,1,0,166.67,run out,0,4,26.67,0,0
IPL_2020_022,1,RCB,Virat Kohli,19,13,1,1,146.15,c Dhoni b Bumrah,0,10,52.63,0,0
IPL_2020_022,1,RCB,Will Jacks,38,25,2,1,152.0,c & b Narine,0,14,36.84,0,0
IPL_2020_022,1,RCB,Rajat Patidar,55,33,5,2,166.67,c & b Narine,0,32,58.18,1,0
IPL_2020_022,1,RCB,Glenn Maxwell,39,34,2,2,114.71,lbw b Chahal,0,20,51.28,0,0
IPL_2020_022,1,RCB,Cameron Green,7,6,0,0,116.67,lbw b Chahal,0,0,0.0,0,0
IPL_2020_022,2,DC,David Warner,39,33,3,1,118.18,c Dhoni b Bumrah,0,18,46.15,0,0
IPL_2020_022,2,DC,Prithvi Shaw,43,33,2,2,130.3,lbw b Chahal,0,20,46.51,0,0
IPL_2020_022,2,DC,Jake Fraser-McGurk,35,21,1,1,166.67,run out,0,10,28.57,0,0
IPL_2020_022,2,DC,Rishabh Pant,34,28,2,0,121.43,b Cummins,0,8,23.53,0,0
IPL_2020_022,2,DC,Tristan Stubbs,8,5,0,0,160.0,not out,1,0,0.0,0,0
IPL_2020_023,1,RCB,Faf du Plessis,27,24,2,1,112.5,c & b Narine,0,14,51.85,0,0
IPL_2020_023,1,RCB,Virat Kohli,19,13,0,1,146.15,run out,0,6,31.58,0,0
IPL_2020_023,1,RCB,Will Jacks,29,24,3,0,120.83,c Dhoni b Bumrah,0,12,41.38,0,0
IPL_2020_023,1,RCB,Rajat Patidar,53,32,3,2,165.62,run out,0,24,45.28,1,0
IPL_2020_023,1,RCB,Glenn Maxwell,21,16,2,0,131.25,run out,0,8,38.1,0,0
IPL_2020_023,1,RCB,Cameron Green,16,11,1,0,145.45,run out,0,4,25.0,0,0
IPL_2020_023,2,RR,Yashasvi Jaiswal,37,22,1,2,168.18,c Dhoni b Bumrah,0,16,43.24,0,0
IPL_2020_023,2,RR,Jos Buttler,9,8,1,0,112.5,run out,0,4,44.44,0,0
IPL_2020_023,2,RR,Sanju Samson,21,13,2,0,161.54,b Cummins,0,8,38.1,0,0
IPL_2020_023,2,RR,Riyan Parag,10,8,0,0,125.0,run out,0,0,0.0,0,0
IPL_2020_023,2,RR,Dhruv Jurel,10,9,1,0,111.11,b Cummins,0,4,40.0,0,0
IPL_2020_023,2,RR,Shimron Hetmyer,95,60,5,5,158.33,not out,1,50,52.63,1,0
IPL_2020_024,1,KKR,Phil Salt,25,17,2,1,147.06,run out,0,14,56.0,0,0
IPL_2020_024,1,KKR,Sunil Narine,64,35,3,3,182.86,run out,0,30,46.88,1,0
IPL_2020_024,1,KKR,Venkatesh Iyer,35,19,2,1,184.21,lbw b Chahal,0,14,40.0,0,0
IPL_2020_024,1,KKR,Shreyas Iyer,12,9,0,0,133.33,run out,0,0,0.0,0,0
IPL_2020_024,1,KKR,Rinku Singh,9,8,1,0,112.5,c Dhoni b Bumrah,0,4,44.44,0,0
IPL_2020_024,1,KKR,Andre Russell,20,13,1,1,153.85,b Cummins,0,10,50.0,0,0
IPL_2020_024,1,KKR,Ramandeep Singh,30,19,1,1,157.89,not out,1,10,33.33,0,0
IPL_2020_024,2,SRH,Travis Head,23,15,2,0,153.33,run out,0,8,34.78,0,0
IPL_2020_024,2,SRH,Abhishek Sharma,36,27,3,1,133.33,lbw b Chahal,0,18,50.0,0,0
IPL_2020_024,2,SRH,Rahul Tripathi,31,24,2,1,129.17,run out,0,14,45.16,0,0
IPL_2020_024,2,SRH,Aiden Markram,50,37,2,2,135.14,c Dhoni b Bumrah,0,20,40.0,1,0
IPL_2020_024,2,SRH,Heinrich Klaasen,27,17,2,1,158.82,run out,0,14,51.85,0,0
IPL_2020_025,1,MI,Rohit Sharma,44,28,1,2,157.14,lbw b Chahal,0,16,36.36,0,0
IPL_2020_025,1,MI,Ishan Kishan,12,8,1,0,150.0,c Dhoni b Bumrah,0,4,33.33,0,0
IPL_2020_025,1,MI,Suryakumar Yadav,58,34,2,2,170.59,c Dhoni b Bumrah,0,20,34.48,1,0
IPL_2020_025,1,MI,Tilak Varma,36,25,2,1,144.0,run out,0,14,38.89,0,0
IPL_2020_025,1,MI,Hardik Pandya,32,25,3,1,128.0,not out,1,18,56.25,0,0
IPL_2020_025,2,RR,Yashasvi Jaiswal,25,14,1,0,178.57,lbw b Chahal,0,4,16.0,0,0
IPL_2020_025,2,RR,Jos Buttler,43,24,3,1,179.17,run out,0,18,41.86,0,0
IPL_2020_025,2,RR,Sanju Samson,47,27,2,2,174.07,b Cummins,0,20,42.55,0,0
IPL_2020_025,2,RR,Riyan Parag,25,19,2,1,131.58,c & b Narine,0,14,56.0,0,0
IPL_2020_025,2,RR,Dhruv Jurel,56,31,3,3,180.65,run out,0,30,53.57,1,0
IPL_2020_026,1,LSG,KL Rahul,54,33,3,1,163.64,lbw b Chahal,0,18,33.33,1,0
IPL_2020_026,1,LSG,Quinton de Kock,14,11,1,0,127.27,lbw b Chahal,0,4,28.57,0,0
IPL_2020_026,1,LSG,Marcus Stoinis,41,36,4,1,113.89,c & b Narine,0,22,53.66,0,0
IPL_2020_026,1,LSG,Nicholas Pooran,19,13,1,0,146.15,b Cummins,0,4,21.05,0,0
IPL_2020_026,1,LSG,Ayush Badoni,20,18,1,1,111.11,run out,0,10,50.0,0,0
IPL_2020_026,1,LSG,Deepak Hooda,11,9,1,0,122.22,not out,1,4,36.36,0,0
IPL_2020_026,2,KKR,Phil Salt,42,26,1,2,161.54,c Dhoni b Bumrah,0,16,38.1,0,0
IPL_2020_026,2,KKR,Sunil Narine,19,16,1,0,118.75,b Cummins,0,4,21.05,0,0
IPL_2020_026,2,KKR,Venkatesh Iyer,46,25,2,3,184.0,run out,0,26,56.52,0,0
IPL_2020_026,2,KKR,Shreyas Iyer,16,10,1,0,160.0,c Dhoni b Bumrah,0,4,25.0,0,0
IPL_2020_026,2,KKR,Rinku Singh,12,11,1,0,109.09,run out,0,4,33.33,0,0
IPL_2020_026,2,KKR,Andre Russell,50,31,2,3,161.29,not out,1,26,52.0,1,0
IPL_2020_027,1,KKR,Phil Salt,19,12,1,0,158.33,c & b Narine,0,4,21.05,0,0
IPL_2020_027,1,KKR,Sunil Narine,24,14,3,0,171.43,run out,0,12,50.0,0,0
IPL_2020_027,1,KKR,Venkatesh Iyer,10,8,1,0,125.0,run out,0,4,40.0,0,0
IPL_2020_027,1,KKR,Shreyas Iyer,37,32,2,1,115.62,c & b Narine,0,14,37.84,0,0
IPL_2020_027,1,KKR,Rinku Singh,33,25,2,0,132.0,b Cummins,0,8,24.24,0,0
IPL_2020_027,1,KKR,Andre Russell,17,15,2,0,113.33,c & b Narine,0,8,47.06,0,0
IPL_2020_027,1,KKR,Ramandeep Singh,23,14,2,1,164.29,not out,1,14,60.87,0,0
IPL_2020_027,2,RCB,Faf du Plessis,45,27,4,2,166.67,lbw b Chahal,0,28,62.22,0,0
IPL_2020_027,2,RCB,Virat Kohli,29,24,2,1,120.83,run out,0,14,48.28,0,0
IPL_2020_027,2,RCB,Will Jacks,32,26,3,1,123.08,c & b Narine,0,18,56.25,0,0
IPL_2020_027,2,RCB,Rajat Patidar,42,26,4,1,161.54,run out,0,22,52.38,0,0
IPL_2020_027,2,RCB,Glenn Maxwell,20,14,1,0,142.86,not out,1,4,20.0,0,0
IPL_2020_028,1,RR,Yashasvi Jaiswal,48,33,4,2,145.45,c Dhoni b Bumrah,0,28,58.33,0,0
IPL_2020_028,1,RR,Jos Buttler,49,34,2,2,144.12,run out,0,20,40.82,0,0
IPL_2020_028,1,RR,Sanju Samson,51,37,3,1,137.84,b Cummins,0,18,35.29,1,0
IPL_2020_028,1,RR,Riyan Parag,19,16,1,0,118.75,lbw b Chahal,0,4,21.05,0,0
IPL_2020_028,2,DC,David Warner,21,12,2,0,175.0,c & b Narine,0,8,38.1,0,0
IPL_2020_028,2,DC,Prithvi Shaw,27,20,2,1,135.0,c Dhoni b Bumrah,0,14,51.85,0,0
IPL_2020_028,2,DC,Jake Fraser-McGurk,15,12,2,0,125.0,lbw b Chahal,0,8,53.33,0,0
IPL_2020_028,2,DC,Rishabh Pant,36,21,3,1,171.43,c & b Narine,0,18,50.0,0,0
IPL_2020_028,2,DC,Tristan Stubbs,45,30,4,1,150.0,run out,0,22,48.89,0,0
IPL_2020_028,2,DC,Axar Patel,32,25,3,1,128.0,lbw b Chahal,0,18,56.25,0,0
IPL_2020_029,1,LSG,KL Rahul,35,25,2,1,140.0,b Cummins,0,14,40.0,0,0
IPL_2020_029,1,LSG,Quinton de Kock,16,14,1,0,114.29,c Dhoni b Bumrah,0,4,25.0,0,0
IPL_2020_029,1,LSG,Marcus Stoinis,23,20,2,1,115.0,c & b Narine,0,14,60.87,0,0
IPL_2020_029,1,LSG,Nicholas Pooran,56,36,5,1,155.56,b Cummins,0,26,46.43,1,0
IPL_2020_029,1,LSG,Ayush Badoni,30,25,2,0,120.0,not out,1,8,26.67,0,0
IPL_2020_029,2,GT,Shubman Gill,35,22,1,1,159.09,c Dhoni b Bumrah,0,10,28.57,0,0
IPL_2020_029,2,GT,Wriddhiman Saha,58,35,5,1,165.71,b Cummins,0,26,44.83,1,0
IPL_2020_029,2,GT,Sai Sudharsan,34,20,1,0,170.0,lbw b Chahal,0,4,11.76,0,0
IPL_2020_029,2,GT,David Miller,25,18,3,0,138.89,lbw b Chahal,0,12,48.0,0,0
IPL_2020_029,2,GT,Azmatullah Omarzai,37,25,2,1,148.0,lbw b Chahal,0,14,37.84,0,0
IPL_2020_030,1,RR,Yashasvi Jaiswal,38,31,2,2,122.58,run out,0,20,52.63,0,0
IPL_2020_030,1,RR,Jos Buttler,31,27,3,0,114.81,c Dhoni b Bumrah,0,12,38.71,0,0
IPL_2020_030,1,RR,Sanju Samson,23,14,1,1,164.29,lbw b Chahal,0,10,43.48,0,0
IPL_2020_030,1,RR,Riyan Parag,55,37,2,2,148.65,c & b Narine,0,20,36.36,1,0
IPL_2020_030,1,RR,Dhruv Jurel,18,11,0,1,163.64,run out,0,6,33.33,0,0
IPL_2020_030,2,KKR,Phil Salt,28,19,1,1,147.37,lbw b Chahal,0,10,35.71,0,0
IPL_2020_030,2,KKR,Sunil Narine,22,19,2,0,115.79,b Cummins,0,8,36.36,0,0
IPL_2020_030,2,KKR,Venkatesh Iyer,37,31,3,0,119.35,c Dhoni b Bumrah,0,12,32.43,0,0
IPL_2020_030,2,KKR,Shreyas Iyer,56,37,3,2,151.35,c Dhoni b Bumrah,0,24,42.86,1,0
IPL_2020_030,2,KKR,Rinku Singh,16,14,1,0,114.29,not out,1,4,25.0,0,0
IPL_2020_031,1,GT,Shubman Gill,42,30,3,2,140.0,c & b Narine,0,24,57.14,0,0
IPL_2020_031,1,GT,Wriddhiman Saha,50,35,2,3,142.86,b Cummins,0,26,52.0,1,0
IPL_2020_031,1,GT,Sai Sudharsan,46,31,2,2,148.39,b Cummins,0,20,43.48,0,0
IPL_2020_031,1,GT,David Miller,13,8,0,0,162.5,c & b Narine,0,0,0.0,0,0
IPL_2020_031,1,GT,Azmatullah Omarzai,12,8,1,0,150.0,b Cummins,0,4,33.33,0,0
IPL_2020_031,1,GT,Rahul Tewatia,13,8,1,0,162.5,run out,0,4,30.77,0,0
IPL_2020_031,2,DC,David Warner,20,12,1,1,166.67,c Dhoni b Bumrah,0,10,50.0,0,0
IPL_2020_031,2,DC,Prithvi Shaw,54,37,3,2,145.95,run out,0,24,44.44,1,0
IPL_2020_031,2,DC,Jake Fraser-McGurk,58,32,3,3,181.25,run out,0,30,51.72,1,0
IPL_2020_031,2,DC,Rishabh Pant,52,35,4,1,148.57,b Cummins,0,22,42.31,1,0
IPL_2020_032,1,CSK,Ruturaj Gaikwad,19,12,1,0,158.33,lbw b Chahal,0,4,21.05,0,0
IPL_2020_032,1,CSK,Rachin Ravindra,56,33,6,1,169.7,c & b Narine,0,30,53.57,1,0
IPL_2020_032,1,CSK,Ajinkya Rahane,13,8,1,0,162.5,run out,0,4,30.77,0,0
IPL_2020_032,1,CSK,Daryl Mitchell,39,33,3,1,118.18,c Dhoni b Bumrah,0,18,46.15,0,0
IPL_2020_032,1,CSK,Shivam Dube,40,28,3,1,142.86,c Dhoni b Bumrah,0,18,45.0,0,0
IPL_2020_032,1,CSK,Ravindra Jadeja,8,6,0,0,133.33,lbw b Chahal,0,0,0.0,0,0
IPL_2020_032,2,PBKS,Shikhar Dhawan,50,34,5,2,147.06,b Cummins,0,32,64.0,1,0
IPL_2020_032,2,PBKS,Jonny Bairstow,40,30,2,1,133.33,lbw b Chahal,0,14,35.0,0,0
IPL_2020_032,2,PBKS,Prabhsimran Singh,34,19,2,1,178.95,c Dhoni b Bumrah,0,14,41.18,0,0
IPL_2020_032,2,PBKS,Rilee Rossouw,42,25,3,1,168.0,lbw b Chahal,0,18,42.86,0,0
IPL_2020_032,2,PBKS,Sam Curran,15,12,1,0,125.0,c & b Narine,0,4,26.67,0,0
IPL_2020_033,1,RCB,Faf du Plessis,10,8,1,0,125.0,run out,0,4,40.0,0,0
IPL_2020_033,1,RCB,Virat Kohli,43,25,2,1,172.0,run out,0,14,32.56,0,0
IPL_2020_033,1,RCB,Will Jacks,44,35,2,1,125.71,c Dhoni b Bumrah,0,14,31.82,0,0
IPL_2020_033,1,RCB,Rajat Patidar,42,33,1,1,127.27,c & b Narine,0,10,23.81,0,0
IPL_2020_033,1,RCB,Glenn Maxwell,21,12,2,0,175.0,b Cummins,0,8,38.1,0,0
IPL_2020_033,1,RCB,Cameron Green,11,7,1,0,157.14,not out,1,4,36.36,0,0
IPL_2020_033,2,GT,Shubman Gill,19,16,1,0,118.75,run out,0,4,21.05,0,0
IPL_2020_033,2,GT,Wriddhiman Saha,13,11,1,0,118.18,b Cummins,0,4,30.77,0,0
IPL_2020_033,2,GT,Sai Sudharsan,44,30,4,1,146.67,run out,0,22,50.0,0,0
IPL_2020_033,2,GT,David Miller,33,22,1,1,150.0,c & b Narine,0,10,30.3,0,0
IPL_2020_033,2,GT,Azmatullah Omarzai,41,24,1,2,170.83,b Cummins,0,16,39.02,0,0
IPL_2020_033,2,GT,Rahul Tewatia,21,17,1,0,123.53,not out,1,4,19.05,0,0
IPL_2020_034,1,RR,Yashasvi Jaiswal,10,8,0,0,125.0,lbw b Chahal,0,0,0.0,0,0
IPL_2020_034,1,RR,Jos Buttler,53,30,4,1,176.67,c Dhoni b Bumrah,0,22,41.51,1,0
IPL_2020_034,1,RR,Sanju Samson,11,8,0,0,137.5,c Dhoni b Bumrah,0,0,0.0,0,0
IPL_2020_034,1,RR,Riyan Parag,55,30,3,3,183.33,b Cummins,0,30,54.55,1,0
IPL_2020_034,1,RR,Dhruv Jurel,32,20,3,1,160.0,c & b Narine,0,18,56.25,0,0
IPL_2020_034,1,RR,Shimron Hetmyer,15,9,1,0,166.67,c & b Narine,0,4,26.67,0,0
IPL_2020_034,1,RR,Rovman Powell,14,9,1,0,155.56,b Cummins,0,4,28.57,0,0
IPL_2020_034,1,RR,Ravichandran Ashwin,8,6,0,0,133.33,not out,1,0,0.0,0,0
IPL_2020_034,2,PBKS,Shikhar Dhawan,20,13,2,0,153.85,c Dhoni b Bumrah,0,8,40.0,0,0
IPL_2020_034,2,PBKS,Jonny Bairstow,46,31,2,2,148.39,c Dhoni b Bumrah,0,20,43.48,0,0
IPL_2020_034,2,PBKS,Prabhsimran Singh,18,13,1,1,138.46,c & b Narine,0,10,55.56,0,0
IPL_2020_034,2,PBKS,Rilee Rossouw,22,16,2,1,137.5,c & b Narine,0,14,63.64,0,0
IPL_2020_034,2,PBKS,Sam Curran,68,37,4,2,183.78,c Dhoni b Bumrah,0,28,41.18,1,0
IPL_2020_034,2,PBKS,Jitesh Sharma,17,10,1,1,170.0,c & b Narine,0,10,58.82,0,0
IPL_2020_035,1,RR,Yashasvi Jaiswal,42,24,2,1,175.0,run out,0,14,33.33,0,0
IPL_2020_035,1,RR,Jos Buttler,52,29,3,2,179.31,c & b Narine,0,24,46.15,1,0
IPL_2020_035,1,RR,Sanju Samson,32,27,2,1,118.52,run out,0,14,43.75,0,0
IPL_2020_035,1,RR,Riyan Parag,12,9,1,0,133.33,b Cummins,0,4,33.33,0,0
IPL_2020_035,1,RR,Dhruv Jurel,29,21,2,0,138.1,c Dhoni b Bumrah,0,8,27.59,0,0
IPL_2020_035,1,RR,Shimron Hetmyer,11,10,1,0,110.0,not out,1,4,36.36,0,0
IPL_2020_035,2,MI,Rohit Sharma,25,21,2,0,119.05,lbw b Chahal,0,8,32.0,0,0
IPL_2020_035,2,MI,Ishan Kishan,41,31,1,2,132.26,c Dhoni b Bumrah,0,16,39.02,0,0
IPL_2020_035,2,MI,Suryakumar Yadav,21,14,1,0,150.0,c & b Narine,0,4,19.05,0,0
IPL_2020_035,2,MI,Tilak Varma,46,30,1,2,153.33,c & b Narine,0,16,34.78,0,0
IPL_2020_035,2,MI,Hardik Pandya,28,16,2,1,175.0,lbw b Chahal,0,14,50.0,0,0
IPL_2020_035,2,MI,Tim David,9,8,1,0,112.5,not out,1,4,44.44,0,0
IPL_2020_036,1,MI,Rohit Sharma,50,35,4,2,142.86,lbw b Chahal,0,28,56.0,1,0
IPL_2020_036,1,MI,Ishan Kishan,33,19,2,1,173.68,c Dhoni b Bumrah,0,14,42.42,0,0
IPL_2020_036,1,MI,Suryakumar Yadav,33,19,2,1,173.68,lbw b Chahal,0,14,42.42,0,0
IPL_2020_036,1,MI,Tilak Varma,20,13,2,0,153.85,run out,0,8,40.0,0,0
IPL_2020_036,1,MI,Hardik Pandya,42,31,3,2,135.48,lbw b Chahal,0,24,57.14,0,0
IPL_2020_036,1,MI,Tim David,4,3,0,0,133.33,c Dhoni b Bumrah,0,0,0.0,0,0
IPL_2020_036,2,GT,Shubman Gill,23,13,2,0,176.92,run out,0,8,34.78,0,0
IPL_2020_036,2,GT,Wriddhiman Saha,21,12,0,1,175.0,c & b Narine,0,6,28.57,0,0
IPL_2020_036,2,GT,Sai Sudharsan,24,15,1,1,160.0,b Cummins,0,10,41.67,0,0
IPL_2020_036,2,GT,David Miller,21,17,1,0,123.53,c Dhoni b Bumrah,0,4,19.05,0,0
IPL_2020_036,2,GT,Azmatullah Omarzai,10,9,1,0,111.11,c & b Narine,0,4,40.0,0,0
IPL_2020_036,2,GT,Rahul Tewatia,47,32,2,3,146.88,b Cummins,0,26,55.32,0,0
IPL_2020_036,2,GT,Rashid Khan,15,13,1,0,115.38,c Dhoni b Bumrah,0,4,26.67,0,0
IPL_2020_036,2,GT,Shahrukh Khan,12,9,1,0,133.33,not out,1,4,33.33,0,0
IPL_2020_037,1,DC,David Warner,19,14,1,1,135.71,run out,0,10,52.63,0,0
IPL_2020_037,1,DC,Prithvi Shaw,34,26,2,2,130.77,b Cummins,0,20,58.82,0,0
IPL_2020_037,1,DC,Jake Fraser-McGurk,41,23,3,2,178.26,lbw b Chahal,0,24,58.54,0,0
IPL_2020_037,1,DC,Rishabh Pant,23,15,1,1,153.33,b Cummins,0,10,43.48,0,0
IPL_2020_037,1,DC,Tristan Stubbs,13,9,1,0,144.44,run out,0,4,30.77,0,0
IPL_2020_037,1,DC,Axar Patel,29,20,2,1,145.0,c & b Narine,0,14,48.28,0,0
IPL_2020_037,1,DC,Abishek Porel,15,13,1,0,115.38,c Dhoni b Bumrah,0,4,26.67,0,0
IPL_2020_037,2,CSK,Ruturaj Gaikwad,46,36,2,1,127.78,c Dhoni b Bumrah,0,14,30.43,0,0
IPL_2020_037,2,CSK,Rachin Ravindra,39,24,3,1,162.5,b Cummins,0,18,46.15,0,0
IPL_2020_037,2,CSK,Ajinkya Rahane,43,36,3,1,119.44,run out,0,18,41.86,0,0
IPL_2020_037,2,CSK,Daryl Mitchell,34,24,1,1,141.67,lbw b Chahal,0,10,29.41,0,0
IPL_2020_038,1,DC,David Warner,25,16,2,1,156.25,run out,0,14,56.0,0,0
IPL_2020_038,1,DC,Prithvi Shaw,11,8,0,0,137.5,c & b Narine,0,0,0.0,0,0
IPL_2020_038,1,DC,Jake Fraser-McGurk,14,11,1,0,127.27,lbw b Chahal,0,4,28.57,0,0
IPL_2020_038,1,DC,Rishabh Pant,48,27,2,2,177.78,lbw b Chahal,0,20,41.67,0,0
IPL_2020_038,1,DC,Tristan Stubbs,54,35,4,2,154.29,b Cummins,0,28,51.85,1,0
IPL_2020_038,1,DC,Axar Patel,29,23,1,1,126.09,not out,1,10,34.48,0,0
IPL_2020_038,2,SRH,Travis Head,21,16,2,0,131.25,c & b Narine,0,8,38.1,0,0
IPL_2020_038,2,SRH,Abhishek Sharma,26,22,2,0,118.18,c Dhoni b Bumrah,0,8,30.77,0,0
IPL_2020_038,2,SRH,Rahul Tripathi,25,18,2,1,138.89,c Dhoni b Bumrah,0,14,56.0,0,0
IPL_2020_038,2,SRH,Aiden Markram,26,18,1,0,144.44,b Cummins,0,4,15.38,0,0
IPL_2020_038,2,SRH,Heinrich Klaasen,30,19,3,0,157.89,lbw b Chahal,0,12,40.0,0,0
IPL_2020_038,2,SRH,Nitish Kumar Reddy,12,8,1,0,150.0,c & b Narine,0,4,33.33,0,0
IPL_2020_038,2,SRH,Abdul Samad,24,16,2,1,150.0,lbw b Chahal,0,14,58.33,0,0
IPL_2020_038,2,SRH,Shahbaz Ahmed,4,3,0,0,133.33,not out,1,0,0.0,0,0
IPL_2020_039,1,RR,Yashasvi Jaiswal,17,14,2,0,121.43,c & b Narine,0,8,47.06,0,0
IPL_2020_039,1,RR,Jos Buttler,49,31,5,1,158.06,c & b Narine,0,26,53.06,0,0
IPL_2020_039,1,RR,Sanju Samson,46,32,3,1,143.75,b Cummins,0,18,39.13,0,0
IPL_2020_039,1,RR,Riyan Parag,41,23,4,1,178.26,c & b Narine,0,22,53.66,0,0
IPL_2020_039,1,RR,Dhruv Jurel,35,20,2,1,175.0,lbw b Chahal,0,14,40.0,0,0
IPL_2020_039,2,RCB,Faf du Plessis,15,9,1,0,166.67,c Dhoni b Bumrah,0,4,26.67,0,0
IPL_2020_039,2,RCB,Virat Kohli,25,16,1,1,156.25,c Dhoni b Bumrah,0,10,40.0,0,0
IPL_2020_039,2,RCB,Will Jacks,33,29,3,1,113.79,run out,0,18,54.55,0,0
IPL_2020_039,2,RCB,Rajat Patidar,55,36,4,3,152.78,b Cummins,0,34,61.82,1,0
IPL_2020_039,2,RCB,Glenn Maxwell,19,11,2,0,172.73,c & b Narine,0,8,42.11,0,0
IPL_2020_039,2,RCB,Cameron Green,34,19,2,1,178.95,not out,1,14,41.18,0,0
IPL_2020_040,1,PBKS,Shikhar Dhawan,18,10,1,0,180.0,c & b Narine,0,4,22.22,0,0
IPL_2020_040,1,PBKS,Jonny Bairstow,32,21,2,0,152.38,run out,0,8,25.0,0,0
IPL_2020_040,1,PBKS,Prabhsimran Singh,25,17,1,1,147.06,lbw b Chahal,0,10,40.0,0,0
IPL_2020_040,1,PBKS,Rilee Rossouw,44,35,1,2,125.71,c Dhoni b Bumrah,0,16,36.36,0,0
IPL_2020_040,1,PBKS,Sam Curran,50,37,4,2,135.14,not out,1,28,56.0,1,0
IPL_2020_040,2,CSK,Ruturaj Gaikwad,42,32,4,1,131.25,c Dhoni b Bumrah,0,22,52.38,0,0
IPL_2020_040,2,CSK,Rachin Ravindra,11,9,0,0,122.22,lbw b Chahal,0,0,0.0,0,0
IPL_2020_040,2,CSK,Ajinkya Rahane,22,15,2,0,146.67,lbw b Chahal,0,8,36.36,0,0
IPL_2020_040,2,CSK,Daryl Mitchell,12,8,1,0,150.0,c Dhoni b Bumrah,0,4,33.33,0,0
IPL_2020_040,2,CSK,Shivam Dube,12,8,1,0,150.0,lbw b Chahal,0,4,33.33,0,0
IPL_2020_040,2,CSK,Ravindra Jadeja,75,48,7,3,156.25,not out,1,46,61.33,1,0
IPL_2020_041,1,RCB,Faf du Plessis,18,10,1,0,180.0,c Dhoni b Bumrah,0,4,22.22,0,0
IPL_2020_041,1,RCB,Virat Kohli,41,23,3,2,178.26,c Dhoni b Bumrah,0,24,58.54,0,0
IPL_2020_041,1,RCB,Will Jacks,32,24,2,2,133.33,c & b Narine,0,20,62.5,0,0
IPL_2020_041,1,RCB,Rajat Patidar,20,17,2,0,117.65,b Cummins,0,8,40.0,0,0
IPL_2020_041,1,RCB,Glenn Maxwell,40,29,3,2,137.93,c & b Narine,0,24,60.0,0,0
IPL_2020_041,1,RCB,Cameron Green,26,15,3,0,173.33,b Cummins,0,12,46.15,0,0
IPL_2020_041,1,RCB,Dinesh Karthik,2,2,0,0,100.0,not out,1,0,0.0,0,0
IPL_2020_041,2,KKR,Phil Salt,37,22,4,1,168.18,c & b Narine,0,22,59.46,0,0
IPL_2020_041,2,KKR,Sunil Narine,41,31,1,1,132.26,c Dhoni b Bumrah,0,10,24.39,0,0
IPL_2020_041,2,KKR,Venkatesh Iyer,38,24,3,1,158.33,c Dhoni b Bumrah,0,18,47.37,0,0
IPL_2020_041,2,KKR,Shreyas Iyer,24,15,2,0,160.0,b Cummins,0,8,33.33,0,0
IPL_2020_041,2,KKR,Rinku Singh,25,20,2,1,125.0,run out,0,14,56.0,0,0
IPL_2020_041,2,KKR,Andre Russell,10,8,1,0,125.0,not out,1,4,40.0,0,0
IPL_2020_042,1,DC,David Warner,18,13,1,0,138.46,lbw b Chahal,0,4,22.22,0,0
IPL_2020_042,1,DC,Prithvi Shaw,22,17,1,1,129.41,run out,0,10,45.45,0,0
IPL_2020_042,1,DC,Jake Fraser-McGurk,28,20,2,0,140.0,b Cummins,0,8,28.57,0,0
IPL_2020_042,1,DC,Rishabh Pant,31,19,2,1,163.16,c Dhoni b Bumrah,0,14,45.16,0,0
IPL_2020_042,1,DC,Tristan Stubbs,46,33,3,1,139.39,run out,0,18,39.13,0,0
IPL_2020_042,1,DC,Axar Patel,13,8,1,0,162.5,c & b Narine,0,4,30.77,0,0
IPL_2020_042,1,DC,Abishek Porel,16,10,1,0,160.0,not out,1,4,25.0,0,0
IPL_2020_042,2,SRH,Travis Head,35,27,1,1,129.63,c & b Narine,0,10,28.57,0,0
IPL_2020_042,2,SRH,Abhishek Sharma,28,17,2,0,164.71,lbw b Chahal,0,8,28.57,0,0
IPL_2020_042,2,SRH,Rahul Tripathi,31,22,2,1,140.91,run out,0,14,45.16,0,0
IPL_2020_042,2,SRH,Aiden Markram,40,33,1,2,121.21,lbw b Chahal,0,16,40.0,0,0
IPL_2020_042,2,SRH,Heinrich Klaasen,35,21,2,1,166.67,b Cummins,0,14,40.0,0,0
IPL_2020_043,1,KKR,Phil Salt,36,27,2,1,133.33,lbw b Chahal,0,14,38.89,0,0
IPL_2020_043,1,KKR,Sunil Narine,16,10,1,0,160.0,c & b Narine,0,4,25.0,0,0
IPL_2020_043,1,KKR,Venkatesh Iyer,54,30,3,3,180.0,b Cummins,0,30,55.56,1,0
IPL_2020_043,1,KKR,Shreyas Iyer,39,32,2,1,121.88,c Dhoni b Bumrah,0,14,35.9,0,0
IPL_2020_043,1,KKR,Rinku Singh,35,21,1,2,166.67,b Cummins,0,16,45.71,0,0
IPL_2020_043,2,GT,Shubman Gill,46,26,2,1,176.92,c & b Narine,0,14,30.43,0,0
IPL_2020_043,2,GT,Wriddhiman Saha,13,12,1,0,108.33,run out,0,4,30.77,0,0
IPL_2020_043,2,GT,Sai Sudharsan,28,16,2,1,175.0,b Cummins,0,14,50.0,0,0
IPL_2020_043,2,GT,David Miller,58,38,3,2,152.63,run out,0,24,41.38,1,0
IPL_2020_043,2,GT,Azmatullah Omarzai,42,28,1,1,150.0,lbw b Chahal,0,10,23.81,0,0
IPL_2020_044,1,RCB,Faf du Plessis,26,18,3,0,144.44,c Dhoni b Bumrah,0,12,46.15,0,0
IPL_2020_044,1,RCB,Virat Kohli,43,33,4,1,130.3,c & b Narine,0,22,51.16,0,0
IPL_2020_044,1,RCB,Will Jacks,19,15,1,1,126.67,c & b Narine,0,10,52.63,0,0
IPL_2020_044,1,RCB,Rajat Patidar,9,8,0,0,112.5,c & b Narine,0,0,0.0,0,0
IPL_2020_044,1,RCB,Glenn Maxwell,44,29,2,1,151.72,lbw b Chahal,0,14,31.82,0,0
IPL_2020_044,1,RCB,Cameron Green,20,17,2,0,117.65,not out,1,8,40.0,0,0
IPL_2020_044,2,PBKS,Shikhar Dhawan,53,38,2,2,139.47,lbw b Chahal,0,20,37.74,1,0
IPL_2020_044,2,PBKS,Jonny Bairstow,36,29,1,2,124.14,c Dhoni b Bumrah,0,16,44.44,0,0
IPL_2020_044,2,PBKS,Prabhsimran Singh,10,8,1,0,125.0,run out,0,4,40.0,0,0
IPL_2020_044,2,PBKS,Rilee Rossouw,33,25,2,1,132.0,c Dhoni b Bumrah,0,14,42.42,0,0
IPL_2020_044,2,PBKS,Sam Curran,27,19,1,1,142.11,lbw b Chahal,0,10,37.04,0,0
IPL_2020_044,2,PBKS,Jitesh Sharma,1,1,0,0,100.0,c Dhoni b Bumrah,0,0,0.0,0,0
IPL_2020_045,1,LSG,KL Rahul,36,30,1,1,120.0,c & b Narine,0,10,27.78,0,0
IPL_2020_045,1,LSG,Quinton de Kock,23,18,1,1,127.78,c Dhoni b Bumrah,0,10,43.48,0,0
IPL_2020_045,1,LSG,Marcus Stoinis,48,29,3,2,165.52,c & b Narine,0,24,50.0,0,0
IPL_2020_045,1,LSG,Nicholas Pooran,47,30,4,1,156.67,run out,0,22,46.81,0,0
IPL_2020_045,1,LSG,Ayush Badoni,23,13,0,1,176.92,not out,1,6,26.09,0,0
IPL_2020_045,2,DC,David Warner,15,9,1,0,166.67,c & b Narine,0,4,26.67,0,0
IPL_2020_045,2,DC,Prithvi Shaw,19,13,1,0,146.15,b Cummins,0,4,21.05,0,0
IPL_2020_045,2,DC,Jake Fraser-McGurk,25,15,2,0,166.67,run out,0,8,32.0,0,0
IPL_2020_045,2,DC,Rishabh Pant,34,24,4,0,141.67,b Cummins,0,16,47.06,0,0
IPL_2020_045,2,DC,Tristan Stubbs,53,34,2,2,155.88,c Dhoni b Bumrah,0,20,37.74,1,0
IPL_2020_045,2,DC,Axar Patel,28,25,3,0,112.0,lbw b Chahal,0,12,42.86,0,0
IPL_2020_046,1,CSK,Ruturaj Gaikwad,16,11,1,0,145.45,c Dhoni b Bumrah,0,4,25.0,0,0
IPL_2020_046,1,CSK,Rachin Ravindra,41,29,3,2,141.38,c & b Narine,0,24,58.54,0,0
IPL_2020_046,1,CSK,Ajinkya Rahane,51,34,4,1,150.0,b Cummins,0,22,43.14,1,0
IPL_2020_046,1,CSK,Daryl Mitchell,42,25,2,2,168.0,lbw b Chahal,0,20,47.62,0,0
IPL_2020_046,1,CSK,Shivam Dube,29,21,2,0,138.1,c Dhoni b Bumrah,0,8,27.59,0,0
IPL_2020_046,2,PBKS,Shikhar Dhawan,34,19,2,2,178.95,c Dhoni b Bumrah,0,20,58.82,0,0
IPL_2020_046,2,PBKS,Jonny Bairstow,43,35,1,1,122.86,lbw b Chahal,0,10,23.26,0,0
IPL_2020_046,2,PBKS,Prabhsimran Singh,25,18,2,1,138.89,b Cummins,0,14,56.0,0,0
IPL_2020_046,2,PBKS,Rilee Rossouw,38,23,3,1,165.22,b Cummins,0,18,47.37,0,0
IPL_2020_046,2,PBKS,Sam Curran,42,25,1,2,168.0,b Cummins,0,16,38.1,0,0
IPL_2020_047,1,GT,Shubman Gill,60,36,4,3,166.67,b Cummins,0,34,56.67,1,0
IPL_2020_047,1,GT,Wriddhiman Saha,54,36,4,3,150.0,c Dhoni b Bumrah,0,34,62.96,1,0
IPL_2020_047,1,GT,Sai Sudharsan,37,22,2,0,168.18,c Dhoni b Bumrah,0,8,21.62,0,0
IPL_2020_047,1,GT,David Miller,41,23,4,1,178.26,c Dhoni b Bumrah,0,22,53.66,0,0
IPL_2020_047,1,GT,Azmatullah Omarzai,5,3,0,0,166.67,not out,1,0,0.0,0,0
IPL_2020_047,2,PBKS,Shikhar Dhawan,39,24,3,1,162.5,run out,0,18,46.15,0,0
IPL_2020_047,2,PBKS,Jonny Bairstow,35,27,3,1,129.63,c Dhoni b Bumrah,0,18,51.43,0,0
IPL_2020_047,2,PBKS,Prabhsimran Singh,29,17,2,1,170.59,c & b Narine,0,14,48.28,0,0
IPL_2020_047,2,PBKS,Rilee Rossouw,40,23,2,2,173.91,run out,0,20,50.0,0,0
IPL_2020_047,2,PBKS,Sam Curran,32,20,1,1,160.0,lbw b Chahal,0,10,31.25,0,0
IPL_2020_047,2,PBKS,Jitesh Sharma,10,9,1,0,111.11,c Dhoni b Bumrah,0,4,40.0,0,0
IPL_2020_048,1,RR,Yashasvi Jaiswal,18,10,0,1,180.0,lbw b Chahal,0,6,33.33,0,0
IPL_2020_048,1,RR,Jos Buttler,39,26,1,1,150.0,b Cummins,0,10,25.64,0,0
IPL_2020_048,1,RR,Sanju Samson,16,9,2,0,177.78,lbw b Chahal,0,8,50.0,0,0
IPL_2020_048,1,RR,Riyan Parag,34,20,2,1,170.0,lbw b Chahal,0,14,41.18,0,0
IPL_2020_048,1,RR,Dhruv Jurel,18,14,1,0,128.57,lbw b Chahal,0,4,22.22,0,0
IPL_2020_048,1,RR,Shimron Hetmyer,16,9,1,0,177.78,c & b Narine,0,4,25.0,0,0
IPL_2020_048,1,RR,Rovman Powell,46,32,3,2,143.75,not out,1,24,52.17,0,0
IPL_2020_048,2,CSK,Ruturaj Gaikwad,64,35,6,1,182.86,c & b Narine,0,30,46.88,1,0
IPL_2020_048,2,CSK,Rachin Ravindra,44,31,3,1,141.94,run out,0,18,40.91,0,0
IPL_2020_048,2,CSK,Ajinkya Rahane,15,9,1,0,166.67,lbw b Chahal,0,4,26.67,0,0
IPL_2020_048,2,CSK,Daryl Mitchell,39,30,3,2,130.0,c Dhoni b Bumrah,0,24,61.54,0,0
IPL_2020_048,2,CSK,Shivam Dube,23,14,1,1,164.29,run out,0,10,43.48,0,0
IPL_2020_048,2,CSK,Ravindra Jadeja,1,1,0,0,100.0,c Dhoni b Bumrah,0,0,0.0,0,0
IPL_2020_049,1,LSG,KL Rahul,30,19,1,1,157.89,lbw b Chahal,0,10,33.33,0,0
IPL_2020_049,1,LSG,Quinton de Kock,36,23,3,1,156.52,lbw b Chahal,0,18,50.0,0,0
IPL_2020_049,1,LSG,Marcus Stoinis,37,22,2,1,168.18,b Cummins,0,14,37.84,0,0
IPL_2020_049,1,LSG,Nicholas Pooran,10,9,0,0,111.11,c & b Narine,0,0,0.0,0,0
IPL_2020_049,1,LSG,Ayush Badoni,31,24,1,1,129.17,lbw b Chahal,0,10,32.26,0,0
IPL_2020_049,1,LSG,Deepak Hooda,32,18,3,1,177.78,lbw b Chahal,0,18,56.25,0,0
IPL_2020_049,1,LSG,Krunal Pandya,8,5,1,0,160.0,not out,1,4,50.0,0,0
IPL_2020_049,2,RR,Yashasvi Jaiswal,13,11,0,0,118.18,run out,0,0,0.0,0,0
IPL_2020_049,2,RR,Jos Buttler,34,19,2,0,178.95,lbw b Chahal,0,8,23.53,0,0
IPL_2020_049,2,RR,Sanju Samson,58,33,3,1,175.76,run out,0,18,31.03,1,0
IPL_2020_049,2,RR,Riyan Parag,11,8,1,0,137.5,b Cummins,0,4,36.36,0,0
IPL_2020_049,2,RR,Dhruv Jurel,41,33,2,1,124.24,lbw b Chahal,0,14,34.15,0,0
IPL_2020_049,2,RR,Shimron Hetmyer,25,16,1,1,156.25,not out,1,10,40.0,0,0
IPL_2020_050,1,GT,Shubman Gill,39,26,1,2,150.0,c Dhoni b Bumrah,0,16,41.03,0,0
IPL_2020_050,1,GT,Wriddhiman Saha,28,21,3,0,133.33,b Cummins,0,12,42.86,0,0
IPL_2020_050,1,GT,Sai Sudharsan,60,36,3,3,166.67,c & b Narine,0,30,50.0,1,0
IPL_2020_050,1,GT,David Miller,18,16,0,0,112.5,lbw b Chahal,0,0,0.0,0,0
IPL_2020_050,1,GT,Azmatullah Omarzai,37,21,1,1,176.19,c & b Narine,0,10,27.03,0,0
IPL_2020_050,2,LSG,KL Rahul,61,34,4,1,179.41,c & b Narine,0,22,36.07,1,0
IPL_2020_050,2,LSG,Quinton de Kock,62,37,2,1,167.57,run out,0,14,22.58,1,0
IPL_2020_050,2,LSG,Marcus Stoinis,35,28,3,1,125.0,c Dhoni b Bumrah,0,18,51.43,0,0
IPL_2020_050,2,LSG,Nicholas Pooran,37,21,3,1,176.19,c & b Narine,0,18,48.65,0,0
IPL_2020_051,1,DC,David Warner,30,26,3,1,115.38,c Dhoni b Bumrah,0,18,60.0,0,0
IPL_2020_051,1,DC,Prithvi Shaw,12,9,0,0,133.33,c Dhoni b Bumrah,0,0,0.0,0,0
IPL_2020_051,1,DC,Jake Fraser-McGurk,32,21,2,1,152.38,c & b Narine,0,14,43.75,0,0
IPL_2020_051,1,DC,Rishabh Pant,23,14,1,0,164.29,run out,0,4,17.39,0,0
IPL_2020_051,1,DC,Tristan Stubbs,23,17,1,1,135.29,c & b Narine,0,10,43.48,0,0
IPL_2020_051,1,DC,Axar Patel,23,16,2,0,143.75,b Cummins,0,8,34.78,0,0
IPL_2020_051,1,DC,Abishek Porel,24,17,1,1,141.18,not out,1,10,41.67,0,0
IPL_2020_051,2,CSK,Ruturaj Gaikwad,51,31,5,1,164.52,run out,0,26,50.98,1,0
IPL_2020_051,2,CSK,Rachin Ravindra,49,30,4,1,163.33,run out,0,22,44.9,0,0
IPL_2020_051,2,CSK,Ajinkya Rahane,23,19,1,1,121.05,c Dhoni b Bumrah,0,10,43.48,0,0
IPL_2020_051,2,CSK,Daryl Mitchell,18,15,1,0,120.0,c Dhoni b Bumrah,0,4,22.22,0,0
IPL_2020_051,2,CSK,Shivam Dube,44,25,2,1,176.0,c & b Narine,0,14,31.82,0,0
IPL_2020_052,1,LSG,KL Rahul,21,17,0,1,123.53,run out,0,6,28.57,0,0
IPL_2020_052,1,LSG,Quinton de Kock,17,14,1,0,121.43,run out,0,4,23.53,0,0
IPL_2020_052,1,LSG,Marcus Stoinis,19,14,2,0,135.71,lbw b Chahal,0,8,42.11,0,0
IPL_2020_052,1,LSG,Nicholas Pooran,43,27,2,2,159.26,c & b Narine,0,20,46.51,0,0
IPL_2020_052,1,LSG,Ayush Badoni,19,15,0,1,126.67,c Dhoni b Bumrah,0,6,31.58,0,0
IPL_2020_052,1,LSG,Deepak Hooda,38,33,2,2,115.15,not out,1,20,52.63,0,0
IPL_2020_052,2,RR,Yashasvi Jaiswal,32,20,3,1,160.0,c & b Narine,0,18,56.25,0,0
IPL_2020_052,2,RR,Jos Buttler,45,31,4,1,145.16,run out,0,22,48.89,0,0
IPL_2020_052,2,RR,Sanju Samson,24,17,2,0,141.18,c Dhoni b Bumrah,0,8,33.33,0,0
IPL_2020_052,2,RR,Riyan Parag,24,18,2,1,133.33,run out,0,14,58.33,0,0
IPL_2020_052,2,RR,Dhruv Jurel,34,29,3,1,117.24,not out,1,18,52.94,0,0
IPL_2020_053,1,DC,David Warner,53,38,2,1,139.47,b Cummins,0,14,26.42,1,0
IPL_2020_053,1,DC,Prithvi Shaw,21,18,1,1,116.67,c & b Narine,0,10,47.62,0,0
IPL_2020_053,1,DC,Jake Fraser-McGurk,48,38,3,1,126.32,b Cummins,0,18,37.5,0,0
IPL_2020_053,1,DC,Rishabh Pant,40,26,3,1,153.85,b Cummins,0,18,45.0,0,0
IPL_2020_053,2,PBKS,Shikhar Dhawan,47,27,3,2,174.07,c & b Narine,0,24,51.06,0,0
IPL_2020_053,2,PBKS,Jonny Bairstow,39,29,2,1,134.48,c Dhoni b Bumrah,0,14,35.9,0,0
IPL_2020_053,2,PBKS,Prabhsimran Singh,50,29,3,3,172.41,b Cummins,0,30,60.0,1,0
IPL_2020_053,2,PBKS,Rilee Rossouw,34,21,3,1,161.9,b Cummins,0,18,52.94,0,0
IPL_2020_054,1,GT,Shubman Gill,14,10,1,0,140.0,run out,0,4,28.57,0,0
IPL_2020_054,1,GT,Wriddhiman Saha,26,19,1,1,136.84,lbw b Chahal,0,10,38.46,0,0
IPL_2020_054,1,GT,Sai Sudharsan,44,38,3,2,115.79,c Dhoni b Bumrah,0,24,54.55,0,0
IPL_2020_054,1,GT,David Miller,13,10,1,0,130.0,run out,0,4,30.77,0,0
IPL_2020_054,1,GT,Azmatullah Omarzai,15,13,1,0,115.38,lbw b Chahal,0,4,26.67,0,0
IPL_2020_054,1,GT,Rahul Tewatia,12,8,0,0,150.0,b Cummins,0,0,0.0,0,0
IPL_2020_054,1,GT,Rashid Khan,32,22,1,1,145.45,not out,1,10,31.25,0,0
IPL_2020_054,2,RR,Yashasvi Jaiswal,68,38,7,2,178.95,run out,0,40,58.82,1,0
IPL_2020_054,2,RR,Jos Buttler,64,37,6,2,172.97,run out,0,36,56.25,1,0
IPL_2020_054,2,RR,Sanju Samson,42,27,2,1,155.56,lbw b Chahal,0,14,33.33,0,0
IPL_2020_055,1,MI,Rohit Sharma,15,13,1,0,115.38,run out,0,4,26.67,0,0
IPL_2020_055,1,MI,Ishan Kishan,20,14,2,0,142.86,run out,0,8,40.0,0,0
IPL_2020_055,1,MI,Suryakumar Yadav,18,12,2,0,150.0,lbw b Chahal,0,8,44.44,0,0
IPL_2020_055,1,MI,Tilak Varma,44,29,4,1,151.72,b Cummins,0,22,50.0,0,0
IPL_2020_055,1,MI,Hardik Pandya,31,25,1,1,124.0,c Dhoni b Bumrah,0,10,32.26,0,0
IPL_2020_055,1,MI,Tim David,35,25,2,1,140.0,c & b Narine,0,14,40.0,0,0
IPL_2020_055,1,MI,Romario Shepherd,3,2,0,0,150.0,not out,1,0,0.0,0,0
IPL_2020_055,2,LSG,KL Rahul,33,27,2,1,122.22,lbw b Chahal,0,14,42.42,0,0
IPL_2020_055,2,LSG,Quinton de Kock,31,26,2,1,119.23,c Dhoni b Bumrah,0,14,45.16,0,0
IPL_2020_055,2,LSG,Marcus Stoinis,31,25,2,1,124.0,run out,0,14,45.16,0,0
IPL_2020_055,2,LSG,Nicholas Pooran,12,8,1,0,150.0,c & b Narine,0,4,33.33,0,0
IPL_2020_055,2,LSG,Ayush Badoni,15,12,1,0,125.0,c & b Narine,0,4,26.67,0,0
IPL_2020_055,2,LSG,Deepak Hooda,28,22,2,0,127.27,lbw b Chahal,0,8,28.57,0,0
IPL_2020_056,1,GT,Shubman Gill,34,27,2,1,125.93,lbw b Chahal,0,14,41.18,0,0
IPL_2020_056,1,GT,Wriddhiman Saha,13,9,1,0,144.44,c & b Narine,0,4,30.77,0,0
IPL_2020_056,1,GT,Sai Sudharsan,10,8,0,0,125.0,c & b Narine,0,0,0.0,0,0
IPL_2020_056,1,GT,David Miller,62,35,4,3,177.14,b Cummins,0,34,54.84,1,0
IPL_2020_056,1,GT,Azmatullah Omarzai,64,37,5,3,172.97,c Dhoni b Bumrah,0,38,59.38,1,0
IPL_2020_056,1,GT,Rahul Tewatia,5,4,0,0,125.0,run out,0,0,0.0,0,0
IPL_2020_056,2,RCB,Faf du Plessis,34,29,3,1,117.24,b Cummins,0,18,52.94,0,0
IPL_2020_056,2,RCB,Virat Kohli,15,13,1,0,115.38,b Cummins,0,4,26.67,0,0
IPL_2020_056,2,RCB,Will Jacks,34,26,2,1,130.77,c & b Narine,0,14,41.18,0,0
IPL_2020_056,2,RCB,Rajat Patidar,34,20,2,1,170.0,run out,0,14,41.18,0,0
IPL_2020_056,2,RCB,Glenn Maxwell,21,16,2,0,131.25,b Cummins,0,8,38.1,0,0
IPL_2020_056,2,RCB,Cameron Green,28,16,2,0,175.0,not out,1,8,28.57,0,0
IPL_2020_057,1,SRH,Travis Head,21,17,2,0,123.53,run out,0,8,38.1,0,0
IPL_2020_057,1,SRH,Abhishek Sharma,26,17,1,1,152.94,lbw b Chahal,0,10,38.46,0,0
IPL_2020_057,1,SRH,Rahul Tripathi,24,14,2,0,171.43,c & b Narine,0,8,33.33,0,0
IPL_2020_057,1,SRH,Aiden Markram,12,8,1,0,150.0,b Cummins,0,4,33.33,0,0
IPL_2020_057,1,SRH,Heinrich Klaasen,66,36,6,3,183.33,b Cummins,0,42,63.64,1,0
IPL_2020_057,1,SRH,Nitish Kumar Reddy,34,28,2,1,121.43,not out,1,14,41.18,0,0
IPL_2020_057,2,LSG,KL Rahul,54,38,3,2,142.11,c Dhoni b Bumrah,0,24,44.44,1,0
IPL_2020_057,2,LSG,Quinton de Kock,37,21,3,2,176.19,c & b Narine,0,24,64.86,0,0
IPL_2020_057,2,LSG,Marcus Stoinis,29,16,1,1,181.25,run out,0,10,34.48,0,0
IPL_2020_057,2,LSG,Nicholas Pooran,53,38,5,1,139.47,b Cummins,0,26,49.06,1,0
IPL_2020_057,2,LSG,Ayush Badoni,11,7,1,0,157.14,run out,0,4,36.36,0,0
IPL_2020_058,1,PBKS,Shikhar Dhawan,42,32,4,1,131.25,b Cummins,0,22,52.38,0,0
IPL_2020_058,1,PBKS,Jonny Bairstow,31,22,2,1,140.91,c & b Narine,0,14,45.16,0,0
IPL_2020_058,1,PBKS,Prabhsimran Singh,53,31,4,3,170.97,c Dhoni b Bumrah,0,34,64.15,1,0
IPL_2020_058,1,PBKS,Rilee Rossouw,13,10,1,0,130.0,b Cummins,0,4,30.77,0,0
IPL_2020_058,1,PBKS,Sam Curran,16,10,1,0,160.0,run out,0,4,25.0,0,0
IPL_2020_058,1,PBKS,Jitesh Sharma,21,15,1,1,140.0,not out,1,10,47.62,0,0
IPL_2020_058,2,RCB,Faf du Plessis,27,20,2,0,135.0,c Dhoni b Bumrah,0,8,29.63,0,0
IPL_2020_058,2,RCB,Virat Kohli,31,20,1,1,155.0,c & b Narine,0,10,32.26,0,0
IPL_2020_058,2,RCB,Will Jacks,14,10,1,0,140.0,b Cummins,0,4,28.57,0,0
IPL_2020_058,2,RCB,Rajat Patidar,59,34,2,3,173.53,c Dhoni b Bumrah,0,26,44.07,1,0
IPL_2020_058,2,RCB,Glenn Maxwell,26,18,1,1,144.44,c Dhoni b Bumrah,0,10,38.46,0,0
IPL_2020_058,2,RCB,Cameron Green,25,18,1,1,138.89,not out,1,10,40.0,0,0
IPL_2020_059,1,CSK,Ruturaj Gaikwad,61,34,2,4,179.41,b Cummins,0,32,52.46,1,0
IPL_2020_059,1,CSK,Rachin Ravindra,53,30,2,1,176.67,b Cummins,0,14,26.42,1,0
IPL_2020_059,1,CSK,Ajinkya Rahane,13,8,1,0,162.5,c Dhoni b Bumrah,0,4,30.77,0,0
IPL_2020_059,1,CSK,Daryl Mitchell,46,27,3,1,170.37,c & b Narine,0,18,39.13,0,0
IPL_2020_059,1,CSK,Shivam Dube,24,21,1,1,114.29,lbw b Chahal,0,10,41.67,0,0
IPL_2020_059,2,LSG,KL Rahul,53,29,5,1,182.76,c & b Narine,0,26,49.06,1,0
IPL_2020_059,2,LSG,Quinton de Kock,19,11,1,0,172.73,lbw b Chahal,0,4,21.05,0,0
IPL_2020_059,2,LSG,Marcus Stoinis,32,18,1,1,177.78,lbw b Chahal,0,10,31.25,0,0
IPL_2020_059,2,LSG,Nicholas Pooran,34,20,2,1,170.0,c Dhoni b Bumrah,0,14,41.18,0,0
IPL_2020_059,2,LSG,Ayush Badoni,35,27,2,2,129.63,b Cummins,0,20,57.14,0,0
IPL_2020_059,2,LSG,Deepak Hooda,18,15,1,1,120.0,lbw b Chahal,0,10,55.56,0,0
IPL_2020_060,1,MI,Rohit Sharma,51,28,4,1,182.14,run out,0,22,43.14,1,0
IPL_2020_060,1,MI,Ishan Kishan,47,35,1,3,134.29,lbw b Chahal,0,22,46.81,0,0
IPL_2020_060,1,MI,Suryakumar Yadav,39,26,3,1,150.0,lbw b Chahal,0,18,46.15,0,0
IPL_2020_060,1,MI,Tilak Varma,11,9,0,0,122.22,run out,0,0,0.0,0,0
IPL_2020_060,1,MI,Hardik Pandya,37,22,3,1,168.18,c & b Narine,0,18,48.65,0,0
IPL_2020_060,2,LSG,KL Rahul,18,11,1,0,163.64,c & b Narine,0,4,22.22,0,0
IPL_2020_060,2,LSG,Quinton de Kock,52,30,3,1,173.33,b Cummins,0,18,34.62,1,0
IPL_2020_060,2,LSG,Marcus Stoinis,55,31,3,3,177.42,run out,0,30,54.55,1,0
IPL_2020_060,2,LSG,Nicholas Pooran,60,38,3,3,157.89,c Dhoni b Bumrah,0,30,50.0,1,0
IPL_2020_060,2,LSG,Ayush Badoni,12,10,0,0,120.0,lbw b Chahal,0,0,0.0,0,0
IPL_2021_001,1,CSK,Ruturaj Gaikwad,23,13,1,0,176.92,b Cummins,0,4,17.39,0,0
IPL_2021_001,1,CSK,Rachin Ravindra,33,24,3,1,137.5,c & b Narine,0,18,54.55,0,0
IPL_2021_001,1,CSK,Ajinkya Rahane,24,18,1,1,133.33,lbw b Chahal,0,10,41.67,0,0
IPL_2021_001,1,CSK,Daryl Mitchell,65,38,5,4,171.05,c Dhoni b Bumrah,0,44,67.69,1,0
IPL_2021_001,1,CSK,Shivam Dube,46,27,2,1,170.37,c & b Narine,0,14,30.43,0,0
IPL_2021_001,2,DC,David Warner,10,9,1,0,111.11,lbw b Chahal,0,4,40.0,0,0
IPL_2021_001,2,DC,Prithvi Shaw,43,32,2,2,134.38,run out,0,20,46.51,0,0
IPL_2021_001,2,DC,Jake Fraser-McGurk,44,35,2,2,125.71,c & b Narine,0,20,45.45,0,0
IPL_2021_001,2,DC,Rishabh Pant,15,10,1,0,150.0,c & b Narine,0,4,26.67,0,0
IPL_2021_001,2,DC,Tristan Stubbs,27,20,2,0,135.0,run out,0,8,29.63,0,0
IPL_2021_001,2,DC,Axar Patel,19,14,1,0,135.71,not out,1,4,21.05,0,0
IPL_2021_002,1,CSK,Ruturaj Gaikwad,21,16,1,0,131.25,b Cummins,0,4,19.05,0,0
IPL_2021_002,1,CSK,Rachin Ravindra,23,15,1,1,153.33,c & b Narine,0,10,43.48,0,0
IPL_2021_002,1,CSK,Ajinkya Rahane,49,36,2,2,136.11,c & b Narine,0,20,40.82,0,0
IPL_2021_002,1,CSK,Daryl Mitchell,33,20,3,1,165.0,b Cummins,0,18,54.55,0,0
IPL_2021_002,1,CSK,Shivam Dube,43,26,3,2,165.38,lbw b Chahal,0,24,55.81,0,0
IPL_2021_002,1,CSK,Ravindra Jadeja,11,7,0,0,157.14,b Cummins,0,0,0.0,0,0
IPL_2021_002,2,RR,Yashasvi Jaiswal,47,32,1,2,146.88,lbw b Chahal,0,16,34.04,0,0
IPL_2021_002,2,RR,Jos Buttler,32,20,4,0,160.0,run out,0,16,50.0,0,0
IPL_2021_002,2,RR,Sanju Samson,39,24,2,1,162.5,lbw b Chahal,0,14,35.9,0,0
IPL_2021_002,2,RR,Riyan Parag,15,13,1,0,115.38,c & b Narine,0,4,26.67,0,0
IPL_2021_002,2,RR,Dhruv Jurel,11,9,0,0,122.22,c & b Narine,0,0,0.0,0,0
IPL_2021_002,2,RR,Shimron Hetmyer,32,22,2,1,145.45,lbw b Chahal,0,14,43.75,0,0
IPL_2021_003,1,GT,Shubman Gill,16,11,0,0,145.45,lbw b Chahal,0,0,0.0,0,0
IPL_2021_003,1,GT,Wriddhiman Saha,26,17,1,1,152.94,c Dhoni b Bumrah,0,10,38.46,0,0
IPL_2021_003,1,GT,Sai Sudharsan,43,32,4,1,134.38,lbw b Chahal,0,22,51.16,0,0
IPL_2021_003,1,GT,David Miller,38,22,1,2,172.73,run out,0,16,42.11,0,0
IPL_2021_003,1,GT,Azmatullah Omarzai,24,20,2,0,120.0,c & b Narine,0,8,33.33,0,0
IPL_2021_003,1,GT,Rahul Tewatia,32,18,1,1,177.78,c & b Narine,0,10,31.25,0,0
IPL_2021_003,2,PBKS,Shikhar Dhawan,24,20,1,0,120.0,lbw b Chahal,0,4,16.67,0,0
IPL_2021_003,2,PBKS,Jonny Bairstow,21,16,2,0,131.25,lbw b Chahal,0,8,38.1,0,0
IPL_2021_003,2,PBKS,Prabhsimran Singh,20,17,2,0,117.65,c & b Narine,0,8,40.0,0,0
IPL_2021_003,2,PBKS,Rilee Rossouw,42,29,4,1,144.83,lbw b Chahal,0,22,52.38,0,0
IPL_2021_003,2,PBKS,Sam Curran,18,16,0,1,112.5,b Cummins,0,6,33.33,0,0
IPL_2021_003,2,PBKS,Jitesh Sharma,18,14,1,0,128.57,c & b Narine,0,4,22.22,0,0
IPL_2021_003,2,PBKS,Shashank Singh,12,8,0,0,150.0,c & b Narine,0,0,0.0,0,0
IPL_2021_004,1,LSG,KL Rahul,12,8,1,0,150.0,lbw b Chahal,0,4,33.33,0,0
IPL_2021_004,1,LSG,Quinton de Kock,12,10,1,0,120.0,lbw b Chahal,0,4,33.33,0,0
IPL_2021_004,1,LSG,Marcus Stoinis,20,17,2,0,117.65,lbw b Chahal,0,8,40.0,0,0
IPL_2021_004,1,LSG,Nicholas Pooran,12,9,1,0,133.33,lbw b Chahal,0,4,33.33,0,0
IPL_2021_004,1,LSG,Ayush Badoni,23,16,3,0,143.75,lbw b Chahal,0,12,52.17,0,0
IPL_2021_004,1,LSG,Deepak Hooda,48,31,3,1,154.84,c & b Narine,0,18,37.5,0,0
IPL_2021_004,1,LSG,Krunal Pandya,34,20,2,1,170.0,run out,0,14,41.18,0,0
IPL_2021_004,1,LSG,Ravi Bishnoi,13,9,1,0,144.44,not out,1,4,30.77,0,0
IPL_2021_004,2,PBKS,Shikhar Dhawan,52,30,2,1,173.33,run out,0,14,26.92,1,0
IPL_2021_004,2,PBKS,Jonny Bairstow,34,24,3,1,141.67,c Dhoni b Bumrah,0,18,52.94,0,0
IPL_2021_004,2,PBKS,Prabhsimran Singh,11,8,0,0,137.5,c Dhoni b Bumrah,0,0,0.0,0,0
IPL_2021_004,2,PBKS,Rilee Rossouw,34,29,3,1,117.24,lbw b Chahal,0,18,52.94,0,0
IPL_2021_004,2,PBKS,Sam Curran,37,29,3,1,127.59,b Cummins,0,18,48.65,0,0
IPL_2021_005,1,LSG,KL Rahul,24,20,2,1,120.0,c & b Narine,0,14,58.33,0,0
IPL_2021_005,1,LSG,Quinton de Kock,57,38,5,1,150.0,c & b Narine,0,26,45.61,1,0
IPL_2021_005,1,LSG,Marcus Stoinis,36,22,4,0,163.64,b Cummins,0,16,44.44,0,0
IPL_2021_005,1,LSG,Nicholas Pooran,18,10,2,0,180.0,c Dhoni b Bumrah,0,8,44.44,0,0
IPL_2021_005,1,LSG,Ayush Badoni,38,30,3,2,126.67,not out,1,24,63.16,0,0
IPL_2021_005,2,RR,Yashasvi Jaiswal,27,23,2,1,117.39,run out,0,14,51.85,0,0
IPL_2021_005,2,RR,Jos Buttler,21,14,1,0,150.0,b Cummins,0,4,19.05,0,0
IPL_2021_005,2,RR,Sanju Samson,68,38,5,3,178.95,c & b Narine,0,38,55.88,1,0
IPL_2021_005,2,RR,Riyan Parag,41,24,1,1,170.83,run out,0,10,24.39,0,0
IPL_2021_005,2,RR,Dhruv Jurel,20,13,2,0,153.85,not out,1,8,40.0,0,0
IPL_2021_006,1,LSG,KL Rahul,17,13,1,0,130.77,lbw b Chahal,0,4,23.53,0,0
IPL_2021_006,1,LSG,Quinton de Kock,9,8,0,0,112.5,c & b Narine,0,0,0.0,0,0
IPL_2021_006,1,LSG,Marcus Stoinis,26,16,1,1,162.5,lbw b Chahal,0,10,38.46,0,0
IPL_2021_006,1,LSG,Nicholas Pooran,24,21,1,1,114.29,run out,0,10,41.67,0,0
IPL_2021_006,1,LSG,Ayush Badoni,49,32,4,1,153.12,run out,0,22,44.9,0,0
IPL_2021_006,1,LSG,Deepak Hooda,38,30,1,1,126.67,not out,1,10,26.32,0,0
IPL_2021_006,2,CSK,Ruturaj Gaikwad,46,32,3,1,143.75,c & b Narine,0,18,39.13,0,0
IPL_2021_006,2,CSK,Rachin Ravindra,12,10,1,0,120.0,run out,0,4,33.33,0,0
IPL_2021_006,2,CSK,Ajinkya Rahane,20,12,1,0,166.67,run out,0,4,20.0,0,0
IPL_2021_006,2,CSK,Daryl Mitchell,32,22,3,0,145.45,run out,0,12,37.5,0,0
IPL_2021_006,2,CSK,Shivam Dube,43,34,2,2,126.47,c Dhoni b Bumrah,0,20,46.51,0,0
IPL_2021_006,2,CSK,Ravindra Jadeja,12,10,0,0,120.0,c Dhoni b Bumrah,0,0,0.0,0,0
IPL_2021_007,1,RR,Yashasvi Jaiswal,53,37,4,3,143.24,b Cummins,0,34,64.15,1,0
IPL_2021_007,1,RR,Jos Buttler,22,18,2,0,122.22,b Cummins,0,8,36.36,0,0
IPL_2021_007,1,RR,Sanju Samson,57,36,4,3,158.33,run out,0,34,59.65,1,0
IPL_2021_007,1,RR,Riyan Parag,35,29,3,1,120.69,lbw b Chahal,0,18,51.43,0,0
IPL_2021_007,2,LSG,KL Rahul,62,37,4,3,167.57,b Cummins,0,34,54.84,1,0
IPL_2021_007,2,LSG,Quinton de Kock,17,11,1,0,154.55,b Cummins,0,4,23.53,0,0
IPL_2021_007,2,LSG,Marcus Stoinis,33,28,1,1,117.86,lbw b Chahal,0,10,30.3,0,0
IPL_2021_007,2,LSG,Nicholas Pooran,43,25,3,2,172.0,run out,0,24,55.81,0,0
IPL_2021_007,2,LSG,Ayush Badoni,25,19,1,1,131.58,run out,0,10,40.0,0,0
IPL_2021_008,1,DC,David Warner,33,21,1,1,157.14,b Cummins,0,10,30.3,0,0
IPL_2021_008,1,DC,Prithvi Shaw,23,19,2,0,121.05,c & b Narine,0,8,34.78,0,0
IPL_2021_008,1,DC,Jake Fraser-McGurk,28,19,1,1,147.37,lbw b Chahal,0,10,35.71,0,0
IPL_2021_008,1,DC,Rishabh Pant,29,21,2,0,138.1,run out,0,8,27.59,0,0
IPL_2021_008,1,DC,Tristan Stubbs,11,8,1,0,137.5,c Dhoni b Bumrah,0,4,36.36,0,0
IPL_2021_008,1,DC,Axar Patel,14,8,1,0,175.0,c & b Narine,0,4,28.57,0,0
IPL_2021_008,1,DC,Abishek Porel,28,17,2,1,164.71,lbw b Chahal,0,14,50.0,0,0
IPL_2021_008,1,DC,Kuldeep Yadav,9,7,0,0,128.57,not out,1,0,0.0,0,0
IPL_2021_008,2,RCB,Faf du Plessis,22,17,2,0,129.41,c & b Narine,0,8,36.36,0,0
IPL_2021_008,2,RCB,Virat Kohli,29,16,3,0,181.25,run out,0,12,41.38,0,0
IPL_2021_008,2,RCB,Will Jacks,12,9,0,0,133.33,b Cummins,0,0,0.0,0,0
IPL_2021_008,2,RCB,Rajat Patidar,14,8,1,0,175.0,c Dhoni b Bumrah,0,4,28.57,0,0
IPL_2021_008,2,RCB,Glenn Maxwell,36,29,4,0,124.14,b Cummins,0,16,44.44,0,0
IPL_2021_008,2,RCB,Cameron Green,31,24,2,0,129.17,c Dhoni b Bumrah,0,8,25.81,0,0
IPL_2021_008,2,RCB,Dinesh Karthik,29,17,1,1,170.59,not out,1,10,34.48,0,0
IPL_2021_009,1,PBKS,Shikhar Dhawan,26,20,2,0,130.0,c Dhoni b Bumrah,0,8,30.77,0,0
IPL_2021_009,1,PBKS,Jonny Bairstow,39,22,3,2,177.27,c Dhoni b Bumrah,0,24,61.54,0,0
IPL_2021_009,1,PBKS,Prabhsimran Singh,27,16,2,0,168.75,run out,0,8,29.63,0,0
IPL_2021_009,1,PBKS,Rilee Rossouw,36,31,3,1,116.13,run out,0,18,50.0,0,0
IPL_2021_009,1,PBKS,Sam Curran,28,22,3,0,127.27,c & b Narine,0,12,42.86,0,0
IPL_2021_009,1,PBKS,Jitesh Sharma,11,9,1,0,122.22,not out,1,4,36.36,0,0
IPL_2021_009,2,RCB,Faf du Plessis,48,36,2,3,133.33,lbw b Chahal,0,26,54.17,0,0
IPL_2021_009,2,RCB,Virat Kohli,19,16,2,0,118.75,c & b Narine,0,8,42.11,0,0
IPL_2021_009,2,RCB,Will Jacks,45,25,3,2,180.0,b Cummins,0,24,53.33,0,0
IPL_2021_009,2,RCB,Rajat Patidar,58,35,4,2,165.71,c Dhoni b Bumrah,0,28,48.28,1,0
IPL_2021_010,1,DC,David Warner,19,11,1,1,172.73,c Dhoni b Bumrah,0,10,52.63,0,0
IPL_2021_010,1,DC,Prithvi Shaw,28,21,1,1,133.33,b Cummins,0,10,35.71,0,0
IPL_2021_010,1,DC,Jake Fraser-McGurk,29,22,3,1,131.82,b Cummins,0,18,62.07,0,0
IPL_2021_010,1,DC,Rishabh Pant,16,13,0,0,123.08,b Cummins,0,0,0.0,0,0
IPL_2021_010,1,DC,Tristan Stubbs,16,10,1,0,160.0,lbw b Chahal,0,4,25.0,0,0
IPL_2021_010,1,DC,Axar Patel,28,22,2,1,127.27,lbw b Chahal,0,14,50.0,0,0
IPL_2021_010,1,DC,Abishek Porel,33,21,2,2,157.14,not out,1,20,60.61,0,0
IPL_2021_010,2,RR,Yashasvi Jaiswal,35,23,2,2,152.17,c & b Narine,0,20,57.14,0,0
IPL_2021_010,2,RR,Jos Buttler,23,17,2,0,135.29,lbw b Chahal,0,8,34.78,0,0
IPL_2021_010,2,RR,Sanju Samson,25,17,1,0,147.06,run out,0,4,16.0,0,0
IPL_2021_010,2,RR,Riyan Parag,48,29,4,1,165.52,b Cummins,0,22,45.83,0,0
IPL_2021_010,2,RR,Dhruv Jurel,31,18,2,0,172.22,b Cummins,0,8,25.81,0,0
IPL_2021_010,2,RR,Shimron Hetmyer,21,16,1,1,131.25,c Dhoni b Bumrah,0,10,47.62,0,0
IPL_2021_011,1,SRH,Travis Head,18,13,1,0,138.46,run out,0,4,22.22,0,0
IPL_2021_011,1,SRH,Abhishek Sharma,16,14,1,0,114.29,lbw b Chahal,0,4,25.0,0,0
IPL_2021_011,1,SRH,Rahul Tripathi,48,33,3,3,145.45,b Cummins,0,30,62.5,0,0
IPL_2021_011,1,SRH,Aiden Markram,38,22,2,1,172.73,c Dhoni b Bumrah,0,14,36.84,0,0
IPL_2021_011,1,SRH,Heinrich Klaasen,47,38,2,2,123.68,c & b Narine,0,20,42.55,0,0
IPL_2021_011,2,CSK,Ruturaj Gaikwad,43,31,3,2,138.71,c Dhoni b Bumrah,0,24,55.81,0,0
IPL_2021_011,2,CSK,Rachin Ravindra,31,18,2,1,172.22,c & b Narine,0,14,45.16,0,0
IPL_2021_011,2,CSK,Ajinkya Rahane,29,21,1,1,138.1,c Dhoni b Bumrah,0,10,34.48,0,0
IPL_2021_011,2,CSK,Daryl Mitchell,23,20,2,0,115.0,run out,0,8,34.78,0,0
IPL_2021_011,2,CSK,Shivam Dube,23,14,2,0,164.29,lbw b Chahal,0,8,34.78,0,0
IPL_2021_011,2,CSK,Ravindra Jadeja,23,16,1,1,143.75,not out,1,10,43.48,0,0
IPL_2021_012,1,DC,David Warner,53,32,2,3,165.62,b Cummins,0,26,49.06,1,0
IPL_2021_012,1,DC,Prithvi Shaw,29,20,1,1,145.0,run out,0,10,34.48,0,0
IPL_2021_012,1,DC,Jake Fraser-McGurk,32,18,1,1,177.78,c Dhoni b Bumrah,0,10,31.25,0,0
IPL_2021_012,1,DC,Rishabh Pant,60,38,5,3,157.89,c & b Narine,0,38,63.33,1,0
IPL_2021_012,1,DC,Tristan Stubbs,15,9,1,0,166.67,run out,0,4,26.67,0,0
IPL_2021_012,1,DC,Axar Patel,3,3,0,0,100.0,not out,1,0,0.0,0,0
IPL_2021_012,2,KKR,Phil Salt,50,38,5,1,131.58,c & b Narine,0,26,52.0,1,0
IPL_2021_012,2,KKR,Sunil Narine,58,36,2,3,161.11,c & b Narine,0,26,44.83,1,0
IPL_2021_012,2,KKR,Venkatesh Iyer,38,23,3,1,165.22,run out,0,18,47.37,0,0
IPL_2021_012,2,KKR,Shreyas Iyer,34,23,2,1,147.83,c & b Narine,0,14,41.18,0,0
IPL_2021_013,1,LSG,KL Rahul,38,26,2,1,146.15,c Dhoni b Bumrah,0,14,36.84,0,0
IPL_2021_013,1,LSG,Quinton de Kock,41,23,3,2,178.26,b Cummins,0,24,58.54,0,0
IPL_2021_013,1,LSG,Marcus Stoinis,39,26,2,2,150.0,c Dhoni b Bumrah,0,20,51.28,0,0
IPL_2021_013,1,LSG,Nicholas Pooran,29,16,3,1,181.25,c Dhoni b Bumrah,0,18,62.07,0,0
IPL_2021_013,1,LSG,Ayush Badoni,44,28,2,2,157.14,b Cummins,0,20,45.45,0,0
IPL_2021_013,1,LSG,Deepak Hooda,1,1,0,0,100.0,run out,0,0,0.0,0,0
IPL_2021_013,2,RCB,Faf du Plessis,23,14,0,1,164.29,b Cummins,0,6,26.09,0,0
IPL_2021_013,2,RCB,Virat Kohli,14,9,1,0,155.56,c & b Narine,0,4,28.57,0,0
IPL_2021_013,2,RCB,Will Jacks,35,24,2,0,145.83,lbw b Chahal,0,8,22.86,0,0
IPL_2021_013,2,RCB,Rajat Patidar,27,16,1,1,168.75,c Dhoni b Bumrah,0,10,37.04,0,0
IPL_2021_013,2,RCB,Glenn Maxwell,44,25,2,1,176.0,run out,0,14,31.82,0,0
IPL_2021_013,2,RCB,Cameron Green,55,32,5,1,171.88,b Cummins,0,26,47.27,1,0
IPL_2021_014,1,GT,Shubman Gill,49,33,4,1,148.48,c Dhoni b Bumrah,0,22,44.9,0,0
IPL_2021_014,1,GT,Wriddhiman Saha,28,22,2,1,127.27,lbw b Chahal,0,14,50.0,0,0
IPL_2021_014,1,GT,Sai Sudharsan,36,25,4,1,144.0,b Cummins,0,22,61.11,0,0
IPL_2021_014,1,GT,David Miller,25,14,1,1,178.57,b Cummins,0,10,40.0,0,0
IPL_2021_014,1,GT,Azmatullah Omarzai,28,18,2,0,155.56,c & b Narine,0,8,28.57,0,0
IPL_2021_014,1,GT,Rahul Tewatia,9,8,0,0,112.5,not out,1,0,0.0,0,0
IPL_2021_014,2,RCB,Faf du Plessis,14,9,0,0,155.56,run out,0,0,0.0,0,0
IPL_2021_014,2,RCB,Virat Kohli,27,20,1,1,135.0,c Dhoni b Bumrah,0,10,37.04,0,0
IPL_2021_014,2,RCB,Will Jacks,42,31,1,1,135.48,b Cummins,0,10,23.81,0,0
IPL_2021_014,2,RCB,Rajat Patidar,16,10,0,1,160.0,c & b Narine,0,6,37.5,0,0
IPL_2021_014,2,RCB,Glenn Maxwell,47,35,2,2,134.29,c Dhoni b Bumrah,0,20,42.55,0,0
IPL_2021_014,2,RCB,Cameron Green,23,15,2,1,153.33,c & b Narine,0,14,60.87,0,0
IPL_2021_015,1,CSK,Ruturaj Gaikwad,31,27,1,1,114.81,c & b Narine,0,10,32.26,0,0
IPL_2021_015,1,CSK,Rachin Ravindra,38,32,3,2,118.75,c Dhoni b Bumrah,0,24,63.16,0,0
IPL_2021_015,1,CSK,Ajinkya Rahane,17,11,1,1,154.55,b Cummins,0,10,58.82,0,0
IPL_2021_015,1,CSK,Daryl Mitchell,41,35,3,2,117.14,lbw b Chahal,0,24,58.54,0,0
IPL_2021_015,1,CSK,Shivam Dube,19,13,1,1,146.15,lbw b Chahal,0,10,52.63,0,0
IPL_2021_015,1,CSK,Ravindra Jadeja,2,2,0,0,100.0,not out,1,0,0.0,0,0
IPL_2021_015,2,LSG,KL Rahul,47,35,4,2,134.29,b Cummins,0,28,59.57,0,0
IPL_2021_015,2,LSG,Quinton de Kock,57,33,2,2,172.73,c Dhoni b Bumrah,0,20,35.09,1,0
IPL_2021_015,2,LSG,Marcus Stoinis,37,25,2,2,148.0,b Cummins,0,20,54.05,0,0
IPL_2021_015,2,LSG,Nicholas Pooran,31,21,3,1,147.62,lbw b Chahal,0,18,58.06,0,0
IPL_2021_016,1,SRH,Travis Head,37,23,2,2,160.87,c Dhoni b Bumrah,0,20,54.05,0,0
IPL_2021_016,1,SRH,Abhishek Sharma,35,29,2,1,120.69,run out,0,14,40.0,0,0
IPL_2021_016,1,SRH,Rahul Tripathi,12,10,1,0,120.0,lbw b Chahal,0,4,33.33,0,0
IPL_2021_016,1,SRH,Aiden Markram,15,13,0,0,115.38,b Cummins,0,0,0.0,0,0
IPL_2021_016,1,SRH,Heinrich Klaasen,16,13,1,0,123.08,b Cummins,0,4,25.0,0,0
IPL_2021_016,1,SRH,Nitish Kumar Reddy,18,15,2,0,120.0,c & b Narine,0,8,44.44,0,0
IPL_2021_016,1,SRH,Abdul Samad,23,17,1,1,135.29,not out,1,10,43.48,0,0
IPL_2021_016,2,RR,Yashasvi Jaiswal,27,23,1,1,117.39,c & b Narine,0,10,37.04,0,0
IPL_2021_016,2,RR,Jos Buttler,47,26,4,1,180.77,c & b Narine,0,22,46.81,0,0
IPL_2021_016,2,RR,Sanju Samson,23,20,2,0,115.0,c Dhoni b Bumrah,0,8,34.78,0,0
IPL_2021_016,2,RR,Riyan Parag,27,21,2,0,128.57,lbw b Chahal,0,8,29.63,0,0
IPL_2021_016,2,RR,Dhruv Jurel,28,22,1,1,127.27,c & b Narine,0,10,35.71,0,0
IPL_2021_016,2,RR,Shimron Hetmyer,12,8,1,0,150.0,not out,1,4,33.33,0,0
IPL_2021_017,1,CSK,Ruturaj Gaikwad,28,19,1,1,147.37,run out,0,10,35.71,0,0
IPL_2021_017,1,CSK,Rachin Ravindra,44,26,4,2,169.23,b Cummins,0,28,63.64,0,0
IPL_2021_017,1,CSK,Ajinkya Rahane,25,21,2,0,119.05,lbw b Chahal,0,8,32.0,0,0
IPL_2021_017,1,CSK,Daryl Mitchell,39,26,1,2,150.0,c & b Narine,0,16,41.03,0,0
IPL_2021_017,1,CSK,Shivam Dube,46,28,1,2,164.29,c Dhoni b Bumrah,0,16,34.78,0,0
IPL_2021_017,2,DC,David Warner,60,35,4,3,171.43,c Dhoni b Bumrah,0,34,56.67,1,0
IPL_2021_017,2,DC,Prithvi Shaw,18,13,1,0,138.46,c Dhoni b Bumrah,0,4,22.22,0,0
IPL_2021_017,2,DC,Jake Fraser-McGurk,34,20,1,1,170.0,b Cummins,0,10,29.41,0,0
IPL_2021_017,2,DC,Rishabh Pant,25,18,1,0,138.89,b Cummins,0,4,16.0,0,0
IPL_2021_017,2,DC,Tristan Stubbs,40,30,2,2,133.33,run out,0,20,50.0,0,0
IPL_2021_017,2,DC,Axar Patel,7,4,0,0,175.0,c & b Narine,0,0,0.0,0,0
IPL_2021_018,1,GT,Shubman Gill,17,13,1,0,130.77,c Dhoni b Bumrah,0,4,23.53,0,0
IPL_2021_018,1,GT,Wriddhiman Saha,23,13,2,1,176.92,c & b Narine,0,14,60.87,0,0
IPL_2021_018,1,GT,Sai Sudharsan,63,35,3,4,180.0,c & b Narine,0,36,57.14,1,0
IPL_2021_018,1,GT,David Miller,11,9,1,0,122.22,run out,0,4,36.36,0,0
IPL_2021_018,1,GT,Azmatullah Omarzai,21,18,1,0,116.67,c & b Narine,0,4,19.05,0,0
IPL_2021_018,1,GT,Rahul Tewatia,38,32,1,2,118.75,not out,1,16,42.11,0,0
IPL_2021_018,2,LSG,KL Rahul,61,35,3,2,174.29,c & b Narine,0,24,39.34,1,0
IPL_2021_018,2,LSG,Quinton de Kock,20,12,1,0,166.67,c & b Narine,0,4,20.0,0,0
IPL_2021_018,2,LSG,Marcus Stoinis,49,29,3,2,168.97,b Cummins,0,24,48.98,0,0
IPL_2021_018,2,LSG,Nicholas Pooran,54,33,3,3,163.64,c & b Narine,0,30,55.56,1,0
IPL_2021_019,1,LSG,KL Rahul,15,11,1,0,136.36,b Cummins,0,4,26.67,0,0
IPL_2021_019,1,LSG,Quinton de Kock,21,12,1,1,175.0,b Cummins,0,10,47.62,0,0
IPL_2021_019,1,LSG,Marcus Stoinis,68,38,5,1,178.95,run out,0,26,38.24,1,0
IPL_2021_019,1,LSG,Nicholas Pooran,49,30,5,1,163.33,c & b Narine,0,26,53.06,0,0
IPL_2021_019,1,LSG,Ayush Badoni,34,29,2,2,117.24,b Cummins,0,20,58.82,0,0
IPL_2021_019,2,PBKS,Shikhar Dhawan,34,27,3,1,125.93,c & b Narine,0,18,52.94,0,0
IPL_2021_019,2,PBKS,Jonny Bairstow,39,25,1,1,156.0,run out,0,10,25.64,0,0
IPL_2021_019,2,PBKS,Prabhsimran Singh,28,22,2,1,127.27,b Cummins,0,14,50.0,0,0
IPL_2021_019,2,PBKS,Rilee Rossouw,22,13,2,0,169.23,c Dhoni b Bumrah,0,8,36.36,0,0
IPL_2021_019,2,PBKS,Sam Curran,29,23,2,1,126.09,lbw b Chahal,0,14,48.28,0,0
IPL_2021_019,2,PBKS,Jitesh Sharma,18,10,1,0,180.0,lbw b Chahal,0,4,22.22,0,0
IPL_2021_020,1,RR,Yashasvi Jaiswal,12,9,1,0,133.33,b Cummins,0,4,33.33,0,0
IPL_2021_020,1,RR,Jos Buttler,54,31,4,3,174.19,run out,0,34,62.96,1,0
IPL_2021_020,1,RR,Sanju Samson,48,33,2,2,145.45,lbw b Chahal,0,20,41.67,0,0
IPL_2021_020,1,RR,Riyan Parag,18,13,2,0,138.46,run out,0,8,44.44,0,0
IPL_2021_020,1,RR,Dhruv Jurel,19,11,1,0,172.73,b Cummins,0,4,21.05,0,0
IPL_2021_020,1,RR,Shimron Hetmyer,32,23,3,1,139.13,c & b Narine,0,18,56.25,0,0
IPL_2021_020,2,PBKS,Shikhar Dhawan,22,13,1,1,169.23,c & b Narine,0,10,45.45,0,0
IPL_2021_020,2,PBKS,Jonny Bairstow,13,11,1,0,118.18,c & b Narine,0,4,30.77,0,0
IPL_2021_020,2,PBKS,Prabhsimran Singh,35,24,3,1,145.83,run out,0,18,51.43,0,0
IPL_2021_020,2,PBKS,Rilee Rossouw,49,28,5,1,175.0,run out,0,26,53.06,0,0
IPL_2021_020,2,PBKS,Sam Curran,36,22,2,1,163.64,b Cummins,0,14,38.89,0,0
IPL_2021_020,2,PBKS,Jitesh Sharma,29,20,1,0,145.0,c Dhoni b Bumrah,0,4,13.79,0,0
IPL_2021_021,1,PBKS,Shikhar Dhawan,44,25,2,2,176.0,c Dhoni b Bumrah,0,20,45.45,0,0
IPL_2021_021,1,PBKS,Jonny Bairstow,55,36,5,1,152.78,c Dhoni b Bumrah,0,26,47.27,1,0
IPL_2021_021,1,PBKS,Prabhsimran Singh,26,17,1,1,152.94,b Cummins,0,10,38.46,0,0
IPL_2021_021,1,PBKS,Rilee Rossouw,21,12,1,0,175.0,lbw b Chahal,0,4,19.05,0,0
IPL_2021_021,1,PBKS,Sam Curran,38,23,2,1,165.22,run out,0,14,36.84,0,0
IPL_2021_021,1,PBKS,Jitesh Sharma,11,7,1,0,157.14,not out,1,4,36.36,0,0
IPL_2021_021,2,DC,David Warner,9,8,0,0,112.5,b Cummins,0,0,0.0,0,0
IPL_2021_021,2,DC,Prithvi Shaw,10,9,0,0,111.11,c & b Narine,0,0,0.0,0,0
IPL_2021_021,2,DC,Jake Fraser-McGurk,53,37,2,2,143.24,b Cummins,0,20,37.74,1,0
IPL_2021_021,2,DC,Rishabh Pant,42,34,2,2,123.53,lbw b Chahal,0,20,47.62,0,0
IPL_2021_021,2,DC,Tristan Stubbs,34,26,1,1,130.77,lbw b Chahal,0,10,29.41,0,0
IPL_2021_021,2,DC,Axar Patel,8,6,0,0,133.33,b Cummins,0,0,0.0,0,0
IPL_2021_022,1,SRH,Travis Head,59,33,6,2,178.79,run out,0,36,61.02,1,0
IPL_2021_022,1,SRH,Abhishek Sharma,44,34,3,1,129.41,lbw b Chahal,0,18,40.91,0,0
IPL_2021_022,1,SRH,Rahul Tripathi,42,33,3,2,127.27,c & b Narine,0,24,57.14,0,0
IPL_2021_022,1,SRH,Aiden Markram,28,20,3,0,140.0,lbw b Chahal,0,12,42.86,0,0
IPL_2021_022,2,LSG,KL Rahul,42,29,1,2,144.83,c Dhoni b Bumrah,0,16,38.1,0,0
IPL_2021_022,2,LSG,Quinton de Kock,59,36,6,1,163.89,run out,0,30,50.85,1,0
IPL_2021_022,2,LSG,Marcus Stoinis,31,22,2,1,140.91,c Dhoni b Bumrah,0,14,45.16,0,0
IPL_2021_022,2,LSG,Nicholas Pooran,57,33,3,2,172.73,c & b Narine,0,24,42.11,1,0
IPL_2021_023,1,MI,Rohit Sharma,18,12,2,0,150.0,c & b Narine,0,8,44.44,0,0
IPL_2021_023,1,MI,Ishan Kishan,28,22,2,1,127.27,run out,0,14,50.0,0,0
IPL_2021_023,1,MI,Suryakumar Yadav,36,28,2,2,128.57,c & b Narine,0,20,55.56,0,0
IPL_2021_023,1,MI,Tilak Varma,24,19,2,1,126.32,c & b Narine,0,14,58.33,0,0
IPL_2021_023,1,MI,Hardik Pandya,40,32,2,1,125.0,c & b Narine,0,14,35.0,0,0
IPL_2021_023,1,MI,Tim David,10,7,0,0,142.86,not out,1,0,0.0,0,0
IPL_2021_023,2,LSG,KL Rahul,55,30,4,1,183.33,b Cummins,0,22,40.0,1,0
IPL_2021_023,2,LSG,Quinton de Kock,37,26,2,1,142.31,lbw b Chahal,0,14,37.84,0,0
IPL_2021_023,2,LSG,Marcus Stoinis,16,13,1,0,123.08,b Cummins,0,4,25.0,0,0
IPL_2021_023,2,LSG,Nicholas Pooran,14,10,0,0,140.0,c & b Narine,0,0,0.0,0,0
IPL_2021_023,2,LSG,Ayush Badoni,42,25,4,1,168.0,c Dhoni b Bumrah,0,22,52.38,0,0
IPL_2021_024,1,DC,David Warner,37,31,2,1,119.35,run out,0,14,37.84,0,0
IPL_2021_024,1,DC,Prithvi Shaw,34,22,4,0,154.55,b Cummins,0,16,47.06,0,0
IPL_2021_024,1,DC,Jake Fraser-McGurk,41,36,4,1,113.89,c Dhoni b Bumrah,0,22,53.66,0,0
IPL_2021_024,1,DC,Rishabh Pant,28,24,2,0,116.67,lbw b Chahal,0,8,28.57,0,0
IPL_2021_024,1,DC,Tristan Stubbs,9,7,0,0,128.57,lbw b Chahal,0,0,0.0,0,0
IPL_2021_024,2,LSG,KL Rahul,52,35,4,1,148.57,c & b Narine,0,22,42.31,1,0
IPL_2021_024,2,LSG,Quinton de Kock,38,26,2,1,146.15,lbw b Chahal,0,14,36.84,0,0
IPL_2021_024,2,LSG,Marcus Stoinis,14,10,1,0,140.0,c Dhoni b Bumrah,0,4,28.57,0,0
IPL_2021_024,2,LSG,Nicholas Pooran,21,13,1,1,161.54,c & b Narine,0,10,47.62,0,0
IPL_2021_024,2,LSG,Ayush Badoni,21,17,2,0,123.53,run out,0,8,38.1,0,0
IPL_2021_024,2,LSG,Deepak Hooda,22,16,2,0,137.5,run out,0,8,36.36,0,0
IPL_2021_025,1,KKR,Phil Salt,23,17,1,1,135.29,c & b Narine,0,10,43.48,0,0
IPL_2021_025,1,KKR,Sunil Narine,21,14,2,0,150.0,c & b Narine,0,8,38.1,0,0
IPL_2021_025,1,KKR,Venkatesh Iyer,12,11,0,0,109.09,c Dhoni b Bumrah,0,0,0.0,0,0
IPL_2021_025,1,KKR,Shreyas Iyer,55,32,6,1,171.88,c & b Narine,0,30,54.55,1,0
IPL_2021_025,1,KKR,Rinku Singh,12,9,0,0,133.33,c Dhoni b Bumrah,0,0,0.0,0,0
IPL_2021_025,1,KKR,Andre Russell,27,20,2,0,135.0,run out,0,8,29.63,0,0
IPL_2021_025,1,KKR,Ramandeep Singh,23,17,1,1,135.29,not out,1,10,43.48,0,0
IPL_2021_025,2,RR,Yashasvi Jaiswal,46,28,3,1,164.29,lbw b Chahal,0,18,39.13,0,0
IPL_2021_025,2,RR,Jos Buttler,53,37,3,3,143.24,run out,0,30,56.6,1,0
IPL_2021_025,2,RR,Sanju Samson,42,29,3,1,144.83,c Dhoni b Bumrah,0,18,42.86,0,0
IPL_2021_025,2,RR,Riyan Parag,16,11,0,0,145.45,lbw b Chahal,0,0,0.0,0,0
IPL_2021_025,2,RR,Dhruv Jurel,11,8,0,0,137.5,run out,0,0,0.0,0,0
IPL_2021_025,2,RR,Shimron Hetmyer,8,7,1,0,114.29,run out,0,4,50.0,0,0
IPL_2021_026,1,SRH,Travis Head,23,19,2,1,121.05,b Cummins,0,14,60.87,0,0
IPL_2021_026,1,SRH,Abhishek Sharma,28,21,1,1,133.33,run out,0,10,35.71,0,0
IPL_2021_026,1,SRH,Rahul Tripathi,42,32,3,1,131.25,b Cummins,0,18,42.86,0,0
IPL_2021_026,1,SRH,Aiden Markram,20,12,0,1,166.67,c & b Narine,0,6,30.0,0,0
IPL_2021_026,1,SRH,Heinrich Klaasen,40,34,1,2,117.65,lbw b Chahal,0,16,40.0,0,0
IPL_2021_026,1,SRH,Nitish Kumar Reddy,3,2,0,0,150.0,not out,1,0,0.0,0,0
IPL_2021_026,2,LSG,KL Rahul,44,36,2,2,122.22,lbw b Chahal,0,20,45.45,0,0
IPL_2021_026,2,LSG,Quinton de Kock,48,29,3,3,165.52,b Cummins,0,30,62.5,0,0
IPL_2021_026,2,LSG,Marcus Stoinis,44,26,5,1,169.23,lbw b Chahal,0,26,59.09,0,0
IPL_2021_026,2,LSG,Nicholas Pooran,51,29,3,2,175.86,c Dhoni b Bumrah,0,24,47.06,1,0
IPL_2021_027,1,SRH,Travis Head,57,34,5,3,167.65,run out,0,38,66.67,1,0
IPL_2021_027,1,SRH,Abhishek Sharma,39,27,3,1,144.44,c & b Narine,0,18,46.15,0,0
IPL_2021_027,1,SRH,Rahul Tripathi,39,33,3,2,118.18,c Dhoni b Bumrah,0,24,61.54,0,0
IPL_2021_027,1,SRH,Aiden Markram,30,26,2,0,115.38,run out,0,8,26.67,0,0
IPL_2021_027,2,PBKS,Shikhar Dhawan,44,31,1,1,141.94,run out,0,10,22.73,0,0
IPL_2021_027,2,PBKS,Jonny Bairstow,12,9,1,0,133.33,c & b Narine,0,4,33.33,0,0
IPL_2021_027,2,PBKS,Prabhsimran Singh,42,31,3,2,135.48,c & b Narine,0,24,57.14,0,0
IPL_2021_027,2,PBKS,Rilee Rossouw,45,30,2,1,150.0,b Cummins,0,14,31.11,0,0
IPL_2021_027,2,PBKS,Sam Curran,22,19,2,1,115.79,c Dhoni b Bumrah,0,14,63.64,0,0
IPL_2021_028,1,CSK,Ruturaj Gaikwad,24,18,1,1,133.33,lbw b Chahal,0,10,41.67,0,0
IPL_2021_028,1,CSK,Rachin Ravindra,45,35,2,2,128.57,b Cummins,0,20,44.44,0,0
IPL_2021_028,1,CSK,Ajinkya Rahane,52,34,4,2,152.94,run out,0,28,53.85,1,0
IPL_2021_028,1,CSK,Daryl Mitchell,14,12,1,0,116.67,b Cummins,0,4,28.57,0,0
IPL_2021_028,1,CSK,Shivam Dube,23,15,2,0,153.33,c & b Narine,0,8,34.78,0,0
IPL_2021_028,1,CSK,Ravindra Jadeja,9,6,0,0,150.0,run out,0,0,0.0,0,0
IPL_2021_028,2,RCB,Faf du Plessis,40,33,1,2,121.21,c & b Narine,0,16,40.0,0,0
IPL_2021_028,2,RCB,Virat Kohli,12,10,0,0,120.0,b Cummins,0,0,0.0,0,0
IPL_2021_028,2,RCB,Will Jacks,20,11,1,0,181.82,b Cummins,0,4,20.0,0,0
IPL_2021_028,2,RCB,Rajat Patidar,27,15,2,0,180.0,c Dhoni b Bumrah,0,8,29.63,0,0
IPL_2021_028,2,RCB,Glenn Maxwell,16,12,1,0,133.33,run out,0,4,25.0,0,0
IPL_2021_028,2,RCB,Cameron Green,33,19,2,1,173.68,run out,0,14,42.42,0,0
IPL_2021_028,2,RCB,Dinesh Karthik,36,20,4,0,180.0,not out,1,16,44.44,0,0
IPL_2021_029,1,SRH,Travis Head,29,19,1,1,152.63,b Cummins,0,10,34.48,0,0
IPL_2021_029,1,SRH,Abhishek Sharma,25,16,1,1,156.25,c & b Narine,0,10,40.0,0,0
IPL_2021_029,1,SRH,Rahul Tripathi,46,30,2,2,153.33,run out,0,20,43.48,0,0
IPL_2021_029,1,SRH,Aiden Markram,54,32,5,2,168.75,lbw b Chahal,0,32,59.26,1,0
IPL_2021_029,1,SRH,Heinrich Klaasen,15,12,1,0,125.0,c & b Narine,0,4,26.67,0,0
IPL_2021_029,1,SRH,Nitish Kumar Reddy,11,8,1,0,137.5,lbw b Chahal,0,4,36.36,0,0
IPL_2021_029,1,SRH,Abdul Samad,4,3,0,0,133.33,lbw b Chahal,0,0,0.0,0,0
IPL_2021_029,2,CSK,Ruturaj Gaikwad,39,32,3,1,121.88,c & b Narine,0,18,46.15,0,0
IPL_2021_029,2,CSK,Rachin Ravindra,13,12,1,0,108.33,c & b Narine,0,4,30.77,0,0
IPL_2021_029,2,CSK,Ajinkya Rahane,35,26,1,2,134.62,lbw b Chahal,0,16,45.71,0,0
IPL_2021_029,2,CSK,Daryl Mitchell,34,28,2,2,121.43,lbw b Chahal,0,20,58.82,0,0
IPL_2021_029,2,CSK,Shivam Dube,36,22,1,1,163.64,b Cummins,0,10,27.78,0,0
IPL_2021_030,1,RCB,Faf du Plessis,10,9,1,0,111.11,run out,0,4,40.0,0,0
IPL_2021_030,1,RCB,Virat Kohli,57,32,2,3,178.12,c & b Narine,0,26,45.61,1,0
IPL_2021_030,1,RCB,Will Jacks,27,20,1,1,135.0,b Cummins,0,10,37.04,0,0
IPL_2021_030,1,RCB,Rajat Patidar,57,32,2,3,178.12,run out,0,26,45.61,1,0
IPL_2021_030,1,RCB,Glenn Maxwell,16,11,1,0,145.45,b Cummins,0,4,25.0,0,0
IPL_2021_030,1,RCB,Cameron Green,27,16,2,1,168.75,not out,1,14,51.85,0,0
IPL_2021_030,2,KKR,Phil Salt,27,23,2,1,117.39,lbw b Chahal,0,14,51.85,0,0
IPL_2021_030,2,KKR,Sunil Narine,53,33,3,3,160.61,c Dhoni b Bumrah,0,30,56.6,1,0
IPL_2021_030,2,KKR,Venkatesh Iyer,16,12,1,0,133.33,c & b Narine,0,4,25.0,0,0
IPL_2021_030,2,KKR,Shreyas Iyer,13,8,1,0,162.5,c & b Narine,0,4,30.77,0,0
IPL_2021_030,2,KKR,Rinku Singh,42,31,2,2,135.48,run out,0,20,47.62,0,0
IPL_2021_030,2,KKR,Andre Russell,23,13,1,1,176.92,c Dhoni b Bumrah,0,10,43.48,0,0
IPL_2021_031,1,RR,Yashasvi Jaiswal,64,35,5,2,182.86,c & b Narine,0,32,50.0,1,0
IPL_2021_031,1,RR,Jos Buttler,32,19,3,1,168.42,lbw b Chahal,0,18,56.25,0,0
IPL_2021_031,1,RR,Sanju Samson,12,10,1,0,120.0,c Dhoni b Bumrah,0,4,33.33,0,0
IPL_2021_031,1,RR,Riyan Parag,25,22,2,1,113.64,run out,0,14,56.0,0,0
IPL_2021_031,1,RR,Dhruv Jurel,46,30,2,2,153.33,b Cummins,0,20,43.48,0,0
IPL_2021_031,1,RR,Shimron Hetmyer,7,4,0,0,175.0,not out,1,0,0.0,0,0
IPL_2021_031,2,PBKS,Shikhar Dhawan,25,17,1,1,147.06,b Cummins,0,10,40.0,0,0
IPL_2021_031,2,PBKS,Jonny Bairstow,18,14,1,1,128.57,b Cummins,0,10,55.56,0,0
IPL_2021_031,2,PBKS,Prabhsimran Singh,20,17,1,0,117.65,lbw b Chahal,0,4,20.0,0,0
IPL_2021_031,2,PBKS,Rilee Rossouw,51,34,2,2,150.0,run out,0,20,39.22,1,0
IPL_2021_031,2,PBKS,Sam Curran,26,17,2,0,152.94,c & b Narine,0,8,30.77,0,0
IPL_2021_031,2,PBKS,Jitesh Sharma,38,21,1,2,180.95,not out,1,16,42.11,0,0
IPL_2021_032,1,RR,Yashasvi Jaiswal,47,32,2,2,146.88,b Cummins,0,20,42.55,0,0
IPL_2021_032,1,RR,Jos Buttler,22,18,2,1,122.22,c Dhoni b Bumrah,0,14,63.64,0,0
IPL_2021_032,1,RR,Sanju Samson,23,17,1,0,135.29,lbw b Chahal,0,4,17.39,0,0
IPL_2021_032,1,RR,Riyan Parag,40,27,2,1,148.15,b Cummins,0,14,35.0,0,0
IPL_2021_032,1,RR,Dhruv Jurel,28,24,1,0,116.67,lbw b Chahal,0,4,14.29,0,0
IPL_2021_032,1,RR,Shimron Hetmyer,2,2,0,0,100.0,not out,1,0,0.0,0,0
IPL_2021_032,2,RCB,Faf du Plessis,34,19,3,0,178.95,b Cummins,0,12,35.29,0,0
IPL_2021_032,2,RCB,Virat Kohli,37,25,3,1,148.0,lbw b Chahal,0,18,48.65,0,0
IPL_2021_032,2,RCB,Will Jacks,51,32,4,2,159.38,b Cummins,0,28,54.9,1,0
IPL_2021_032,2,RCB,Rajat Patidar,51,35,2,2,145.71,lbw b Chahal,0,20,39.22,1,0
IPL_2021_033,1,PBKS,Shikhar Dhawan,17,10,0,0,170.0,lbw b Chahal,0,0,0.0,0,0
IPL_2021_033,1,PBKS,Jonny Bairstow,41,34,2,1,120.59,run out,0,14,34.15,0,0
IPL_2021_033,1,PBKS,Prabhsimran Singh,28,19,1,1,147.37,lbw b Chahal,0,10,35.71,0,0
IPL_2021_033,1,PBKS,Rilee Rossouw,61,36,6,1,169.44,c & b Narine,0,30,49.18,1,0
IPL_2021_033,1,PBKS,Sam Curran,17,15,2,0,113.33,b Cummins,0,8,47.06,0,0
IPL_2021_033,1,PBKS,Jitesh Sharma,7,6,0,0,116.67,lbw b Chahal,0,0,0.0,0,0
IPL_2021_033,2,RR,Yashasvi Jaiswal,66,37,3,2,178.38,run out,0,24,36.36,1,0
IPL_2021_033,2,RR,Jos Buttler,32,25,1,1,128.0,b Cummins,0,10,31.25,0,0
IPL_2021_033,2,RR,Sanju Samson,61,34,3,1,179.41,c & b Narine,0,18,29.51,1,0
IPL_2021_033,2,RR,Riyan Parag,36,24,2,1,150.0,b Cummins,0,14,38.89,0,0
IPL_2021_034,1,SRH,Travis Head,13,8,1,0,162.5,run out,0,4,30.77,0,0
IPL_2021_034,1,SRH,Abhishek Sharma,33,28,2,1,117.86,run out,0,14,42.42,0,0
IPL_2021_034,1,SRH,Rahul Tripathi,51,31,4,3,164.52,c & b Narine,0,34,66.67,1,0
IPL_2021_034,1,SRH,Aiden Markram,47,35,3,2,134.29,c & b Narine,0,24,51.06,0,0
IPL_2021_034,1,SRH,Heinrich Klaasen,30,18,2,1,166.67,b Cummins,0,14,46.67,0,0
IPL_2021_034,2,DC,David Warner,44,38,3,1,115.79,b Cummins,0,18,40.91,0,0
IPL_2021_034,2,DC,Prithvi Shaw,34,21,2,1,161.9,run out,0,14,41.18,0,0
IPL_2021_034,2,DC,Jake Fraser-McGurk,14,8,1,0,175.0,run out,0,4,28.57,0,0
IPL_2021_034,2,DC,Rishabh Pant,22,15,2,1,146.67,c Dhoni b Bumrah,0,14,63.64,0,0
IPL_2021_034,2,DC,Tristan Stubbs,60,36,5,2,166.67,run out,0,32,53.33,1,0
IPL_2021_034,2,DC,Axar Patel,2,2,0,0,100.0,b Cummins,0,0,0.0,0,0
IPL_2021_035,1,GT,Shubman Gill,56,32,2,3,175.0,run out,0,26,46.43,1,0
IPL_2021_035,1,GT,Wriddhiman Saha,58,37,4,3,156.76,run out,0,34,58.62,1,0
IPL_2021_035,1,GT,Sai Sudharsan,16,14,1,0,114.29,b Cummins,0,4,25.0,0,0
IPL_2021_035,1,GT,David Miller,23,16,2,0,143.75,c & b Narine,0,8,34.78,0,0
IPL_2021_035,1,GT,Azmatullah Omarzai,31,21,2,2,147.62,not out,1,20,64.52,0,0
IPL_2021_035,2,KKR,Phil Salt,21,16,1,1,131.25,c & b Narine,0,10,47.62,0,0
IPL_2021_035,2,KKR,Sunil Narine,16,11,2,0,145.45,c & b Narine,0,8,50.0,0,0
IPL_2021_035,2,KKR,Venkatesh Iyer,28,24,1,1,116.67,c Dhoni b Bumrah,0,10,35.71,0,0
IPL_2021_035,2,KKR,Shreyas Iyer,15,10,1,0,150.0,c Dhoni b Bumrah,0,4,26.67,0,0
IPL_2021_035,2,KKR,Rinku Singh,24,17,2,0,141.18,lbw b Chahal,0,8,33.33,0,0
IPL_2021_035,2,KKR,Andre Russell,50,30,3,2,166.67,run out,0,24,48.0,1,0
IPL_2021_035,2,KKR,Ramandeep Singh,21,12,2,0,175.0,c & b Narine,0,8,38.1,0,0
IPL_2021_036,1,RCB,Faf du Plessis,38,25,3,1,152.0,run out,0,18,47.37,0,0
IPL_2021_036,1,RCB,Virat Kohli,23,20,1,1,115.0,lbw b Chahal,0,10,43.48,0,0
IPL_2021_036,1,RCB,Will Jacks,45,30,2,1,150.0,c & b Narine,0,14,31.11,0,0
IPL_2021_036,1,RCB,Rajat Patidar,32,20,3,1,160.0,b Cummins,0,18,56.25,0,0
IPL_2021_036,1,RCB,Glenn Maxwell,38,21,3,0,180.95,run out,0,12,31.58,0,0
IPL_2021_036,1,RCB,Cameron Green,5,4,0,0,125.0,b Cummins,0,0,0.0,0,0
IPL_2021_036,2,LSG,KL Rahul,20,11,2,0,181.82,lbw b Chahal,0,8,40.0,0,0
IPL_2021_036,2,LSG,Quinton de Kock,45,29,2,1,155.17,c Dhoni b Bumrah,0,14,31.11,0,0
IPL_2021_036,2,LSG,Marcus Stoinis,40,25,3,2,160.0,run out,0,24,60.0,0,0
IPL_2021_036,2,LSG,Nicholas Pooran,60,37,4,1,162.16,lbw b Chahal,0,22,36.67,1,0
IPL_2021_036,2,LSG,Ayush Badoni,28,18,1,1,155.56,run out,0,10,35.71,0,0
IPL_2021_037,1,GT,Shubman Gill,59,32,3,3,184.38,run out,0,30,50.85,1,0
IPL_2021_037,1,GT,Wriddhiman Saha,21,17,0,1,123.53,c & b Narine,0,6,28.57,0,0
IPL_2021_037,1,GT,Sai Sudharsan,51,31,4,1,164.52,lbw b Chahal,0,22,43.14,1,0
IPL_2021_037,1,GT,David Miller,41,23,3,1,178.26,c Dhoni b Bumrah,0,18,43.9,0,0
IPL_2021_037,1,GT,Azmatullah Omarzai,15,11,1,0,136.36,c & b Narine,0,4,26.67,0,0
IPL_2021_037,1,GT,Rahul Tewatia,9,6,0,0,150.0,not out,1,0,0.0,0,0
IPL_2021_037,2,DC,David Warner,38,21,2,1,180.95,run out,0,14,36.84,0,0
IPL_2021_037,2,DC,Prithvi Shaw,51,35,4,2,145.71,c Dhoni b Bumrah,0,28,54.9,1,0
IPL_2021_037,2,DC,Jake Fraser-McGurk,47,37,4,1,127.03,c Dhoni b Bumrah,0,22,46.81,0,0
IPL_2021_037,2,DC,Rishabh Pant,32,23,1,1,139.13,c & b Narine,0,10,31.25,0,0
IPL_2021_037,2,DC,Tristan Stubbs,6,4,0,0,150.0,lbw b Chahal,0,0,0.0,0,0
IPL_2021_038,1,GT,Shubman Gill,35,28,2,2,125.0,b Cummins,0,20,57.14,0,0
IPL_2021_038,1,GT,Wriddhiman Saha,25,14,1,1,178.57,b Cummins,0,10,40.0,0,0
IPL_2021_038,1,GT,Sai Sudharsan,21,18,2,0,116.67,b Cummins,0,8,38.1,0,0
IPL_2021_038,1,GT,David Miller,22,16,1,0,137.5,c Dhoni b Bumrah,0,4,18.18,0,0
IPL_2021_038,1,GT,Azmatullah Omarzai,34,20,1,1,170.0,b Cummins,0,10,29.41,0,0
IPL_2021_038,1,GT,Rahul Tewatia,19,11,1,0,172.73,c & b Narine,0,4,21.05,0,0
IPL_2021_038,1,GT,Rashid Khan,22,13,1,1,169.23,c Dhoni b Bumrah,0,10,45.45,0,0
IPL_2021_038,2,PBKS,Shikhar Dhawan,43,36,1,2,119.44,lbw b Chahal,0,16,37.21,0,0
IPL_2021_038,2,PBKS,Jonny Bairstow,16,13,1,0,123.08,c & b Narine,0,4,25.0,0,0
IPL_2021_038,2,PBKS,Prabhsimran Singh,12,9,1,0,133.33,c & b Narine,0,4,33.33,0,0
IPL_2021_038,2,PBKS,Rilee Rossouw,18,14,1,0,128.57,run out,0,4,22.22,0,0
IPL_2021_038,2,PBKS,Sam Curran,62,37,3,2,167.57,c & b Narine,0,24,38.71,1,0
IPL_2021_038,2,PBKS,Jitesh Sharma,17,11,1,0,154.55,run out,0,4,23.53,0,0
IPL_2021_039,1,GT,Shubman Gill,19,12,1,1,158.33,run out,0,10,52.63,0,0
IPL_2021_039,1,GT,Wriddhiman Saha,26,15,3,0,173.33,run out,0,12,46.15,0,0
IPL_2021_039,1,GT,Sai Sudharsan,47,29,2,1,162.07,lbw b Chahal,0,14,29.79,0,0
IPL_2021_039,1,GT,David Miller,32,22,2,1,145.45,c Dhoni b Bumrah,0,14,43.75,0,0
IPL_2021_039,1,GT,Azmatullah Omarzai,35,20,2,1,175.0,b Cummins,0,14,40.0,0,0
IPL_2021_039,1,GT,Rahul Tewatia,30,22,2,1,136.36,lbw b Chahal,0,14,46.67,0,0
IPL_2021_039,2,LSG,KL Rahul,25,20,2,0,125.0,lbw b Chahal,0,8,32.0,0,0
IPL_2021_039,2,LSG,Quinton de Kock,41,24,4,1,170.83,b Cummins,0,22,53.66,0,0
IPL_2021_039,2,LSG,Marcus Stoinis,25,21,2,0,119.05,run out,0,8,32.0,0,0
IPL_2021_039,2,LSG,Nicholas Pooran,43,30,3,2,143.33,c Dhoni b Bumrah,0,24,55.81,0,0
IPL_2021_039,2,LSG,Ayush Badoni,34,25,2,1,136.0,run out,0,14,41.18,0,0
IPL_2021_040,1,SRH,Travis Head,30,21,2,1,142.86,c & b Narine,0,14,46.67,0,0
IPL_2021_040,1,SRH,Abhishek Sharma,29,19,3,1,152.63,run out,0,18,62.07,0,0
IPL_2021_040,1,SRH,Rahul Tripathi,26,18,3,0,144.44,c Dhoni b Bumrah,0,12,46.15,0,0
IPL_2021_040,1,SRH,Aiden Markram,39,28,3,2,139.29,b Cummins,0,24,61.54,0,0
IPL_2021_040,1,SRH,Heinrich Klaasen,40,33,3,1,121.21,lbw b Chahal,0,18,45.0,0,0
IPL_2021_040,1,SRH,Nitish Kumar Reddy,1,1,0,0,100.0,not out,1,0,0.0,0,0
IPL_2021_040,2,RCB,Faf du Plessis,24,17,1,0,141.18,c Dhoni b Bumrah,0,4,16.67,0,0
IPL_2021_040,2,RCB,Virat Kohli,20,15,1,1,133.33,c Dhoni b Bumrah,0,10,50.0,0,0
IPL_2021_040,2,RCB,Will Jacks,20,14,1,1,142.86,b Cummins,0,10,50.0,0,0
IPL_2021_040,2,RCB,Rajat Patidar,53,37,3,3,143.24,c Dhoni b Bumrah,0,30,56.6,1,0
IPL_2021_040,2,RCB,Glenn Maxwell,48,27,4,3,177.78,lbw b Chahal,0,34,70.83,0,0
IPL_2021_040,2,RCB,Cameron Green,16,10,1,1,160.0,not out,1,10,62.5,0,0
IPL_2021_041,1,SRH,Travis Head,51,30,4,1,170.0,run out,0,22,43.14,1,0
IPL_2021_041,1,SRH,Abhishek Sharma,25,16,1,1,156.25,c Dhoni b Bumrah,0,10,40.0,0,0
IPL_2021_041,1,SRH,Rahul Tripathi,51,38,1,3,134.21,run out,0,22,43.14,1,0
IPL_2021_041,1,SRH,Aiden Markram,20,11,2,0,181.82,lbw b Chahal,0,8,40.0,0,0
IPL_2021_041,1,SRH,Heinrich Klaasen,23,18,2,1,127.78,run out,0,14,60.87,0,0
IPL_2021_041,1,SRH,Nitish Kumar Reddy,9,7,0,0,128.57,not out,1,0,0.0,0,0
IPL_2021_041,2,RR,Yashasvi Jaiswal,48,32,2,1,150.0,lbw b Chahal,0,14,29.17,0,0
IPL_2021_041,2,RR,Jos Buttler,25,18,1,0,138.89,b Cummins,0,4,16.0,0,0
IPL_2021_041,2,RR,Sanju Samson,28,20,2,1,140.0,c & b Narine,0,14,50.0,0,0
IPL_2021_041,2,RR,Riyan Parag,11,9,0,0,122.22,c Dhoni b Bumrah,0,0,0.0,0,0
IPL_2021_041,2,RR,Dhruv Jurel,23,13,2,1,176.92,b Cummins,0,14,60.87,0,0
IPL_2021_041,2,RR,Shimron Hetmyer,51,28,4,2,182.14,not out,1,28,54.9,1,0
IPL_2021_042,1,DC,David Warner,13,11,0,0,118.18,lbw b Chahal,0,0,0.0,0,0
IPL_2021_042,1,DC,Prithvi Shaw,37,32,2,2,115.62,c & b Narine,0,20,54.05,0,0
IPL_2021_042,1,DC,Jake Fraser-McGurk,24,16,2,0,150.0,run out,0,8,33.33,0,0
IPL_2021_042,1,DC,Rishabh Pant,46,35,2,2,131.43,c & b Narine,0,20,43.48,0,0
IPL_2021_042,1,DC,Tristan Stubbs,28,16,2,1,175.0,lbw b Chahal,0,14,50.0,0,0
IPL_2021_042,1,DC,Axar Patel,13,10,1,0,130.0,lbw b Chahal,0,4,30.77,0,0
IPL_2021_042,2,SRH,Travis Head,33,19,2,1,173.68,lbw b Chahal,0,14,42.42,0,0
IPL_2021_042,2,SRH,Abhishek Sharma,27,19,3,0,142.11,c Dhoni b Bumrah,0,12,44.44,0,0
IPL_2021_042,2,SRH,Rahul Tripathi,13,8,1,0,162.5,run out,0,4,30.77,0,0
IPL_2021_042,2,SRH,Aiden Markram,34,23,3,1,147.83,b Cummins,0,18,52.94,0,0
IPL_2021_042,2,SRH,Heinrich Klaasen,19,14,0,1,135.71,b Cummins,0,6,31.58,0,0
IPL_2021_042,2,SRH,Nitish Kumar Reddy,22,13,1,0,169.23,b Cummins,0,4,18.18,0,0
IPL_2021_042,2,SRH,Abdul Samad,17,14,0,0,121.43,b Cummins,0,0,0.0,0,0
IPL_2021_043,1,PBKS,Shikhar Dhawan,45,36,3,1,125.0,c & b Narine,0,18,40.0,0,0
IPL_2021_043,1,PBKS,Jonny Bairstow,17,10,1,0,170.0,c & b Narine,0,4,23.53,0,0
IPL_2021_043,1,PBKS,Prabhsimran Singh,43,29,3,2,148.28,b Cummins,0,24,55.81,0,0
IPL_2021_043,1,PBKS,Rilee Rossouw,53,33,2,2,160.61,c Dhoni b Bumrah,0,20,37.74,1,0
IPL_2021_043,1,PBKS,Sam Curran,22,12,1,1,183.33,c & b Narine,0,10,45.45,0,0
IPL_2021_043,2,CSK,Ruturaj Gaikwad,40,34,1,1,117.65,b Cummins,0,10,25.0,0,0
IPL_2021_043,2,CSK,Rachin Ravindra,29,17,2,1,170.59,c Dhoni b Bumrah,0,14,48.28,0,0
IPL_2021_043,2,CSK,Ajinkya Rahane,20,15,1,0,133.33,c & b Narine,0,4,20.0,0,0
IPL_2021_043,2,CSK,Daryl Mitchell,37,26,3,1,142.31,lbw b Chahal,0,18,48.65,0,0
IPL_2021_043,2,CSK,Shivam Dube,20,16,2,0,125.0,c Dhoni b Bumrah,0,8,40.0,0,0
IPL_2021_043,2,CSK,Ravindra Jadeja,19,12,1,0,158.33,c & b Narine,0,4,21.05,0,0
IPL_2021_044,1,CSK,Ruturaj Gaikwad,44,33,3,2,133.33,c Dhoni b Bumrah,0,24,54.55,0,0
IPL_2021_044,1,CSK,Rachin Ravindra,25,15,1,1,166.67,c Dhoni b Bumrah,0,10,40.0,0,0
IPL_2021_044,1,CSK,Ajinkya Rahane,29,22,1,1,131.82,c Dhoni b Bumrah,0,10,34.48,0,0
IPL_2021_044,1,CSK,Daryl Mitchell,55,37,2,3,148.65,b Cummins,0,26,47.27,1,0
IPL_2021_044,1,CSK,Shivam Dube,23,13,1,0,176.92,b Cummins,0,4,17.39,0,0
IPL_2021_044,2,RR,Yashasvi Jaiswal,40,22,2,1,181.82,lbw b Chahal,0,14,35.0,0,0
IPL_2021_044,2,RR,Jos Buttler,46,31,3,2,148.39,b Cummins,0,24,52.17,0,0
IPL_2021_044,2,RR,Sanju Samson,45,34,4,1,132.35,c & b Narine,0,22,48.89,0,0
IPL_2021_044,2,RR,Riyan Parag,39,27,1,2,144.44,b Cummins,0,16,41.03,0,0
IPL_2021_044,2,RR,Dhruv Jurel,7,6,0,0,116.67,not out,1,0,0.0,0,0
IPL_2021_045,1,CSK,Ruturaj Gaikwad,48,36,2,1,133.33,c Dhoni b Bumrah,0,14,29.17,0,0
IPL_2021_045,1,CSK,Rachin Ravindra,29,18,1,1,161.11,b Cummins,0,10,34.48,0,0
IPL_2021_045,1,CSK,Ajinkya Rahane,54,31,4,1,174.19,b Cummins,0,22,40.74,1,0
IPL_2021_045,1,CSK,Daryl Mitchell,43,28,2,2,153.57,c & b Narine,0,20,46.51,0,0
IPL_2021_045,1,CSK,Shivam Dube,10,7,0,0,142.86,not out,1,0,0.0,0,0
IPL_2021_045,2,SRH,Travis Head,60,36,2,3,166.67,run out,0,26,43.33,1,0
IPL_2021_045,2,SRH,Abhishek Sharma,37,31,1,2,119.35,c Dhoni b Bumrah,0,16,43.24,0,0
IPL_2021_045,2,SRH,Rahul Tripathi,54,37,3,2,145.95,b Cummins,0,24,44.44,1,0
IPL_2021_045,2,SRH,Aiden Markram,22,16,1,0,137.5,b Cummins,0,4,18.18,0,0
IPL_2021_046,1,CSK,Ruturaj Gaikwad,22,16,2,1,137.5,lbw b Chahal,0,14,63.64,0,0
IPL_2021_046,1,CSK,Rachin Ravindra,26,15,1,1,173.33,lbw b Chahal,0,10,38.46,0,0
IPL_2021_046,1,CSK,Ajinkya Rahane,40,29,2,1,137.93,lbw b Chahal,0,14,35.0,0,0
IPL_2021_046,1,CSK,Daryl Mitchell,44,24,2,2,183.33,c Dhoni b Bumrah,0,20,45.45,0,0
IPL_2021_046,1,CSK,Shivam Dube,27,16,1,1,168.75,run out,0,10,37.04,0,0
IPL_2021_046,1,CSK,Ravindra Jadeja,15,9,1,0,166.67,b Cummins,0,4,26.67,0,0
IPL_2021_046,1,CSK,MS Dhoni,13,11,1,0,118.18,not out,1,4,30.77,0,0
IPL_2021_046,2,RR,Yashasvi Jaiswal,45,38,3,2,118.42,run out,0,24,53.33,0,0
IPL_2021_046,2,RR,Jos Buttler,29,23,2,1,126.09,b Cummins,0,14,48.28,0,0
IPL_2021_046,2,RR,Sanju Samson,14,12,0,0,116.67,lbw b Chahal,0,0,0.0,0,0
IPL_2021_046,2,RR,Riyan Parag,35,25,1,1,140.0,c & b Narine,0,10,28.57,0,0
IPL_2021_046,2,RR,Dhruv Jurel,29,22,2,1,131.82,lbw b Chahal,0,14,48.28,0,0
IPL_2021_047,1,MI,Rohit Sharma,16,9,0,0,177.78,run out,0,0,0.0,0,0
IPL_2021_047,1,MI,Ishan Kishan,35,21,2,1,166.67,c Dhoni b Bumrah,0,14,40.0,0,0
IPL_2021_047,1,MI,Suryakumar Yadav,28,22,1,1,127.27,b Cummins,0,10,35.71,0,0
IPL_2021_047,1,MI,Tilak Varma,19,13,2,0,146.15,b Cummins,0,8,42.11,0,0
IPL_2021_047,1,MI,Hardik Pandya,38,28,1,1,135.71,run out,0,10,26.32,0,0
IPL_2021_047,1,MI,Tim David,35,23,1,2,152.17,c & b Narine,0,16,45.71,0,0
IPL_2021_047,1,MI,Romario Shepherd,5,4,0,0,125.0,c & b Narine,0,0,0.0,0,0
IPL_2021_047,2,LSG,KL Rahul,18,14,1,1,128.57,c & b Narine,0,10,55.56,0,0
IPL_2021_047,2,LSG,Quinton de Kock,58,35,3,2,165.71,c & b Narine,0,24,41.38,1,0
IPL_2021_047,2,LSG,Marcus Stoinis,26,20,3,0,130.0,lbw b Chahal,0,12,46.15,0,0
IPL_2021_047,2,LSG,Nicholas Pooran,47,26,3,2,180.77,b Cummins,0,24,51.06,0,0
IPL_2021_047,2,LSG,Ayush Badoni,33,25,1,1,132.0,lbw b Chahal,0,10,30.3,0,0
IPL_2021_048,1,RCB,Faf du Plessis,30,23,2,1,130.43,run out,0,14,46.67,0,0
IPL_2021_048,1,RCB,Virat Kohli,32,26,2,2,123.08,b Cummins,0,20,62.5,0,0
IPL_2021_048,1,RCB,Will Jacks,54,31,3,2,174.19,lbw b Chahal,0,24,44.44,1,0
IPL_2021_048,1,RCB,Rajat Patidar,24,17,2,0,141.18,lbw b Chahal,0,8,33.33,0,0
IPL_2021_048,1,RCB,Glenn Maxwell,38,23,4,1,165.22,run out,0,22,57.89,0,0
IPL_2021_048,2,DC,David Warner,51,37,5,2,137.84,lbw b Chahal,0,32,62.75,1,0
IPL_2021_048,2,DC,Prithvi Shaw,49,31,3,1,158.06,c & b Narine,0,18,36.73,0,0
IPL_2021_048,2,DC,Jake Fraser-McGurk,29,17,2,0,170.59,b Cummins,0,8,27.59,0,0
IPL_2021_048,2,DC,Rishabh Pant,26,18,1,1,144.44,lbw b Chahal,0,10,38.46,0,0
IPL_2021_048,2,DC,Tristan Stubbs,25,17,1,1,147.06,lbw b Chahal,0,10,40.0,0,0
IPL_2021_049,1,RCB,Faf du Plessis,62,38,4,3,163.16,lbw b Chahal,0,34,54.84,1,0
IPL_2021_049,1,RCB,Virat Kohli,19,14,1,1,135.71,b Cummins,0,10,52.63,0,0
IPL_2021_049,1,RCB,Will Jacks,50,34,2,3,147.06,run out,0,26,52.0,1,0
IPL_2021_049,1,RCB,Rajat Patidar,44,25,3,2,176.0,c Dhoni b Bumrah,0,24,54.55,0,0
IPL_2021_049,1,RCB,Glenn Maxwell,11,9,1,0,122.22,lbw b Chahal,0,4,36.36,0,0
IPL_2021_049,2,CSK,Ruturaj Gaikwad,12,10,1,0,120.0,c Dhoni b Bumrah,0,4,33.33,0,0
IPL_2021_049,2,CSK,Rachin Ravindra,33,27,3,1,122.22,lbw b Chahal,0,18,54.55,0,0
IPL_2021_049,2,CSK,Ajinkya Rahane,42,31,1,1,135.48,c Dhoni b Bumrah,0,10,23.81,0,0
IPL_2021_049,2,CSK,Daryl Mitchell,21,12,1,1,175.0,lbw b Chahal,0,10,47.62,0,0
IPL_2021_049,2,CSK,Shivam Dube,49,38,3,1,128.95,b Cummins,0,18,36.73,0,0
IPL_2021_049,2,CSK,Ravindra Jadeja,3,2,0,0,150.0,lbw b Chahal,0,0,0.0,0,0
IPL_2021_050,1,KKR,Phil Salt,51,35,2,2,145.71,c Dhoni b Bumrah,0,20,39.22,1,0
IPL_2021_050,1,KKR,Sunil Narine,16,10,1,0,160.0,c Dhoni b Bumrah,0,4,25.0,0,0
IPL_2021_050,1,KKR,Venkatesh Iyer,35,20,1,2,175.0,run out,0,16,45.71,0,0
IPL_2021_050,1,KKR,Shreyas Iyer,21,16,1,0,131.25,run out,0,4,19.05,0,0
IPL_2021_050,1,KKR,Rinku Singh,12,8,1,0,150.0,c Dhoni b Bumrah,0,4,33.33,0,0
IPL_2021_050,1,KKR,Andre Russell,39,31,1,2,125.81,run out,0,16,41.03,0,0
IPL_2021_050,2,MI,Rohit Sharma,12,10,0,0,120.0,c Dhoni b Bumrah,0,0,0.0,0,0
IPL_2021_050,2,MI,Ishan Kishan,31,26,2,1,119.23,lbw b Chahal,0,14,45.16,0,0
IPL_2021_050,2,MI,Suryakumar Yadav,17,13,0,0,130.77,run out,0,0,0.0,0,0
IPL_2021_050,2,MI,Tilak Varma,38,32,4,0,118.75,run out,0,16,42.11,0,0
IPL_2021_050,2,MI,Hardik Pandya,27,21,2,0,128.57,run out,0,8,29.63,0,0
IPL_2021_050,2,MI,Tim David,18,10,0,1,180.0,c & b Narine,0,6,33.33,0,0
IPL_2021_050,2,MI,Romario Shepherd,13,8,1,0,162.5,not out,1,4,30.77,0,0
IPL_2021_051,1,RCB,Faf du Plessis,69,38,2,3,181.58,c Dhoni b Bumrah,0,26,37.68,1,0
IPL_2021_051,1,RCB,Virat Kohli,54,31,6,1,174.19,b Cummins,0,30,55.56,1,0
IPL_2021_051,1,RCB,Will Jacks,38,21,3,1,180.95,lbw b Chahal,0,18,47.37,0,0
IPL_2021_051,1,RCB,Rajat Patidar,49,27,4,2,181.48,run out,0,28,57.14,0,0
IPL_2021_051,1,RCB,Glenn Maxwell,4,3,0,0,133.33,c Dhoni b Bumrah,0,0,0.0,0,0
IPL_2021_051,2,PBKS,Shikhar Dhawan,31,26,3,0,119.23,c Dhoni b Bumrah,0,12,38.71,0,0
IPL_2021_051,2,PBKS,Jonny Bairstow,51,29,3,2,175.86,lbw b Chahal,0,24,47.06,1,0
IPL_2021_051,2,PBKS,Prabhsimran Singh,57,38,5,1,150.0,c Dhoni b Bumrah,0,26,45.61,1,0
IPL_2021_051,2,PBKS,Rilee Rossouw,49,27,4,2,181.48,lbw b Chahal,0,28,57.14,0,0
IPL_2021_052,1,GT,Shubman Gill,62,37,7,1,167.57,c & b Narine,0,34,54.84,1,0
IPL_2021_052,1,GT,Wriddhiman Saha,63,36,4,1,175.0,c & b Narine,0,22,34.92,1,0
IPL_2021_052,1,GT,Sai Sudharsan,15,10,1,0,150.0,c & b Narine,0,4,26.67,0,0
IPL_2021_052,1,GT,David Miller,33,20,2,1,165.0,b Cummins,0,14,42.42,0,0
IPL_2021_052,1,GT,Azmatullah Omarzai,24,17,1,0,141.18,c & b Narine,0,4,16.67,0,0
IPL_2021_052,2,KKR,Phil Salt,39,26,1,1,150.0,c Dhoni b Bumrah,0,10,25.64,0,0
IPL_2021_052,2,KKR,Sunil Narine,31,26,3,1,119.23,c & b Narine,0,18,58.06,0,0
IPL_2021_052,2,KKR,Venkatesh Iyer,36,22,3,1,163.64,run out,0,18,50.0,0,0
IPL_2021_052,2,KKR,Shreyas Iyer,22,15,2,0,146.67,c & b Narine,0,8,36.36,0,0
IPL_2021_052,2,KKR,Rinku Singh,53,31,3,1,170.97,b Cummins,0,18,33.96,1,0
IPL_2021_053,1,DC,David Warner,23,15,3,0,153.33,c & b Narine,0,12,52.17,0,0
IPL_2021_053,1,DC,Prithvi Shaw,16,12,1,0,133.33,c Dhoni b Bumrah,0,4,25.0,0,0
IPL_2021_053,1,DC,Jake Fraser-McGurk,57,35,3,3,162.86,c & b Narine,0,30,52.63,1,0
IPL_2021_053,1,DC,Rishabh Pant,51,34,4,1,150.0,b Cummins,0,22,43.14,1,0
IPL_2021_053,1,DC,Tristan Stubbs,36,24,4,1,150.0,b Cummins,0,22,61.11,0,0
IPL_2021_053,2,GT,Shubman Gill,45,27,4,1,166.67,c Dhoni b Bumrah,0,22,48.89,0,0
IPL_2021_053,2,GT,Wriddhiman Saha,27,21,2,1,128.57,run out,0,14,51.85,0,0
IPL_2021_053,2,GT,Sai Sudharsan,26,21,1,1,123.81,lbw b Chahal,0,10,38.46,0,0
IPL_2021_053,2,GT,David Miller,44,31,2,1,141.94,b Cummins,0,14,31.82,0,0
IPL_2021_053,2,GT,Azmatullah Omarzai,10,9,1,0,111.11,run out,0,4,40.0,0,0
IPL_2021_053,2,GT,Rahul Tewatia,17,11,0,0,154.55,lbw b Chahal,0,0,0.0,0,0
IPL_2021_054,1,GT,Shubman Gill,50,30,3,3,166.67,b Cummins,0,30,60.0,1,0
IPL_2021_054,1,GT,Wriddhiman Saha,42,30,1,2,140.0,run out,0,16,38.1,0,0
IPL_2021_054,1,GT,Sai Sudharsan,54,34,4,1,158.82,run out,0,22,40.74,1,0
IPL_2021_054,1,GT,David Miller,40,26,3,1,153.85,c Dhoni b Bumrah,0,18,45.0,0,0
IPL_2021_054,2,MI,Rohit Sharma,40,22,2,1,181.82,c Dhoni b Bumrah,0,14,35.0,0,0
IPL_2021_054,2,MI,Ishan Kishan,41,27,4,1,151.85,b Cummins,0,22,53.66,0,0
IPL_2021_054,2,MI,Suryakumar Yadav,19,11,1,0,172.73,c & b Narine,0,4,21.05,0,0
IPL_2021_054,2,MI,Tilak Varma,27,23,2,1,117.39,lbw b Chahal,0,14,51.85,0,0
IPL_2021_054,2,MI,Hardik Pandya,58,37,5,1,156.76,lbw b Chahal,0,26,44.83,1,0
IPL_2021_055,1,KKR,Phil Salt,36,26,2,2,138.46,c Dhoni b Bumrah,0,20,55.56,0,0
IPL_2021_055,1,KKR,Sunil Narine,19,14,0,1,135.71,lbw b Chahal,0,6,31.58,0,0
IPL_2021_055,1,KKR,Venkatesh Iyer,57,33,2,1,172.73,lbw b Chahal,0,14,24.56,1,0
IPL_2021_055,1,KKR,Shreyas Iyer,29,17,1,1,170.59,lbw b Chahal,0,10,34.48,0,0
IPL_2021_055,1,KKR,Rinku Singh,34,20,2,1,170.0,lbw b Chahal,0,14,41.18,0,0
IPL_2021_055,1,KKR,Andre Russell,17,10,0,1,170.0,run out,0,6,35.29,0,0
IPL_2021_055,2,LSG,KL Rahul,24,17,2,1,141.18,run out,0,14,58.33,0,0
IPL_2021_055,2,LSG,Quinton de Kock,49,35,3,1,140.0,c & b Narine,0,18,36.73,0,0
IPL_2021_055,2,LSG,Marcus Stoinis,24,16,2,0,150.0,lbw b Chahal,0,8,33.33,0,0
IPL_2021_055,2,LSG,Nicholas Pooran,23,17,2,0,135.29,b Cummins,0,8,34.78,0,0
IPL_2021_055,2,LSG,Ayush Badoni,49,35,3,2,140.0,run out,0,24,48.98,0,0
IPL_2021_056,1,GT,Shubman Gill,51,28,4,1,182.14,run out,0,22,43.14,1,0
IPL_2021_056,1,GT,Wriddhiman Saha,15,11,1,0,136.36,run out,0,4,26.67,0,0
IPL_2021_056,1,GT,Sai Sudharsan,34,21,2,1,161.9,run out,0,14,41.18,0,0
IPL_2021_056,1,GT,David Miller,59,37,3,2,159.46,run out,0,24,40.68,1,0
IPL_2021_056,1,GT,Azmatullah Omarzai,13,9,1,0,144.44,c & b Narine,0,4,30.77,0,0
IPL_2021_056,1,GT,Rahul Tewatia,20,14,1,0,142.86,not out,1,4,20.0,0,0
IPL_2021_056,2,SRH,Travis Head,47,33,4,2,142.42,run out,0,28,59.57,0,0
IPL_2021_056,2,SRH,Abhishek Sharma,42,34,3,2,123.53,c Dhoni b Bumrah,0,24,57.14,0,0
IPL_2021_056,2,SRH,Rahul Tripathi,38,23,4,1,165.22,b Cummins,0,22,57.89,0,0
IPL_2021_056,2,SRH,Aiden Markram,26,21,2,1,123.81,run out,0,14,53.85,0,0
IPL_2021_056,2,SRH,Heinrich Klaasen,12,9,1,0,133.33,not out,1,4,33.33,0,0
IPL_2021_057,1,PBKS,Shikhar Dhawan,19,12,0,1,158.33,run out,0,6,31.58,0,0
IPL_2021_057,1,PBKS,Jonny Bairstow,27,18,2,1,150.0,run out,0,14,51.85,0,0
IPL_2021_057,1,PBKS,Prabhsimran Singh,27,21,3,0,128.57,b Cummins,0,12,44.44,0,0
IPL_2021_057,1,PBKS,Rilee Rossouw,10,8,1,0,125.0,run out,0,4,40.0,0,0
IPL_2021_057,1,PBKS,Sam Curran,27,22,2,1,122.73,c Dhoni b Bumrah,0,14,51.85,0,0
IPL_2021_057,1,PBKS,Jitesh Sharma,38,23,2,1,165.22,lbw b Chahal,0,14,36.84,0,0
IPL_2021_057,1,PBKS,Shashank Singh,27,16,1,1,168.75,not out,1,10,37.04,0,0
IPL_2021_057,2,RCB,Faf du Plessis,29,25,1,1,116.0,c Dhoni b Bumrah,0,10,34.48,0,0
IPL_2021_057,2,RCB,Virat Kohli,41,25,3,2,164.0,c Dhoni b Bumrah,0,24,58.54,0,0
IPL_2021_057,2,RCB,Will Jacks,16,14,1,0,114.29,lbw b Chahal,0,4,25.0,0,0
IPL_2021_057,2,RCB,Rajat Patidar,13,9,1,0,144.44,b Cummins,0,4,30.77,0,0
IPL_2021_057,2,RCB,Glenn Maxwell,43,26,4,1,165.38,c & b Narine,0,22,51.16,0,0
IPL_2021_057,2,RCB,Cameron Green,29,21,2,1,138.1,c Dhoni b Bumrah,0,14,48.28,0,0
IPL_2021_058,1,RCB,Faf du Plessis,33,23,1,1,143.48,c & b Narine,0,10,30.3,0,0
IPL_2021_058,1,RCB,Virat Kohli,26,16,2,1,162.5,c & b Narine,0,14,53.85,0,0
IPL_2021_058,1,RCB,Will Jacks,13,8,1,0,162.5,c & b Narine,0,4,30.77,0,0
IPL_2021_058,1,RCB,Rajat Patidar,23,20,2,0,115.0,lbw b Chahal,0,8,34.78,0,0
IPL_2021_058,1,RCB,Glenn Maxwell,11,9,0,0,122.22,c Dhoni b Bumrah,0,0,0.0,0,0
IPL_2021_058,1,RCB,Cameron Green,26,17,2,1,152.94,run out,0,14,53.85,0,0
IPL_2021_058,1,RCB,Dinesh Karthik,24,17,1,1,141.18,lbw b Chahal,0,10,41.67,0,0
IPL_2021_058,1,RCB,Mahipal Lomror,15,10,1,0,150.0,not out,1,4,26.67,0,0
IPL_2021_058,2,GT,Shubman Gill,36,23,2,2,156.52,c Dhoni b Bumrah,0,20,55.56,0,0
IPL_2021_058,2,GT,Wriddhiman Saha,16,14,1,0,114.29,c & b Narine,0,4,25.0,0,0
IPL_2021_058,2,GT,Sai Sudharsan,10,8,0,0,125.0,lbw b Chahal,0,0,0.0,0,0
IPL_2021_058,2,GT,David Miller,20,14,2,0,142.86,c Dhoni b Bumrah,0,8,40.0,0,0
IPL_2021_058,2,GT,Azmatullah Omarzai,15,12,1,0,125.0,c & b Narine,0,4,26.67,0,0
IPL_2021_058,2,GT,Rahul Tewatia,11,8,0,0,137.5,run out,0,0,0.0,0,0
IPL_2021_058,2,GT,Rashid Khan,16,11,1,0,145.45,lbw b Chahal,0,4,25.0,0,0
IPL_2021_058,2,GT,Shahrukh Khan,52,30,3,3,173.33,not out,1,30,57.69,1,0
IPL_2021_059,1,DC,David Warner,13,9,0,0,144.44,b Cummins,0,0,0.0,0,0
IPL_2021_059,1,DC,Prithvi Shaw,40,31,2,1,129.03,run out,0,14,35.0,0,0
IPL_2021_059,1,DC,Jake Fraser-McGurk,52,32,4,2,162.5,c & b Narine,0,28,53.85,1,0
IPL_2021_059,1,DC,Rishabh Pant,31,23,1,1,134.78,c & b Narine,0,10,32.26,0,0
IPL_2021_059,1,DC,Tristan Stubbs,30,20,1,1,150.0,b Cummins,0,10,33.33,0,0
IPL_2021_059,1,DC,Axar Patel,6,5,0,0,120.0,lbw b Chahal,0,0,0.0,0,0
IPL_2021_059,2,MI,Rohit Sharma,10,8,1,0,125.0,b Cummins,0,4,40.0,0,0
IPL_2021_059,2,MI,Ishan Kishan,11,10,1,0,110.0,c Dhoni b Bumrah,0,4,36.36,0,0
IPL_2021_059,2,MI,Suryakumar Yadav,26,18,1,0,144.44,run out,0,4,15.38,0,0
IPL_2021_059,2,MI,Tilak Varma,23,14,1,1,164.29,b Cummins,0,10,43.48,0,0
IPL_2021_059,2,MI,Hardik Pandya,45,29,2,2,155.17,c & b Narine,0,20,44.44,0,0
IPL_2021_059,2,MI,Tim David,46,34,4,2,135.29,c Dhoni b Bumrah,0,28,60.87,0,0
IPL_2021_059,2,MI,Romario Shepherd,8,7,0,0,114.29,not out,1,0,0.0,0,0
IPL_2021_060,1,MI,Rohit Sharma,46,33,3,1,139.39,lbw b Chahal,0,18,39.13,0,0
IPL_2021_060,1,MI,Ishan Kishan,50,28,5,2,178.57,c Dhoni b Bumrah,0,32,64.0,1,0
IPL_2021_060,1,MI,Suryakumar Yadav,19,12,1,0,158.33,run out,0,4,21.05,0,0
IPL_2021_060,1,MI,Tilak Varma,19,12,1,1,158.33,lbw b Chahal,0,10,52.63,0,0
IPL_2021_060,1,MI,Hardik Pandya,16,11,2,0,145.45,lbw b Chahal,0,8,50.0,0,0
IPL_2021_060,1,MI,Tim David,35,24,1,1,145.83,c Dhoni b Bumrah,0,10,28.57,0,0
IPL_2021_060,2,DC,David Warner,34,19,1,1,178.95,c Dhoni b Bumrah,0,10,29.41,0,0
IPL_2021_060,2,DC,Prithvi Shaw,40,32,4,1,125.0,c Dhoni b Bumrah,0,22,55.0,0,0
IPL_2021_060,2,DC,Jake Fraser-McGurk,16,11,0,1,145.45,b Cummins,0,6,37.5,0,0
IPL_2021_060,2,DC,Rishabh Pant,38,29,1,2,131.03,c & b Narine,0,16,42.11,0,0
IPL_2021_060,2,DC,Tristan Stubbs,34,27,3,1,125.93,c & b Narine,0,18,52.94,0,0
IPL_2021_060,2,DC,Axar Patel,3,2,0,0,150.0,run out,0,0,0.0,0,0
IPL_2022_001,1,KKR,Phil Salt,44,25,2,1,176.0,c Dhoni b Bumrah,0,14,31.82,0,0
IPL_2022_001,1,KKR,Sunil Narine,40,27,2,2,148.15,lbw b Chahal,0,20,50.0,0,0
IPL_2022_001,1,KKR,Venkatesh Iyer,35,24,3,1,145.83,c & b Narine,0,18,51.43,0,0
IPL_2022_001,1,KKR,Shreyas Iyer,43,28,1,2,153.57,lbw b Chahal,0,16,37.21,0,0
IPL_2022_001,1,KKR,Rinku Singh,15,9,1,0,166.67,run out,0,4,26.67,0,0
IPL_2022_001,1,KKR,Andre Russell,10,7,0,0,142.86,b Cummins,0,0,0.0,0,0
IPL_2022_001,2,PBKS,Shikhar Dhawan,45,33,4,1,136.36,run out,0,22,48.89,0,0
IPL_2022_001,2,PBKS,Jonny Bairstow,40,23,3,2,173.91,b Cummins,0,24,60.0,0,0
IPL_2022_001,2,PBKS,Prabhsimran Singh,16,12,1,1,133.33,c & b Narine,0,10,62.5,0,0
IPL_2022_001,2,PBKS,Rilee Rossouw,36,22,1,2,163.64,b Cummins,0,16,44.44,0,0
IPL_2022_001,2,PBKS,Sam Curran,16,9,1,0,177.78,lbw b Chahal,0,4,25.0,0,0
IPL_2022_001,2,PBKS,Jitesh Sharma,35,21,2,2,166.67,not out,1,20,57.14,0,0
IPL_2022_002,1,DC,David Warner,10,8,0,0,125.0,lbw b Chahal,0,0,0.0,0,0
IPL_2022_002,1,DC,Prithvi Shaw,35,20,2,2,175.0,lbw b Chahal,0,20,57.14,0,0
IPL_2022_002,1,DC,Jake Fraser-McGurk,15,12,0,0,125.0,run out,0,0,0.0,0,0
IPL_2022_002,1,DC,Rishabh Pant,55,38,3,3,144.74,c Dhoni b Bumrah,0,30,54.55,1,0
IPL_2022_002,1,DC,Tristan Stubbs,20,17,1,0,117.65,b Cummins,0,4,20.0,0,0
IPL_2022_002,1,DC,Axar Patel,27,16,2,0,168.75,b Cummins,0,8,29.63,0,0
IPL_2022_002,1,DC,Abishek Porel,11,9,1,0,122.22,not out,1,4,36.36,0,0
IPL_2022_002,2,MI,Rohit Sharma,29,18,1,1,161.11,c Dhoni b Bumrah,0,10,34.48,0,0
IPL_2022_002,2,MI,Ishan Kishan,22,19,1,0,115.79,run out,0,4,18.18,0,0
IPL_2022_002,2,MI,Suryakumar Yadav,21,12,2,0,175.0,b Cummins,0,8,38.1,0,0
IPL_2022_002,2,MI,Tilak Varma,66,38,8,1,173.68,lbw b Chahal,0,38,57.58,1,0
IPL_2022_002,2,MI,Hardik Pandya,42,30,1,2,140.0,run out,0,16,38.1,0,0
IPL_2022_003,1,PBKS,Shikhar Dhawan,23,20,2,0,115.0,c Dhoni b Bumrah,0,8,34.78,0,0
IPL_2022_003,1,PBKS,Jonny Bairstow,49,34,4,2,144.12,c & b Narine,0,28,57.14,0,0
IPL_2022_003,1,PBKS,Prabhsimran Singh,34,27,2,1,125.93,c Dhoni b Bumrah,0,14,41.18,0,0
IPL_2022_003,1,PBKS,Rilee Rossouw,31,23,1,0,134.78,c Dhoni b Bumrah,0,4,12.9,0,0
IPL_2022_003,1,PBKS,Sam Curran,25,16,1,1,156.25,b Cummins,0,10,40.0,0,0
IPL_2022_003,2,SRH,Travis Head,50,30,1,2,166.67,c & b Narine,0,16,32.0,1,0
IPL_2022_003,2,SRH,Abhishek Sharma,17,12,0,1,141.67,c Dhoni b Bumrah,0,6,35.29,0,0
IPL_2022_003,2,SRH,Rahul Tripathi,51,37,3,2,137.84,run out,0,24,47.06,1,0
IPL_2022_003,2,SRH,Aiden Markram,42,26,2,2,161.54,lbw b Chahal,0,20,47.62,0,0
IPL_2022_003,2,SRH,Heinrich Klaasen,18,10,0,1,180.0,c & b Narine,0,6,33.33,0,0
IPL_2022_004,1,KKR,Phil Salt,27,23,1,1,117.39,c & b Narine,0,10,37.04,0,0
IPL_2022_004,1,KKR,Sunil Narine,45,26,4,1,173.08,b Cummins,0,22,48.89,0,0
IPL_2022_004,1,KKR,Venkatesh Iyer,52,35,4,2,148.57,lbw b Chahal,0,28,53.85,1,0
IPL_2022_004,1,KKR,Shreyas Iyer,14,10,1,0,140.0,b Cummins,0,4,28.57,0,0
IPL_2022_004,1,KKR,Rinku Singh,32,19,2,1,168.42,c Dhoni b Bumrah,0,14,43.75,0,0
IPL_2022_004,1,KKR,Andre Russell,11,7,0,0,157.14,lbw b Chahal,0,0,0.0,0,0
IPL_2022_004,2,GT,Shubman Gill,50,30,4,1,166.67,lbw b Chahal,0,22,44.0,1,0
IPL_2022_004,2,GT,Wriddhiman Saha,40,22,1,1,181.82,c & b Narine,0,10,25.0,0,0
IPL_2022_004,2,GT,Sai Sudharsan,21,15,1,1,140.0,c Dhoni b Bumrah,0,10,47.62,0,0
IPL_2022_004,2,GT,David Miller,16,13,0,0,123.08,c Dhoni b Bumrah,0,0,0.0,0,0
IPL_2022_004,2,GT,Azmatullah Omarzai,41,35,2,1,117.14,b Cummins,0,14,34.15,0,0
IPL_2022_004,2,GT,Rahul Tewatia,5,5,0,0,100.0,not out,1,0,0.0,0,0
IPL_2022_005,1,CSK,Ruturaj Gaikwad,44,27,4,2,162.96,lbw b Chahal,0,28,63.64,0,0
IPL_2022_005,1,CSK,Rachin Ravindra,29,19,2,1,152.63,lbw b Chahal,0,14,48.28,0,0
IPL_2022_005,1,CSK,Ajinkya Rahane,36,31,2,2,116.13,c & b Narine,0,20,55.56,0,0
IPL_2022_005,1,CSK,Daryl Mitchell,27,21,2,1,128.57,c Dhoni b Bumrah,0,14,51.85,0,0
IPL_2022_005,1,CSK,Shivam Dube,24,15,2,1,160.0,c Dhoni b Bumrah,0,14,58.33,0,0
IPL_2022_005,1,CSK,Ravindra Jadeja,12,7,1,0,171.43,not out,1,4,33.33,0,0
IPL_2022_005,2,RCB,Faf du Plessis,33,21,1,1,157.14,c & b Narine,0,10,30.3,0,0
IPL_2022_005,2,RCB,Virat Kohli,23,13,2,0,176.92,c & b Narine,0,8,34.78,0,0
IPL_2022_005,2,RCB,Will Jacks,65,38,5,2,171.05,run out,0,32,49.23,1,0
IPL_2022_005,2,RCB,Rajat Patidar,18,14,1,0,128.57,c & b Narine,0,4,22.22,0,0
IPL_2022_005,2,RCB,Glenn Maxwell,39,29,2,1,134.48,not out,1,14,35.9,0,0
IPL_2022_006,1,DC,David Warner,39,22,2,1,177.27,c Dhoni b Bumrah,0,14,35.9,0,0
IPL_2022_006,1,DC,Prithvi Shaw,11,8,1,0,137.5,run out,0,4,36.36,0,0
IPL_2022_006,1,DC,Jake Fraser-McGurk,44,34,2,1,129.41,c Dhoni b Bumrah,0,14,31.82,0,0
IPL_2022_006,1,DC,Rishabh Pant,56,35,6,1,160.0,c & b Narine,0,30,53.57,1,0
IPL_2022_006,1,DC,Tristan Stubbs,33,21,3,1,157.14,c & b Narine,0,18,54.55,0,0
IPL_2022_006,2,SRH,Travis Head,32,24,2,1,133.33,c Dhoni b Bumrah,0,14,43.75,0,0
IPL_2022_006,2,SRH,Abhishek Sharma,21,13,1,1,161.54,c & b Narine,0,10,47.62,0,0
IPL_2022_006,2,SRH,Rahul Tripathi,56,36,3,3,155.56,c Dhoni b Bumrah,0,30,53.57,1,0
IPL_2022_006,2,SRH,Aiden Markram,37,29,3,1,127.59,lbw b Chahal,0,18,48.65,0,0
IPL_2022_006,2,SRH,Heinrich Klaasen,29,18,1,1,161.11,not out,1,10,34.48,0,0
IPL_2022_007,1,DC,David Warner,28,18,3,0,155.56,run out,0,12,42.86,0,0
IPL_2022_007,1,DC,Prithvi Shaw,42,33,3,2,127.27,c & b Narine,0,24,57.14,0,0
IPL_2022_007,1,DC,Jake Fraser-McGurk,12,11,0,0,109.09,b Cummins,0,0,0.0,0,0
IPL_2022_007,1,DC,Rishabh Pant,15,13,0,0,115.38,c & b Narine,0,0,0.0,0,0
IPL_2022_007,1,DC,Tristan Stubbs,14,11,1,0,127.27,c Dhoni b Bumrah,0,4,28.57,0,0
IPL_2022_007,1,DC,Axar Patel,41,27,3,1,151.85,run out,0,18,43.9,0,0
IPL_2022_007,1,DC,Abishek Porel,10,7,0,0,142.86,not out,1,0,0.0,0,0
IPL_2022_007,2,GT,Shubman Gill,25,18,1,0,138.89,b Cummins,0,4,16.0,0,0
IPL_2022_007,2,GT,Wriddhiman Saha,15,13,1,0,115.38,b Cummins,0,4,26.67,0,0
IPL_2022_007,2,GT,Sai Sudharsan,40,25,1,1,160.0,run out,0,10,25.0,0,0
IPL_2022_007,2,GT,David Miller,40,31,3,1,129.03,b Cummins,0,18,45.0,0,0
IPL_2022_007,2,GT,Azmatullah Omarzai,59,33,5,2,178.79,run out,0,32,54.24,1,0
IPL_2022_008,1,MI,Rohit Sharma,26,17,1,1,152.94,lbw b Chahal,0,10,38.46,0,0
IPL_2022_008,1,MI,Ishan Kishan,44,30,4,1,146.67,c Dhoni b Bumrah,0,22,50.0,0,0
IPL_2022_008,1,MI,Suryakumar Yadav,28,20,2,1,140.0,lbw b Chahal,0,14,50.0,0,0
IPL_2022_008,1,MI,Tilak Varma,39,26,4,1,150.0,b Cummins,0,22,56.41,0,0
IPL_2022_008,1,MI,Hardik Pandya,30,21,1,1,142.86,c & b Narine,0,10,33.33,0,0
IPL_2022_008,1,MI,Tim David,7,6,0,0,116.67,not out,1,0,0.0,0,0
IPL_2022_008,2,RCB,Faf du Plessis,13,8,1,0,162.5,c Dhoni b Bumrah,0,4,30.77,0,0
IPL_2022_008,2,RCB,Virat Kohli,14,12,0,0,116.67,lbw b Chahal,0,0,0.0,0,0
IPL_2022_008,2,RCB,Will Jacks,50,30,2,2,166.67,lbw b Chahal,0,20,40.0,1,0
IPL_2022_008,2,RCB,Rajat Patidar,29,23,1,1,126.09,b Cummins,0,10,34.48,0,0
IPL_2022_008,2,RCB,Glenn Maxwell,35,26,2,2,134.62,c Dhoni b Bumrah,0,20,57.14,0,0
IPL_2022_008,2,RCB,Cameron Green,38,21,3,1,180.95,c & b Narine,0,18,47.37,0,0
IPL_2022_009,1,GT,Shubman Gill,27,17,2,1,158.82,lbw b Chahal,0,14,51.85,0,0
IPL_2022_009,1,GT,Wriddhiman Saha,12,9,0,0,133.33,b Cummins,0,0,0.0,0,0
IPL_2022_009,1,GT,Sai Sudharsan,20,14,1,0,142.86,c Dhoni b Bumrah,0,4,20.0,0,0
IPL_2022_009,1,GT,David Miller,14,11,1,0,127.27,b Cummins,0,4,28.57,0,0
IPL_2022_009,1,GT,Azmatullah Omarzai,10,8,1,0,125.0,c & b Narine,0,4,40.0,0,0
IPL_2022_009,1,GT,Rahul Tewatia,17,11,2,0,154.55,lbw b Chahal,0,8,47.06,0,0
IPL_2022_009,1,GT,Rashid Khan,36,30,3,1,120.0,lbw b Chahal,0,18,50.0,0,0
IPL_2022_009,1,GT,Shahrukh Khan,10,9,0,0,111.11,run out,0,0,0.0,0,0
IPL_2022_009,1,GT,Mohit Sharma,16,11,1,0,145.45,not out,1,4,25.0,0,0
IPL_2022_009,2,MI,Rohit Sharma,48,38,5,1,126.32,run out,0,26,54.17,0,0
IPL_2022_009,2,MI,Ishan Kishan,13,8,1,0,162.5,c Dhoni b Bumrah,0,4,30.77,0,0
IPL_2022_009,2,MI,Suryakumar Yadav,20,15,1,1,133.33,lbw b Chahal,0,10,50.0,0,0
IPL_2022_009,2,MI,Tilak Varma,24,17,1,1,141.18,c Dhoni b Bumrah,0,10,41.67,0,0
IPL_2022_009,2,MI,Hardik Pandya,26,17,2,0,152.94,b Cummins,0,8,30.77,0,0
IPL_2022_009,2,MI,Tim David,41,24,2,1,170.83,not out,1,14,34.15,0,0
IPL_2022_010,1,RCB,Faf du Plessis,16,13,1,0,123.08,c & b Narine,0,4,25.0,0,0
IPL_2022_010,1,RCB,Virat Kohli,22,14,2,0,157.14,lbw b Chahal,0,8,36.36,0,0
IPL_2022_010,1,RCB,Will Jacks,10,8,1,0,125.0,run out,0,4,40.0,0,0
IPL_2022_010,1,RCB,Rajat Patidar,26,22,1,1,118.18,lbw b Chahal,0,10,38.46,0,0
IPL_2022_010,1,RCB,Glenn Maxwell,52,35,6,1,148.57,lbw b Chahal,0,30,57.69,1,0
IPL_2022_010,1,RCB,Cameron Green,46,28,4,2,164.29,c & b Narine,0,28,60.87,0,0
IPL_2022_010,2,LSG,KL Rahul,48,29,3,3,165.52,c & b Narine,0,30,62.5,0,0
IPL_2022_010,2,LSG,Quinton de Kock,44,27,3,2,162.96,c Dhoni b Bumrah,0,24,54.55,0,0
IPL_2022_010,2,LSG,Marcus Stoinis,29,17,3,0,170.59,c & b Narine,0,12,41.38,0,0
IPL_2022_010,2,LSG,Nicholas Pooran,31,24,3,0,129.17,lbw b Chahal,0,12,38.71,0,0
IPL_2022_010,2,LSG,Ayush Badoni,26,16,1,1,162.5,lbw b Chahal,0,10,38.46,0,0
IPL_2022_011,1,GT,Shubman Gill,15,9,1,0,166.67,run out,0,4,26.67,0,0
IPL_2022_011,1,GT,Wriddhiman Saha,15,10,1,0,150.0,lbw b Chahal,0,4,26.67,0,0
IPL_2022_011,1,GT,Sai Sudharsan,66,38,4,2,173.68,c Dhoni b Bumrah,0,28,42.42,1,0
IPL_2022_011,1,GT,David Miller,64,38,4,3,168.42,c & b Narine,0,34,53.12,1,0
IPL_2022_011,1,GT,Azmatullah Omarzai,29,25,3,0,116.0,c Dhoni b Bumrah,0,12,41.38,0,0
IPL_2022_011,2,MI,Rohit Sharma,21,12,1,0,175.0,c & b Narine,0,4,19.05,0,0
IPL_2022_011,2,MI,Ishan Kishan,45,25,2,1,180.0,c Dhoni b Bumrah,0,14,31.11,0,0
IPL_2022_011,2,MI,Suryakumar Yadav,27,23,2,1,117.39,c & b Narine,0,14,51.85,0,0
IPL_2022_011,2,MI,Tilak Varma,41,31,2,1,132.26,c & b Narine,0,14,34.15,0,0
IPL_2022_011,2,MI,Hardik Pandya,19,11,1,0,172.73,b Cummins,0,4,21.05,0,0
IPL_2022_011,2,MI,Tim David,32,18,3,1,177.78,not out,1,18,56.25,0,0
IPL_2022_012,1,PBKS,Shikhar Dhawan,43,36,2,1,119.44,run out,0,14,32.56,0,0
IPL_2022_012,1,PBKS,Jonny Bairstow,15,13,1,0,115.38,c & b Narine,0,4,26.67,0,0
IPL_2022_012,1,PBKS,Prabhsimran Singh,30,24,2,1,125.0,b Cummins,0,14,46.67,0,0
IPL_2022_012,1,PBKS,Rilee Rossouw,54,34,2,3,158.82,b Cummins,0,26,48.15,1,0
IPL_2022_012,1,PBKS,Sam Curran,15,10,1,0,150.0,b Cummins,0,4,26.67,0,0
IPL_2022_012,1,PBKS,Jitesh Sharma,4,3,0,0,133.33,not out,1,0,0.0,0,0
IPL_2022_012,2,GT,Shubman Gill,46,28,2,2,164.29,c & b Narine,0,20,43.48,0,0
IPL_2022_012,2,GT,Wriddhiman Saha,22,14,1,1,157.14,c & b Narine,0,10,45.45,0,0
IPL_2022_012,2,GT,Sai Sudharsan,50,35,3,2,142.86,run out,0,24,48.0,1,0
IPL_2022_012,2,GT,David Miller,64,37,5,3,172.97,run out,0,38,59.38,1,0
IPL_2022_013,1,PBKS,Shikhar Dhawan,12,11,0,0,109.09,lbw b Chahal,0,0,0.0,0,0
IPL_2022_013,1,PBKS,Jonny Bairstow,29,25,1,1,116.0,lbw b Chahal,0,10,34.48,0,0
IPL_2022_013,1,PBKS,Prabhsimran Singh,16,10,1,0,160.0,b Cummins,0,4,25.0,0,0
IPL_2022_013,1,PBKS,Rilee Rossouw,47,31,1,3,151.61,c & b Narine,0,22,46.81,0,0
IPL_2022_013,1,PBKS,Sam Curran,14,9,1,0,155.56,c Dhoni b Bumrah,0,4,28.57,0,0
IPL_2022_013,1,PBKS,Jitesh Sharma,49,34,1,2,144.12,not out,1,16,32.65,0,0
IPL_2022_013,2,RCB,Faf du Plessis,32,27,2,1,118.52,c Dhoni b Bumrah,0,14,43.75,0,0
IPL_2022_013,2,RCB,Virat Kohli,24,15,1,0,160.0,b Cummins,0,4,16.67,0,0
IPL_2022_013,2,RCB,Will Jacks,33,28,1,2,117.86,run out,0,16,48.48,0,0
IPL_2022_013,2,RCB,Rajat Patidar,25,14,1,1,178.57,c & b Narine,0,10,40.0,0,0
IPL_2022_013,2,RCB,Glenn Maxwell,25,18,2,0,138.89,c & b Narine,0,8,32.0,0,0
IPL_2022_013,2,RCB,Cameron Green,27,18,1,1,150.0,b Cummins,0,10,37.04,0,0
IPL_2022_014,1,RCB,Faf du Plessis,22,13,2,0,169.23,c Dhoni b Bumrah,0,8,36.36,0,0
IPL_2022_014,1,RCB,Virat Kohli,44,31,4,1,141.94,c Dhoni b Bumrah,0,22,50.0,0,0
IPL_2022_014,1,RCB,Will Jacks,22,19,2,0,115.79,run out,0,8,36.36,0,0
IPL_2022_014,1,RCB,Rajat Patidar,31,23,2,0,134.78,run out,0,8,25.81,0,0
IPL_2022_014,1,RCB,Glenn Maxwell,17,12,1,0,141.67,lbw b Chahal,0,4,23.53,0,0
IPL_2022_014,1,RCB,Cameron Green,35,22,2,1,159.09,run out,0,14,40.0,0,0
IPL_2022_014,2,CSK,Ruturaj Gaikwad,18,16,1,0,112.5,run out,0,4,22.22,0,0
IPL_2022_014,2,CSK,Rachin Ravindra,28,16,1,1,175.0,c Dhoni b Bumrah,0,10,35.71,0,0
IPL_2022_014,2,CSK,Ajinkya Rahane,34,20,1,2,170.0,lbw b Chahal,0,16,47.06,0,0
IPL_2022_014,2,CSK,Daryl Mitchell,40,25,4,1,160.0,lbw b Chahal,0,22,55.0,0,0
IPL_2022_014,2,CSK,Shivam Dube,39,33,2,2,118.18,b Cummins,0,20,51.28,0,0
IPL_2022_014,2,CSK,Ravindra Jadeja,13,10,1,0,130.0,b Cummins,0,4,30.77,0,0
IPL_2022_015,1,PBKS,Shikhar Dhawan,53,33,4,2,160.61,c Dhoni b Bumrah,0,28,52.83,1,0
IPL_2022_015,1,PBKS,Jonny Bairstow,34,20,2,1,170.0,b Cummins,0,14,41.18,0,0
IPL_2022_015,1,PBKS,Prabhsimran Singh,42,25,3,2,168.0,run out,0,24,57.14,0,0
IPL_2022_015,1,PBKS,Rilee Rossouw,48,35,3,2,137.14,c & b Narine,0,24,50.0,0,0
IPL_2022_015,1,PBKS,Sam Curran,10,7,1,0,142.86,lbw b Chahal,0,4,40.0,0,0
IPL_2022_015,2,RCB,Faf du Plessis,31,20,2,1,155.0,b Cummins,0,14,45.16,0,0
IPL_2022_015,2,RCB,Virat Kohli,40,23,1,1,173.91,b Cummins,0,10,25.0,0,0
IPL_2022_015,2,RCB,Will Jacks,53,31,4,2,170.97,c Dhoni b Bumrah,0,28,52.83,1,0
IPL_2022_015,2,RCB,Rajat Patidar,52,38,2,2,136.84,c Dhoni b Bumrah,0,20,38.46,1,0
IPL_2022_015,2,RCB,Glenn Maxwell,14,8,0,0,175.0,not out,1,0,0.0,0,0
IPL_2022_016,1,RCB,Faf du Plessis,60,35,5,2,171.43,c & b Narine,0,32,53.33,1,0
IPL_2022_016,1,RCB,Virat Kohli,25,15,3,0,166.67,run out,0,12,48.0,0,0
IPL_2022_016,1,RCB,Will Jacks,30,18,3,0,166.67,c Dhoni b Bumrah,0,12,40.0,0,0
IPL_2022_016,1,RCB,Rajat Patidar,66,36,5,2,183.33,c & b Narine,0,32,48.48,1,0
IPL_2022_016,1,RCB,Glenn Maxwell,21,16,1,1,131.25,lbw b Chahal,0,10,47.62,0,0
IPL_2022_016,2,RR,Yashasvi Jaiswal,17,12,0,0,141.67,run out,0,0,0.0,0,0
IPL_2022_016,2,RR,Jos Buttler,14,12,1,0,116.67,run out,0,4,28.57,0,0
IPL_2022_016,2,RR,Sanju Samson,18,10,2,0,180.0,c Dhoni b Bumrah,0,8,44.44,0,0
IPL_2022_016,2,RR,Riyan Parag,31,19,3,1,163.16,c Dhoni b Bumrah,0,18,58.06,0,0
IPL_2022_016,2,RR,Dhruv Jurel,17,11,1,0,154.55,run out,0,4,23.53,0,0
IPL_2022_016,2,RR,Shimron Hetmyer,41,24,2,1,170.83,c & b Narine,0,14,34.15,0,0
IPL_2022_016,2,RR,Rovman Powell,23,15,1,1,153.33,c Dhoni b Bumrah,0,10,43.48,0,0
IPL_2022_016,2,RR,Ravichandran Ashwin,19,15,2,0,126.67,lbw b Chahal,0,8,42.11,0,0
IPL_2022_016,2,RR,Trent Boult,3,2,0,0,150.0,not out,1,0,0.0,0,0
IPL_2022_017,1,GT,Shubman Gill,43,28,3,1,153.57,c Dhoni b Bumrah,0,18,41.86,0,0
IPL_2022_017,1,GT,Wriddhiman Saha,33,22,1,2,150.0,b Cummins,0,16,48.48,0,0
IPL_2022_017,1,GT,Sai Sudharsan,13,8,1,0,162.5,c & b Narine,0,4,30.77,0,0
IPL_2022_017,1,GT,David Miller,68,38,3,2,178.95,c Dhoni b Bumrah,0,24,35.29,1,0
IPL_2022_017,1,GT,Azmatullah Omarzai,42,24,1,1,175.0,not out,1,10,23.81,0,0
IPL_2022_017,2,SRH,Travis Head,42,25,2,2,168.0,b Cummins,0,20,47.62,0,0
IPL_2022_017,2,SRH,Abhishek Sharma,25,21,1,1,119.05,c & b Narine,0,10,40.0,0,0
IPL_2022_017,2,SRH,Rahul Tripathi,10,8,1,0,125.0,c & b Narine,0,4,40.0,0,0
IPL_2022_017,2,SRH,Aiden Markram,46,37,2,1,124.32,run out,0,14,30.43,0,0
IPL_2022_017,2,SRH,Heinrich Klaasen,16,13,0,0,123.08,lbw b Chahal,0,0,0.0,0,0
IPL_2022_017,2,SRH,Nitish Kumar Reddy,23,16,1,1,143.75,lbw b Chahal,0,10,43.48,0,0
IPL_2022_018,1,CSK,Ruturaj Gaikwad,58,36,4,2,161.11,c Dhoni b Bumrah,0,28,48.28,1,0
IPL_2022_018,1,CSK,Rachin Ravindra,23,19,2,0,121.05,lbw b Chahal,0,8,34.78,0,0
IPL_2022_018,1,CSK,Ajinkya Rahane,28,16,2,1,175.0,run out,0,14,50.0,0,0
IPL_2022_018,1,CSK,Daryl Mitchell,55,38,2,2,144.74,lbw b Chahal,0,20,36.36,1,0
IPL_2022_018,1,CSK,Shivam Dube,14,11,1,0,127.27,not out,1,4,28.57,0,0
IPL_2022_018,2,RR,Yashasvi Jaiswal,22,17,1,0,129.41,run out,0,4,18.18,0,0
IPL_2022_018,2,RR,Jos Buttler,14,10,1,0,140.0,c Dhoni b Bumrah,0,4,28.57,0,0
IPL_2022_018,2,RR,Sanju Samson,36,28,3,1,128.57,c & b Narine,0,18,50.0,0,0
IPL_2022_018,2,RR,Riyan Parag,42,26,2,2,161.54,run out,0,20,47.62,0,0
IPL_2022_018,2,RR,Dhruv Jurel,40,27,4,1,148.15,lbw b Chahal,0,22,55.0,0,0
IPL_2022_018,2,RR,Shimron Hetmyer,20,12,2,0,166.67,c Dhoni b Bumrah,0,8,40.0,0,0
IPL_2022_019,1,MI,Rohit Sharma,13,10,1,0,130.0,c & b Narine,0,4,30.77,0,0
IPL_2022_019,1,MI,Ishan Kishan,46,27,1,2,170.37,b Cummins,0,16,34.78,0,0
IPL_2022_019,1,MI,Suryakumar Yadav,33,26,2,1,126.92,lbw b Chahal,0,14,42.42,0,0
IPL_2022_019,1,MI,Tilak Varma,9,8,0,0,112.5,run out,0,0,0.0,0,0
IPL_2022_019,1,MI,Hardik Pandya,18,13,1,0,138.46,b Cummins,0,4,22.22,0,0
IPL_2022_019,1,MI,Tim David,59,34,2,3,173.53,b Cummins,0,26,44.07,1,0
IPL_2022_019,1,MI,Romario Shepherd,2,2,0,0,100.0,not out,1,0,0.0,0,0
IPL_2022_019,2,KKR,Phil Salt,40,35,2,1,114.29,lbw b Chahal,0,14,35.0,0,0
IPL_2022_019,2,KKR,Sunil Narine,35,25,2,1,140.0,b Cummins,0,14,40.0,0,0
IPL_2022_019,2,KKR,Venkatesh Iyer,39,27,1,2,144.44,b Cummins,0,16,41.03,0,0
IPL_2022_019,2,KKR,Shreyas Iyer,39,30,3,1,130.0,c Dhoni b Bumrah,0,18,46.15,0,0
IPL_2022_019,2,KKR,Rinku Singh,5,3,0,0,166.67,lbw b Chahal,0,0,0.0,0,0
IPL_2022_020,1,DC,David Warner,26,18,2,1,144.44,run out,0,14,53.85,0,0
IPL_2022_020,1,DC,Prithvi Shaw,37,26,2,1,142.31,lbw b Chahal,0,14,37.84,0,0
IPL_2022_020,1,DC,Jake Fraser-McGurk,36,30,2,0,120.0,b Cummins,0,8,22.22,0,0
IPL_2022_020,1,DC,Rishabh Pant,27,18,2,1,150.0,b Cummins,0,14,51.85,0,0
IPL_2022_020,1,DC,Tristan Stubbs,19,14,1,0,135.71,b Cummins,0,4,21.05,0,0
IPL_2022_020,1,DC,Axar Patel,22,14,1,1,157.14,not out,1,10,45.45,0,0
IPL_2022_020,2,LSG,KL Rahul,45,29,2,1,155.17,b Cummins,0,14,31.11,0,0
IPL_2022_020,2,LSG,Quinton de Kock,47,28,3,2,167.86,c Dhoni b Bumrah,0,24,51.06,0,0
IPL_2022_020,2,LSG,Marcus Stoinis,35,26,2,1,134.62,c Dhoni b Bumrah,0,14,40.0,0,0
IPL_2022_020,2,LSG,Nicholas Pooran,29,16,2,1,181.25,lbw b Chahal,0,14,48.28,0,0
IPL_2022_020,2,LSG,Ayush Badoni,13,11,1,0,118.18,c Dhoni b Bumrah,0,4,30.77,0,0
IPL_2022_021,1,RCB,Faf du Plessis,28,17,1,1,164.71,c Dhoni b Bumrah,0,10,35.71,0,0
IPL_2022_021,1,RCB,Virat Kohli,15,13,1,0,115.38,run out,0,4,26.67,0,0
IPL_2022_021,1,RCB,Will Jacks,48,29,3,1,165.52,b Cummins,0,18,37.5,0,0
IPL_2022_021,1,RCB,Rajat Patidar,27,16,3,0,168.75,b Cummins,0,12,44.44,0,0
IPL_2022_021,1,RCB,Glenn Maxwell,44,34,3,1,129.41,b Cummins,0,18,40.91,0,0
IPL_2022_021,1,RCB,Cameron Green,17,11,1,0,154.55,not out,1,4,23.53,0,0
IPL_2022_021,2,KKR,Phil Salt,20,11,2,0,181.82,b Cummins,0,8,40.0,0,0
IPL_2022_021,2,KKR,Sunil Narine,61,36,2,2,169.44,b Cummins,0,20,32.79,1,0
IPL_2022_021,2,KKR,Venkatesh Iyer,35,23,1,1,152.17,lbw b Chahal,0,10,28.57,0,0
IPL_2022_021,2,KKR,Shreyas Iyer,16,10,2,0,160.0,lbw b Chahal,0,8,50.0,0,0
IPL_2022_021,2,KKR,Rinku Singh,19,16,2,0,118.75,lbw b Chahal,0,8,42.11,0,0
IPL_2022_021,2,KKR,Andre Russell,38,24,2,1,158.33,not out,1,14,36.84,0,0
IPL_2022_022,1,KKR,Phil Salt,53,31,5,1,170.97,b Cummins,0,26,49.06,1,0
IPL_2022_022,1,KKR,Sunil Narine,52,35,2,1,148.57,run out,0,14,26.92,1,0
IPL_2022_022,1,KKR,Venkatesh Iyer,29,25,2,1,116.0,run out,0,14,48.28,0,0
IPL_2022_022,1,KKR,Shreyas Iyer,48,29,2,1,165.52,c Dhoni b Bumrah,0,14,29.17,0,0
IPL_2022_022,2,LSG,KL Rahul,16,11,2,0,145.45,run out,0,8,50.0,0,0
IPL_2022_022,2,LSG,Quinton de Kock,44,26,4,1,169.23,run out,0,22,50.0,0,0
IPL_2022_022,2,LSG,Marcus Stoinis,40,29,2,2,137.93,c & b Narine,0,20,50.0,0,0
IPL_2022_022,2,LSG,Nicholas Pooran,38,30,3,1,126.67,c & b Narine,0,18,47.37,0,0
IPL_2022_022,2,LSG,Ayush Badoni,18,15,1,0,120.0,lbw b Chahal,0,4,22.22,0,0
IPL_2022_022,2,LSG,Deepak Hooda,12,9,0,0,133.33,not out,1,0,0.0,0,0
IPL_2022_023,1,CSK,Ruturaj Gaikwad,38,31,3,1,122.58,b Cummins,0,18,47.37,0,0
IPL_2022_023,1,CSK,Rachin Ravindra,28,17,2,1,164.71,run out,0,14,50.0,0,0
IPL_2022_023,1,CSK,Ajinkya Rahane,45,35,3,2,128.57,c Dhoni b Bumrah,0,24,53.33,0,0
IPL_2022_023,1,CSK,Daryl Mitchell,20,16,1,0,125.0,run out,0,4,20.0,0,0
IPL_2022_023,1,CSK,Shivam Dube,36,21,1,2,171.43,c & b Narine,0,16,44.44,0,0
IPL_2022_023,2,DC,David Warner,19,12,0,0,158.33,b Cummins,0,0,0.0,0,0
IPL_2022_023,2,DC,Prithvi Shaw,39,34,3,2,114.71,c Dhoni b Bumrah,0,24,61.54,0,0
IPL_2022_023,2,DC,Jake Fraser-McGurk,42,32,3,1,131.25,run out,0,18,42.86,0,0
IPL_2022_023,2,DC,Rishabh Pant,48,33,2,2,145.45,run out,0,20,41.67,0,0
IPL_2022_023,2,DC,Tristan Stubbs,12,9,1,0,133.33,run out,0,4,33.33,0,0
IPL_2022_024,1,GT,Shubman Gill,65,38,4,4,171.05,c Dhoni b Bumrah,0,40,61.54,1,0
IPL_2022_024,1,GT,Wriddhiman Saha,26,19,2,1,136.84,b Cummins,0,14,53.85,0,0
IPL_2022_024,1,GT,Sai Sudharsan,62,36,2,3,172.22,b Cummins,0,26,41.94,1,0
IPL_2022_024,1,GT,David Miller,12,9,1,0,133.33,b Cummins,0,4,33.33,0,0
IPL_2022_024,1,GT,Azmatullah Omarzai,29,18,2,1,161.11,c & b Narine,0,14,48.28,0,0
IPL_2022_024,2,CSK,Ruturaj Gaikwad,44,25,3,1,176.0,run out,0,18,40.91,0,0
IPL_2022_024,2,CSK,Rachin Ravindra,28,24,2,1,116.67,lbw b Chahal,0,14,50.0,0,0
IPL_2022_024,2,CSK,Ajinkya Rahane,41,33,3,1,124.24,b Cummins,0,18,43.9,0,0
IPL_2022_024,2,CSK,Daryl Mitchell,42,30,2,1,140.0,c & b Narine,0,14,33.33,0,0
IPL_2022_024,2,CSK,Shivam Dube,14,8,1,0,175.0,lbw b Chahal,0,4,28.57,0,0
IPL_2022_025,1,MI,Rohit Sharma,15,9,1,0,166.67,c & b Narine,0,4,26.67,0,0
IPL_2022_025,1,MI,Ishan Kishan,22,14,2,0,157.14,c Dhoni b Bumrah,0,8,36.36,0,0
IPL_2022_025,1,MI,Suryakumar Yadav,42,25,2,2,168.0,c & b Narine,0,20,47.62,0,0
IPL_2022_025,1,MI,Tilak Varma,58,36,4,2,161.11,c & b Narine,0,28,48.28,1,0
IPL_2022_025,1,MI,Hardik Pandya,29,17,2,0,170.59,lbw b Chahal,0,8,27.59,0,0
IPL_2022_025,1,MI,Tim David,23,19,1,1,121.05,b Cummins,0,10,43.48,0,0
IPL_2022_025,2,CSK,Ruturaj Gaikwad,40,28,2,2,142.86,c Dhoni b Bumrah,0,20,50.0,0,0
IPL_2022_025,2,CSK,Rachin Ravindra,13,11,1,0,118.18,b Cummins,0,4,30.77,0,0
IPL_2022_025,2,CSK,Ajinkya Rahane,27,16,3,0,168.75,lbw b Chahal,0,12,44.44,0,0
IPL_2022_025,2,CSK,Daryl Mitchell,28,24,2,1,116.67,lbw b Chahal,0,14,50.0,0,0
IPL_2022_025,2,CSK,Shivam Dube,40,30,2,1,133.33,b Cummins,0,14,35.0,0,0
IPL_2022_025,2,CSK,Ravindra Jadeja,18,11,0,1,163.64,lbw b Chahal,0,6,33.33,0,0
IPL_2022_026,1,SRH,Travis Head,36,20,1,1,180.0,run out,0,10,27.78,0,0
IPL_2022_026,1,SRH,Abhishek Sharma,42,24,1,2,175.0,c Dhoni b Bumrah,0,16,38.1,0,0
IPL_2022_026,1,SRH,Rahul Tripathi,49,29,5,1,168.97,lbw b Chahal,0,26,53.06,0,0
IPL_2022_026,1,SRH,Aiden Markram,38,28,3,1,135.71,c & b Narine,0,18,47.37,0,0
IPL_2022_026,1,SRH,Heinrich Klaasen,28,19,3,0,147.37,c & b Narine,0,12,42.86,0,0
IPL_2022_026,2,KKR,Phil Salt,41,23,4,1,178.26,c & b Narine,0,22,53.66,0,0
IPL_2022_026,2,KKR,Sunil Narine,52,34,4,2,152.94,c Dhoni b Bumrah,0,28,53.85,1,0
IPL_2022_026,2,KKR,Venkatesh Iyer,18,14,1,0,128.57,c & b Narine,0,4,22.22,0,0
IPL_2022_026,2,KKR,Shreyas Iyer,49,35,2,2,140.0,run out,0,20,40.82,0,0
IPL_2022_026,2,KKR,Rinku Singh,24,14,1,1,171.43,not out,1,10,41.67,0,0
IPL_2022_027,1,PBKS,Shikhar Dhawan,60,35,2,1,171.43,c Dhoni b Bumrah,0,14,23.33,1,0
IPL_2022_027,1,PBKS,Jonny Bairstow,20,13,1,1,153.85,c Dhoni b Bumrah,0,10,50.0,0,0
IPL_2022_027,1,PBKS,Prabhsimran Singh,44,26,2,2,169.23,c Dhoni b Bumrah,0,20,45.45,0,0
IPL_2022_027,1,PBKS,Rilee Rossouw,12,10,1,0,120.0,lbw b Chahal,0,4,33.33,0,0
IPL_2022_027,1,PBKS,Sam Curran,24,19,1,1,126.32,run out,0,10,41.67,0,0
IPL_2022_027,1,PBKS,Jitesh Sharma,27,17,2,0,158.82,not out,1,8,29.63,0,0
IPL_2022_027,2,MI,Rohit Sharma,44,32,4,1,137.5,c Dhoni b Bumrah,0,22,50.0,0,0
IPL_2022_027,2,MI,Ishan Kishan,18,12,0,1,150.0,b Cummins,0,6,33.33,0,0
IPL_2022_027,2,MI,Suryakumar Yadav,45,38,3,2,118.42,c & b Narine,0,24,53.33,0,0
IPL_2022_027,2,MI,Tilak Varma,54,35,2,2,154.29,lbw b Chahal,0,20,37.04,1,0
IPL_2022_027,2,MI,Hardik Pandya,5,3,0,0,166.67,not out,1,0,0.0,0,0
IPL_2022_028,1,PBKS,Shikhar Dhawan,31,18,1,1,172.22,lbw b Chahal,0,10,32.26,0,0
IPL_2022_028,1,PBKS,Jonny Bairstow,14,11,1,0,127.27,lbw b Chahal,0,4,28.57,0,0
IPL_2022_028,1,PBKS,Prabhsimran Singh,58,38,5,2,152.63,lbw b Chahal,0,32,55.17,1,0
IPL_2022_028,1,PBKS,Rilee Rossouw,33,22,3,0,150.0,c Dhoni b Bumrah,0,12,36.36,0,0
IPL_2022_028,1,PBKS,Sam Curran,18,14,2,0,128.57,run out,0,8,44.44,0,0
IPL_2022_028,1,PBKS,Jitesh Sharma,11,9,1,0,122.22,c Dhoni b Bumrah,0,4,36.36,0,0
IPL_2022_028,1,PBKS,Shashank Singh,12,8,0,0,150.0,c Dhoni b Bumrah,0,0,0.0,0,0
IPL_2022_028,2,SRH,Travis Head,47,37,2,1,127.03,run out,0,14,29.79,0,0
IPL_2022_028,2,SRH,Abhishek Sharma,43,24,3,1,179.17,run out,0,18,41.86,0,0
IPL_2022_028,2,SRH,Rahul Tripathi,30,19,2,1,157.89,lbw b Chahal,0,14,46.67,0,0
IPL_2022_028,2,SRH,Aiden Markram,35,22,2,1,159.09,c Dhoni b Bumrah,0,14,40.0,0,0
IPL_2022_028,2,SRH,Heinrich Klaasen,29,18,2,0,161.11,b Cummins,0,8,27.59,0,0
IPL_2022_029,1,LSG,KL Rahul,56,37,5,1,151.35,b Cummins,0,26,46.43,1,0
IPL_2022_029,1,LSG,Quinton de Kock,16,10,1,1,160.0,b Cummins,0,10,62.5,0,0
IPL_2022_029,1,LSG,Marcus Stoinis,29,18,1,1,161.11,c Dhoni b Bumrah,0,10,34.48,0,0
IPL_2022_029,1,LSG,Nicholas Pooran,50,37,2,1,135.14,run out,0,14,28.0,1,0
IPL_2022_029,1,LSG,Ayush Badoni,29,18,3,0,161.11,c Dhoni b Bumrah,0,12,41.38,0,0
IPL_2022_029,2,SRH,Travis Head,32,19,2,1,168.42,run out,0,14,43.75,0,0
IPL_2022_029,2,SRH,Abhishek Sharma,18,16,1,0,112.5,c & b Narine,0,4,22.22,0,0
IPL_2022_029,2,SRH,Rahul Tripathi,30,23,1,1,130.43,lbw b Chahal,0,10,33.33,0,0
IPL_2022_029,2,SRH,Aiden Markram,21,15,1,0,140.0,c Dhoni b Bumrah,0,4,19.05,0,0
IPL_2022_029,2,SRH,Heinrich Klaasen,18,11,1,1,163.64,b Cummins,0,10,55.56,0,0
IPL_2022_029,2,SRH,Nitish Kumar Reddy,17,10,1,0,170.0,b Cummins,0,4,23.53,0,0
IPL_2022_029,2,SRH,Abdul Samad,17,10,1,0,170.0,run out,0,4,23.53,0,0
IPL_2022_029,2,SRH,Shahbaz Ahmed,20,16,1,0,125.0,not out,1,4,20.0,0,0
IPL_2022_030,1,CSK,Ruturaj Gaikwad,37,32,2,1,115.62,c Dhoni b Bumrah,0,14,37.84,0,0
IPL_2022_030,1,CSK,Rachin Ravindra,34,24,2,1,141.67,b Cummins,0,14,41.18,0,0
IPL_2022_030,1,CSK,Ajinkya Rahane,55,31,2,3,177.42,lbw b Chahal,0,26,47.27,1,0
IPL_2022_030,1,CSK,Daryl Mitchell,25,17,1,1,147.06,c Dhoni b Bumrah,0,10,40.0,0,0
IPL_2022_030,1,CSK,Shivam Dube,23,16,1,0,143.75,lbw b Chahal,0,4,17.39,0,0
IPL_2022_030,2,KKR,Phil Salt,40,22,2,1,181.82,c Dhoni b Bumrah,0,14,35.0,0,0
IPL_2022_030,2,KKR,Sunil Narine,51,28,3,2,182.14,c & b Narine,0,24,47.06,1,0
IPL_2022_030,2,KKR,Venkatesh Iyer,48,34,3,2,141.18,b Cummins,0,24,50.0,0,0
IPL_2022_030,2,KKR,Shreyas Iyer,13,8,1,0,162.5,c & b Narine,0,4,30.77,0,0
IPL_2022_030,2,KKR,Rinku Singh,19,14,0,1,135.71,lbw b Chahal,0,6,31.58,0,0
IPL_2022_030,2,KKR,Andre Russell,16,14,1,0,114.29,not out,1,4,25.0,0,0
IPL_2022_031,1,CSK,Ruturaj Gaikwad,48,36,3,1,133.33,run out,0,18,37.5,0,0
IPL_2022_031,1,CSK,Rachin Ravindra,25,19,0,1,131.58,c Dhoni b Bumrah,0,6,24.0,0,0
IPL_2022_031,1,CSK,Ajinkya Rahane,51,32,4,1,159.38,b Cummins,0,22,43.14,1,0
IPL_2022_031,1,CSK,Daryl Mitchell,36,23,4,1,156.52,lbw b Chahal,0,22,61.11,0,0
IPL_2022_031,1,CSK,Shivam Dube,12,10,0,0,120.0,lbw b Chahal,0,0,0.0,0,0
IPL_2022_031,2,PBKS,Shikhar Dhawan,24,21,1,0,114.29,b Cummins,0,4,16.67,0,0
IPL_2022_031,2,PBKS,Jonny Bairstow,41,34,4,1,120.59,b Cummins,0,22,53.66,0,0
IPL_2022_031,2,PBKS,Prabhsimran Singh,35,22,3,1,159.09,lbw b Chahal,0,18,51.43,0,0
IPL_2022_031,2,PBKS,Rilee Rossouw,18,13,2,0,138.46,b Cummins,0,8,44.44,0,0
IPL_2022_031,2,PBKS,Sam Curran,47,26,3,2,180.77,lbw b Chahal,0,24,51.06,0,0
IPL_2022_031,2,PBKS,Jitesh Sharma,6,4,0,0,150.0,c Dhoni b Bumrah,0,0,0.0,0,0
IPL_2022_032,1,LSG,KL Rahul,29,22,2,1,131.82,c & b Narine,0,14,48.28,0,0
IPL_2022_032,1,LSG,Quinton de Kock,66,36,2,4,183.33,c Dhoni b Bumrah,0,32,48.48,1,0
IPL_2022_032,1,LSG,Marcus Stoinis,44,26,4,2,169.23,lbw b Chahal,0,28,63.64,0,0
IPL_2022_032,1,LSG,Nicholas Pooran,50,30,4,2,166.67,c & b Narine,0,28,56.0,1,0
IPL_2022_032,1,LSG,Ayush Badoni,7,6,0,0,116.67,run out,0,0,0.0,0,0
IPL_2022_032,2,GT,Shubman Gill,54,33,3,2,163.64,c Dhoni b Bumrah,0,24,44.44,1,0
IPL_2022_032,2,GT,Wriddhiman Saha,29,17,2,1,170.59,lbw b Chahal,0,14,48.28,0,0
IPL_2022_032,2,GT,Sai Sudharsan,24,17,2,0,141.18,c & b Narine,0,8,33.33,0,0
IPL_2022_032,2,GT,David Miller,37,26,3,1,142.31,lbw b Chahal,0,18,48.65,0,0
IPL_2022_032,2,GT,Azmatullah Omarzai,38,27,3,1,140.74,b Cummins,0,18,47.37,0,0
IPL_2022_033,1,PBKS,Shikhar Dhawan,55,30,2,2,183.33,c Dhoni b Bumrah,0,20,36.36,1,0
IPL_2022_033,1,PBKS,Jonny Bairstow,42,32,1,1,131.25,b Cummins,0,10,23.81,0,0
IPL_2022_033,1,PBKS,Prabhsimran Singh,57,31,5,1,183.87,c & b Narine,0,26,45.61,1,0
IPL_2022_033,1,PBKS,Rilee Rossouw,40,27,2,2,148.15,lbw b Chahal,0,20,50.0,0,0
IPL_2022_033,2,MI,Rohit Sharma,38,27,3,1,140.74,lbw b Chahal,0,18,47.37,0,0
IPL_2022_033,2,MI,Ishan Kishan,50,28,3,2,178.57,lbw b Chahal,0,24,48.0,1,0
IPL_2022_033,2,MI,Suryakumar Yadav,13,8,0,0,162.5,c Dhoni b Bumrah,0,0,0.0,0,0
IPL_2022_033,2,MI,Tilak Varma,16,9,1,0,177.78,b Cummins,0,4,25.0,0,0
IPL_2022_033,2,MI,Hardik Pandya,29,22,1,0,131.82,c Dhoni b Bumrah,0,4,13.79,0,0
IPL_2022_033,2,MI,Tim David,17,11,1,0,154.55,run out,0,4,23.53,0,0
IPL_2022_033,2,MI,Romario Shepherd,10,8,0,0,125.0,b Cummins,0,0,0.0,0,0
IPL_2022_033,2,MI,Mohammad Nabi,12,7,0,0,171.43,not out,1,0,0.0,0,0
IPL_2022_034,1,KKR,Phil Salt,49,32,4,1,153.12,c & b Narine,0,22,44.9,0,0
IPL_2022_034,1,KKR,Sunil Narine,38,26,1,1,146.15,run out,0,10,26.32,0,0
IPL_2022_034,1,KKR,Venkatesh Iyer,21,14,2,0,150.0,lbw b Chahal,0,8,38.1,0,0
IPL_2022_034,1,KKR,Shreyas Iyer,17,11,1,0,154.55,lbw b Chahal,0,4,23.53,0,0
IPL_2022_034,1,KKR,Rinku Singh,45,37,3,1,121.62,b Cummins,0,18,40.0,0,0
IPL_2022_034,2,MI,Rohit Sharma,41,32,4,1,128.12,run out,0,22,53.66,0,0
IPL_2022_034,2,MI,Ishan Kishan,35,22,3,1,159.09,c & b Narine,0,18,51.43,0,0
IPL_2022_034,2,MI,Suryakumar Yadav,28,20,1,1,140.0,lbw b Chahal,0,10,35.71,0,0
IPL_2022_034,2,MI,Tilak Varma,52,33,2,2,157.58,lbw b Chahal,0,20,38.46,1,0
IPL_2022_034,2,MI,Hardik Pandya,18,13,1,0,138.46,c Dhoni b Bumrah,0,4,22.22,0,0
IPL_2022_035,1,CSK,Ruturaj Gaikwad,47,38,2,1,123.68,run out,0,14,29.79,0,0
IPL_2022_035,1,CSK,Rachin Ravindra,19,14,0,1,135.71,c & b Narine,0,6,31.58,0,0
IPL_2022_035,1,CSK,Ajinkya Rahane,50,38,2,1,131.58,b Cummins,0,14,28.0,1,0
IPL_2022_035,1,CSK,Daryl Mitchell,44,29,1,2,151.72,c Dhoni b Bumrah,0,16,36.36,0,0
IPL_2022_035,1,CSK,Shivam Dube,1,1,0,0,100.0,c Dhoni b Bumrah,0,0,0.0,0,0
IPL_2022_035,2,LSG,KL Rahul,27,20,2,0,135.0,lbw b Chahal,0,8,29.63,0,0
IPL_2022_035,2,LSG,Quinton de Kock,13,9,1,0,144.44,lbw b Chahal,0,4,30.77,0,0
IPL_2022_035,2,LSG,Marcus Stoinis,32,22,1,1,145.45,c & b Narine,0,10,31.25,0,0
IPL_2022_035,2,LSG,Nicholas Pooran,51,28,4,2,182.14,b Cummins,0,28,54.9,1,0
IPL_2022_035,2,LSG,Ayush Badoni,57,34,3,3,167.65,b Cummins,0,30,52.63,1,0
IPL_2022_036,1,KKR,Phil Salt,34,20,2,1,170.0,c Dhoni b Bumrah,0,14,41.18,0,0
IPL_2022_036,1,KKR,Sunil Narine,16,11,0,0,145.45,lbw b Chahal,0,0,0.0,0,0
IPL_2022_036,1,KKR,Venkatesh Iyer,17,13,1,0,130.77,b Cummins,0,4,23.53,0,0
IPL_2022_036,1,KKR,Shreyas Iyer,21,15,2,0,140.0,lbw b Chahal,0,8,38.1,0,0
IPL_2022_036,1,KKR,Rinku Singh,61,36,5,2,169.44,c Dhoni b Bumrah,0,32,52.46,1,0
IPL_2022_036,1,KKR,Andre Russell,34,25,1,2,136.0,lbw b Chahal,0,16,47.06,0,0
IPL_2022_036,2,RR,Yashasvi Jaiswal,35,25,1,2,140.0,b Cummins,0,16,45.71,0,0
IPL_2022_036,2,RR,Jos Buttler,17,11,0,1,154.55,c Dhoni b Bumrah,0,6,35.29,0,0
IPL_2022_036,2,RR,Sanju Samson,40,29,2,2,137.93,c & b Narine,0,20,50.0,0,0
IPL_2022_036,2,RR,Riyan Parag,50,28,2,2,178.57,c Dhoni b Bumrah,0,20,40.0,1,0
IPL_2022_036,2,RR,Dhruv Jurel,38,27,3,1,140.74,c & b Narine,0,18,47.37,0,0
IPL_2022_037,1,MI,Rohit Sharma,58,32,3,3,181.25,run out,0,30,51.72,1,0
IPL_2022_037,1,MI,Ishan Kishan,32,23,3,1,139.13,b Cummins,0,18,56.25,0,0
IPL_2022_037,1,MI,Suryakumar Yadav,25,19,2,1,131.58,c & b Narine,0,14,56.0,0,0
IPL_2022_037,1,MI,Tilak Varma,18,15,0,1,120.0,b Cummins,0,6,33.33,0,0
IPL_2022_037,1,MI,Hardik Pandya,19,14,2,0,135.71,c & b Narine,0,8,42.11,0,0
IPL_2022_037,1,MI,Tim David,26,17,2,1,152.94,not out,1,14,53.85,0,0
IPL_2022_037,2,PBKS,Shikhar Dhawan,60,34,4,2,176.47,b Cummins,0,28,46.67,1,0
IPL_2022_037,2,PBKS,Jonny Bairstow,12,9,0,0,133.33,lbw b Chahal,0,0,0.0,0,0
IPL_2022_037,2,PBKS,Prabhsimran Singh,44,37,4,2,118.92,c & b Narine,0,28,63.64,0,0
IPL_2022_037,2,PBKS,Rilee Rossouw,18,14,1,1,128.57,c Dhoni b Bumrah,0,10,55.56,0,0
IPL_2022_037,2,PBKS,Sam Curran,41,26,2,1,157.69,c & b Narine,0,14,34.15,0,0
IPL_2022_038,1,SRH,Travis Head,39,30,1,1,130.0,lbw b Chahal,0,10,25.64,0,0
IPL_2022_038,1,SRH,Abhishek Sharma,20,15,2,0,133.33,c & b Narine,0,8,40.0,0,0
IPL_2022_038,1,SRH,Rahul Tripathi,42,23,4,1,182.61,c Dhoni b Bumrah,0,22,52.38,0,0
IPL_2022_038,1,SRH,Aiden Markram,23,17,2,0,135.29,c Dhoni b Bumrah,0,8,34.78,0,0
IPL_2022_038,1,SRH,Heinrich Klaasen,27,17,2,1,158.82,run out,0,14,51.85,0,0
IPL_2022_038,1,SRH,Nitish Kumar Reddy,22,18,2,0,122.22,not out,1,8,36.36,0,0
IPL_2022_038,2,PBKS,Shikhar Dhawan,21,12,1,1,175.0,lbw b Chahal,0,10,47.62,0,0
IPL_2022_038,2,PBKS,Jonny Bairstow,33,29,3,1,113.79,run out,0,18,54.55,0,0
IPL_2022_038,2,PBKS,Prabhsimran Singh,56,34,4,2,164.71,b Cummins,0,28,50.0,1,0
IPL_2022_038,2,PBKS,Rilee Rossouw,28,17,3,0,164.71,b Cummins,0,12,42.86,0,0
IPL_2022_038,2,PBKS,Sam Curran,33,21,2,1,157.14,b Cummins,0,14,42.42,0,0
IPL_2022_038,2,PBKS,Jitesh Sharma,9,7,0,0,128.57,c Dhoni b Bumrah,0,0,0.0,0,0
IPL_2022_039,1,LSG,KL Rahul,40,32,2,2,125.0,run out,0,20,50.0,0,0
IPL_2022_039,1,LSG,Quinton de Kock,40,27,2,2,148.15,c & b Narine,0,20,50.0,0,0
IPL_2022_039,1,LSG,Marcus Stoinis,55,34,3,2,161.76,c Dhoni b Bumrah,0,24,43.64,1,0
IPL_2022_039,1,LSG,Nicholas Pooran,48,27,3,2,177.78,c Dhoni b Bumrah,0,24,50.0,0,0
IPL_2022_039,2,DC,David Warner,30,23,2,0,130.43,c Dhoni b Bumrah,0,8,26.67,0,0
IPL_2022_039,2,DC,Prithvi Shaw,14,12,0,0,116.67,c & b Narine,0,0,0.0,0,0
IPL_2022_039,2,DC,Jake Fraser-McGurk,25,21,2,1,119.05,b Cummins,0,14,56.0,0,0
IPL_2022_039,2,DC,Rishabh Pant,28,18,1,1,155.56,b Cummins,0,10,35.71,0,0
IPL_2022_039,2,DC,Tristan Stubbs,28,22,3,0,127.27,c Dhoni b Bumrah,0,12,42.86,0,0
IPL_2022_039,2,DC,Axar Patel,33,20,1,2,165.0,b Cummins,0,16,48.48,0,0
IPL_2022_039,2,DC,Abishek Porel,5,4,0,0,125.0,not out,1,0,0.0,0,0
IPL_2022_040,1,KKR,Phil Salt,33,27,1,1,122.22,lbw b Chahal,0,10,30.3,0,0
IPL_2022_040,1,KKR,Sunil Narine,52,35,4,2,148.57,c Dhoni b Bumrah,0,28,53.85,1,0
IPL_2022_040,1,KKR,Venkatesh Iyer,33,24,1,1,137.5,lbw b Chahal,0,10,30.3,0,0
IPL_2022_040,1,KKR,Shreyas Iyer,22,19,0,1,115.79,b Cummins,0,6,27.27,0,0
IPL_2022_040,1,KKR,Rinku Singh,25,15,2,0,166.67,c & b Narine,0,8,32.0,0,0
IPL_2022_040,2,CSK,Ruturaj Gaikwad,22,18,2,0,122.22,b Cummins,0,8,36.36,0,0
IPL_2022_040,2,CSK,Rachin Ravindra,57,31,2,3,183.87,lbw b Chahal,0,26,45.61,1,0
IPL_2022_040,2,CSK,Ajinkya Rahane,46,34,3,2,135.29,b Cummins,0,24,52.17,0,0
IPL_2022_040,2,CSK,Daryl Mitchell,16,12,1,0,133.33,c Dhoni b Bumrah,0,4,25.0,0,0
IPL_2022_040,2,CSK,Shivam Dube,23,14,1,1,164.29,c Dhoni b Bumrah,0,10,43.48,0,0
IPL_2022_040,2,CSK,Ravindra Jadeja,16,11,1,0,145.45,not out,1,4,25.0,0,0
IPL_2022_041,1,CSK,Ruturaj Gaikwad,51,31,4,2,164.52,c Dhoni b Bumrah,0,28,54.9,1,0
IPL_2022_041,1,CSK,Rachin Ravindra,46,30,3,1,153.33,b Cummins,0,18,39.13,0,0
IPL_2022_041,1,CSK,Ajinkya Rahane,44,28,5,1,157.14,lbw b Chahal,0,26,59.09,0,0
IPL_2022_041,1,CSK,Daryl Mitchell,35,22,3,1,159.09,run out,0,18,51.43,0,0
IPL_2022_041,1,CSK,Shivam Dube,13,9,1,0,144.44,b Cummins,0,4,30.77,0,0
IPL_2022_041,2,DC,David Warner,15,10,1,0,150.0,run out,0,4,26.67,0,0
IPL_2022_041,2,DC,Prithvi Shaw,49,34,4,1,144.12,c Dhoni b Bumrah,0,22,44.9,0,0
IPL_2022_041,2,DC,Jake Fraser-McGurk,48,38,5,1,126.32,run out,0,26,54.17,0,0
IPL_2022_041,2,DC,Rishabh Pant,47,35,1,2,134.29,run out,0,16,34.04,0,0
IPL_2022_041,2,DC,Tristan Stubbs,4,3,0,0,133.33,c & b Narine,0,0,0.0,0,0
IPL_2022_042,1,SRH,Travis Head,16,13,1,0,123.08,c Dhoni b Bumrah,0,4,25.0,0,0
IPL_2022_042,1,SRH,Abhishek Sharma,16,12,1,0,133.33,run out,0,4,25.0,0,0
IPL_2022_042,1,SRH,Rahul Tripathi,42,35,4,1,120.0,c Dhoni b Bumrah,0,22,52.38,0,0
IPL_2022_042,1,SRH,Aiden Markram,52,34,5,1,152.94,lbw b Chahal,0,26,50.0,1,0
IPL_2022_042,1,SRH,Heinrich Klaasen,32,20,3,1,160.0,b Cummins,0,18,56.25,0,0
IPL_2022_042,1,SRH,Nitish Kumar Reddy,7,6,0,0,116.67,not out,1,0,0.0,0,0
IPL_2022_042,2,GT,Shubman Gill,27,15,1,1,180.0,b Cummins,0,10,37.04,0,0
IPL_2022_042,2,GT,Wriddhiman Saha,11,8,1,0,137.5,c Dhoni b Bumrah,0,4,36.36,0,0
IPL_2022_042,2,GT,Sai Sudharsan,41,31,2,2,132.26,b Cummins,0,20,48.78,0,0
IPL_2022_042,2,GT,David Miller,38,32,3,1,118.75,c & b Narine,0,18,47.37,0,0
IPL_2022_042,2,GT,Azmatullah Omarzai,30,19,3,1,157.89,c Dhoni b Bumrah,0,18,60.0,0,0
IPL_2022_042,2,GT,Rahul Tewatia,21,12,1,1,175.0,c Dhoni b Bumrah,0,10,47.62,0,0
IPL_2022_043,1,MI,Rohit Sharma,35,24,1,2,145.83,c Dhoni b Bumrah,0,16,45.71,0,0
IPL_2022_043,1,MI,Ishan Kishan,18,12,1,0,150.0,c Dhoni b Bumrah,0,4,22.22,0,0
IPL_2022_043,1,MI,Suryakumar Yadav,15,10,2,0,150.0,c & b Narine,0,8,53.33,0,0
IPL_2022_043,1,MI,Tilak Varma,19,12,0,1,158.33,c & b Narine,0,6,31.58,0,0
IPL_2022_043,1,MI,Hardik Pandya,43,32,2,2,134.38,c Dhoni b Bumrah,0,20,46.51,0,0
IPL_2022_043,1,MI,Tim David,16,14,1,0,114.29,b Cummins,0,4,25.0,0,0
IPL_2022_043,1,MI,Romario Shepherd,21,16,1,1,131.25,run out,0,10,47.62,0,0
IPL_2022_043,2,RCB,Faf du Plessis,16,10,1,0,160.0,run out,0,4,25.0,0,0
IPL_2022_043,2,RCB,Virat Kohli,45,28,3,1,160.71,c & b Narine,0,18,40.0,0,0
IPL_2022_043,2,RCB,Will Jacks,38,25,1,2,152.0,c & b Narine,0,16,42.11,0,0
IPL_2022_043,2,RCB,Rajat Patidar,44,27,2,2,162.96,c & b Narine,0,20,45.45,0,0
IPL_2022_043,2,RCB,Glenn Maxwell,19,15,1,0,126.67,b Cummins,0,4,21.05,0,0
IPL_2022_043,2,RCB,Cameron Green,17,15,1,1,113.33,not out,1,10,58.82,0,0
IPL_2022_044,1,RCB,Faf du Plessis,58,34,4,2,170.59,run out,0,28,48.28,1,0
IPL_2022_044,1,RCB,Virat Kohli,17,13,1,0,130.77,c & b Narine,0,4,23.53,0,0
IPL_2022_044,1,RCB,Will Jacks,37,26,4,1,142.31,b Cummins,0,22,59.46,0,0
IPL_2022_044,1,RCB,Rajat Patidar,30,17,1,1,176.47,c Dhoni b Bumrah,0,10,33.33,0,0
IPL_2022_044,1,RCB,Glenn Maxwell,28,19,2,1,147.37,c Dhoni b Bumrah,0,14,50.0,0,0
IPL_2022_044,1,RCB,Cameron Green,19,11,1,0,172.73,not out,1,4,21.05,0,0
IPL_2022_044,2,CSK,Ruturaj Gaikwad,13,8,0,0,162.5,lbw b Chahal,0,0,0.0,0,0
IPL_2022_044,2,CSK,Rachin Ravindra,15,12,1,0,125.0,c & b Narine,0,4,26.67,0,0
IPL_2022_044,2,CSK,Ajinkya Rahane,53,35,3,2,151.43,c Dhoni b Bumrah,0,24,45.28,1,0
IPL_2022_044,2,CSK,Daryl Mitchell,27,16,3,0,168.75,run out,0,12,44.44,0,0
IPL_2022_044,2,CSK,Shivam Dube,47,27,3,3,174.07,c Dhoni b Bumrah,0,30,63.83,0,0
IPL_2022_044,2,CSK,Ravindra Jadeja,33,22,1,2,150.0,not out,1,16,48.48,0,0
IPL_2022_045,1,PBKS,Shikhar Dhawan,69,38,5,2,181.58,c & b Narine,0,32,46.38,1,0
IPL_2022_045,1,PBKS,Jonny Bairstow,53,29,3,3,182.76,b Cummins,0,30,56.6,1,0
IPL_2022_045,1,PBKS,Prabhsimran Singh,21,14,1,1,150.0,run out,0,10,47.62,0,0
IPL_2022_045,1,PBKS,Rilee Rossouw,46,30,4,1,153.33,c Dhoni b Bumrah,0,22,47.83,0,0
IPL_2022_045,1,PBKS,Sam Curran,12,9,1,0,133.33,run out,0,4,33.33,0,0
IPL_2022_045,2,RR,Yashasvi Jaiswal,41,31,1,2,132.26,lbw b Chahal,0,16,39.02,0,0
IPL_2022_045,2,RR,Jos Buttler,18,13,1,0,138.46,run out,0,4,22.22,0,0
IPL_2022_045,2,RR,Sanju Samson,10,8,0,0,125.0,c & b Narine,0,0,0.0,0,0
IPL_2022_045,2,RR,Riyan Parag,38,26,3,1,146.15,lbw b Chahal,0,18,47.37,0,0
IPL_2022_045,2,RR,Dhruv Jurel,33,25,2,1,132.0,b Cummins,0,14,42.42,0,0
IPL_2022_045,2,RR,Shimron Hetmyer,26,17,2,1,152.94,c & b Narine,0,14,53.85,0,0
IPL_2022_046,1,PBKS,Shikhar Dhawan,48,30,2,1,160.0,c Dhoni b Bumrah,0,14,29.17,0,0
IPL_2022_046,1,PBKS,Jonny Bairstow,57,32,3,1,178.12,b Cummins,0,18,31.58,1,0
IPL_2022_046,1,PBKS,Prabhsimran Singh,28,24,2,1,116.67,c Dhoni b Bumrah,0,14,50.0,0,0
IPL_2022_046,1,PBKS,Rilee Rossouw,28,16,1,1,175.0,run out,0,10,35.71,0,0
IPL_2022_046,1,PBKS,Sam Curran,23,18,2,1,127.78,lbw b Chahal,0,14,60.87,0,0
IPL_2022_046,2,RR,Yashasvi Jaiswal,54,32,6,1,168.75,lbw b Chahal,0,30,55.56,1,0
IPL_2022_046,2,RR,Jos Buttler,36,29,1,2,124.14,run out,0,16,44.44,0,0
IPL_2022_046,2,RR,Sanju Samson,43,24,3,2,179.17,c & b Narine,0,24,55.81,0,0
IPL_2022_046,2,RR,Riyan Parag,33,25,3,0,132.0,c Dhoni b Bumrah,0,12,36.36,0,0
IPL_2022_046,2,RR,Dhruv Jurel,11,10,1,0,110.0,c Dhoni b Bumrah,0,4,36.36,0,0
IPL_2022_047,1,GT,Shubman Gill,38,23,2,1,165.22,lbw b Chahal,0,14,36.84,0,0
IPL_2022_047,1,GT,Wriddhiman Saha,13,9,1,0,144.44,run out,0,4,30.77,0,0
IPL_2022_047,1,GT,Sai Sudharsan,56,34,4,2,164.71,c Dhoni b Bumrah,0,28,50.0,1,0
IPL_2022_047,1,GT,David Miller,44,34,4,1,129.41,lbw b Chahal,0,22,50.0,0,0
IPL_2022_047,1,GT,Azmatullah Omarzai,24,17,1,1,141.18,c Dhoni b Bumrah,0,10,41.67,0,0
IPL_2022_047,1,GT,Rahul Tewatia,3,3,0,0,100.0,not out,1,0,0.0,0,0
IPL_2022_047,2,SRH,Travis Head,53,34,3,2,155.88,c Dhoni b Bumrah,0,24,45.28,1,0
IPL_2022_047,2,SRH,Abhishek Sharma,42,31,3,1,135.48,c Dhoni b Bumrah,0,18,42.86,0,0
IPL_2022_047,2,SRH,Rahul Tripathi,11,9,1,0,122.22,run out,0,4,36.36,0,0
IPL_2022_047,2,SRH,Aiden Markram,36,29,3,1,124.14,run out,0,18,50.0,0,0
IPL_2022_047,2,SRH,Heinrich Klaasen,30,17,1,1,176.47,c Dhoni b Bumrah,0,10,33.33,0,0
IPL_2022_048,1,RCB,Faf du Plessis,32,21,2,1,152.38,c Dhoni b Bumrah,0,14,43.75,0,0
IPL_2022_048,1,RCB,Virat Kohli,63,35,6,2,180.0,c & b Narine,0,36,57.14,1,0
IPL_2022_048,1,RCB,Will Jacks,15,10,1,0,150.0,b Cummins,0,4,26.67,0,0
IPL_2022_048,1,RCB,Rajat Patidar,21,17,1,0,123.53,c & b Narine,0,4,19.05,0,0
IPL_2022_048,1,RCB,Glenn Maxwell,27,21,2,1,128.57,b Cummins,0,14,51.85,0,0
IPL_2022_048,1,RCB,Cameron Green,18,16,2,0,112.5,not out,1,8,44.44,0,0
IPL_2022_048,2,MI,Rohit Sharma,23,14,2,0,164.29,run out,0,8,34.78,0,0
IPL_2022_048,2,MI,Ishan Kishan,14,8,1,0,175.0,c Dhoni b Bumrah,0,4,28.57,0,0
IPL_2022_048,2,MI,Suryakumar Yadav,16,9,1,0,177.78,c & b Narine,0,4,25.0,0,0
IPL_2022_048,2,MI,Tilak Varma,12,8,0,0,150.0,b Cummins,0,0,0.0,0,0
IPL_2022_048,2,MI,Hardik Pandya,55,35,3,2,157.14,c Dhoni b Bumrah,0,24,43.64,1,0
IPL_2022_048,2,MI,Tim David,40,22,2,2,181.82,b Cummins,0,20,50.0,0,0
IPL_2022_048,2,MI,Romario Shepherd,22,15,1,1,146.67,lbw b Chahal,0,10,45.45,0,0
IPL_2022_049,1,KKR,Phil Salt,64,38,3,3,168.42,lbw b Chahal,0,30,46.88,1,0
IPL_2022_049,1,KKR,Sunil Narine,12,9,0,0,133.33,lbw b Chahal,0,0,0.0,0,0
IPL_2022_049,1,KKR,Venkatesh Iyer,17,14,2,0,121.43,b Cummins,0,8,47.06,0,0
IPL_2022_049,1,KKR,Shreyas Iyer,48,32,3,1,150.0,c & b Narine,0,18,37.5,0,0
IPL_2022_049,1,KKR,Rinku Singh,41,27,3,1,151.85,run out,0,18,43.9,0,0
IPL_2022_049,2,RCB,Faf du Plessis,26,21,1,1,123.81,lbw b Chahal,0,10,38.46,0,0
IPL_2022_049,2,RCB,Virat Kohli,56,38,2,1,147.37,b Cummins,0,14,25.0,1,0
IPL_2022_049,2,RCB,Will Jacks,63,35,5,2,180.0,run out,0,32,50.79,1,0
IPL_2022_049,2,RCB,Rajat Patidar,36,26,1,2,138.46,b Cummins,0,16,44.44,0,0
IPL_2022_050,1,CSK,Ruturaj Gaikwad,22,15,1,0,146.67,c & b Narine,0,4,18.18,0,0
IPL_2022_050,1,CSK,Rachin Ravindra,51,28,4,2,182.14,c & b Narine,0,28,54.9,1,0
IPL_2022_050,1,CSK,Ajinkya Rahane,38,32,3,2,118.75,run out,0,24,63.16,0,0
IPL_2022_050,1,CSK,Daryl Mitchell,36,21,3,1,171.43,run out,0,18,50.0,0,0
IPL_2022_050,1,CSK,Shivam Dube,26,15,2,0,173.33,c Dhoni b Bumrah,0,8,30.77,0,0
IPL_2022_050,1,CSK,Ravindra Jadeja,13,9,1,0,144.44,not out,1,4,30.77,0,0
IPL_2022_050,2,DC,David Warner,34,19,4,0,178.95,lbw b Chahal,0,16,47.06,0,0
IPL_2022_050,2,DC,Prithvi Shaw,46,37,5,1,124.32,run out,0,26,56.52,0,0
IPL_2022_050,2,DC,Jake Fraser-McGurk,15,9,2,0,166.67,run out,0,8,53.33,0,0
IPL_2022_050,2,DC,Rishabh Pant,23,13,2,1,176.92,run out,0,14,60.87,0,0
IPL_2022_050,2,DC,Tristan Stubbs,17,14,1,0,121.43,b Cummins,0,4,23.53,0,0
IPL_2022_050,2,DC,Axar Patel,13,8,1,0,162.5,c Dhoni b Bumrah,0,4,30.77,0,0
IPL_2022_050,2,DC,Abishek Porel,25,16,2,1,156.25,lbw b Chahal,0,14,56.0,0,0
IPL_2022_050,2,DC,Kuldeep Yadav,6,4,0,0,150.0,not out,1,0,0.0,0,0
IPL_2022_051,1,RR,Yashasvi Jaiswal,24,14,2,0,171.43,c Dhoni b Bumrah,0,8,33.33,0,0
IPL_2022_051,1,RR,Jos Buttler,13,8,0,0,162.5,c & b Narine,0,0,0.0,0,0
IPL_2022_051,1,RR,Sanju Samson,37,22,3,1,168.18,c & b Narine,0,18,48.65,0,0
IPL_2022_051,1,RR,Riyan Parag,41,34,2,2,120.59,lbw b Chahal,0,20,48.78,0,0
IPL_2022_051,1,RR,Dhruv Jurel,36,21,1,2,171.43,c & b Narine,0,16,44.44,0,0
IPL_2022_051,1,RR,Shimron Hetmyer,35,21,3,0,166.67,c Dhoni b Bumrah,0,12,34.29,0,0
IPL_2022_051,2,KKR,Phil Salt,18,11,1,1,163.64,c & b Narine,0,10,55.56,0,0
IPL_2022_051,2,KKR,Sunil Narine,22,19,2,0,115.79,c & b Narine,0,8,36.36,0,0
IPL_2022_051,2,KKR,Venkatesh Iyer,30,17,3,1,176.47,lbw b Chahal,0,18,60.0,0,0
IPL_2022_051,2,KKR,Shreyas Iyer,28,22,2,1,127.27,b Cummins,0,14,50.0,0,0
IPL_2022_051,2,KKR,Rinku Singh,40,31,3,1,129.03,run out,0,18,45.0,0,0
IPL_2022_051,2,KKR,Andre Russell,23,20,3,0,115.0,not out,1,12,52.17,0,0
IPL_2022_052,1,DC,David Warner,25,14,2,1,178.57,lbw b Chahal,0,14,56.0,0,0
IPL_2022_052,1,DC,Prithvi Shaw,37,31,4,0,119.35,c & b Narine,0,16,43.24,0,0
IPL_2022_052,1,DC,Jake Fraser-McGurk,17,14,0,0,121.43,lbw b Chahal,0,0,0.0,0,0
IPL_2022_052,1,DC,Rishabh Pant,44,26,3,1,169.23,c & b Narine,0,18,40.91,0,0
IPL_2022_052,1,DC,Tristan Stubbs,15,12,1,0,125.0,c & b Narine,0,4,26.67,0,0
IPL_2022_052,1,DC,Axar Patel,29,23,2,1,126.09,run out,0,14,48.28,0,0
IPL_2022_052,2,RCB,Faf du Plessis,18,16,1,0,112.5,c & b Narine,0,4,22.22,0,0
IPL_2022_052,2,RCB,Virat Kohli,54,32,3,1,168.75,lbw b Chahal,0,18,33.33,1,0
IPL_2022_052,2,RCB,Will Jacks,46,38,5,1,121.05,c Dhoni b Bumrah,0,26,56.52,0,0
IPL_2022_052,2,RCB,Rajat Patidar,24,15,1,1,160.0,run out,0,10,41.67,0,0
IPL_2022_052,2,RCB,Glenn Maxwell,27,19,3,0,142.11,lbw b Chahal,0,12,44.44,0,0
IPL_2022_053,1,MI,Rohit Sharma,16,11,1,0,145.45,c & b Narine,0,4,25.0,0,0
IPL_2022_053,1,MI,Ishan Kishan,57,32,2,1,178.12,lbw b Chahal,0,14,24.56,1,0
IPL_2022_053,1,MI,Suryakumar Yadav,36,25,1,1,144.0,run out,0,10,27.78,0,0
IPL_2022_053,1,MI,Tilak Varma,26,19,1,1,136.84,c & b Narine,0,10,38.46,0,0
IPL_2022_053,1,MI,Hardik Pandya,56,33,4,2,169.7,c & b Narine,0,28,50.0,1,0
IPL_2022_053,2,GT,Shubman Gill,47,31,5,1,151.61,c Dhoni b Bumrah,0,26,55.32,0,0
IPL_2022_053,2,GT,Wriddhiman Saha,41,27,3,1,151.85,run out,0,18,43.9,0,0
IPL_2022_053,2,GT,Sai Sudharsan,49,34,4,1,144.12,b Cummins,0,22,44.9,0,0
IPL_2022_053,2,GT,David Miller,13,11,0,0,118.18,run out,0,0,0.0,0,0
IPL_2022_053,2,GT,Azmatullah Omarzai,26,17,1,1,152.94,c Dhoni b Bumrah,0,10,38.46,0,0
IPL_2022_054,1,MI,Rohit Sharma,34,19,2,1,178.95,b Cummins,0,14,41.18,0,0
IPL_2022_054,1,MI,Ishan Kishan,29,22,1,1,131.82,lbw b Chahal,0,10,34.48,0,0
IPL_2022_054,1,MI,Suryakumar Yadav,17,14,0,0,121.43,c & b Narine,0,0,0.0,0,0
IPL_2022_054,1,MI,Tilak Varma,33,24,2,1,137.5,lbw b Chahal,0,14,42.42,0,0
IPL_2022_054,1,MI,Hardik Pandya,62,37,6,2,167.57,b Cummins,0,36,58.06,1,0
IPL_2022_054,1,MI,Tim David,6,4,0,0,150.0,b Cummins,0,0,0.0,0,0
IPL_2022_054,2,LSG,KL Rahul,44,26,2,2,169.23,lbw b Chahal,0,20,45.45,0,0
IPL_2022_054,2,LSG,Quinton de Kock,34,29,2,2,117.24,c & b Narine,0,20,58.82,0,0
IPL_2022_054,2,LSG,Marcus Stoinis,11,8,0,0,137.5,b Cummins,0,0,0.0,0,0
IPL_2022_054,2,LSG,Nicholas Pooran,22,18,1,1,122.22,c Dhoni b Bumrah,0,10,45.45,0,0
IPL_2022_054,2,LSG,Ayush Badoni,14,10,1,0,140.0,lbw b Chahal,0,4,28.57,0,0
IPL_2022_054,2,LSG,Deepak Hooda,36,22,3,1,163.64,lbw b Chahal,0,18,50.0,0,0
IPL_2022_054,2,LSG,Krunal Pandya,8,7,0,0,114.29,b Cummins,0,0,0.0,0,0
IPL_2022_055,1,SRH,Travis Head,9,8,1,0,112.5,b Cummins,0,4,44.44,0,0
IPL_2022_055,1,SRH,Abhishek Sharma,38,21,3,1,180.95,b Cummins,0,18,47.37,0,0
IPL_2022_055,1,SRH,Rahul Tripathi,47,37,3,1,127.03,run out,0,18,38.3,0,0
IPL_2022_055,1,SRH,Aiden Markram,30,23,3,1,130.43,b Cummins,0,18,60.0,0,0
IPL_2022_055,1,SRH,Heinrich Klaasen,23,13,2,1,176.92,c Dhoni b Bumrah,0,14,60.87,0,0
IPL_2022_055,1,SRH,Nitish Kumar Reddy,10,8,0,0,125.0,run out,0,0,0.0,0,0
IPL_2022_055,1,SRH,Abdul Samad,12,10,0,0,120.0,not out,1,0,0.0,0,0
IPL_2022_055,2,CSK,Ruturaj Gaikwad,14,9,1,0,155.56,lbw b Chahal,0,4,28.57,0,0
IPL_2022_055,2,CSK,Rachin Ravindra,28,18,1,1,155.56,c Dhoni b Bumrah,0,10,35.71,0,0
IPL_2022_055,2,CSK,Ajinkya Rahane,37,26,3,2,142.31,c & b Narine,0,24,64.86,0,0
IPL_2022_055,2,CSK,Daryl Mitchell,9,8,0,0,112.5,run out,0,0,0.0,0,0
IPL_2022_055,2,CSK,Shivam Dube,32,24,2,0,133.33,b Cummins,0,8,25.0,0,0
IPL_2022_055,2,CSK,Ravindra Jadeja,57,35,2,3,162.86,not out,1,26,45.61,1,0
IPL_2022_056,1,RCB,Faf du Plessis,14,9,1,0,155.56,c & b Narine,0,4,28.57,0,0
IPL_2022_056,1,RCB,Virat Kohli,14,8,1,0,175.0,c Dhoni b Bumrah,0,4,28.57,0,0
IPL_2022_056,1,RCB,Will Jacks,19,16,1,1,118.75,lbw b Chahal,0,10,52.63,0,0
IPL_2022_056,1,RCB,Rajat Patidar,58,38,3,3,152.63,run out,0,30,51.72,1,0
IPL_2022_056,1,RCB,Glenn Maxwell,30,19,1,1,157.89,c Dhoni b Bumrah,0,10,33.33,0,0
IPL_2022_056,1,RCB,Cameron Green,26,23,2,0,113.04,c & b Narine,0,8,30.77,0,0
IPL_2022_056,1,RCB,Dinesh Karthik,10,7,0,0,142.86,not out,1,0,0.0,0,0
IPL_2022_056,2,MI,Rohit Sharma,18,14,1,0,128.57,run out,0,4,22.22,0,0
IPL_2022_056,2,MI,Ishan Kishan,16,12,1,1,133.33,run out,0,10,62.5,0,0
IPL_2022_056,2,MI,Suryakumar Yadav,13,9,1,0,144.44,c & b Narine,0,4,30.77,0,0
IPL_2022_056,2,MI,Tilak Varma,11,8,0,0,137.5,lbw b Chahal,0,0,0.0,0,0
IPL_2022_056,2,MI,Hardik Pandya,19,13,1,0,146.15,run out,0,4,21.05,0,0
IPL_2022_056,2,MI,Tim David,19,14,1,1,135.71,run out,0,10,52.63,0,0
IPL_2022_056,2,MI,Romario Shepherd,46,29,4,1,158.62,c Dhoni b Bumrah,0,22,47.83,0,0
IPL_2022_056,2,MI,Mohammad Nabi,38,21,4,1,180.95,not out,1,22,57.89,0,0
IPL_2022_057,1,KKR,Phil Salt,32,20,2,1,160.0,run out,0,14,43.75,0,0
IPL_2022_057,1,KKR,Sunil Narine,35,30,3,1,116.67,run out,0,18,51.43,0,0
IPL_2022_057,1,KKR,Venkatesh Iyer,40,34,3,1,117.65,lbw b Chahal,0,18,45.0,0,0
IPL_2022_057,1,KKR,Shreyas Iyer,20,17,2,0,117.65,lbw b Chahal,0,8,40.0,0,0
IPL_2022_057,1,KKR,Rinku Singh,13,8,1,0,162.5,c Dhoni b Bumrah,0,4,30.77,0,0
IPL_2022_057,1,KKR,Andre Russell,14,11,1,0,127.27,c Dhoni b Bumrah,0,4,28.57,0,0
IPL_2022_057,2,RCB,Faf du Plessis,53,36,3,3,147.22,lbw b Chahal,0,30,56.6,1,0
IPL_2022_057,2,RCB,Virat Kohli,39,22,3,1,177.27,c & b Narine,0,18,46.15,0,0
IPL_2022_057,2,RCB,Will Jacks,23,15,1,0,153.33,lbw b Chahal,0,4,17.39,0,0
IPL_2022_057,2,RCB,Rajat Patidar,60,38,5,2,157.89,lbw b Chahal,0,32,53.33,1,0
IPL_2022_058,1,KKR,Phil Salt,13,11,1,0,118.18,c Dhoni b Bumrah,0,4,30.77,0,0
IPL_2022_058,1,KKR,Sunil Narine,47,36,2,3,130.56,c & b Narine,0,26,55.32,0,0
IPL_2022_058,1,KKR,Venkatesh Iyer,43,33,3,1,130.3,b Cummins,0,18,41.86,0,0
IPL_2022_058,1,KKR,Shreyas Iyer,21,17,0,1,123.53,c Dhoni b Bumrah,0,6,28.57,0,0
IPL_2022_058,1,KKR,Rinku Singh,13,10,1,0,130.0,run out,0,4,30.77,0,0
IPL_2022_058,1,KKR,Andre Russell,22,13,1,1,169.23,not out,1,10,45.45,0,0
IPL_2022_058,2,CSK,Ruturaj Gaikwad,13,9,1,0,144.44,c Dhoni b Bumrah,0,4,30.77,0,0
IPL_2022_058,2,CSK,Rachin Ravindra,14,8,0,0,175.0,lbw b Chahal,0,0,0.0,0,0
IPL_2022_058,2,CSK,Ajinkya Rahane,28,22,1,1,127.27,c Dhoni b Bumrah,0,10,35.71,0,0
IPL_2022_058,2,CSK,Daryl Mitchell,14,9,1,0,155.56,c & b Narine,0,4,28.57,0,0
IPL_2022_058,2,CSK,Shivam Dube,26,15,2,1,173.33,b Cummins,0,14,53.85,0,0
IPL_2022_058,2,CSK,Ravindra Jadeja,97,57,3,4,170.18,not out,1,36,37.11,1,0
IPL_2022_059,1,RCB,Faf du Plessis,59,33,3,3,178.79,c Dhoni b Bumrah,0,30,50.85,1,0
IPL_2022_059,1,RCB,Virat Kohli,37,24,2,2,154.17,run out,0,20,54.05,0,0
IPL_2022_059,1,RCB,Will Jacks,41,24,2,1,170.83,b Cummins,0,14,34.15,0,0
IPL_2022_059,1,RCB,Rajat Patidar,70,38,6,2,184.21,b Cummins,0,36,51.43,1,0
IPL_2022_059,1,RCB,Glenn Maxwell,1,1,0,0,100.0,not out,1,0,0.0,0,0
IPL_2022_059,2,RR,Yashasvi Jaiswal,14,8,1,0,175.0,run out,0,4,28.57,0,0
IPL_2022_059,2,RR,Jos Buttler,45,34,4,1,132.35,c Dhoni b Bumrah,0,22,48.89,0,0
IPL_2022_059,2,RR,Sanju Samson,41,35,1,2,117.14,c Dhoni b Bumrah,0,16,39.02,0,0
IPL_2022_059,2,RR,Riyan Parag,34,27,2,1,125.93,lbw b Chahal,0,14,41.18,0,0
IPL_2022_059,2,RR,Dhruv Jurel,27,15,2,1,180.0,b Cummins,0,14,51.85,0,0
IPL_2022_059,2,RR,Shimron Hetmyer,1,1,0,0,100.0,not out,1,0,0.0,0,0
IPL_2022_060,1,RCB,Faf du Plessis,48,37,3,2,129.73,run out,0,24,50.0,0,0
IPL_2022_060,1,RCB,Virat Kohli,26,17,1,1,152.94,b Cummins,0,10,38.46,0,0
IPL_2022_060,1,RCB,Will Jacks,13,11,1,0,118.18,c Dhoni b Bumrah,0,4,30.77,0,0
IPL_2022_060,1,RCB,Rajat Patidar,52,36,2,1,144.44,run out,0,14,26.92,1,0
IPL_2022_060,1,RCB,Glenn Maxwell,24,19,1,1,126.32,c Dhoni b Bumrah,0,10,41.67,0,0
IPL_2022_060,2,RR,Yashasvi Jaiswal,18,11,1,0,163.64,c Dhoni b Bumrah,0,4,22.22,0,0
IPL_2022_060,2,RR,Jos Buttler,13,10,0,0,130.0,run out,0,0,0.0,0,0
IPL_2022_060,2,RR,Sanju Samson,43,33,3,1,130.3,c Dhoni b Bumrah,0,18,41.86,0,0
IPL_2022_060,2,RR,Riyan Parag,30,19,2,1,157.89,run out,0,14,46.67,0,0
IPL_2022_060,2,RR,Dhruv Jurel,24,19,1,1,126.32,c & b Narine,0,10,41.67,0,0
IPL_2022_060,2,RR,Shimron Hetmyer,40,28,3,2,142.86,c Dhoni b Bumrah,0,24,60.0,0,0
IPL_2022_061,1,DC,David Warner,60,38,4,1,157.89,c & b Narine,0,22,36.67,1,0
IPL_2022_061,1,DC,Prithvi Shaw,42,34,1,1,123.53,c Dhoni b Bumrah,0,10,23.81,0,0
IPL_2022_061,1,DC,Jake Fraser-McGurk,11,8,1,0,137.5,c Dhoni b Bumrah,0,4,36.36,0,0
IPL_2022_061,1,DC,Rishabh Pant,29,25,2,1,116.0,c & b Narine,0,14,48.28,0,0
IPL_2022_061,1,DC,Tristan Stubbs,21,15,1,0,140.0,c & b Narine,0,4,19.05,0,0
IPL_2022_061,2,MI,Rohit Sharma,49,36,2,2,136.11,b Cummins,0,20,40.82,0,0
IPL_2022_061,2,MI,Ishan Kishan,53,32,4,3,165.62,c & b Narine,0,34,64.15,1,0
IPL_2022_061,2,MI,Suryakumar Yadav,24,20,2,0,120.0,c Dhoni b Bumrah,0,8,33.33,0,0
IPL_2022_061,2,MI,Tilak Varma,9,8,0,0,112.5,c Dhoni b Bumrah,0,0,0.0,0,0
IPL_2022_061,2,MI,Hardik Pandya,33,24,1,2,137.5,run out,0,16,48.48,0,0
IPL_2022_062,1,RCB,Faf du Plessis,44,34,3,2,129.41,lbw b Chahal,0,24,54.55,0,0
IPL_2022_062,1,RCB,Virat Kohli,25,18,2,1,138.89,lbw b Chahal,0,14,56.0,0,0
IPL_2022_062,1,RCB,Will Jacks,38,22,3,2,172.73,lbw b Chahal,0,24,63.16,0,0
IPL_2022_062,1,RCB,Rajat Patidar,45,34,4,2,132.35,c Dhoni b Bumrah,0,28,62.22,0,0
IPL_2022_062,1,RCB,Glenn Maxwell,16,12,1,0,133.33,c Dhoni b Bumrah,0,4,25.0,0,0
IPL_2022_062,2,KKR,Phil Salt,34,20,3,1,170.0,run out,0,18,52.94,0,0
IPL_2022_062,2,KKR,Sunil Narine,36,25,1,2,144.0,c & b Narine,0,16,44.44,0,0
IPL_2022_062,2,KKR,Venkatesh Iyer,28,24,2,1,116.67,run out,0,14,50.0,0,0
IPL_2022_062,2,KKR,Shreyas Iyer,34,23,1,1,147.83,lbw b Chahal,0,10,29.41,0,0
IPL_2022_062,2,KKR,Rinku Singh,9,8,1,0,112.5,b Cummins,0,4,44.44,0,0
IPL_2022_062,2,KKR,Andre Russell,14,11,1,0,127.27,c Dhoni b Bumrah,0,4,28.57,0,0
IPL_2022_062,2,KKR,Ramandeep Singh,14,9,1,0,155.56,not out,1,4,28.57,0,0
IPL_2022_063,1,PBKS,Shikhar Dhawan,21,17,0,1,123.53,lbw b Chahal,0,6,28.57,0,0
IPL_2022_063,1,PBKS,Jonny Bairstow,52,35,2,3,148.57,c Dhoni b Bumrah,0,26,50.0,1,0
IPL_2022_063,1,PBKS,Prabhsimran Singh,65,36,7,1,180.56,b Cummins,0,34,52.31,1,0
IPL_2022_063,1,PBKS,Rilee Rossouw,37,25,2,1,148.0,run out,0,14,37.84,0,0
IPL_2022_063,1,PBKS,Sam Curran,12,7,0,0,171.43,b Cummins,0,0,0.0,0,0
IPL_2022_063,2,RCB,Faf du Plessis,58,38,4,2,152.63,run out,0,28,48.28,1,0
IPL_2022_063,2,RCB,Virat Kohli,21,17,2,0,123.53,b Cummins,0,8,38.1,0,0
IPL_2022_063,2,RCB,Will Jacks,29,22,2,1,131.82,c Dhoni b Bumrah,0,14,48.28,0,0
IPL_2022_063,2,RCB,Rajat Patidar,23,13,1,1,176.92,lbw b Chahal,0,10,43.48,0,0
IPL_2022_063,2,RCB,Glenn Maxwell,44,30,3,2,146.67,b Cummins,0,24,54.55,0,0
IPL_2022_064,1,MI,Rohit Sharma,15,11,0,0,136.36,c & b Narine,0,0,0.0,0,0
IPL_2022_064,1,MI,Ishan Kishan,21,15,1,1,140.0,c Dhoni b Bumrah,0,10,47.62,0,0
IPL_2022_064,1,MI,Suryakumar Yadav,13,11,0,0,118.18,run out,0,0,0.0,0,0
IPL_2022_064,1,MI,Tilak Varma,39,26,4,1,150.0,lbw b Chahal,0,22,56.41,0,0
IPL_2022_064,1,MI,Hardik Pandya,34,22,1,1,154.55,b Cummins,0,10,29.41,0,0
IPL_2022_064,1,MI,Tim David,36,31,3,1,116.13,lbw b Chahal,0,18,50.0,0,0
IPL_2022_064,1,MI,Romario Shepherd,6,4,0,0,150.0,not out,1,0,0.0,0,0
IPL_2022_064,2,RCB,Faf du Plessis,10,9,0,0,111.11,c & b Narine,0,0,0.0,0,0
IPL_2022_064,2,RCB,Virat Kohli,60,37,3,3,162.16,c Dhoni b Bumrah,0,30,50.0,1,0
IPL_2022_064,2,RCB,Will Jacks,28,17,2,1,164.71,b Cummins,0,14,50.0,0,0
IPL_2022_064,2,RCB,Rajat Patidar,26,16,2,1,162.5,b Cummins,0,14,53.85,0,0
IPL_2022_064,2,RCB,Glenn Maxwell,54,35,3,3,154.29,not out,1,30,55.56,1,0
IPL_2022_065,1,MI,Rohit Sharma,45,28,2,2,160.71,lbw b Chahal,0,20,44.44,0,0
IPL_2022_065,1,MI,Ishan Kishan,50,28,3,2,178.57,c Dhoni b Bumrah,0,24,48.0,1,0
IPL_2022_065,1,MI,Suryakumar Yadav,38,25,2,2,152.0,c & b Narine,0,20,52.63,0,0
IPL_2022_065,1,MI,Tilak Varma,49,31,5,1,158.06,c Dhoni b Bumrah,0,26,53.06,0,0
IPL_2022_065,1,MI,Hardik Pandya,12,8,1,0,150.0,c & b Narine,0,4,33.33,0,0
IPL_2022_065,2,LSG,KL Rahul,16,10,2,0,160.0,c & b Narine,0,8,50.0,0,0
IPL_2022_065,2,LSG,Quinton de Kock,48,32,2,2,150.0,c & b Narine,0,20,41.67,0,0
IPL_2022_065,2,LSG,Marcus Stoinis,53,30,3,1,176.67,run out,0,18,33.96,1,0
IPL_2022_065,2,LSG,Nicholas Pooran,44,35,4,1,125.71,c & b Narine,0,22,50.0,0,0
IPL_2022_065,2,LSG,Ayush Badoni,15,13,0,0,115.38,c Dhoni b Bumrah,0,0,0.0,0,0
IPL_2022_066,1,LSG,KL Rahul,20,12,1,0,166.67,c Dhoni b Bumrah,0,4,20.0,0,0
IPL_2022_066,1,LSG,Quinton de Kock,34,27,3,1,125.93,run out,0,18,52.94,0,0
IPL_2022_066,1,LSG,Marcus Stoinis,15,9,1,0,166.67,run out,0,4,26.67,0,0
IPL_2022_066,1,LSG,Nicholas Pooran,51,30,3,3,170.0,b Cummins,0,30,58.82,1,0
IPL_2022_066,1,LSG,Ayush Badoni,52,35,3,3,148.57,lbw b Chahal,0,30,57.69,1,0
IPL_2022_066,1,LSG,Deepak Hooda,9,7,1,0,128.57,run out,0,4,44.44,0,0
IPL_2022_066,2,SRH,Travis Head,36,28,2,1,128.57,run out,0,14,38.89,0,0
IPL_2022_066,2,SRH,Abhishek Sharma,15,9,0,0,166.67,lbw b Chahal,0,0,0.0,0,0
IPL_2022_066,2,SRH,Rahul Tripathi,25,21,2,0,119.05,lbw b Chahal,0,8,32.0,0,0
IPL_2022_066,2,SRH,Aiden Markram,17,14,1,0,121.43,lbw b Chahal,0,4,23.53,0,0
IPL_2022_066,2,SRH,Heinrich Klaasen,46,29,4,2,158.62,run out,0,28,60.87,0,0
IPL_2022_066,2,SRH,Nitish Kumar Reddy,21,18,2,0,116.67,c & b Narine,0,8,38.1,0,0
IPL_2022_066,2,SRH,Abdul Samad,1,1,0,0,100.0,not out,1,0,0.0,0,0
IPL_2022_067,1,CSK,Ruturaj Gaikwad,33,19,3,1,173.68,b Cummins,0,18,54.55,0,0
IPL_2022_067,1,CSK,Rachin Ravindra,50,37,4,2,135.14,lbw b Chahal,0,28,56.0,1,0
IPL_2022_067,1,CSK,Ajinkya Rahane,47,37,2,2,127.03,c Dhoni b Bumrah,0,20,42.55,0,0
IPL_2022_067,1,CSK,Daryl Mitchell,44,27,3,2,162.96,b Cummins,0,24,54.55,0,0
IPL_2022_067,2,SRH,Travis Head,22,16,1,1,137.5,b Cummins,0,10,45.45,0,0
IPL_2022_067,2,SRH,Abhishek Sharma,47,37,2,2,127.03,lbw b Chahal,0,20,42.55,0,0
IPL_2022_067,2,SRH,Rahul Tripathi,13,9,1,0,144.44,lbw b Chahal,0,4,30.77,0,0
IPL_2022_067,2,SRH,Aiden Markram,52,34,3,1,152.94,c Dhoni b Bumrah,0,18,34.62,1,0
IPL_2022_067,2,SRH,Heinrich Klaasen,32,18,3,0,177.78,lbw b Chahal,0,12,37.5,0,0
IPL_2022_067,2,SRH,Nitish Kumar Reddy,9,6,0,0,150.0,lbw b Chahal,0,0,0.0,0,0
IPL_2022_068,1,PBKS,Shikhar Dhawan,12,8,1,0,150.0,c Dhoni b Bumrah,0,4,33.33,0,0
IPL_2022_068,1,PBKS,Jonny Bairstow,36,28,1,1,128.57,b Cummins,0,10,27.78,0,0
IPL_2022_068,1,PBKS,Prabhsimran Singh,19,16,1,0,118.75,b Cummins,0,4,21.05,0,0
IPL_2022_068,1,PBKS,Rilee Rossouw,22,17,1,1,129.41,b Cummins,0,10,45.45,0,0
IPL_2022_068,1,PBKS,Sam Curran,36,29,2,1,124.14,run out,0,14,38.89,0,0
IPL_2022_068,1,PBKS,Jitesh Sharma,25,22,1,1,113.64,not out,1,10,40.0,0,0
IPL_2022_068,2,CSK,Ruturaj Gaikwad,28,16,3,0,175.0,c Dhoni b Bumrah,0,12,42.86,0,0
IPL_2022_068,2,CSK,Rachin Ravindra,46,26,4,1,176.92,lbw b Chahal,0,22,47.83,0,0
IPL_2022_068,2,CSK,Ajinkya Rahane,24,16,2,1,150.0,c Dhoni b Bumrah,0,14,58.33,0,0
IPL_2022_068,2,CSK,Daryl Mitchell,48,27,3,3,177.78,run out,0,30,62.5,0,0
IPL_2022_068,2,CSK,Shivam Dube,35,28,3,1,125.0,b Cummins,0,18,51.43,0,0
IPL_2022_069,1,DC,David Warner,33,27,3,0,122.22,b Cummins,0,12,36.36,0,0
IPL_2022_069,1,DC,Prithvi Shaw,46,29,3,2,158.62,lbw b Chahal,0,24,52.17,0,0
IPL_2022_069,1,DC,Jake Fraser-McGurk,25,21,2,1,119.05,lbw b Chahal,0,14,56.0,0,0
IPL_2022_069,1,DC,Rishabh Pant,16,10,1,0,160.0,b Cummins,0,4,25.0,0,0
IPL_2022_069,1,DC,Tristan Stubbs,23,19,1,1,121.05,lbw b Chahal,0,10,43.48,0,0
IPL_2022_069,1,DC,Axar Patel,23,14,2,1,164.29,c & b Narine,0,14,60.87,0,0
IPL_2022_069,2,PBKS,Shikhar Dhawan,59,38,4,3,155.26,c Dhoni b Bumrah,0,34,57.63,1,0
IPL_2022_069,2,PBKS,Jonny Bairstow,34,24,1,1,141.67,b Cummins,0,10,29.41,0,0
IPL_2022_069,2,PBKS,Prabhsimran Singh,42,23,3,2,182.61,lbw b Chahal,0,24,57.14,0,0
IPL_2022_069,2,PBKS,Rilee Rossouw,43,24,4,2,179.17,b Cummins,0,28,65.12,0,0
IPL_2022_070,1,CSK,Ruturaj Gaikwad,23,18,1,1,127.78,lbw b Chahal,0,10,43.48,0,0
IPL_2022_070,1,CSK,Rachin Ravindra,18,13,1,0,138.46,lbw b Chahal,0,4,22.22,0,0
IPL_2022_070,1,CSK,Ajinkya Rahane,48,29,4,1,165.52,c & b Narine,0,22,45.83,0,0
IPL_2022_070,1,CSK,Daryl Mitchell,40,25,2,2,160.0,lbw b Chahal,0,20,50.0,0,0
IPL_2022_070,1,CSK,Shivam Dube,37,28,1,1,132.14,run out,0,10,27.03,0,0
IPL_2022_070,1,CSK,Ravindra Jadeja,12,7,1,0,171.43,lbw b Chahal,0,4,33.33,0,0
IPL_2022_070,2,KKR,Phil Salt,68,38,6,2,178.95,lbw b Chahal,0,36,52.94,1,0
IPL_2022_070,2,KKR,Sunil Narine,37,28,3,1,132.14,b Cummins,0,18,48.65,0,0
IPL_2022_070,2,KKR,Venkatesh Iyer,22,13,1,1,169.23,lbw b Chahal,0,10,45.45,0,0
IPL_2022_070,2,KKR,Shreyas Iyer,22,15,1,1,146.67,lbw b Chahal,0,10,45.45,0,0
IPL_2022_070,2,KKR,Rinku Singh,11,9,0,0,122.22,b Cummins,0,0,0.0,0,0
IPL_2022_070,2,KKR,Andre Russell,25,17,1,0,147.06,not out,1,4,16.0,0,0
IPL_2022_071,1,SRH,Travis Head,19,16,0,1,118.75,run out,0,6,31.58,0,0
IPL_2022_071,1,SRH,Abhishek Sharma,53,33,2,2,160.61,run out,0,20,37.74,1,0
IPL_2022_071,1,SRH,Rahul Tripathi,60,34,2,1,176.47,c & b Narine,0,14,23.33,1,0
IPL_2022_071,1,SRH,Aiden Markram,27,17,1,1,158.82,b Cummins,0,10,37.04,0,0
IPL_2022_071,1,SRH,Heinrich Klaasen,26,20,2,1,130.0,c & b Narine,0,14,53.85,0,0
IPL_2022_071,2,GT,Shubman Gill,44,38,2,2,115.79,run out,0,20,45.45,0,0
IPL_2022_071,2,GT,Wriddhiman Saha,21,17,1,0,123.53,lbw b Chahal,0,4,19.05,0,0
IPL_2022_071,2,GT,Sai Sudharsan,14,11,1,0,127.27,c Dhoni b Bumrah,0,4,28.57,0,0
IPL_2022_071,2,GT,David Miller,39,25,2,2,156.0,b Cummins,0,20,51.28,0,0
IPL_2022_071,2,GT,Azmatullah Omarzai,40,29,1,1,137.93,not out,1,10,25.0,0,0
IPL_2022_072,1,LSG,KL Rahul,47,26,4,2,180.77,c & b Narine,0,28,59.57,0,0
IPL_2022_072,1,LSG,Quinton de Kock,32,19,3,1,168.42,run out,0,18,56.25,0,0
IPL_2022_072,1,LSG,Marcus Stoinis,22,19,1,0,115.79,c Dhoni b Bumrah,0,4,18.18,0,0
IPL_2022_072,1,LSG,Nicholas Pooran,42,32,3,2,131.25,c & b Narine,0,24,57.14,0,0
IPL_2022_072,1,LSG,Ayush Badoni,34,24,1,2,141.67,run out,0,16,47.06,0,0
IPL_2022_072,2,KKR,Phil Salt,21,12,1,0,175.0,b Cummins,0,4,19.05,0,0
IPL_2022_072,2,KKR,Sunil Narine,51,28,2,3,182.14,lbw b Chahal,0,26,50.98,1,0
IPL_2022_072,2,KKR,Venkatesh Iyer,14,8,1,0,175.0,c Dhoni b Bumrah,0,4,28.57,0,0
IPL_2022_072,2,KKR,Shreyas Iyer,50,34,4,1,147.06,lbw b Chahal,0,22,44.0,1,0
IPL_2022_072,2,KKR,Rinku Singh,49,36,4,2,136.11,c Dhoni b Bumrah,0,28,57.14,0,0
IPL_2022_073,1,DC,David Warner,56,35,2,3,160.0,b Cummins,0,26,46.43,1,0
IPL_2022_073,1,DC,Prithvi Shaw,15,13,1,0,115.38,run out,0,4,26.67,0,0
IPL_2022_073,1,DC,Jake Fraser-McGurk,56,31,3,3,180.65,run out,0,30,53.57,1,0
IPL_2022_073,1,DC,Rishabh Pant,52,35,6,1,148.57,run out,0,30,57.69,1,0
IPL_2022_073,1,DC,Tristan Stubbs,8,6,0,0,133.33,c Dhoni b Bumrah,0,0,0.0,0,0
IPL_2022_073,2,PBKS,Shikhar Dhawan,20,13,1,1,153.85,lbw b Chahal,0,10,50.0,0,0
IPL_2022_073,2,PBKS,Jonny Bairstow,30,20,2,1,150.0,c Dhoni b Bumrah,0,14,46.67,0,0
IPL_2022_073,2,PBKS,Prabhsimran Singh,55,37,4,1,148.65,c & b Narine,0,22,40.0,1,0
IPL_2022_073,2,PBKS,Rilee Rossouw,38,26,1,1,146.15,c Dhoni b Bumrah,0,10,26.32,0,0
IPL_2022_073,2,PBKS,Sam Curran,43,24,3,1,179.17,run out,0,18,41.86,0,0
IPL_2022_074,1,PBKS,Shikhar Dhawan,58,32,5,2,181.25,c & b Narine,0,32,55.17,1,0
IPL_2022_074,1,PBKS,Jonny Bairstow,65,37,5,3,175.68,c & b Narine,0,38,58.46,1,0
IPL_2022_074,1,PBKS,Prabhsimran Singh,33,21,2,1,157.14,c Dhoni b Bumrah,0,14,42.42,0,0
IPL_2022_074,1,PBKS,Rilee Rossouw,28,23,2,1,121.74,b Cummins,0,14,50.0,0,0
IPL_2022_074,1,PBKS,Sam Curran,8,7,0,0,114.29,b Cummins,0,0,0.0,0,0
IPL_2022_074,2,LSG,KL Rahul,16,9,1,0,177.78,lbw b Chahal,0,4,25.0,0,0
IPL_2022_074,2,LSG,Quinton de Kock,24,15,2,0,160.0,run out,0,8,33.33,0,0
IPL_2022_074,2,LSG,Marcus Stoinis,12,8,1,0,150.0,c Dhoni b Bumrah,0,4,33.33,0,0
IPL_2022_074,2,LSG,Nicholas Pooran,41,24,1,1,170.83,b Cummins,0,10,24.39,0,0
IPL_2022_074,2,LSG,Ayush Badoni,11,8,0,0,137.5,lbw b Chahal,0,0,0.0,0,0
IPL_2022_074,2,LSG,Deepak Hooda,44,32,3,2,137.5,c & b Narine,0,24,54.55,0,0
IPL_2022_074,2,LSG,Krunal Pandya,37,24,2,1,154.17,not out,1,14,37.84,0,0
IPL_2023_001,1,SRH,Travis Head,11,8,0,0,137.5,run out,0,0,0.0,0,0
IPL_2023_001,1,SRH,Abhishek Sharma,18,10,0,0,180.0,b Cummins,0,0,0.0,0,0
IPL_2023_001,1,SRH,Rahul Tripathi,58,36,5,3,161.11,c Dhoni b Bumrah,0,38,65.52,1,0
IPL_2023_001,1,SRH,Aiden Markram,41,33,1,1,124.24,lbw b Chahal,0,10,24.39,0,0
IPL_2023_001,1,SRH,Heinrich Klaasen,39,23,3,1,169.57,b Cummins,0,18,46.15,0,0
IPL_2023_001,1,SRH,Nitish Kumar Reddy,15,10,0,0,150.0,b Cummins,0,0,0.0,0,0
IPL_2023_001,2,CSK,Ruturaj Gaikwad,14,8,1,0,175.0,c Dhoni b Bumrah,0,4,28.57,0,0
IPL_2023_001,2,CSK,Rachin Ravindra,50,31,4,2,161.29,c Dhoni b Bumrah,0,28,56.0,1,0
IPL_2023_001,2,CSK,Ajinkya Rahane,27,19,2,1,142.11,run out,0,14,51.85,0,0
IPL_2023_001,2,CSK,Daryl Mitchell,56,34,3,3,164.71,c & b Narine,0,30,53.57,1,0
IPL_2023_001,2,CSK,Shivam Dube,19,13,1,0,146.15,lbw b Chahal,0,4,21.05,0,0
IPL_2023_001,2,CSK,Ravindra Jadeja,13,8,1,0,162.5,run out,0,4,30.77,0,0
IPL_2023_001,2,CSK,MS Dhoni,12,7,1,0,171.43,b Cummins,0,4,33.33,0,0
IPL_2023_002,1,LSG,KL Rahul,18,15,1,1,120.0,run out,0,10,55.56,0,0
IPL_2023_002,1,LSG,Quinton de Kock,16,11,1,1,145.45,b Cummins,0,10,62.5,0,0
IPL_2023_002,1,LSG,Marcus Stoinis,16,11,1,0,145.45,lbw b Chahal,0,4,25.0,0,0
IPL_2023_002,1,LSG,Nicholas Pooran,20,16,1,0,125.0,lbw b Chahal,0,4,20.0,0,0
IPL_2023_002,1,LSG,Ayush Badoni,19,16,2,0,118.75,b Cummins,0,8,42.11,0,0
IPL_2023_002,1,LSG,Deepak Hooda,24,18,2,1,133.33,c Dhoni b Bumrah,0,14,58.33,0,0
IPL_2023_002,1,LSG,Krunal Pandya,17,10,1,0,170.0,c & b Narine,0,4,23.53,0,0
IPL_2023_002,1,LSG,Ravi Bishnoi,21,14,2,0,150.0,b Cummins,0,8,38.1,0,0
IPL_2023_002,1,LSG,Mohsin Khan,16,9,1,0,177.78,not out,1,4,25.0,0,0
IPL_2023_002,2,DC,David Warner,38,27,2,1,140.74,c & b Narine,0,14,36.84,0,0
IPL_2023_002,2,DC,Prithvi Shaw,28,24,3,0,116.67,b Cummins,0,12,42.86,0,0
IPL_2023_002,2,DC,Jake Fraser-McGurk,15,12,1,0,125.0,run out,0,4,26.67,0,0
IPL_2023_002,2,DC,Rishabh Pant,57,36,2,3,158.33,run out,0,26,45.61,1,0
IPL_2023_002,2,DC,Tristan Stubbs,32,21,1,1,152.38,lbw b Chahal,0,10,31.25,0,0
IPL_2023_003,1,DC,David Warner,24,14,2,0,171.43,lbw b Chahal,0,8,33.33,0,0
IPL_2023_003,1,DC,Prithvi Shaw,37,26,3,1,142.31,run out,0,18,48.65,0,0
IPL_2023_003,1,DC,Jake Fraser-McGurk,21,16,2,0,131.25,c Dhoni b Bumrah,0,8,38.1,0,0
IPL_2023_003,1,DC,Rishabh Pant,56,35,5,1,160.0,lbw b Chahal,0,26,46.43,1,0
IPL_2023_003,1,DC,Tristan Stubbs,14,8,1,0,175.0,c Dhoni b Bumrah,0,4,28.57,0,0
IPL_2023_003,1,DC,Axar Patel,24,21,2,1,114.29,not out,1,14,58.33,0,0
IPL_2023_003,2,PBKS,Shikhar Dhawan,36,26,3,1,138.46,run out,0,18,50.0,0,0
IPL_2023_003,2,PBKS,Jonny Bairstow,45,29,2,2,155.17,run out,0,20,44.44,0,0
IPL_2023_003,2,PBKS,Prabhsimran Singh,10,8,0,0,125.0,run out,0,0,0.0,0,0
IPL_2023_003,2,PBKS,Rilee Rossouw,35,23,1,1,152.17,b Cummins,0,10,28.57,0,0
IPL_2023_003,2,PBKS,Sam Curran,54,34,3,3,158.82,not out,1,30,55.56,1,0
IPL_2023_004,1,SRH,Travis Head,53,29,2,2,182.76,lbw b Chahal,0,20,37.74,1,0
IPL_2023_004,1,SRH,Abhishek Sharma,39,25,3,1,156.0,c Dhoni b Bumrah,0,18,46.15,0,0
IPL_2023_004,1,SRH,Rahul Tripathi,18,10,2,0,180.0,b Cummins,0,8,44.44,0,0
IPL_2023_004,1,SRH,Aiden Markram,19,11,1,0,172.73,b Cummins,0,4,21.05,0,0
IPL_2023_004,1,SRH,Heinrich Klaasen,36,21,2,2,171.43,b Cummins,0,20,55.56,0,0
IPL_2023_004,1,SRH,Nitish Kumar Reddy,29,17,1,1,170.59,c Dhoni b Bumrah,0,10,34.48,0,0
IPL_2023_004,1,SRH,Abdul Samad,10,7,0,0,142.86,run out,0,0,0.0,0,0
IPL_2023_004,2,CSK,Ruturaj Gaikwad,13,8,0,0,162.5,lbw b Chahal,0,0,0.0,0,0
IPL_2023_004,2,CSK,Rachin Ravindra,27,23,1,1,117.39,run out,0,10,37.04,0,0
IPL_2023_004,2,CSK,Ajinkya Rahane,41,35,2,1,117.14,c & b Narine,0,14,34.15,0,0
IPL_2023_004,2,CSK,Daryl Mitchell,18,11,2,0,163.64,b Cummins,0,8,44.44,0,0
IPL_2023_004,2,CSK,Shivam Dube,16,11,2,0,145.45,c & b Narine,0,8,50.0,0,0
IPL_2023_004,2,CSK,Ravindra Jadeja,23,20,1,0,115.0,run out,0,4,17.39,0,0
IPL_2023_004,2,CSK,MS Dhoni,19,12,2,0,158.33,b Cummins,0,8,42.11,0,0
IPL_2023_005,1,LSG,KL Rahul,39,30,1,1,130.0,b Cummins,0,10,25.64,0,0
IPL_2023_005,1,LSG,Quinton de Kock,15,10,1,0,150.0,run out,0,4,26.67,0,0
IPL_2023_005,1,LSG,Marcus Stoinis,22,16,2,0,137.5,b Cummins,0,8,36.36,0,0
IPL_2023_005,1,LSG,Nicholas Pooran,15,10,0,0,150.0,run out,0,0,0.0,0,0
IPL_2023_005,1,LSG,Ayush Badoni,49,32,4,1,153.12,run out,0,22,44.9,0,0
IPL_2023_005,1,LSG,Deepak Hooda,10,9,0,0,111.11,run out,0,0,0.0,0,0
IPL_2023_005,1,LSG,Krunal Pandya,19,13,0,1,146.15,b Cummins,0,6,31.58,0,0
IPL_2023_005,2,MI,Rohit Sharma,15,13,0,0,115.38,run out,0,0,0.0,0,0
IPL_2023_005,2,MI,Ishan Kishan,29,19,2,1,152.63,c & b Narine,0,14,48.28,0,0
IPL_2023_005,2,MI,Suryakumar Yadav,19,16,2,0,118.75,lbw b Chahal,0,8,42.11,0,0
IPL_2023_005,2,MI,Tilak Varma,34,27,2,0,125.93,c & b Narine,0,8,23.53,0,0
IPL_2023_005,2,MI,Hardik Pandya,12,10,1,0,120.0,c Dhoni b Bumrah,0,4,33.33,0,0
IPL_2023_005,2,MI,Tim David,23,16,2,0,143.75,run out,0,8,34.78,0,0
IPL_2023_005,2,MI,Romario Shepherd,32,19,1,1,168.42,not out,1,10,31.25,0,0
IPL_2023_006,1,SRH,Travis Head,48,29,4,1,165.52,c & b Narine,0,22,45.83,0,0
IPL_2023_006,1,SRH,Abhishek Sharma,23,14,1,1,164.29,lbw b Chahal,0,10,43.48,0,0
IPL_2023_006,1,SRH,Rahul Tripathi,39,25,1,1,156.0,lbw b Chahal,0,10,25.64,0,0
IPL_2023_006,1,SRH,Aiden Markram,58,38,5,3,152.63,b Cummins,0,38,65.52,1,0
IPL_2023_006,1,SRH,Heinrich Klaasen,19,14,2,0,135.71,not out,1,8,42.11,0,0
IPL_2023_006,2,KKR,Phil Salt,60,33,4,3,181.82,b Cummins,0,34,56.67,1,0
IPL_2023_006,2,KKR,Sunil Narine,19,11,1,0,172.73,b Cummins,0,4,21.05,0,0
IPL_2023_006,2,KKR,Venkatesh Iyer,39,26,2,2,150.0,run out,0,20,51.28,0,0
IPL_2023_006,2,KKR,Shreyas Iyer,30,22,1,1,136.36,c & b Narine,0,10,33.33,0,0
IPL_2023_006,2,KKR,Rinku Singh,28,24,2,1,116.67,b Cummins,0,14,50.0,0,0
IPL_2023_006,2,KKR,Andre Russell,6,4,0,0,150.0,not out,1,0,0.0,0,0
IPL_2023_007,1,LSG,KL Rahul,37,29,2,0,127.59,run out,0,8,21.62,0,0
IPL_2023_007,1,LSG,Quinton de Kock,14,9,1,0,155.56,run out,0,4,28.57,0,0
IPL_2023_007,1,LSG,Marcus Stoinis,36,21,2,2,171.43,c Dhoni b Bumrah,0,20,55.56,0,0
IPL_2023_007,1,LSG,Nicholas Pooran,38,21,1,1,180.95,run out,0,10,26.32,0,0
IPL_2023_007,1,LSG,Ayush Badoni,68,38,5,3,178.95,c & b Narine,0,38,55.88,1,0
IPL_2023_007,1,LSG,Deepak Hooda,3,2,0,0,150.0,not out,1,0,0.0,0,0
IPL_2023_007,2,DC,David Warner,26,19,2,1,136.84,run out,0,14,53.85,0,0
IPL_2023_007,2,DC,Prithvi Shaw,45,38,2,2,118.42,b Cummins,0,20,44.44,0,0
IPL_2023_007,2,DC,Jake Fraser-McGurk,52,31,5,1,167.74,lbw b Chahal,0,26,50.0,1,0
IPL_2023_007,2,DC,Rishabh Pant,36,26,3,1,138.46,run out,0,18,50.0,0,0
IPL_2023_007,2,DC,Tristan Stubbs,10,6,0,0,166.67,not out,1,0,0.0,0,0
IPL_2023_008,1,MI,Rohit Sharma,26,22,1,0,118.18,run out,0,4,15.38,0,0
IPL_2023_008,1,MI,Ishan Kishan,22,16,2,0,137.5,run out,0,8,36.36,0,0
IPL_2023_008,1,MI,Suryakumar Yadav,67,38,3,4,176.32,c & b Narine,0,36,53.73,1,0
IPL_2023_008,1,MI,Tilak Varma,45,27,2,1,166.67,b Cummins,0,14,31.11,0,0
IPL_2023_008,1,MI,Hardik Pandya,20,17,1,0,117.65,run out,0,4,20.0,0,0
IPL_2023_008,2,CSK,Ruturaj Gaikwad,40,23,3,2,173.91,run out,0,24,60.0,0,0
IPL_2023_008,2,CSK,Rachin Ravindra,43,27,1,2,159.26,b Cummins,0,16,37.21,0,0
IPL_2023_008,2,CSK,Ajinkya Rahane,50,32,3,2,156.25,c Dhoni b Bumrah,0,24,48.0,1,0
IPL_2023_008,2,CSK,Daryl Mitchell,11,9,0,0,122.22,c Dhoni b Bumrah,0,0,0.0,0,0
IPL_2023_008,2,CSK,Shivam Dube,18,15,1,0,120.0,b Cummins,0,4,22.22,0,0
IPL_2023_008,2,CSK,Ravindra Jadeja,25,14,2,1,178.57,c & b Narine,0,14,56.0,0,0
IPL_2023_009,1,KKR,Phil Salt,19,13,2,0,146.15,lbw b Chahal,0,8,42.11,0,0
IPL_2023_009,1,KKR,Sunil Narine,45,33,4,1,136.36,run out,0,22,48.89,0,0
IPL_2023_009,1,KKR,Venkatesh Iyer,25,16,2,0,156.25,c Dhoni b Bumrah,0,8,32.0,0,0
IPL_2023_009,1,KKR,Shreyas Iyer,62,34,3,3,182.35,run out,0,30,48.39,1,0
IPL_2023_009,1,KKR,Rinku Singh,39,24,4,1,162.5,lbw b Chahal,0,22,56.41,0,0
IPL_2023_009,2,MI,Rohit Sharma,39,27,2,1,144.44,c Dhoni b Bumrah,0,14,35.9,0,0
IPL_2023_009,2,MI,Ishan Kishan,25,17,2,0,147.06,run out,0,8,32.0,0,0
IPL_2023_009,2,MI,Suryakumar Yadav,50,32,3,2,156.25,b Cummins,0,24,48.0,1,0
IPL_2023_009,2,MI,Tilak Varma,13,9,1,0,144.44,c Dhoni b Bumrah,0,4,30.77,0,0
IPL_2023_009,2,MI,Hardik Pandya,45,25,4,1,180.0,run out,0,22,48.89,0,0
IPL_2023_009,2,MI,Tim David,11,10,1,0,110.0,not out,1,4,36.36,0,0
IPL_2023_010,1,GT,Shubman Gill,20,18,0,1,111.11,b Cummins,0,6,30.0,0,0
IPL_2023_010,1,GT,Wriddhiman Saha,38,28,2,0,135.71,c Dhoni b Bumrah,0,8,21.05,0,0
IPL_2023_010,1,GT,Sai Sudharsan,34,25,3,1,136.0,lbw b Chahal,0,18,52.94,0,0
IPL_2023_010,1,GT,David Miller,43,36,3,1,119.44,c Dhoni b Bumrah,0,18,41.86,0,0
IPL_2023_010,1,GT,Azmatullah Omarzai,23,13,0,1,176.92,run out,0,6,26.09,0,0
IPL_2023_010,2,KKR,Phil Salt,39,24,2,2,162.5,b Cummins,0,20,51.28,0,0
IPL_2023_010,2,KKR,Sunil Narine,46,27,3,2,170.37,c Dhoni b Bumrah,0,24,52.17,0,0
IPL_2023_010,2,KKR,Venkatesh Iyer,29,19,2,1,152.63,run out,0,14,48.28,0,0
IPL_2023_010,2,KKR,Shreyas Iyer,47,29,3,2,162.07,c & b Narine,0,24,51.06,0,0
IPL_2023_011,1,RR,Yashasvi Jaiswal,51,34,2,2,150.0,lbw b Chahal,0,20,39.22,1,0
IPL_2023_011,1,RR,Jos Buttler,21,16,1,1,131.25,lbw b Chahal,0,10,47.62,0,0
IPL_2023_011,1,RR,Sanju Samson,56,34,2,2,164.71,lbw b Chahal,0,20,35.71,1,0
IPL_2023_011,1,RR,Riyan Parag,49,31,2,3,158.06,lbw b Chahal,0,26,53.06,0,0
IPL_2023_011,1,RR,Dhruv Jurel,9,5,0,0,180.0,c & b Narine,0,0,0.0,0,0
IPL_2023_011,2,MI,Rohit Sharma,19,16,2,0,118.75,run out,0,8,42.11,0,0
IPL_2023_011,2,MI,Ishan Kishan,61,36,3,3,169.44,run out,0,30,49.18,1,0
IPL_2023_011,2,MI,Suryakumar Yadav,46,29,1,2,158.62,c & b Narine,0,16,34.78,0,0
IPL_2023_011,2,MI,Tilak Varma,53,34,3,3,155.88,c Dhoni b Bumrah,0,30,56.6,1,0
IPL_2023_011,2,MI,Hardik Pandya,6,5,0,0,120.0,b Cummins,0,0,0.0,0,0
IPL_2023_012,1,LSG,KL Rahul,57,35,2,2,162.86,c Dhoni b Bumrah,0,20,35.09,1,0
IPL_2023_012,1,LSG,Quinton de Kock,36,28,2,1,128.57,c Dhoni b Bumrah,0,14,38.89,0,0
IPL_2023_012,1,LSG,Marcus Stoinis,51,34,4,2,150.0,b Cummins,0,28,54.9,1,0
IPL_2023_012,1,LSG,Nicholas Pooran,32,18,3,1,177.78,b Cummins,0,18,56.25,0,0
IPL_2023_012,1,LSG,Ayush Badoni,7,5,0,0,140.0,not out,1,0,0.0,0,0
IPL_2023_012,2,CSK,Ruturaj Gaikwad,51,37,3,2,137.84,b Cummins,0,24,47.06,1,0
IPL_2023_012,2,CSK,Rachin Ravindra,18,12,1,0,150.0,lbw b Chahal,0,4,22.22,0,0
IPL_2023_012,2,CSK,Ajinkya Rahane,57,33,4,1,172.73,c & b Narine,0,22,38.6,1,0
IPL_2023_012,2,CSK,Daryl Mitchell,43,24,1,2,179.17,c & b Narine,0,16,37.21,0,0
IPL_2023_012,2,CSK,Shivam Dube,16,14,0,0,114.29,c Dhoni b Bumrah,0,0,0.0,0,0
IPL_2023_013,1,RCB,Faf du Plessis,14,12,1,0,116.67,c & b Narine,0,4,28.57,0,0
IPL_2023_013,1,RCB,Virat Kohli,46,30,3,2,153.33,c Dhoni b Bumrah,0,24,52.17,0,0
IPL_2023_013,1,RCB,Will Jacks,20,13,1,1,153.85,c & b Narine,0,10,50.0,0,0
IPL_2023_013,1,RCB,Rajat Patidar,38,21,1,2,180.95,c Dhoni b Bumrah,0,16,42.11,0,0
IPL_2023_013,1,RCB,Glenn Maxwell,12,9,1,0,133.33,run out,0,4,33.33,0,0
IPL_2023_013,1,RCB,Cameron Green,38,22,1,2,172.73,run out,0,16,42.11,0,0
IPL_2023_013,1,RCB,Dinesh Karthik,23,13,1,0,176.92,not out,1,4,17.39,0,0
IPL_2023_013,2,SRH,Travis Head,47,32,2,2,146.88,b Cummins,0,20,42.55,0,0
IPL_2023_013,2,SRH,Abhishek Sharma,60,37,5,1,162.16,run out,0,26,43.33,1,0
IPL_2023_013,2,SRH,Rahul Tripathi,46,38,1,3,121.05,c Dhoni b Bumrah,0,22,47.83,0,0
IPL_2023_013,2,SRH,Aiden Markram,15,13,1,0,115.38,b Cummins,0,4,26.67,0,0
IPL_2023_014,1,PBKS,Shikhar Dhawan,26,18,3,0,144.44,lbw b Chahal,0,12,46.15,0,0
IPL_2023_014,1,PBKS,Jonny Bairstow,30,18,1,1,166.67,run out,0,10,33.33,0,0
IPL_2023_014,1,PBKS,Prabhsimran Singh,53,36,5,1,147.22,c & b Narine,0,26,49.06,1,0
IPL_2023_014,1,PBKS,Rilee Rossouw,36,25,2,1,144.0,run out,0,14,38.89,0,0
IPL_2023_014,1,PBKS,Sam Curran,25,17,2,1,147.06,lbw b Chahal,0,14,56.0,0,0
IPL_2023_014,1,PBKS,Jitesh Sharma,9,6,1,0,150.0,not out,1,4,44.44,0,0
IPL_2023_014,2,MI,Rohit Sharma,35,28,1,2,125.0,b Cummins,0,16,45.71,0,0
IPL_2023_014,2,MI,Ishan Kishan,50,30,3,2,166.67,c Dhoni b Bumrah,0,24,48.0,1,0
IPL_2023_014,2,MI,Suryakumar Yadav,47,33,2,2,142.42,b Cummins,0,20,42.55,0,0
IPL_2023_014,2,MI,Tilak Varma,19,13,0,1,146.15,b Cummins,0,6,31.58,0,0
IPL_2023_014,2,MI,Hardik Pandya,20,13,2,0,153.85,b Cummins,0,8,40.0,0,0
IPL_2023_014,2,MI,Tim David,4,3,0,0,133.33,not out,1,0,0.0,0,0
IPL_2023_015,1,LSG,KL Rahul,22,15,2,0,146.67,b Cummins,0,8,36.36,0,0
IPL_2023_015,1,LSG,Quinton de Kock,46,31,2,1,148.39,c Dhoni b Bumrah,0,14,30.43,0,0
IPL_2023_015,1,LSG,Marcus Stoinis,22,16,1,1,137.5,c Dhoni b Bumrah,0,10,45.45,0,0
IPL_2023_015,1,LSG,Nicholas Pooran,22,17,0,1,129.41,c Dhoni b Bumrah,0,6,27.27,0,0
IPL_2023_015,1,LSG,Ayush Badoni,33,22,1,1,150.0,b Cummins,0,10,30.3,0,0
IPL_2023_015,1,LSG,Deepak Hooda,25,19,2,0,131.58,c & b Narine,0,8,32.0,0,0
IPL_2023_015,2,SRH,Travis Head,49,38,4,1,128.95,c & b Narine,0,22,44.9,0,0
IPL_2023_015,2,SRH,Abhishek Sharma,57,37,2,2,154.05,b Cummins,0,20,35.09,1,0
IPL_2023_015,2,SRH,Rahul Tripathi,31,26,2,1,119.23,lbw b Chahal,0,14,45.16,0,0
IPL_2023_015,2,SRH,Aiden Markram,29,19,2,1,152.63,c Dhoni b Bumrah,0,14,48.28,0,0
IPL_2023_016,1,DC,David Warner,23,17,2,0,135.29,b Cummins,0,8,34.78,0,0
IPL_2023_016,1,DC,Prithvi Shaw,34,26,2,0,130.77,lbw b Chahal,0,8,23.53,0,0
IPL_2023_016,1,DC,Jake Fraser-McGurk,42,25,2,1,168.0,c & b Narine,0,14,33.33,0,0
IPL_2023_016,1,DC,Rishabh Pant,12,10,0,0,120.0,lbw b Chahal,0,0,0.0,0,0
IPL_2023_016,1,DC,Tristan Stubbs,14,11,1,0,127.27,b Cummins,0,4,28.57,0,0
IPL_2023_016,1,DC,Axar Patel,48,31,3,2,154.84,not out,1,24,50.0,0,0
IPL_2023_016,2,CSK,Ruturaj Gaikwad,15,9,1,0,166.67,c Dhoni b Bumrah,0,4,26.67,0,0
IPL_2023_016,2,CSK,Rachin Ravindra,63,38,5,3,165.79,c & b Narine,0,38,60.32,1,0
IPL_2023_016,2,CSK,Ajinkya Rahane,29,20,2,0,145.0,c & b Narine,0,8,27.59,0,0
IPL_2023_016,2,CSK,Daryl Mitchell,36,32,1,2,112.5,lbw b Chahal,0,16,44.44,0,0
IPL_2023_016,2,CSK,Shivam Dube,14,12,1,0,116.67,lbw b Chahal,0,4,28.57,0,0
IPL_2023_016,2,CSK,Ravindra Jadeja,13,9,1,0,144.44,b Cummins,0,4,30.77,0,0
IPL_2023_017,1,MI,Rohit Sharma,61,35,3,3,174.29,c Dhoni b Bumrah,0,30,49.18,1,0
IPL_2023_017,1,MI,Ishan Kishan,16,12,1,0,133.33,b Cummins,0,4,25.0,0,0
IPL_2023_017,1,MI,Suryakumar Yadav,22,19,2,0,115.79,c Dhoni b Bumrah,0,8,36.36,0,0
IPL_2023_017,1,MI,Tilak Varma,16,14,0,0,114.29,c Dhoni b Bumrah,0,0,0.0,0,0
IPL_2023_017,1,MI,Hardik Pandya,45,28,4,1,160.71,c Dhoni b Bumrah,0,22,48.89,0,0
IPL_2023_017,1,MI,Tim David,21,12,1,1,175.0,not out,1,10,47.62,0,0
IPL_2023_017,2,RCB,Faf du Plessis,40,24,3,1,166.67,lbw b Chahal,0,18,45.0,0,0
IPL_2023_017,2,RCB,Virat Kohli,42,32,2,2,131.25,lbw b Chahal,0,20,47.62,0,0
IPL_2023_017,2,RCB,Will Jacks,41,30,2,2,136.67,lbw b Chahal,0,20,48.78,0,0
IPL_2023_017,2,RCB,Rajat Patidar,11,9,1,0,122.22,c Dhoni b Bumrah,0,4,36.36,0,0
IPL_2023_017,2,RCB,Glenn Maxwell,34,22,2,2,154.55,b Cummins,0,20,58.82,0,0
IPL_2023_017,2,RCB,Cameron Green,3,3,0,0,100.0,not out,1,0,0.0,0,0
IPL_2023_018,1,LSG,KL Rahul,19,12,1,0,158.33,run out,0,4,21.05,0,0
IPL_2023_018,1,LSG,Quinton de Kock,24,17,1,1,141.18,run out,0,10,41.67,0,0
IPL_2023_018,1,LSG,Marcus Stoinis,32,21,1,1,152.38,b Cummins,0,10,31.25,0,0
IPL_2023_018,1,LSG,Nicholas Pooran,46,37,2,2,124.32,run out,0,20,43.48,0,0
IPL_2023_018,1,LSG,Ayush Badoni,15,9,2,0,166.67,c Dhoni b Bumrah,0,8,53.33,0,0
IPL_2023_018,1,LSG,Deepak Hooda,31,23,1,1,134.78,run out,0,10,32.26,0,0
IPL_2023_018,1,LSG,Krunal Pandya,1,1,0,0,100.0,not out,1,0,0.0,0,0
IPL_2023_018,2,GT,Shubman Gill,36,21,2,0,171.43,run out,0,8,22.22,0,0
IPL_2023_018,2,GT,Wriddhiman Saha,34,21,3,1,161.9,c & b Narine,0,18,52.94,0,0
IPL_2023_018,2,GT,Sai Sudharsan,60,37,3,2,162.16,lbw b Chahal,0,24,40.0,1,0
IPL_2023_018,2,GT,David Miller,41,27,4,1,151.85,c Dhoni b Bumrah,0,22,53.66,0,0
IPL_2023_019,1,RR,Yashasvi Jaiswal,56,35,5,1,160.0,b Cummins,0,26,46.43,1,0
IPL_2023_019,1,RR,Jos Buttler,16,13,0,1,123.08,run out,0,6,37.5,0,0
IPL_2023_019,1,RR,Sanju Samson,51,33,2,1,154.55,lbw b Chahal,0,14,27.45,1,0
IPL_2023_019,1,RR,Riyan Parag,13,8,1,0,162.5,b Cummins,0,4,30.77,0,0
IPL_2023_019,1,RR,Dhruv Jurel,21,12,1,1,175.0,lbw b Chahal,0,10,47.62,0,0
IPL_2023_019,1,RR,Shimron Hetmyer,27,19,2,1,142.11,c & b Narine,0,14,51.85,0,0
IPL_2023_019,2,KKR,Phil Salt,23,15,2,0,153.33,c Dhoni b Bumrah,0,8,34.78,0,0
IPL_2023_019,2,KKR,Sunil Narine,39,28,3,2,139.29,run out,0,24,61.54,0,0
IPL_2023_019,2,KKR,Venkatesh Iyer,22,17,2,0,129.41,lbw b Chahal,0,8,36.36,0,0
IPL_2023_019,2,KKR,Shreyas Iyer,41,29,3,1,141.38,lbw b Chahal,0,18,43.9,0,0
IPL_2023_019,2,KKR,Rinku Singh,34,22,3,1,154.55,b Cummins,0,18,52.94,0,0
IPL_2023_019,2,KKR,Andre Russell,16,9,1,0,177.78,c Dhoni b Bumrah,0,4,25.0,0,0
IPL_2023_020,1,GT,Shubman Gill,41,35,2,2,117.14,lbw b Chahal,0,20,48.78,0,0
IPL_2023_020,1,GT,Wriddhiman Saha,61,36,6,2,169.44,b Cummins,0,36,59.02,1,0
IPL_2023_020,1,GT,Sai Sudharsan,29,16,2,1,181.25,lbw b Chahal,0,14,48.28,0,0
IPL_2023_020,1,GT,David Miller,49,30,4,2,163.33,b Cummins,0,28,57.14,0,0
IPL_2023_020,1,GT,Azmatullah Omarzai,4,3,0,0,133.33,c & b Narine,0,0,0.0,0,0
IPL_2023_020,2,KKR,Phil Salt,50,38,2,3,131.58,c Dhoni b Bumrah,0,26,52.0,1,0
IPL_2023_020,2,KKR,Sunil Narine,47,33,5,1,142.42,b Cummins,0,26,55.32,0,0
IPL_2023_020,2,KKR,Venkatesh Iyer,59,33,4,3,178.79,c & b Narine,0,34,57.63,1,0
IPL_2023_020,2,KKR,Shreyas Iyer,9,8,0,0,112.5,c Dhoni b Bumrah,0,0,0.0,0,0
IPL_2023_020,2,KKR,Rinku Singh,11,8,1,0,137.5,run out,0,4,36.36,0,0
IPL_2023_021,1,KKR,Phil Salt,30,21,3,0,142.86,c & b Narine,0,12,40.0,0,0
IPL_2023_021,1,KKR,Sunil Narine,61,34,5,1,179.41,lbw b Chahal,0,26,42.62,1,0
IPL_2023_021,1,KKR,Venkatesh Iyer,36,31,3,1,116.13,b Cummins,0,18,50.0,0,0
IPL_2023_021,1,KKR,Shreyas Iyer,21,16,1,1,131.25,c & b Narine,0,10,47.62,0,0
IPL_2023_021,1,KKR,Rinku Singh,23,18,1,1,127.78,b Cummins,0,10,43.48,0,0
IPL_2023_021,2,PBKS,Shikhar Dhawan,39,30,2,1,130.0,b Cummins,0,14,35.9,0,0
IPL_2023_021,2,PBKS,Jonny Bairstow,23,15,2,0,153.33,b Cummins,0,8,34.78,0,0
IPL_2023_021,2,PBKS,Prabhsimran Singh,27,15,2,1,180.0,c Dhoni b Bumrah,0,14,51.85,0,0
IPL_2023_021,2,PBKS,Rilee Rossouw,48,33,3,1,145.45,run out,0,18,37.5,0,0
IPL_2023_021,2,PBKS,Sam Curran,17,10,0,1,170.0,lbw b Chahal,0,6,35.29,0,0
IPL_2023_021,2,PBKS,Jitesh Sharma,26,17,2,1,152.94,not out,1,14,53.85,0,0
IPL_2023_022,1,CSK,Ruturaj Gaikwad,30,23,3,1,130.43,lbw b Chahal,0,18,60.0,0,0
IPL_2023_022,1,CSK,Rachin Ravindra,15,9,0,0,166.67,run out,0,0,0.0,0,0
IPL_2023_022,1,CSK,Ajinkya Rahane,34,29,3,1,117.24,lbw b Chahal,0,18,52.94,0,0
IPL_2023_022,1,CSK,Daryl Mitchell,18,13,1,0,138.46,c Dhoni b Bumrah,0,4,22.22,0,0
IPL_2023_022,1,CSK,Shivam Dube,25,21,1,1,119.05,c Dhoni b Bumrah,0,10,40.0,0,0
IPL_2023_022,1,CSK,Ravindra Jadeja,42,25,3,2,168.0,c Dhoni b Bumrah,0,24,57.14,0,0
IPL_2023_022,2,MI,Rohit Sharma,37,28,2,1,132.14,lbw b Chahal,0,14,37.84,0,0
IPL_2023_022,2,MI,Ishan Kishan,10,9,1,0,111.11,lbw b Chahal,0,4,40.0,0,0
IPL_2023_022,2,MI,Suryakumar Yadav,28,24,2,1,116.67,c Dhoni b Bumrah,0,14,50.0,0,0
IPL_2023_022,2,MI,Tilak Varma,27,22,1,1,122.73,c & b Narine,0,10,37.04,0,0
IPL_2023_022,2,MI,Hardik Pandya,21,18,2,1,116.67,c Dhoni b Bumrah,0,14,66.67,0,0
IPL_2023_022,2,MI,Tim David,26,19,1,1,136.84,not out,1,10,38.46,0,0
IPL_2023_023,1,SRH,Travis Head,44,32,1,2,137.5,c Dhoni b Bumrah,0,16,36.36,0,0
IPL_2023_023,1,SRH,Abhishek Sharma,24,13,2,1,184.62,b Cummins,0,14,58.33,0,0
IPL_2023_023,1,SRH,Rahul Tripathi,21,17,1,0,123.53,c Dhoni b Bumrah,0,4,19.05,0,0
IPL_2023_023,1,SRH,Aiden Markram,18,11,2,0,163.64,c Dhoni b Bumrah,0,8,44.44,0,0
IPL_2023_023,1,SRH,Heinrich Klaasen,33,21,2,1,157.14,c & b Narine,0,14,42.42,0,0
IPL_2023_023,1,SRH,Nitish Kumar Reddy,37,22,3,2,168.18,b Cummins,0,24,64.86,0,0
IPL_2023_023,1,SRH,Abdul Samad,7,4,0,0,175.0,c Dhoni b Bumrah,0,0,0.0,0,0
IPL_2023_023,2,PBKS,Shikhar Dhawan,14,9,1,0,155.56,c & b Narine,0,4,28.57,0,0
IPL_2023_023,2,PBKS,Jonny Bairstow,40,31,2,2,129.03,lbw b Chahal,0,20,50.0,0,0
IPL_2023_023,2,PBKS,Prabhsimran Singh,58,33,2,3,175.76,lbw b Chahal,0,26,44.83,1,0
IPL_2023_023,2,PBKS,Rilee Rossouw,18,13,1,0,138.46,run out,0,4,22.22,0,0
IPL_2023_023,2,PBKS,Sam Curran,33,25,2,2,132.0,b Cummins,0,20,60.61,0,0
IPL_2023_023,2,PBKS,Jitesh Sharma,11,9,1,0,122.22,c Dhoni b Bumrah,0,4,36.36,0,0
IPL_2023_024,1,MI,Rohit Sharma,35,22,3,1,159.09,b Cummins,0,18,51.43,0,0
IPL_2023_024,1,MI,Ishan Kishan,64,38,4,3,168.42,lbw b Chahal,0,34,53.12,1,0
IPL_2023_024,1,MI,Suryakumar Yadav,59,33,3,2,178.79,c Dhoni b Bumrah,0,24,40.68,1,0
IPL_2023_024,1,MI,Tilak Varma,20,17,2,0,117.65,c & b Narine,0,8,40.0,0,0
IPL_2023_024,1,MI,Hardik Pandya,13,10,1,0,130.0,run out,0,4,30.77,0,0
IPL_2023_024,2,DC,David Warner,16,10,2,0,160.0,c & b Narine,0,8,50.0,0,0
IPL_2023_024,2,DC,Prithvi Shaw,25,14,1,0,178.57,c Dhoni b Bumrah,0,4,16.0,0,0
IPL_2023_024,2,DC,Jake Fraser-McGurk,55,33,2,3,166.67,lbw b Chahal,0,26,47.27,1,0
IPL_2023_024,2,DC,Rishabh Pant,44,34,4,2,129.41,c Dhoni b Bumrah,0,28,63.64,0,0
IPL_2023_024,2,DC,Tristan Stubbs,44,29,3,2,151.72,c & b Narine,0,24,54.55,0,0
IPL_2023_025,1,PBKS,Shikhar Dhawan,58,33,5,2,175.76,b Cummins,0,32,55.17,1,0
IPL_2023_025,1,PBKS,Jonny Bairstow,26,16,2,1,162.5,lbw b Chahal,0,14,53.85,0,0
IPL_2023_025,1,PBKS,Prabhsimran Singh,48,32,3,1,150.0,b Cummins,0,18,37.5,0,0
IPL_2023_025,1,PBKS,Rilee Rossouw,36,22,2,2,163.64,c Dhoni b Bumrah,0,20,55.56,0,0
IPL_2023_025,1,PBKS,Sam Curran,19,17,1,0,111.76,not out,1,4,21.05,0,0
IPL_2023_025,2,RCB,Faf du Plessis,9,8,0,0,112.5,c & b Narine,0,0,0.0,0,0
IPL_2023_025,2,RCB,Virat Kohli,38,24,4,1,158.33,b Cummins,0,22,57.89,0,0
IPL_2023_025,2,RCB,Will Jacks,22,16,1,1,137.5,lbw b Chahal,0,10,45.45,0,0
IPL_2023_025,2,RCB,Rajat Patidar,57,36,4,2,158.33,c & b Narine,0,28,49.12,1,0
IPL_2023_025,2,RCB,Glenn Maxwell,46,30,2,1,153.33,c Dhoni b Bumrah,0,14,30.43,0,0
IPL_2023_025,2,RCB,Cameron Green,9,6,0,0,150.0,b Cummins,0,0,0.0,0,0
IPL_2023_026,1,GT,Shubman Gill,14,8,1,0,175.0,lbw b Chahal,0,4,28.57,0,0
IPL_2023_026,1,GT,Wriddhiman Saha,40,29,4,1,137.93,b Cummins,0,22,55.0,0,0
IPL_2023_026,1,GT,Sai Sudharsan,27,24,1,1,112.5,c Dhoni b Bumrah,0,10,37.04,0,0
IPL_2023_026,1,GT,David Miller,13,10,1,0,130.0,c Dhoni b Bumrah,0,4,30.77,0,0
IPL_2023_026,1,GT,Azmatullah Omarzai,18,15,1,1,120.0,b Cummins,0,10,55.56,0,0
IPL_2023_026,1,GT,Rahul Tewatia,31,20,2,1,155.0,b Cummins,0,14,45.16,0,0
IPL_2023_026,1,GT,Rashid Khan,20,14,2,0,142.86,b Cummins,0,8,40.0,0,0
IPL_2023_026,2,CSK,Ruturaj Gaikwad,28,22,1,1,127.27,c Dhoni b Bumrah,0,10,35.71,0,0
IPL_2023_026,2,CSK,Rachin Ravindra,19,17,1,0,111.76,run out,0,4,21.05,0,0
IPL_2023_026,2,CSK,Ajinkya Rahane,11,10,0,0,110.0,b Cummins,0,0,0.0,0,0
IPL_2023_026,2,CSK,Daryl Mitchell,33,21,2,0,157.14,lbw b Chahal,0,8,24.24,0,0
IPL_2023_026,2,CSK,Shivam Dube,31,26,2,1,119.23,lbw b Chahal,0,14,45.16,0,0
IPL_2023_026,2,CSK,Ravindra Jadeja,35,24,1,1,145.83,not out,1,10,28.57,0,0
IPL_2023_027,1,KKR,Phil Salt,20,14,1,0,142.86,c Dhoni b Bumrah,0,4,20.0,0,0
IPL_2023_027,1,KKR,Sunil Narine,31,19,3,1,163.16,lbw b Chahal,0,18,58.06,0,0
IPL_2023_027,1,KKR,Venkatesh Iyer,14,9,1,0,155.56,lbw b Chahal,0,4,28.57,0,0
IPL_2023_027,1,KKR,Shreyas Iyer,53,36,2,2,147.22,c & b Narine,0,20,37.74,1,0
IPL_2023_027,1,KKR,Rinku Singh,11,9,0,0,122.22,c & b Narine,0,0,0.0,0,0
IPL_2023_027,1,KKR,Andre Russell,42,33,2,1,127.27,not out,1,14,33.33,0,0
IPL_2023_027,2,RR,Yashasvi Jaiswal,57,38,3,1,150.0,c & b Narine,0,18,31.58,1,0
IPL_2023_027,2,RR,Jos Buttler,54,37,2,2,145.95,lbw b Chahal,0,20,37.04,1,0
IPL_2023_027,2,RR,Sanju Samson,46,26,2,3,176.92,run out,0,26,56.52,0,0
IPL_2023_027,2,RR,Riyan Parag,31,19,3,1,163.16,c Dhoni b Bumrah,0,18,58.06,0,0
IPL_2023_028,1,DC,David Warner,13,8,0,0,162.5,lbw b Chahal,0,0,0.0,0,0
IPL_2023_028,1,DC,Prithvi Shaw,68,38,6,3,178.95,c Dhoni b Bumrah,0,42,61.76,1,0
IPL_2023_028,1,DC,Jake Fraser-McGurk,55,37,2,3,148.65,b Cummins,0,26,47.27,1,0
IPL_2023_028,1,DC,Rishabh Pant,21,14,1,0,150.0,run out,0,4,19.05,0,0
IPL_2023_028,1,DC,Tristan Stubbs,39,23,2,2,169.57,not out,1,20,51.28,0,0
IPL_2023_028,2,SRH,Travis Head,31,20,1,1,155.0,c Dhoni b Bumrah,0,10,32.26,0,0
IPL_2023_028,2,SRH,Abhishek Sharma,58,36,4,3,161.11,lbw b Chahal,0,34,58.62,1,0
IPL_2023_028,2,SRH,Rahul Tripathi,17,10,0,1,170.0,run out,0,6,35.29,0,0
IPL_2023_028,2,SRH,Aiden Markram,40,30,1,1,133.33,run out,0,10,25.0,0,0
IPL_2023_028,2,SRH,Heinrich Klaasen,29,17,2,1,170.59,c & b Narine,0,14,48.28,0,0
IPL_2023_028,2,SRH,Nitish Kumar Reddy,9,7,1,0,128.57,run out,0,4,44.44,0,0
IPL_2023_029,1,DC,David Warner,28,18,1,1,155.56,lbw b Chahal,0,10,35.71,0,0
IPL_2023_029,1,DC,Prithvi Shaw,26,21,2,0,123.81,b Cummins,0,8,30.77,0,0
IPL_2023_029,1,DC,Jake Fraser-McGurk,21,14,1,0,150.0,b Cummins,0,4,19.05,0,0
IPL_2023_029,1,DC,Rishabh Pant,23,16,1,0,143.75,b Cummins,0,4,17.39,0,0
IPL_2023_029,1,DC,Tristan Stubbs,40,27,2,2,148.15,b Cummins,0,20,50.0,0,0
IPL_2023_029,1,DC,Axar Patel,36,24,4,1,150.0,not out,1,22,61.11,0,0
IPL_2023_029,2,MI,Rohit Sharma,19,14,0,1,135.71,c & b Narine,0,6,31.58,0,0
IPL_2023_029,2,MI,Ishan Kishan,59,33,2,3,178.79,b Cummins,0,26,44.07,1,0
IPL_2023_029,2,MI,Suryakumar Yadav,37,31,3,1,119.35,lbw b Chahal,0,18,48.65,0,0
IPL_2023_029,2,MI,Tilak Varma,26,16,2,1,162.5,b Cummins,0,14,53.85,0,0
IPL_2023_029,2,MI,Hardik Pandya,26,18,2,0,144.44,c Dhoni b Bumrah,0,8,30.77,0,0
IPL_2023_029,2,MI,Tim David,9,8,0,0,112.5,not out,1,0,0.0,0,0
IPL_2023_030,1,PBKS,Shikhar Dhawan,46,34,4,2,135.29,run out,0,28,60.87,0,0
IPL_2023_030,1,PBKS,Jonny Bairstow,40,30,2,1,133.33,c Dhoni b Bumrah,0,14,35.0,0,0
IPL_2023_030,1,PBKS,Prabhsimran Singh,29,19,2,1,152.63,run out,0,14,48.28,0,0
IPL_2023_030,1,PBKS,Rilee Rossouw,41,25,3,2,164.0,run out,0,24,58.54,0,0
IPL_2023_030,1,PBKS,Sam Curran,18,12,2,0,150.0,c Dhoni b Bumrah,0,8,44.44,0,0
IPL_2023_030,2,SRH,Travis Head,29,19,3,1,152.63,lbw b Chahal,0,18,62.07,0,0
IPL_2023_030,2,SRH,Abhishek Sharma,48,37,5,1,129.73,run out,0,26,54.17,0,0
IPL_2023_030,2,SRH,Rahul Tripathi,36,29,3,2,124.14,c Dhoni b Bumrah,0,24,66.67,0,0
IPL_2023_030,2,SRH,Aiden Markram,18,12,0,1,150.0,c Dhoni b Bumrah,0,6,33.33,0,0
IPL_2023_030,2,SRH,Heinrich Klaasen,21,15,1,0,140.0,lbw b Chahal,0,4,19.05,0,0
IPL_2023_030,2,SRH,Nitish Kumar Reddy,9,8,1,0,112.5,not out,1,4,44.44,0,0
IPL_2023_031,1,CSK,Ruturaj Gaikwad,39,29,3,1,134.48,b Cummins,0,18,46.15,0,0
IPL_2023_031,1,CSK,Rachin Ravindra,49,35,3,3,140.0,c & b Narine,0,30,61.22,0,0
IPL_2023_031,1,CSK,Ajinkya Rahane,23,19,1,1,121.05,c & b Narine,0,10,43.48,0,0
IPL_2023_031,1,CSK,Daryl Mitchell,41,26,4,1,157.69,c & b Narine,0,22,53.66,0,0
IPL_2023_031,1,CSK,Shivam Dube,16,11,1,0,145.45,c & b Narine,0,4,25.0,0,0
IPL_2023_031,2,LSG,KL Rahul,57,34,4,1,167.65,run out,0,22,38.6,1,0
IPL_2023_031,2,LSG,Quinton de Kock,26,21,2,1,123.81,lbw b Chahal,0,14,53.85,0,0
IPL_2023_031,2,LSG,Marcus Stoinis,34,23,1,2,147.83,c Dhoni b Bumrah,0,16,47.06,0,0
IPL_2023_031,2,LSG,Nicholas Pooran,16,10,1,0,160.0,run out,0,4,25.0,0,0
IPL_2023_031,2,LSG,Ayush Badoni,46,26,2,2,176.92,not out,1,20,43.48,0,0
IPL_2023_032,1,LSG,KL Rahul,14,11,1,0,127.27,c & b Narine,0,4,28.57,0,0
IPL_2023_032,1,LSG,Quinton de Kock,35,30,3,0,116.67,b Cummins,0,12,34.29,0,0
IPL_2023_032,1,LSG,Marcus Stoinis,36,29,1,1,124.14,c Dhoni b Bumrah,0,10,27.78,0,0
IPL_2023_032,1,LSG,Nicholas Pooran,13,9,0,0,144.44,c & b Narine,0,0,0.0,0,0
IPL_2023_032,1,LSG,Ayush Badoni,55,32,2,2,171.88,b Cummins,0,20,36.36,1,0
IPL_2023_032,1,LSG,Deepak Hooda,15,9,2,0,166.67,not out,1,8,53.33,0,0
IPL_2023_032,2,KKR,Phil Salt,35,24,2,2,145.83,b Cummins,0,20,57.14,0,0
IPL_2023_032,2,KKR,Sunil Narine,56,31,4,1,180.65,lbw b Chahal,0,22,39.29,1,0
IPL_2023_032,2,KKR,Venkatesh Iyer,24,17,1,1,141.18,c Dhoni b Bumrah,0,10,41.67,0,0
IPL_2023_032,2,KKR,Shreyas Iyer,35,29,1,2,120.69,lbw b Chahal,0,16,45.71,0,0
IPL_2023_032,2,KKR,Rinku Singh,31,19,3,1,163.16,not out,1,18,58.06,0,0
IPL_2023_033,1,SRH,Travis Head,51,30,3,2,170.0,c Dhoni b Bumrah,0,24,47.06,1,0
IPL_2023_033,1,SRH,Abhishek Sharma,42,30,4,1,140.0,b Cummins,0,22,52.38,0,0
IPL_2023_033,1,SRH,Rahul Tripathi,18,16,1,1,112.5,run out,0,10,55.56,0,0
IPL_2023_033,1,SRH,Aiden Markram,20,13,1,1,153.85,c Dhoni b Bumrah,0,10,50.0,0,0
IPL_2023_033,1,SRH,Heinrich Klaasen,19,15,1,0,126.67,c & b Narine,0,4,21.05,0,0
IPL_2023_033,1,SRH,Nitish Kumar Reddy,20,15,1,0,133.33,c & b Narine,0,4,20.0,0,0
IPL_2023_033,1,SRH,Abdul Samad,1,1,0,0,100.0,not out,1,0,0.0,0,0
IPL_2023_033,2,CSK,Ruturaj Gaikwad,13,11,1,0,118.18,c & b Narine,0,4,30.77,0,0
IPL_2023_033,2,CSK,Rachin Ravindra,14,8,1,0,175.0,c Dhoni b Bumrah,0,4,28.57,0,0
IPL_2023_033,2,CSK,Ajinkya Rahane,26,21,1,1,123.81,b Cummins,0,10,38.46,0,0
IPL_2023_033,2,CSK,Daryl Mitchell,52,29,3,2,179.31,lbw b Chahal,0,24,46.15,1,0
IPL_2023_033,2,CSK,Shivam Dube,54,36,3,3,150.0,run out,0,30,55.56,1,0
IPL_2023_033,2,CSK,Ravindra Jadeja,25,15,1,1,166.67,not out,1,10,40.0,0,0
IPL_2023_034,1,RCB,Faf du Plessis,40,25,2,1,160.0,c Dhoni b Bumrah,0,14,35.0,0,0
IPL_2023_034,1,RCB,Virat Kohli,24,20,1,1,120.0,b Cummins,0,10,41.67,0,0
IPL_2023_034,1,RCB,Will Jacks,44,33,4,1,133.33,c Dhoni b Bumrah,0,22,50.0,0,0
IPL_2023_034,1,RCB,Rajat Patidar,63,36,3,1,175.0,b Cummins,0,18,28.57,1,0
IPL_2023_034,1,RCB,Glenn Maxwell,9,6,0,0,150.0,b Cummins,0,0,0.0,0,0
IPL_2023_034,2,CSK,Ruturaj Gaikwad,53,37,3,3,143.24,b Cummins,0,30,56.6,1,0
IPL_2023_034,2,CSK,Rachin Ravindra,36,26,2,1,138.46,c Dhoni b Bumrah,0,14,38.89,0,0
IPL_2023_034,2,CSK,Ajinkya Rahane,56,36,5,2,155.56,c & b Narine,0,32,57.14,1,0
IPL_2023_034,2,CSK,Daryl Mitchell,24,21,1,1,114.29,c & b Narine,0,10,41.67,0,0
IPL_2023_035,1,GT,Shubman Gill,33,22,4,0,150.0,lbw b Chahal,0,16,48.48,0,0
IPL_2023_035,1,GT,Wriddhiman Saha,36,22,3,1,163.64,run out,0,18,50.0,0,0
IPL_2023_035,1,GT,Sai Sudharsan,18,13,1,0,138.46,c & b Narine,0,4,22.22,0,0
IPL_2023_035,1,GT,David Miller,22,14,1,0,157.14,b Cummins,0,4,18.18,0,0
IPL_2023_035,1,GT,Azmatullah Omarzai,15,9,1,0,166.67,b Cummins,0,4,26.67,0,0
IPL_2023_035,1,GT,Rahul Tewatia,38,31,4,1,122.58,b Cummins,0,22,57.89,0,0
IPL_2023_035,1,GT,Rashid Khan,13,9,1,0,144.44,not out,1,4,30.77,0,0
IPL_2023_035,2,CSK,Ruturaj Gaikwad,10,8,0,0,125.0,b Cummins,0,0,0.0,0,0
IPL_2023_035,2,CSK,Rachin Ravindra,46,30,1,3,153.33,c & b Narine,0,22,47.83,0,0
IPL_2023_035,2,CSK,Ajinkya Rahane,45,38,5,1,118.42,b Cummins,0,26,57.78,0,0
IPL_2023_035,2,CSK,Daryl Mitchell,44,26,2,1,169.23,c Dhoni b Bumrah,0,14,31.82,0,0
IPL_2023_035,2,CSK,Shivam Dube,31,18,3,1,172.22,b Cummins,0,18,58.06,0,0
IPL_2023_036,1,GT,Shubman Gill,18,15,1,0,120.0,lbw b Chahal,0,4,22.22,0,0
IPL_2023_036,1,GT,Wriddhiman Saha,33,28,2,1,117.86,lbw b Chahal,0,14,42.42,0,0
IPL_2023_036,1,GT,Sai Sudharsan,19,15,1,0,126.67,c & b Narine,0,4,21.05,0,0
IPL_2023_036,1,GT,David Miller,56,32,3,3,175.0,c Dhoni b Bumrah,0,30,53.57,1,0
IPL_2023_036,1,GT,Azmatullah Omarzai,29,19,1,0,152.63,c Dhoni b Bumrah,0,4,13.79,0,0
IPL_2023_036,1,GT,Rahul Tewatia,13,11,0,0,118.18,not out,1,0,0.0,0,0
IPL_2023_036,2,CSK,Ruturaj Gaikwad,43,27,4,1,159.26,lbw b Chahal,0,22,51.16,0,0
IPL_2023_036,2,CSK,Rachin Ravindra,26,18,1,1,144.44,b Cummins,0,10,38.46,0,0
IPL_2023_036,2,CSK,Ajinkya Rahane,25,18,1,1,138.89,run out,0,10,40.0,0,0
IPL_2023_036,2,CSK,Daryl Mitchell,16,10,1,0,160.0,b Cummins,0,4,25.0,0,0
IPL_2023_036,2,CSK,Shivam Dube,44,28,2,1,157.14,c & b Narine,0,14,31.82,0,0
IPL_2023_036,2,CSK,Ravindra Jadeja,34,19,1,2,178.95,b Cummins,0,16,47.06,0,0
IPL_2023_037,1,RCB,Faf du Plessis,40,31,2,2,129.03,b Cummins,0,20,50.0,0,0
IPL_2023_037,1,RCB,Virat Kohli,45,25,4,2,180.0,lbw b Chahal,0,28,62.22,0,0
IPL_2023_037,1,RCB,Will Jacks,46,32,2,1,143.75,b Cummins,0,14,30.43,0,0
IPL_2023_037,1,RCB,Rajat Patidar,47,31,2,2,151.61,c & b Narine,0,20,42.55,0,0
IPL_2023_037,1,RCB,Glenn Maxwell,1,1,0,0,100.0,c Dhoni b Bumrah,0,0,0.0,0,0
IPL_2023_037,2,DC,David Warner,59,36,4,3,163.89,lbw b Chahal,0,34,57.63,1,0
IPL_2023_037,2,DC,Prithvi Shaw,33,20,3,1,165.0,b Cummins,0,18,54.55,0,0
IPL_2023_037,2,DC,Jake Fraser-McGurk,32,22,3,0,145.45,c & b Narine,0,12,37.5,0,0
IPL_2023_037,2,DC,Rishabh Pant,42,25,2,1,168.0,lbw b Chahal,0,14,33.33,0,0
IPL_2023_037,2,DC,Tristan Stubbs,21,17,1,1,123.53,c Dhoni b Bumrah,0,10,47.62,0,0
IPL_2023_038,1,PBKS,Shikhar Dhawan,40,32,4,1,125.0,lbw b Chahal,0,22,55.0,0,0
IPL_2023_038,1,PBKS,Jonny Bairstow,11,8,1,0,137.5,run out,0,4,36.36,0,0
IPL_2023_038,1,PBKS,Prabhsimran Singh,43,27,4,2,159.26,run out,0,28,65.12,0,0
IPL_2023_038,1,PBKS,Rilee Rossouw,47,32,3,2,146.88,b Cummins,0,24,51.06,0,0
IPL_2023_038,1,PBKS,Sam Curran,37,21,2,2,176.19,run out,0,20,54.05,0,0
IPL_2023_038,2,RR,Yashasvi Jaiswal,17,15,1,1,113.33,b Cummins,0,10,58.82,0,0
IPL_2023_038,2,RR,Jos Buttler,15,13,1,0,115.38,c & b Narine,0,4,26.67,0,0
IPL_2023_038,2,RR,Sanju Samson,19,13,1,0,146.15,c Dhoni b Bumrah,0,4,21.05,0,0
IPL_2023_038,2,RR,Riyan Parag,25,14,2,0,178.57,c Dhoni b Bumrah,0,8,32.0,0,0
IPL_2023_038,2,RR,Dhruv Jurel,51,28,4,2,182.14,c Dhoni b Bumrah,0,28,54.9,1,0
IPL_2023_038,2,RR,Shimron Hetmyer,24,16,2,0,150.0,b Cummins,0,8,33.33,0,0
IPL_2023_038,2,RR,Rovman Powell,31,21,2,1,147.62,not out,1,14,45.16,0,0
IPL_2023_039,1,RCB,Faf du Plessis,61,36,4,2,169.44,lbw b Chahal,0,28,45.9,1,0
IPL_2023_039,1,RCB,Virat Kohli,62,38,6,2,163.16,lbw b Chahal,0,36,58.06,1,0
IPL_2023_039,1,RCB,Will Jacks,29,19,2,1,152.63,c & b Narine,0,14,48.28,0,0
IPL_2023_039,1,RCB,Rajat Patidar,16,12,0,0,133.33,c Dhoni b Bumrah,0,0,0.0,0,0
IPL_2023_039,1,RCB,Glenn Maxwell,12,8,1,0,150.0,run out,0,4,33.33,0,0
IPL_2023_039,1,RCB,Cameron Green,8,7,0,0,114.29,not out,1,0,0.0,0,0
IPL_2023_039,2,MI,Rohit Sharma,19,16,1,0,118.75,b Cummins,0,4,21.05,0,0
IPL_2023_039,2,MI,Ishan Kishan,20,16,0,1,125.0,lbw b Chahal,0,6,30.0,0,0
IPL_2023_039,2,MI,Suryakumar Yadav,34,27,2,1,125.93,b Cummins,0,14,41.18,0,0
IPL_2023_039,2,MI,Tilak Varma,67,37,3,4,181.08,lbw b Chahal,0,36,53.73,1,0
IPL_2023_039,2,MI,Hardik Pandya,16,9,1,0,177.78,run out,0,4,25.0,0,0
IPL_2023_039,2,MI,Tim David,24,15,1,1,160.0,run out,0,10,41.67,0,0
IPL_2023_040,1,MI,Rohit Sharma,35,29,1,1,120.69,run out,0,10,28.57,0,0
IPL_2023_040,1,MI,Ishan Kishan,50,36,3,1,138.89,b Cummins,0,18,36.0,1,0
IPL_2023_040,1,MI,Suryakumar Yadav,42,28,4,2,150.0,c Dhoni b Bumrah,0,28,66.67,0,0
IPL_2023_040,1,MI,Tilak Varma,34,25,2,1,136.0,c & b Narine,0,14,41.18,0,0
IPL_2023_040,1,MI,Hardik Pandya,3,2,0,0,150.0,c Dhoni b Bumrah,0,0,0.0,0,0
IPL_2023_040,2,LSG,KL Rahul,47,33,2,2,142.42,c & b Narine,0,20,42.55,0,0
IPL_2023_040,2,LSG,Quinton de Kock,34,21,2,1,161.9,run out,0,14,41.18,0,0
IPL_2023_040,2,LSG,Marcus Stoinis,21,19,1,0,110.53,run out,0,4,19.05,0,0
IPL_2023_040,2,LSG,Nicholas Pooran,15,11,1,0,136.36,c & b Narine,0,4,26.67,0,0
IPL_2023_040,2,LSG,Ayush Badoni,46,26,3,1,176.92,b Cummins,0,18,39.13,0,0
IPL_2023_040,2,LSG,Deepak Hooda,16,10,1,0,160.0,lbw b Chahal,0,4,25.0,0,0
IPL_2023_041,1,DC,David Warner,12,10,0,0,120.0,lbw b Chahal,0,0,0.0,0,0
IPL_2023_041,1,DC,Prithvi Shaw,40,24,2,2,166.67,lbw b Chahal,0,20,50.0,0,0
IPL_2023_041,1,DC,Jake Fraser-McGurk,16,9,1,0,177.78,c & b Narine,0,4,25.0,0,0
IPL_2023_041,1,DC,Rishabh Pant,43,29,4,1,148.28,lbw b Chahal,0,22,51.16,0,0
IPL_2023_041,1,DC,Tristan Stubbs,18,15,1,0,120.0,c Dhoni b Bumrah,0,4,22.22,0,0
IPL_2023_041,1,DC,Axar Patel,51,33,2,1,154.55,not out,1,14,27.45,1,0
IPL_2023_041,2,CSK,Ruturaj Gaikwad,33,22,1,1,150.0,lbw b Chahal,0,10,30.3,0,0
IPL_2023_041,2,CSK,Rachin Ravindra,52,32,3,2,162.5,b Cummins,0,24,46.15,1,0
IPL_2023_041,2,CSK,Ajinkya Rahane,10,9,0,0,111.11,c & b Narine,0,0,0.0,0,0
IPL_2023_041,2,CSK,Daryl Mitchell,54,36,2,3,150.0,run out,0,26,48.15,1,0
IPL_2023_041,2,CSK,Shivam Dube,33,21,2,1,157.14,c & b Narine,0,14,42.42,0,0
IPL_2023_042,1,GT,Shubman Gill,41,36,2,2,113.89,c Dhoni b Bumrah,0,20,48.78,0,0
IPL_2023_042,1,GT,Wriddhiman Saha,23,20,1,1,115.0,c & b Narine,0,10,43.48,0,0
IPL_2023_042,1,GT,Sai Sudharsan,26,16,2,1,162.5,c Dhoni b Bumrah,0,14,53.85,0,0
IPL_2023_042,1,GT,David Miller,21,18,1,0,116.67,run out,0,4,19.05,0,0
IPL_2023_042,1,GT,Azmatullah Omarzai,40,27,2,1,148.15,b Cummins,0,14,35.0,0,0
IPL_2023_042,1,GT,Rahul Tewatia,5,3,0,0,166.67,c Dhoni b Bumrah,0,0,0.0,0,0
IPL_2023_042,2,RR,Yashasvi Jaiswal,22,14,2,1,157.14,c Dhoni b Bumrah,0,14,63.64,0,0
IPL_2023_042,2,RR,Jos Buttler,55,31,3,3,177.42,run out,0,30,54.55,1,0
IPL_2023_042,2,RR,Sanju Samson,34,26,3,1,130.77,c & b Narine,0,18,52.94,0,0
IPL_2023_042,2,RR,Riyan Parag,31,26,1,1,119.23,run out,0,10,32.26,0,0
IPL_2023_042,2,RR,Dhruv Jurel,39,23,3,2,169.57,c & b Narine,0,24,61.54,0,0
IPL_2023_043,1,PBKS,Shikhar Dhawan,29,16,1,1,181.25,lbw b Chahal,0,10,34.48,0,0
IPL_2023_043,1,PBKS,Jonny Bairstow,42,36,4,1,116.67,lbw b Chahal,0,22,52.38,0,0
IPL_2023_043,1,PBKS,Prabhsimran Singh,22,14,2,0,157.14,c Dhoni b Bumrah,0,8,36.36,0,0
IPL_2023_043,1,PBKS,Rilee Rossouw,15,9,2,0,166.67,c Dhoni b Bumrah,0,8,53.33,0,0
IPL_2023_043,1,PBKS,Sam Curran,21,15,2,0,140.0,b Cummins,0,8,38.1,0,0
IPL_2023_043,1,PBKS,Jitesh Sharma,38,30,2,2,126.67,not out,1,20,52.63,0,0
IPL_2023_043,2,LSG,KL Rahul,27,22,1,1,122.73,c Dhoni b Bumrah,0,10,37.04,0,0
IPL_2023_043,2,LSG,Quinton de Kock,21,12,2,0,175.0,c Dhoni b Bumrah,0,8,38.1,0,0
IPL_2023_043,2,LSG,Marcus Stoinis,51,32,4,1,159.38,run out,0,22,43.14,1,0
IPL_2023_043,2,LSG,Nicholas Pooran,54,35,4,1,154.29,run out,0,22,40.74,1,0
IPL_2023_043,2,LSG,Ayush Badoni,13,9,0,0,144.44,c & b Narine,0,0,0.0,0,0
IPL_2023_043,2,LSG,Deepak Hooda,17,10,1,0,170.0,not out,1,4,23.53,0,0
IPL_2023_044,1,DC,David Warner,34,23,2,1,147.83,b Cummins,0,14,41.18,0,0
IPL_2023_044,1,DC,Prithvi Shaw,17,10,1,0,170.0,b Cummins,0,4,23.53,0,0
IPL_2023_044,1,DC,Jake Fraser-McGurk,23,14,0,1,164.29,c Dhoni b Bumrah,0,6,26.09,0,0
IPL_2023_044,1,DC,Rishabh Pant,50,32,1,2,156.25,b Cummins,0,16,32.0,1,0
IPL_2023_044,1,DC,Tristan Stubbs,37,30,2,1,123.33,run out,0,14,37.84,0,0
IPL_2023_044,1,DC,Axar Patel,18,11,2,0,163.64,not out,1,8,44.44,0,0
IPL_2023_044,2,SRH,Travis Head,33,25,2,1,132.0,c & b Narine,0,14,42.42,0,0
IPL_2023_044,2,SRH,Abhishek Sharma,21,13,2,0,161.54,b Cummins,0,8,38.1,0,0
IPL_2023_044,2,SRH,Rahul Tripathi,55,38,4,2,144.74,c Dhoni b Bumrah,0,28,50.91,1,0
IPL_2023_044,2,SRH,Aiden Markram,13,8,1,0,162.5,c Dhoni b Bumrah,0,4,30.77,0,0
IPL_2023_044,2,SRH,Heinrich Klaasen,22,16,2,0,137.5,run out,0,8,36.36,0,0
IPL_2023_044,2,SRH,Nitish Kumar Reddy,33,20,1,2,165.0,not out,1,16,48.48,0,0
IPL_2023_045,1,RCB,Faf du Plessis,19,11,1,0,172.73,c Dhoni b Bumrah,0,4,21.05,0,0
IPL_2023_045,1,RCB,Virat Kohli,13,8,1,0,162.5,run out,0,4,30.77,0,0
IPL_2023_045,1,RCB,Will Jacks,57,33,3,3,172.73,run out,0,30,52.63,1,0
IPL_2023_045,1,RCB,Rajat Patidar,44,38,3,1,115.79,run out,0,18,40.91,0,0
IPL_2023_045,1,RCB,Glenn Maxwell,35,24,1,2,145.83,lbw b Chahal,0,16,45.71,0,0
IPL_2023_045,1,RCB,Cameron Green,7,6,0,0,116.67,not out,1,0,0.0,0,0
IPL_2023_045,2,CSK,Ruturaj Gaikwad,33,19,2,2,173.68,c Dhoni b Bumrah,0,20,60.61,0,0
IPL_2023_045,2,CSK,Rachin Ravindra,48,36,3,1,133.33,lbw b Chahal,0,18,37.5,0,0
IPL_2023_045,2,CSK,Ajinkya Rahane,27,23,1,1,117.39,lbw b Chahal,0,10,37.04,0,0
IPL_2023_045,2,CSK,Daryl Mitchell,15,9,1,0,166.67,run out,0,4,26.67,0,0
IPL_2023_045,2,CSK,Shivam Dube,27,19,2,1,142.11,run out,0,14,51.85,0,0
IPL_2023_045,2,CSK,Ravindra Jadeja,23,14,1,1,164.29,not out,1,10,43.48,0,0
IPL_2023_046,1,CSK,Ruturaj Gaikwad,16,10,0,0,160.0,c Dhoni b Bumrah,0,0,0.0,0,0
IPL_2023_046,1,CSK,Rachin Ravindra,58,38,3,3,152.63,c Dhoni b Bumrah,0,30,51.72,1,0
IPL_2023_046,1,CSK,Ajinkya Rahane,53,37,4,2,143.24,b Cummins,0,28,52.83,1,0
IPL_2023_046,1,CSK,Daryl Mitchell,41,25,3,2,164.0,run out,0,24,58.54,0,0
IPL_2023_046,1,CSK,Shivam Dube,16,10,1,0,160.0,c & b Narine,0,4,25.0,0,0
IPL_2023_046,2,DC,David Warner,21,16,1,1,131.25,lbw b Chahal,0,10,47.62,0,0
IPL_2023_046,2,DC,Prithvi Shaw,32,24,1,1,133.33,c Dhoni b Bumrah,0,10,31.25,0,0
IPL_2023_046,2,DC,Jake Fraser-McGurk,21,12,2,0,175.0,run out,0,8,38.1,0,0
IPL_2023_046,2,DC,Rishabh Pant,24,18,3,0,133.33,lbw b Chahal,0,12,50.0,0,0
IPL_2023_046,2,DC,Tristan Stubbs,12,11,1,0,109.09,lbw b Chahal,0,4,33.33,0,0
IPL_2023_046,2,DC,Axar Patel,21,13,1,0,161.54,c Dhoni b Bumrah,0,4,19.05,0,0
IPL_2023_046,2,DC,Abishek Porel,22,18,1,0,122.22,run out,0,4,18.18,0,0
IPL_2023_046,2,DC,Kuldeep Yadav,13,8,1,0,162.5,not out,1,4,30.77,0,0
IPL_2023_047,1,DC,David Warner,26,20,1,1,130.0,c Dhoni b Bumrah,0,10,38.46,0,0
IPL_2023_047,1,DC,Prithvi Shaw,23,16,3,0,143.75,b Cummins,0,12,52.17,0,0
IPL_2023_047,1,DC,Jake Fraser-McGurk,23,16,1,1,143.75,run out,0,10,43.48,0,0
IPL_2023_047,1,DC,Rishabh Pant,17,12,1,1,141.67,b Cummins,0,10,58.82,0,0
IPL_2023_047,1,DC,Tristan Stubbs,44,28,2,2,157.14,run out,0,20,45.45,0,0
IPL_2023_047,1,DC,Axar Patel,33,28,3,1,117.86,not out,1,18,54.55,0,0
IPL_2023_047,2,RCB,Faf du Plessis,44,25,3,1,176.0,c & b Narine,0,18,40.91,0,0
IPL_2023_047,2,RCB,Virat Kohli,23,16,1,1,143.75,c Dhoni b Bumrah,0,10,43.48,0,0
IPL_2023_047,2,RCB,Will Jacks,40,33,2,2,121.21,b Cummins,0,20,50.0,0,0
IPL_2023_047,2,RCB,Rajat Patidar,21,16,2,1,131.25,run out,0,14,66.67,0,0
IPL_2023_047,2,RCB,Glenn Maxwell,40,30,1,1,133.33,c Dhoni b Bumrah,0,10,25.0,0,0
IPL_2023_048,1,RR,Yashasvi Jaiswal,41,30,3,1,136.67,run out,0,18,43.9,0,0
IPL_2023_048,1,RR,Jos Buttler,27,16,1,1,168.75,b Cummins,0,10,37.04,0,0
IPL_2023_048,1,RR,Sanju Samson,41,33,3,2,124.24,lbw b Chahal,0,24,58.54,0,0
IPL_2023_048,1,RR,Riyan Parag,56,33,3,1,169.7,run out,0,18,32.14,1,0
IPL_2023_048,1,RR,Dhruv Jurel,12,8,1,0,150.0,lbw b Chahal,0,4,33.33,0,0
IPL_2023_048,2,GT,Shubman Gill,35,23,3,1,152.17,lbw b Chahal,0,18,51.43,0,0
IPL_2023_048,2,GT,Wriddhiman Saha,25,17,1,1,147.06,c & b Narine,0,10,40.0,0,0
IPL_2023_048,2,GT,Sai Sudharsan,24,14,0,1,171.43,b Cummins,0,6,25.0,0,0
IPL_2023_048,2,GT,David Miller,45,26,5,1,173.08,c & b Narine,0,26,57.78,0,0
IPL_2023_048,2,GT,Azmatullah Omarzai,26,16,2,1,162.5,run out,0,14,53.85,0,0
IPL_2023_048,2,GT,Rahul Tewatia,29,24,1,1,120.83,not out,1,10,34.48,0,0
IPL_2023_049,1,DC,David Warner,21,18,2,0,116.67,run out,0,8,38.1,0,0
IPL_2023_049,1,DC,Prithvi Shaw,41,31,3,2,132.26,lbw b Chahal,0,24,58.54,0,0
IPL_2023_049,1,DC,Jake Fraser-McGurk,40,32,2,1,125.0,c Dhoni b Bumrah,0,14,35.0,0,0
IPL_2023_049,1,DC,Rishabh Pant,34,27,1,1,125.93,run out,0,10,29.41,0,0
IPL_2023_049,1,DC,Tristan Stubbs,17,12,2,0,141.67,run out,0,8,47.06,0,0
IPL_2023_049,2,KKR,Phil Salt,14,8,1,0,175.0,c Dhoni b Bumrah,0,4,28.57,0,0
IPL_2023_049,2,KKR,Sunil Narine,18,12,1,1,150.0,lbw b Chahal,0,10,55.56,0,0
IPL_2023_049,2,KKR,Venkatesh Iyer,35,24,1,1,145.83,b Cummins,0,10,28.57,0,0
IPL_2023_049,2,KKR,Shreyas Iyer,25,16,2,0,156.25,c Dhoni b Bumrah,0,8,32.0,0,0
IPL_2023_049,2,KKR,Rinku Singh,51,36,4,2,141.67,lbw b Chahal,0,28,54.9,1,0
IPL_2023_049,2,KKR,Andre Russell,40,24,2,1,166.67,not out,1,14,35.0,0,0
IPL_2023_050,1,GT,Shubman Gill,42,34,3,2,123.53,lbw b Chahal,0,24,57.14,0,0
IPL_2023_050,1,GT,Wriddhiman Saha,25,14,2,1,178.57,b Cummins,0,14,56.0,0,0
IPL_2023_050,1,GT,Sai Sudharsan,21,14,1,0,150.0,lbw b Chahal,0,4,19.05,0,0
IPL_2023_050,1,GT,David Miller,41,30,3,2,136.67,c Dhoni b Bumrah,0,24,58.54,0,0
IPL_2023_050,1,GT,Azmatullah Omarzai,43,28,1,1,153.57,not out,1,10,23.26,0,0
IPL_2023_050,2,RCB,Faf du Plessis,33,22,3,1,150.0,b Cummins,0,18,54.55,0,0
IPL_2023_050,2,RCB,Virat Kohli,40,31,3,2,129.03,lbw b Chahal,0,24,60.0,0,0
IPL_2023_050,2,RCB,Will Jacks,14,11,1,0,127.27,b Cummins,0,4,28.57,0,0
IPL_2023_050,2,RCB,Rajat Patidar,44,31,2,2,141.94,b Cummins,0,20,45.45,0,0
IPL_2023_050,2,RCB,Glenn Maxwell,21,14,1,1,150.0,c & b Narine,0,10,47.62,0,0
IPL_2023_050,2,RCB,Cameron Green,17,11,1,0,154.55,not out,1,4,23.53,0,0
IPL_2023_051,1,DC,David Warner,12,10,1,0,120.0,lbw b Chahal,0,4,33.33,0,0
IPL_2023_051,1,DC,Prithvi Shaw,32,23,1,1,139.13,c Dhoni b Bumrah,0,10,31.25,0,0
IPL_2023_051,1,DC,Jake Fraser-McGurk,59,37,4,3,159.46,lbw b Chahal,0,34,57.63,1,0
IPL_2023_051,1,DC,Rishabh Pant,46,25,2,2,184.0,lbw b Chahal,0,20,43.48,0,0
IPL_2023_051,1,DC,Tristan Stubbs,30,21,1,1,142.86,lbw b Chahal,0,10,33.33,0,0
IPL_2023_051,1,DC,Axar Patel,5,4,0,0,125.0,lbw b Chahal,0,0,0.0,0,0
IPL_2023_051,2,RR,Yashasvi Jaiswal,22,18,1,0,122.22,lbw b Chahal,0,4,18.18,0,0
IPL_2023_051,2,RR,Jos Buttler,17,14,0,0,121.43,b Cummins,0,0,0.0,0,0
IPL_2023_051,2,RR,Sanju Samson,18,14,1,0,128.57,c Dhoni b Bumrah,0,4,22.22,0,0
IPL_2023_051,2,RR,Riyan Parag,21,17,1,1,123.53,c Dhoni b Bumrah,0,10,47.62,0,0
IPL_2023_051,2,RR,Dhruv Jurel,65,37,2,4,175.68,run out,0,32,49.23,1,0
IPL_2023_051,2,RR,Shimron Hetmyer,24,20,1,0,120.0,c Dhoni b Bumrah,0,4,16.67,0,0
IPL_2023_052,1,LSG,KL Rahul,12,10,1,0,120.0,c Dhoni b Bumrah,0,4,33.33,0,0
IPL_2023_052,1,LSG,Quinton de Kock,25,14,2,0,178.57,b Cummins,0,8,32.0,0,0
IPL_2023_052,1,LSG,Marcus Stoinis,40,23,1,1,173.91,c Dhoni b Bumrah,0,10,25.0,0,0
IPL_2023_052,1,LSG,Nicholas Pooran,28,16,1,0,175.0,run out,0,4,14.29,0,0
IPL_2023_052,1,LSG,Ayush Badoni,42,30,1,1,140.0,c & b Narine,0,10,23.81,0,0
IPL_2023_052,1,LSG,Deepak Hooda,38,27,3,1,140.74,not out,1,18,47.37,0,0
IPL_2023_052,2,SRH,Travis Head,28,22,2,1,127.27,b Cummins,0,14,50.0,0,0
IPL_2023_052,2,SRH,Abhishek Sharma,43,31,4,1,138.71,c & b Narine,0,22,51.16,0,0
IPL_2023_052,2,SRH,Rahul Tripathi,59,37,4,2,159.46,b Cummins,0,28,47.46,1,0
IPL_2023_052,2,SRH,Aiden Markram,20,15,1,0,133.33,run out,0,4,20.0,0,0
IPL_2023_052,2,SRH,Heinrich Klaasen,11,8,0,0,137.5,c & b Narine,0,0,0.0,0,0
IPL_2023_052,2,SRH,Nitish Kumar Reddy,11,7,1,0,157.14,not out,1,4,36.36,0,0
IPL_2023_053,1,PBKS,Shikhar Dhawan,56,35,5,3,160.0,run out,0,38,67.86,1,0
IPL_2023_053,1,PBKS,Jonny Bairstow,15,11,1,0,136.36,b Cummins,0,4,26.67,0,0
IPL_2023_053,1,PBKS,Prabhsimran Singh,16,9,1,0,177.78,b Cummins,0,4,25.0,0,0
IPL_2023_053,1,PBKS,Rilee Rossouw,47,33,4,1,142.42,run out,0,22,46.81,0,0
IPL_2023_053,1,PBKS,Sam Curran,44,26,2,1,169.23,b Cummins,0,14,31.82,0,0
IPL_2023_053,1,PBKS,Jitesh Sharma,9,6,0,0,150.0,run out,0,0,0.0,0,0
IPL_2023_053,2,CSK,Ruturaj Gaikwad,30,25,2,1,120.0,run out,0,14,46.67,0,0
IPL_2023_053,2,CSK,Rachin Ravindra,20,16,1,0,125.0,c & b Narine,0,4,20.0,0,0
IPL_2023_053,2,CSK,Ajinkya Rahane,11,8,1,0,137.5,c & b Narine,0,4,36.36,0,0
IPL_2023_053,2,CSK,Daryl Mitchell,49,27,3,1,181.48,lbw b Chahal,0,18,36.73,0,0
IPL_2023_053,2,CSK,Shivam Dube,16,12,0,0,133.33,b Cummins,0,0,0.0,0,0
IPL_2023_053,2,CSK,Ravindra Jadeja,26,19,1,1,136.84,run out,0,10,38.46,0,0
IPL_2023_053,2,CSK,MS Dhoni,21,13,1,0,161.54,not out,1,4,19.05,0,0
IPL_2023_054,1,GT,Shubman Gill,37,24,2,1,154.17,c Dhoni b Bumrah,0,14,37.84,0,0
IPL_2023_054,1,GT,Wriddhiman Saha,49,29,2,2,168.97,run out,0,20,40.82,0,0
IPL_2023_054,1,GT,Sai Sudharsan,55,33,3,3,166.67,c Dhoni b Bumrah,0,30,54.55,1,0
IPL_2023_054,1,GT,David Miller,20,12,0,1,166.67,c Dhoni b Bumrah,0,6,30.0,0,0
IPL_2023_054,1,GT,Azmatullah Omarzai,38,22,2,1,172.73,not out,1,14,36.84,0,0
IPL_2023_054,2,KKR,Phil Salt,31,20,1,1,155.0,c & b Narine,0,10,32.26,0,0
IPL_2023_054,2,KKR,Sunil Narine,57,38,5,2,150.0,c Dhoni b Bumrah,0,32,56.14,1,0
IPL_2023_054,2,KKR,Venkatesh Iyer,50,32,2,1,156.25,lbw b Chahal,0,14,28.0,1,0
IPL_2023_054,2,KKR,Shreyas Iyer,51,30,5,1,170.0,lbw b Chahal,0,26,50.98,1,0
IPL_2023_055,1,MI,Rohit Sharma,44,27,2,1,162.96,b Cummins,0,14,31.82,0,0
IPL_2023_055,1,MI,Ishan Kishan,38,23,2,1,165.22,c & b Narine,0,14,36.84,0,0
IPL_2023_055,1,MI,Suryakumar Yadav,43,27,2,1,159.26,c Dhoni b Bumrah,0,14,32.56,0,0
IPL_2023_055,1,MI,Tilak Varma,48,36,4,1,133.33,c & b Narine,0,22,45.83,0,0
IPL_2023_055,1,MI,Hardik Pandya,12,7,1,0,171.43,run out,0,4,33.33,0,0
IPL_2023_055,2,GT,Shubman Gill,20,16,0,1,125.0,lbw b Chahal,0,6,30.0,0,0
IPL_2023_055,2,GT,Wriddhiman Saha,41,23,3,1,178.26,run out,0,18,43.9,0,0
IPL_2023_055,2,GT,Sai Sudharsan,15,12,0,0,125.0,b Cummins,0,0,0.0,0,0
IPL_2023_055,2,GT,David Miller,46,28,2,2,164.29,c & b Narine,0,20,43.48,0,0
IPL_2023_055,2,GT,Azmatullah Omarzai,44,33,4,1,133.33,c Dhoni b Bumrah,0,22,50.0,0,0
IPL_2023_055,2,GT,Rahul Tewatia,13,8,1,0,162.5,not out,1,4,30.77,0,0
IPL_2023_056,1,CSK,Ruturaj Gaikwad,60,33,5,3,181.82,run out,0,38,63.33,1,0
IPL_2023_056,1,CSK,Rachin Ravindra,24,16,1,1,150.0,b Cummins,0,10,41.67,0,0
IPL_2023_056,1,CSK,Ajinkya Rahane,64,37,3,1,172.97,run out,0,18,28.12,1,0
IPL_2023_056,1,CSK,Daryl Mitchell,48,31,3,2,154.84,run out,0,24,50.0,0,0
IPL_2023_056,1,CSK,Shivam Dube,4,3,0,0,133.33,run out,0,0,0.0,0,0
IPL_2023_056,2,RR,Yashasvi Jaiswal,22,19,1,1,115.79,c Dhoni b Bumrah,0,10,45.45,0,0
IPL_2023_056,2,RR,Jos Buttler,22,16,1,1,137.5,b Cummins,0,10,45.45,0,0
IPL_2023_056,2,RR,Sanju Samson,14,10,1,0,140.0,lbw b Chahal,0,4,28.57,0,0
IPL_2023_056,2,RR,Riyan Parag,49,34,3,1,144.12,run out,0,18,36.73,0,0
IPL_2023_056,2,RR,Dhruv Jurel,19,11,2,0,172.73,c Dhoni b Bumrah,0,8,42.11,0,0
IPL_2023_056,2,RR,Shimron Hetmyer,23,16,1,1,143.75,c Dhoni b Bumrah,0,10,43.48,0,0
IPL_2023_056,2,RR,Rovman Powell,21,14,1,1,150.0,not out,1,10,47.62,0,0
IPL_2023_057,1,LSG,KL Rahul,35,25,1,1,140.0,lbw b Chahal,0,10,28.57,0,0
IPL_2023_057,1,LSG,Quinton de Kock,28,17,2,0,164.71,c Dhoni b Bumrah,0,8,28.57,0,0
IPL_2023_057,1,LSG,Marcus Stoinis,46,29,3,2,158.62,c & b Narine,0,24,52.17,0,0
IPL_2023_057,1,LSG,Nicholas Pooran,40,33,2,1,121.21,c & b Narine,0,14,35.0,0,0
IPL_2023_057,1,LSG,Ayush Badoni,13,11,0,0,118.18,run out,0,0,0.0,0,0
IPL_2023_057,1,LSG,Deepak Hooda,7,5,0,0,140.0,b Cummins,0,0,0.0,0,0
IPL_2023_057,2,KKR,Phil Salt,37,29,3,1,127.59,run out,0,18,48.65,0,0
IPL_2023_057,2,KKR,Sunil Narine,11,10,0,0,110.0,c Dhoni b Bumrah,0,0,0.0,0,0
IPL_2023_057,2,KKR,Venkatesh Iyer,30,23,2,1,130.43,c Dhoni b Bumrah,0,14,46.67,0,0
IPL_2023_057,2,KKR,Shreyas Iyer,32,18,3,1,177.78,c Dhoni b Bumrah,0,18,56.25,0,0
IPL_2023_057,2,KKR,Rinku Singh,23,17,1,1,135.29,c Dhoni b Bumrah,0,10,43.48,0,0
IPL_2023_057,2,KKR,Andre Russell,30,23,3,0,130.43,not out,1,12,40.0,0,0
IPL_2023_058,1,CSK,Ruturaj Gaikwad,31,25,2,1,124.0,lbw b Chahal,0,14,45.16,0,0
IPL_2023_058,1,CSK,Rachin Ravindra,30,22,2,0,136.36,lbw b Chahal,0,8,26.67,0,0
IPL_2023_058,1,CSK,Ajinkya Rahane,53,34,3,3,155.88,lbw b Chahal,0,30,56.6,1,0
IPL_2023_058,1,CSK,Daryl Mitchell,55,33,3,3,166.67,lbw b Chahal,0,30,54.55,1,0
IPL_2023_058,1,CSK,Shivam Dube,10,6,0,0,166.67,not out,1,0,0.0,0,0
IPL_2023_058,2,SRH,Travis Head,39,23,2,2,169.57,b Cummins,0,20,51.28,0,0
IPL_2023_058,2,SRH,Abhishek Sharma,13,9,0,0,144.44,lbw b Chahal,0,0,0.0,0,0
IPL_2023_058,2,SRH,Rahul Tripathi,12,8,1,0,150.0,lbw b Chahal,0,4,33.33,0,0
IPL_2023_058,2,SRH,Aiden Markram,25,14,1,0,178.57,c & b Narine,0,4,16.0,0,0
IPL_2023_058,2,SRH,Heinrich Klaasen,57,36,5,2,158.33,b Cummins,0,32,56.14,1,0
IPL_2023_058,2,SRH,Nitish Kumar Reddy,46,30,1,2,153.33,b Cummins,0,16,34.78,0,0
IPL_2023_059,1,KKR,Phil Salt,52,29,2,1,179.31,lbw b Chahal,0,14,26.92,1,0
IPL_2023_059,1,KKR,Sunil Narine,41,24,2,2,170.83,run out,0,20,48.78,0,0
IPL_2023_059,1,KKR,Venkatesh Iyer,32,26,1,1,123.08,c & b Narine,0,10,31.25,0,0
IPL_2023_059,1,KKR,Shreyas Iyer,14,10,1,0,140.0,c & b Narine,0,4,28.57,0,0
IPL_2023_059,1,KKR,Rinku Singh,23,19,1,1,121.05,run out,0,10,43.48,0,0
IPL_2023_059,1,KKR,Andre Russell,20,12,2,0,166.67,not out,1,8,40.0,0,0
IPL_2023_059,2,RCB,Faf du Plessis,41,23,4,1,178.26,c & b Narine,0,22,53.66,0,0
IPL_2023_059,2,RCB,Virat Kohli,14,13,1,0,107.69,c Dhoni b Bumrah,0,4,28.57,0,0
IPL_2023_059,2,RCB,Will Jacks,11,10,1,0,110.0,lbw b Chahal,0,4,36.36,0,0
IPL_2023_059,2,RCB,Rajat Patidar,39,24,3,1,162.5,run out,0,18,46.15,0,0
IPL_2023_059,2,RCB,Glenn Maxwell,48,37,2,1,129.73,c Dhoni b Bumrah,0,14,29.17,0,0
IPL_2023_059,2,RCB,Cameron Green,15,13,1,0,115.38,b Cummins,0,4,26.67,0,0
IPL_2023_060,1,DC,David Warner,33,19,1,1,173.68,lbw b Chahal,0,10,30.3,0,0
IPL_2023_060,1,DC,Prithvi Shaw,16,9,1,0,177.78,c & b Narine,0,4,25.0,0,0
IPL_2023_060,1,DC,Jake Fraser-McGurk,42,26,2,1,161.54,run out,0,14,33.33,0,0
IPL_2023_060,1,DC,Rishabh Pant,15,11,0,0,136.36,c Dhoni b Bumrah,0,0,0.0,0,0
IPL_2023_060,1,DC,Tristan Stubbs,57,35,3,3,162.86,c & b Narine,0,30,52.63,1,0
IPL_2023_060,1,DC,Axar Patel,34,20,2,1,170.0,c & b Narine,0,14,41.18,0,0
IPL_2023_060,2,MI,Rohit Sharma,25,20,2,0,125.0,c & b Narine,0,8,32.0,0,0
IPL_2023_060,2,MI,Ishan Kishan,14,11,1,0,127.27,lbw b Chahal,0,4,28.57,0,0
IPL_2023_060,2,MI,Suryakumar Yadav,25,18,2,0,138.89,lbw b Chahal,0,8,32.0,0,0
IPL_2023_060,2,MI,Tilak Varma,45,37,4,1,121.62,b Cummins,0,22,48.89,0,0
IPL_2023_060,2,MI,Hardik Pandya,36,23,3,1,156.52,b Cummins,0,18,50.0,0,0
IPL_2023_060,2,MI,Tim David,15,11,1,0,136.36,run out,0,4,26.67,0,0
IPL_2023_061,1,LSG,KL Rahul,14,8,1,0,175.0,c & b Narine,0,4,28.57,0,0
IPL_2023_061,1,LSG,Quinton de Kock,26,19,2,1,136.84,c Dhoni b Bumrah,0,14,53.85,0,0
IPL_2023_061,1,LSG,Marcus Stoinis,40,25,2,2,160.0,b Cummins,0,20,50.0,0,0
IPL_2023_061,1,LSG,Nicholas Pooran,26,17,2,1,152.94,b Cummins,0,14,53.85,0,0
IPL_2023_061,1,LSG,Ayush Badoni,29,20,3,0,145.0,c & b Narine,0,12,41.38,0,0
IPL_2023_061,1,LSG,Deepak Hooda,33,18,1,1,183.33,run out,0,10,30.3,0,0
IPL_2023_061,1,LSG,Krunal Pandya,23,13,2,0,176.92,not out,1,8,34.78,0,0
IPL_2023_061,2,PBKS,Shikhar Dhawan,53,32,4,2,165.62,b Cummins,0,28,52.83,1,0
IPL_2023_061,2,PBKS,Jonny Bairstow,19,17,1,0,111.76,c Dhoni b Bumrah,0,4,21.05,0,0
IPL_2023_061,2,PBKS,Prabhsimran Singh,33,25,3,1,132.0,b Cummins,0,18,54.55,0,0
IPL_2023_061,2,PBKS,Rilee Rossouw,20,16,1,0,125.0,b Cummins,0,4,20.0,0,0
IPL_2023_061,2,PBKS,Sam Curran,19,15,1,0,126.67,b Cummins,0,4,21.05,0,0
IPL_2023_061,2,PBKS,Jitesh Sharma,26,15,3,0,173.33,not out,1,12,46.15,0,0
IPL_2023_062,1,DC,David Warner,22,12,1,1,183.33,run out,0,10,45.45,0,0
IPL_2023_062,1,DC,Prithvi Shaw,20,12,1,0,166.67,b Cummins,0,4,20.0,0,0
IPL_2023_062,1,DC,Jake Fraser-McGurk,37,30,4,0,123.33,c Dhoni b Bumrah,0,16,43.24,0,0
IPL_2023_062,1,DC,Rishabh Pant,21,16,1,1,131.25,c & b Narine,0,10,47.62,0,0
IPL_2023_062,1,DC,Tristan Stubbs,33,27,1,1,122.22,lbw b Chahal,0,10,30.3,0,0
IPL_2023_062,1,DC,Axar Patel,27,23,1,1,117.39,not out,1,10,37.04,0,0
IPL_2023_062,2,KKR,Phil Salt,54,36,4,1,150.0,c & b Narine,0,22,40.74,1,0
IPL_2023_062,2,KKR,Sunil Narine,36,24,3,1,150.0,lbw b Chahal,0,18,50.0,0,0
IPL_2023_062,2,KKR,Venkatesh Iyer,16,14,1,0,114.29,c Dhoni b Bumrah,0,4,25.0,0,0
IPL_2023_062,2,KKR,Shreyas Iyer,22,15,2,0,146.67,b Cummins,0,8,36.36,0,0
IPL_2023_062,2,KKR,Rinku Singh,45,31,4,1,145.16,c & b Narine,0,22,48.89,0,0
IPL_2023_063,1,KKR,Phil Salt,41,31,3,1,132.26,c Dhoni b Bumrah,0,18,43.9,0,0
IPL_2023_063,1,KKR,Sunil Narine,52,37,3,1,140.54,c Dhoni b Bumrah,0,18,34.62,1,0
IPL_2023_063,1,KKR,Venkatesh Iyer,54,35,4,3,154.29,lbw b Chahal,0,34,62.96,1,0
IPL_2023_063,1,KKR,Shreyas Iyer,15,10,0,0,150.0,run out,0,0,0.0,0,0
IPL_2023_063,1,KKR,Rinku Singh,9,7,0,0,128.57,c & b Narine,0,0,0.0,0,0
IPL_2023_063,2,SRH,Travis Head,21,14,1,1,150.0,b Cummins,0,10,47.62,0,0
IPL_2023_063,2,SRH,Abhishek Sharma,45,37,3,2,121.62,b Cummins,0,24,53.33,0,0
IPL_2023_063,2,SRH,Rahul Tripathi,51,32,2,2,159.38,b Cummins,0,20,39.22,1,0
IPL_2023_063,2,SRH,Aiden Markram,11,9,1,0,122.22,run out,0,4,36.36,0,0
IPL_2023_063,2,SRH,Heinrich Klaasen,25,17,1,1,147.06,b Cummins,0,10,40.0,0,0
IPL_2023_063,2,SRH,Nitish Kumar Reddy,18,11,1,1,163.64,lbw b Chahal,0,10,55.56,0,0
IPL_2023_064,1,DC,David Warner,48,29,4,2,165.52,c & b Narine,0,28,58.33,0,0
IPL_2023_064,1,DC,Prithvi Shaw,16,14,2,0,114.29,run out,0,8,50.0,0,0
IPL_2023_064,1,DC,Jake Fraser-McGurk,34,23,2,2,147.83,c & b Narine,0,20,58.82,0,0
IPL_2023_064,1,DC,Rishabh Pant,52,31,4,2,167.74,b Cummins,0,28,53.85,1,0
IPL_2023_064,1,DC,Tristan Stubbs,38,23,2,1,165.22,run out,0,14,36.84,0,0
IPL_2023_064,2,RCB,Faf du Plessis,32,28,1,2,114.29,lbw b Chahal,0,16,50.0,0,0
IPL_2023_064,2,RCB,Virat Kohli,22,18,0,1,122.22,b Cummins,0,6,27.27,0,0
IPL_2023_064,2,RCB,Will Jacks,21,14,2,1,150.0,c Dhoni b Bumrah,0,14,66.67,0,0
IPL_2023_064,2,RCB,Rajat Patidar,24,19,2,0,126.32,run out,0,8,33.33,0,0
IPL_2023_064,2,RCB,Glenn Maxwell,20,14,2,0,142.86,c Dhoni b Bumrah,0,8,40.0,0,0
IPL_2023_064,2,RCB,Cameron Green,34,22,1,2,154.55,lbw b Chahal,0,16,47.06,0,0
IPL_2023_064,2,RCB,Dinesh Karthik,6,5,0,0,120.0,run out,0,0,0.0,0,0
IPL_2023_065,1,RR,Yashasvi Jaiswal,22,18,0,1,122.22,lbw b Chahal,0,6,27.27,0,0
IPL_2023_065,1,RR,Jos Buttler,12,10,1,0,120.0,run out,0,4,33.33,0,0
IPL_2023_065,1,RR,Sanju Samson,35,21,1,1,166.67,lbw b Chahal,0,10,28.57,0,0
IPL_2023_065,1,RR,Riyan Parag,24,20,2,0,120.0,run out,0,8,33.33,0,0
IPL_2023_065,1,RR,Dhruv Jurel,36,23,3,2,156.52,run out,0,24,66.67,0,0
IPL_2023_065,1,RR,Shimron Hetmyer,44,28,3,2,157.14,c & b Narine,0,24,54.55,0,0
IPL_2023_065,2,KKR,Phil Salt,14,11,1,0,127.27,c Dhoni b Bumrah,0,4,28.57,0,0
IPL_2023_065,2,KKR,Sunil Narine,33,21,2,1,157.14,b Cummins,0,14,42.42,0,0
IPL_2023_065,2,KKR,Venkatesh Iyer,60,33,3,3,181.82,c & b Narine,0,30,50.0,1,0
IPL_2023_065,2,KKR,Shreyas Iyer,27,18,2,1,150.0,run out,0,14,51.85,0,0
IPL_2023_065,2,KKR,Rinku Singh,43,37,3,2,116.22,run out,0,24,55.81,0,0
IPL_2023_066,1,KKR,Phil Salt,29,24,3,0,120.83,lbw b Chahal,0,12,41.38,0,0
IPL_2023_066,1,KKR,Sunil Narine,42,29,2,2,144.83,lbw b Chahal,0,20,47.62,0,0
IPL_2023_066,1,KKR,Venkatesh Iyer,42,31,2,2,135.48,lbw b Chahal,0,20,47.62,0,0
IPL_2023_066,1,KKR,Shreyas Iyer,54,35,3,3,154.29,lbw b Chahal,0,30,55.56,1,0
IPL_2023_066,1,KKR,Rinku Singh,1,1,0,0,100.0,lbw b Chahal,0,0,0.0,0,0
IPL_2023_066,2,LSG,KL Rahul,52,32,2,1,162.5,b Cummins,0,14,26.92,1,0
IPL_2023_066,2,LSG,Quinton de Kock,56,37,2,1,151.35,run out,0,14,25.0,1,0
IPL_2023_066,2,LSG,Marcus Stoinis,14,12,1,0,116.67,run out,0,4,28.57,0,0
IPL_2023_066,2,LSG,Nicholas Pooran,18,16,0,1,112.5,b Cummins,0,6,33.33,0,0
IPL_2023_066,2,LSG,Ayush Badoni,30,23,3,1,130.43,c & b Narine,0,18,60.0,0,0
IPL_2023_067,1,LSG,KL Rahul,29,20,1,1,145.0,c Dhoni b Bumrah,0,10,34.48,0,0
IPL_2023_067,1,LSG,Quinton de Kock,20,13,1,0,153.85,c & b Narine,0,4,20.0,0,0
IPL_2023_067,1,LSG,Marcus Stoinis,33,23,3,1,143.48,run out,0,18,54.55,0,0
IPL_2023_067,1,LSG,Nicholas Pooran,15,11,1,0,136.36,lbw b Chahal,0,4,26.67,0,0
IPL_2023_067,1,LSG,Ayush Badoni,11,8,1,0,137.5,run out,0,4,36.36,0,0
IPL_2023_067,1,LSG,Deepak Hooda,20,18,2,0,111.11,c & b Narine,0,8,40.0,0,0
IPL_2023_067,1,LSG,Krunal Pandya,18,11,1,0,163.64,b Cummins,0,4,22.22,0,0
IPL_2023_067,1,LSG,Ravi Bishnoi,21,16,1,1,131.25,not out,1,10,47.62,0,0
IPL_2023_067,2,KKR,Phil Salt,54,34,4,2,158.82,c & b Narine,0,28,51.85,1,0
IPL_2023_067,2,KKR,Sunil Narine,27,19,1,1,142.11,c & b Narine,0,10,37.04,0,0
IPL_2023_067,2,KKR,Venkatesh Iyer,48,33,4,1,145.45,c & b Narine,0,22,45.83,0,0
IPL_2023_067,2,KKR,Shreyas Iyer,54,34,3,2,158.82,c Dhoni b Bumrah,0,24,44.44,1,0
IPL_2023_068,1,RCB,Faf du Plessis,49,29,3,2,168.97,b Cummins,0,24,48.98,0,0
IPL_2023_068,1,RCB,Virat Kohli,28,17,1,1,164.71,c Dhoni b Bumrah,0,10,35.71,0,0
IPL_2023_068,1,RCB,Will Jacks,34,29,2,1,117.24,b Cummins,0,14,41.18,0,0
IPL_2023_068,1,RCB,Rajat Patidar,27,23,3,0,117.39,lbw b Chahal,0,12,44.44,0,0
IPL_2023_068,1,RCB,Glenn Maxwell,36,22,3,0,163.64,not out,1,12,33.33,0,0
IPL_2023_068,2,SRH,Travis Head,21,12,2,0,175.0,lbw b Chahal,0,8,38.1,0,0
IPL_2023_068,2,SRH,Abhishek Sharma,37,22,1,1,168.18,lbw b Chahal,0,10,27.03,0,0
IPL_2023_068,2,SRH,Rahul Tripathi,39,29,2,2,134.48,run out,0,20,51.28,0,0
IPL_2023_068,2,SRH,Aiden Markram,44,25,4,2,176.0,b Cummins,0,28,63.64,0,0
IPL_2023_068,2,SRH,Heinrich Klaasen,51,31,4,3,164.52,run out,0,34,66.67,1,0
IPL_2023_069,1,KKR,Phil Salt,14,9,1,0,155.56,c Dhoni b Bumrah,0,4,28.57,0,0
IPL_2023_069,1,KKR,Sunil Narine,40,33,2,1,121.21,run out,0,14,35.0,0,0
IPL_2023_069,1,KKR,Venkatesh Iyer,32,18,3,1,177.78,lbw b Chahal,0,18,56.25,0,0
IPL_2023_069,1,KKR,Shreyas Iyer,46,38,1,3,121.05,run out,0,22,47.83,0,0
IPL_2023_069,1,KKR,Rinku Singh,21,12,0,1,175.0,lbw b Chahal,0,6,28.57,0,0
IPL_2023_069,1,KKR,Andre Russell,15,10,1,0,150.0,c Dhoni b Bumrah,0,4,26.67,0,0
IPL_2023_069,2,CSK,Ruturaj Gaikwad,10,9,0,0,111.11,lbw b Chahal,0,0,0.0,0,0
IPL_2023_069,2,CSK,Rachin Ravindra,49,32,3,2,153.12,c & b Narine,0,24,48.98,0,0
IPL_2023_069,2,CSK,Ajinkya Rahane,49,30,2,3,163.33,c & b Narine,0,26,53.06,0,0
IPL_2023_069,2,CSK,Daryl Mitchell,49,33,4,2,148.48,c Dhoni b Bumrah,0,28,57.14,0,0
IPL_2023_069,2,CSK,Shivam Dube,27,16,2,1,168.75,c Dhoni b Bumrah,0,14,51.85,0,0
IPL_2023_070,1,DC,David Warner,21,12,2,0,175.0,b Cummins,0,8,38.1,0,0
IPL_2023_070,1,DC,Prithvi Shaw,24,14,1,1,171.43,lbw b Chahal,0,10,41.67,0,0
IPL_2023_070,1,DC,Jake Fraser-McGurk,53,33,3,3,160.61,c Dhoni b Bumrah,0,30,56.6,1,0
IPL_2023_070,1,DC,Rishabh Pant,59,34,4,3,173.53,lbw b Chahal,0,34,57.63,1,0
IPL_2023_070,1,DC,Tristan Stubbs,22,15,1,0,146.67,c & b Narine,0,4,18.18,0,0
IPL_2023_070,1,DC,Axar Patel,16,12,1,0,133.33,not out,1,4,25.0,0,0
IPL_2023_070,2,KKR,Phil Salt,26,17,1,1,152.94,run out,0,10,38.46,0,0
IPL_2023_070,2,KKR,Sunil Narine,59,34,3,1,173.53,c & b Narine,0,18,30.51,1,0
IPL_2023_070,2,KKR,Venkatesh Iyer,50,35,3,2,142.86,c Dhoni b Bumrah,0,24,48.0,1,0
IPL_2023_070,2,KKR,Shreyas Iyer,30,22,4,0,136.36,c & b Narine,0,16,53.33,0,0
IPL_2023_070,2,KKR,Rinku Singh,21,12,1,1,175.0,b Cummins,0,10,47.62,0,0
IPL_2023_071,1,KKR,Phil Salt,23,19,0,1,121.05,run out,0,6,26.09,0,0
IPL_2023_071,1,KKR,Sunil Narine,53,34,3,3,155.88,c & b Narine,0,30,56.6,1,0
IPL_2023_071,1,KKR,Venkatesh Iyer,30,22,3,0,136.36,run out,0,12,40.0,0,0
IPL_2023_071,1,KKR,Shreyas Iyer,46,28,2,1,164.29,c Dhoni b Bumrah,0,14,30.43,0,0
IPL_2023_071,1,KKR,Rinku Singh,26,17,2,1,152.94,not out,1,14,53.85,0,0
IPL_2023_071,2,SRH,Travis Head,46,38,3,1,121.05,lbw b Chahal,0,18,39.13,0,0
IPL_2023_071,2,SRH,Abhishek Sharma,28,17,2,1,164.71,lbw b Chahal,0,14,50.0,0,0
IPL_2023_071,2,SRH,Rahul Tripathi,12,9,0,0,133.33,lbw b Chahal,0,0,0.0,0,0
IPL_2023_071,2,SRH,Aiden Markram,29,20,1,1,145.0,b Cummins,0,10,34.48,0,0
IPL_2023_071,2,SRH,Heinrich Klaasen,25,21,3,0,119.05,c & b Narine,0,12,48.0,0,0
IPL_2023_071,2,SRH,Nitish Kumar Reddy,19,15,2,0,126.67,not out,1,8,42.11,0,0
IPL_2023_072,1,MI,Rohit Sharma,21,12,1,0,175.0,c Dhoni b Bumrah,0,4,19.05,0,0
IPL_2023_072,1,MI,Ishan Kishan,40,33,4,1,121.21,c & b Narine,0,22,55.0,0,0
IPL_2023_072,1,MI,Suryakumar Yadav,36,29,2,1,124.14,b Cummins,0,14,38.89,0,0
IPL_2023_072,1,MI,Tilak Varma,40,23,2,1,173.91,lbw b Chahal,0,14,35.0,0,0
IPL_2023_072,1,MI,Hardik Pandya,29,17,2,0,170.59,c & b Narine,0,8,27.59,0,0
IPL_2023_072,1,MI,Tim David,10,6,0,0,166.67,c Dhoni b Bumrah,0,0,0.0,0,0
IPL_2023_072,2,KKR,Phil Salt,51,32,4,2,159.38,c Dhoni b Bumrah,0,28,54.9,1,0
IPL_2023_072,2,KKR,Sunil Narine,32,22,3,1,145.45,c & b Narine,0,18,56.25,0,0
IPL_2023_072,2,KKR,Venkatesh Iyer,62,36,6,1,172.22,c Dhoni b Bumrah,0,30,48.39,1,0
IPL_2023_072,2,KKR,Shreyas Iyer,16,12,0,1,133.33,c Dhoni b Bumrah,0,6,37.5,0,0
IPL_2023_072,2,KKR,Rinku Singh,27,18,2,0,150.0,not out,1,8,29.63,0,0
IPL_2023_073,1,LSG,KL Rahul,21,18,2,0,116.67,c & b Narine,0,8,38.1,0,0
IPL_2023_073,1,LSG,Quinton de Kock,13,8,1,0,162.5,lbw b Chahal,0,4,30.77,0,0
IPL_2023_073,1,LSG,Marcus Stoinis,22,16,1,0,137.5,c Dhoni b Bumrah,0,4,18.18,0,0
IPL_2023_073,1,LSG,Nicholas Pooran,17,11,1,1,154.55,c Dhoni b Bumrah,0,10,58.82,0,0
IPL_2023_073,1,LSG,Ayush Badoni,56,34,2,2,164.71,run out,0,20,35.71,1,0
IPL_2023_073,1,LSG,Deepak Hooda,31,21,2,1,147.62,c Dhoni b Bumrah,0,14,45.16,0,0
IPL_2023_073,1,LSG,Krunal Pandya,16,12,1,0,133.33,not out,1,4,25.0,0,0
IPL_2023_073,2,GT,Shubman Gill,39,27,2,2,144.44,c & b Narine,0,20,51.28,0,0
IPL_2023_073,2,GT,Wriddhiman Saha,16,12,1,0,133.33,run out,0,4,25.0,0,0
IPL_2023_073,2,GT,Sai Sudharsan,27,16,1,1,168.75,run out,0,10,37.04,0,0
IPL_2023_073,2,GT,David Miller,36,29,4,1,124.14,lbw b Chahal,0,22,61.11,0,0
IPL_2023_073,2,GT,Azmatullah Omarzai,21,15,1,1,140.0,b Cummins,0,10,47.62,0,0
IPL_2023_073,2,GT,Rahul Tewatia,22,12,1,1,183.33,run out,0,10,45.45,0,0
IPL_2023_073,2,GT,Rashid Khan,11,9,0,0,122.22,lbw b Chahal,0,0,0.0,0,0
IPL_2023_074,1,RR,Yashasvi Jaiswal,35,21,1,2,166.67,run out,0,16,45.71,0,0
IPL_2023_074,1,RR,Jos Buttler,41,24,2,2,170.83,c & b Narine,0,20,48.78,0,0
IPL_2023_074,1,RR,Sanju Samson,37,25,2,2,148.0,lbw b Chahal,0,20,54.05,0,0
IPL_2023_074,1,RR,Riyan Parag,38,26,2,1,146.15,b Cummins,0,14,36.84,0,0
IPL_2023_074,1,RR,Dhruv Jurel,11,8,0,0,137.5,b Cummins,0,0,0.0,0,0
IPL_2023_074,1,RR,Shimron Hetmyer,27,16,2,1,168.75,c Dhoni b Bumrah,0,14,51.85,0,0
IPL_2023_074,2,RCB,Faf du Plessis,39,24,4,1,162.5,lbw b Chahal,0,22,56.41,0,0
IPL_2023_074,2,RCB,Virat Kohli,29,21,1,1,138.1,c & b Narine,0,10,34.48,0,0
IPL_2023_074,2,RCB,Will Jacks,43,35,4,1,122.86,lbw b Chahal,0,22,51.16,0,0
IPL_2023_074,2,RCB,Rajat Patidar,37,21,2,2,176.19,run out,0,20,54.05,0,0
IPL_2023_074,2,RCB,Glenn Maxwell,27,19,1,1,142.11,run out,0,10,37.04,0,0
IPL_2024_001,1,KKR,Phil Salt,28,21,1,1,133.33,b Cummins,0,10,35.71,0,0
IPL_2024_001,1,KKR,Sunil Narine,30,21,1,1,142.86,c Dhoni b Bumrah,0,10,33.33,0,0
IPL_2024_001,1,KKR,Venkatesh Iyer,48,37,4,2,129.73,run out,0,28,58.33,0,0
IPL_2024_001,1,KKR,Shreyas Iyer,50,38,5,1,131.58,lbw b Chahal,0,26,52.0,1,0
IPL_2024_001,1,KKR,Rinku Singh,4,3,0,0,133.33,lbw b Chahal,0,0,0.0,0,0
IPL_2024_001,2,SRH,Travis Head,39,26,2,1,150.0,b Cummins,0,14,35.9,0,0
IPL_2024_001,2,SRH,Abhishek Sharma,12,9,1,0,133.33,run out,0,4,33.33,0,0
IPL_2024_001,2,SRH,Rahul Tripathi,19,15,1,0,126.67,b Cummins,0,4,21.05,0,0
IPL_2024_001,2,SRH,Aiden Markram,21,12,1,0,175.0,c Dhoni b Bumrah,0,4,19.05,0,0
IPL_2024_001,2,SRH,Heinrich Klaasen,63,36,2,3,175.0,lbw b Chahal,0,26,41.27,1,0
IPL_2024_001,2,SRH,Nitish Kumar Reddy,19,13,1,0,146.15,not out,1,4,21.05,0,0
IPL_2024_002,1,CSK,Ruturaj Gaikwad,55,35,2,2,157.14,b Cummins,0,20,36.36,1,0
IPL_2024_002,1,CSK,Rachin Ravindra,58,35,3,2,165.71,lbw b Chahal,0,24,41.38,1,0
IPL_2024_002,1,CSK,Ajinkya Rahane,27,21,2,1,128.57,lbw b Chahal,0,14,51.85,0,0
IPL_2024_002,1,CSK,Daryl Mitchell,52,29,4,3,179.31,b Cummins,0,34,65.38,1,0
IPL_2024_002,2,SRH,Travis Head,28,24,2,1,116.67,c & b Narine,0,14,50.0,0,0
IPL_2024_002,2,SRH,Abhishek Sharma,30,23,2,1,130.43,c Dhoni b Bumrah,0,14,46.67,0,0
IPL_2024_002,2,SRH,Rahul Tripathi,63,37,6,2,170.27,c Dhoni b Bumrah,0,36,57.14,1,0
IPL_2024_002,2,SRH,Aiden Markram,43,36,1,2,119.44,c & b Narine,0,16,37.21,0,0
IPL_2024_003,1,MI,Rohit Sharma,49,34,3,1,144.12,run out,0,18,36.73,0,0
IPL_2024_003,1,MI,Ishan Kishan,18,16,1,0,112.5,lbw b Chahal,0,4,22.22,0,0
IPL_2024_003,1,MI,Suryakumar Yadav,38,21,2,1,180.95,b Cummins,0,14,36.84,0,0
IPL_2024_003,1,MI,Tilak Varma,17,14,1,0,121.43,c & b Narine,0,4,23.53,0,0
IPL_2024_003,1,MI,Hardik Pandya,28,22,1,1,127.27,b Cummins,0,10,35.71,0,0
IPL_2024_003,1,MI,Tim David,24,13,2,0,184.62,not out,1,8,33.33,0,0
IPL_2024_003,2,CSK,Ruturaj Gaikwad,30,25,2,1,120.0,run out,0,14,46.67,0,0
IPL_2024_003,2,CSK,Rachin Ravindra,37,21,2,2,176.19,c Dhoni b Bumrah,0,20,54.05,0,0
IPL_2024_003,2,CSK,Ajinkya Rahane,25,21,2,0,119.05,c Dhoni b Bumrah,0,8,32.0,0,0
IPL_2024_003,2,CSK,Daryl Mitchell,41,31,2,2,132.26,c & b Narine,0,20,48.78,0,0
IPL_2024_003,2,CSK,Shivam Dube,18,14,1,0,128.57,run out,0,4,22.22,0,0
IPL_2024_003,2,CSK,Ravindra Jadeja,11,8,0,0,137.5,b Cummins,0,0,0.0,0,0
IPL_2024_004,1,GT,Shubman Gill,22,17,2,0,129.41,b Cummins,0,8,36.36,0,0
IPL_2024_004,1,GT,Wriddhiman Saha,37,29,3,1,127.59,run out,0,18,48.65,0,0
IPL_2024_004,1,GT,Sai Sudharsan,16,14,2,0,114.29,lbw b Chahal,0,8,50.0,0,0
IPL_2024_004,1,GT,David Miller,15,10,1,0,150.0,run out,0,4,26.67,0,0
IPL_2024_004,1,GT,Azmatullah Omarzai,13,8,1,0,162.5,lbw b Chahal,0,4,30.77,0,0
IPL_2024_004,1,GT,Rahul Tewatia,37,31,1,1,119.35,run out,0,10,27.03,0,0
IPL_2024_004,1,GT,Rashid Khan,18,11,1,0,163.64,lbw b Chahal,0,4,22.22,0,0
IPL_2024_004,2,CSK,Ruturaj Gaikwad,33,26,2,2,126.92,run out,0,20,60.61,0,0
IPL_2024_004,2,CSK,Rachin Ravindra,28,18,2,1,155.56,lbw b Chahal,0,14,50.0,0,0
IPL_2024_004,2,CSK,Ajinkya Rahane,58,37,3,3,156.76,c & b Narine,0,30,51.72,1,0
IPL_2024_004,2,CSK,Daryl Mitchell,27,23,2,1,117.39,c Dhoni b Bumrah,0,14,51.85,0,0
IPL_2024_004,2,CSK,Shivam Dube,27,16,2,1,168.75,run out,0,14,51.85,0,0
IPL_2024_005,1,MI,Rohit Sharma,23,13,1,0,176.92,run out,0,4,17.39,0,0
IPL_2024_005,1,MI,Ishan Kishan,43,38,3,1,113.16,b Cummins,0,18,41.86,0,0
IPL_2024_005,1,MI,Suryakumar Yadav,47,38,2,2,123.68,b Cummins,0,20,42.55,0,0
IPL_2024_005,1,MI,Tilak Varma,31,18,1,1,172.22,c Dhoni b Bumrah,0,10,32.26,0,0
IPL_2024_005,1,MI,Hardik Pandya,20,13,2,0,153.85,run out,0,8,40.0,0,0
IPL_2024_005,2,PBKS,Shikhar Dhawan,44,26,2,2,169.23,c & b Narine,0,20,45.45,0,0
IPL_2024_005,2,PBKS,Jonny Bairstow,46,25,2,1,184.0,b Cummins,0,14,30.43,0,0
IPL_2024_005,2,PBKS,Prabhsimran Singh,27,16,1,1,168.75,run out,0,10,37.04,0,0
IPL_2024_005,2,PBKS,Rilee Rossouw,41,36,3,2,113.89,run out,0,24,58.54,0,0
IPL_2024_005,2,PBKS,Sam Curran,23,17,1,1,135.29,c Dhoni b Bumrah,0,10,43.48,0,0
IPL_2024_006,1,CSK,Ruturaj Gaikwad,40,25,2,1,160.0,lbw b Chahal,0,14,35.0,0,0
IPL_2024_006,1,CSK,Rachin Ravindra,56,34,3,3,164.71,run out,0,30,53.57,1,0
IPL_2024_006,1,CSK,Ajinkya Rahane,23,13,1,1,176.92,c Dhoni b Bumrah,0,10,43.48,0,0
IPL_2024_006,1,CSK,Daryl Mitchell,27,23,2,1,117.39,c Dhoni b Bumrah,0,14,51.85,0,0
IPL_2024_006,1,CSK,Shivam Dube,45,25,2,2,180.0,run out,0,20,44.44,0,0
IPL_2024_006,2,RCB,Faf du Plessis,45,30,3,1,150.0,run out,0,18,40.0,0,0
IPL_2024_006,2,RCB,Virat Kohli,53,32,3,1,165.62,lbw b Chahal,0,18,33.96,1,0
IPL_2024_006,2,RCB,Will Jacks,53,31,4,1,170.97,run out,0,22,41.51,1,0
IPL_2024_006,2,RCB,Rajat Patidar,44,27,2,1,162.96,run out,0,14,31.82,0,0
IPL_2024_007,1,LSG,KL Rahul,66,38,2,3,173.68,c Dhoni b Bumrah,0,26,39.39,1,0
IPL_2024_007,1,LSG,Quinton de Kock,38,24,2,2,158.33,b Cummins,0,20,52.63,0,0
IPL_2024_007,1,LSG,Marcus Stoinis,38,25,3,1,152.0,c & b Narine,0,18,47.37,0,0
IPL_2024_007,1,LSG,Nicholas Pooran,18,11,1,1,163.64,b Cummins,0,10,55.56,0,0
IPL_2024_007,1,LSG,Ayush Badoni,33,20,2,1,165.0,run out,0,14,42.42,0,0
IPL_2024_007,1,LSG,Deepak Hooda,3,2,0,0,150.0,run out,0,0,0.0,0,0
IPL_2024_007,2,RCB,Faf du Plessis,20,12,1,0,166.67,c Dhoni b Bumrah,0,4,20.0,0,0
IPL_2024_007,2,RCB,Virat Kohli,26,15,2,1,173.33,c & b Narine,0,14,53.85,0,0
IPL_2024_007,2,RCB,Will Jacks,13,10,1,0,130.0,lbw b Chahal,0,4,30.77,0,0
IPL_2024_007,2,RCB,Rajat Patidar,54,37,2,2,145.95,lbw b Chahal,0,20,37.04,1,0
IPL_2024_007,2,RCB,Glenn Maxwell,17,15,2,0,113.33,run out,0,8,47.06,0,0
IPL_2024_007,2,RCB,Cameron Green,38,31,3,1,122.58,not out,1,18,47.37,0,0
IPL_2024_008,1,RCB,Faf du Plessis,34,23,1,1,147.83,run out,0,10,29.41,0,0
IPL_2024_008,1,RCB,Virat Kohli,60,38,3,1,157.89,run out,0,18,30.0,1,0
IPL_2024_008,1,RCB,Will Jacks,49,28,2,2,175.0,lbw b Chahal,0,20,40.82,0,0
IPL_2024_008,1,RCB,Rajat Patidar,38,25,4,0,152.0,run out,0,16,42.11,0,0
IPL_2024_008,1,RCB,Glenn Maxwell,8,6,1,0,133.33,b Cummins,0,4,50.0,0,0
IPL_2024_008,2,GT,Shubman Gill,18,12,1,0,150.0,run out,0,4,22.22,0,0
IPL_2024_008,2,GT,Wriddhiman Saha,13,9,1,0,144.44,lbw b Chahal,0,4,30.77,0,0
IPL_2024_008,2,GT,Sai Sudharsan,39,24,2,2,162.5,lbw b Chahal,0,20,51.28,0,0
IPL_2024_008,2,GT,David Miller,41,33,3,2,124.24,c Dhoni b Bumrah,0,24,58.54,0,0
IPL_2024_008,2,GT,Azmatullah Omarzai,53,30,4,3,176.67,c Dhoni b Bumrah,0,34,64.15,1,0
IPL_2024_008,2,GT,Rahul Tewatia,18,12,2,0,150.0,not out,1,8,44.44,0,0
IPL_2024_009,1,CSK,Ruturaj Gaikwad,37,29,1,2,127.59,c & b Narine,0,16,43.24,0,0
IPL_2024_009,1,CSK,Rachin Ravindra,57,35,3,3,162.86,c & b Narine,0,30,52.63,1,0
IPL_2024_009,1,CSK,Ajinkya Rahane,24,20,1,1,120.0,b Cummins,0,10,41.67,0,0
IPL_2024_009,1,CSK,Daryl Mitchell,39,26,3,2,150.0,run out,0,24,61.54,0,0
IPL_2024_009,1,CSK,Shivam Dube,12,10,1,0,120.0,c Dhoni b Bumrah,0,4,33.33,0,0
IPL_2024_009,2,LSG,KL Rahul,45,31,2,2,145.16,lbw b Chahal,0,20,44.44,0,0
IPL_2024_009,2,LSG,Quinton de Kock,58,33,3,1,175.76,lbw b Chahal,0,18,31.03,1,0
IPL_2024_009,2,LSG,Marcus Stoinis,32,24,3,1,133.33,c Dhoni b Bumrah,0,18,56.25,0,0
IPL_2024_009,2,LSG,Nicholas Pooran,13,8,0,0,162.5,run out,0,0,0.0,0,0
IPL_2024_009,2,LSG,Ayush Badoni,38,24,4,1,158.33,run out,0,22,57.89,0,0
IPL_2024_010,1,KKR,Phil Salt,24,16,1,0,150.0,c Dhoni b Bumrah,0,4,16.67,0,0
IPL_2024_010,1,KKR,Sunil Narine,56,35,3,3,160.0,run out,0,30,53.57,1,0
IPL_2024_010,1,KKR,Venkatesh Iyer,41,32,3,2,128.12,c & b Narine,0,24,58.54,0,0
IPL_2024_010,1,KKR,Shreyas Iyer,17,11,0,1,154.55,c & b Narine,0,6,35.29,0,0
IPL_2024_010,1,KKR,Rinku Singh,46,26,2,1,176.92,c Dhoni b Bumrah,0,14,30.43,0,0
IPL_2024_010,2,GT,Shubman Gill,41,23,2,1,178.26,b Cummins,0,14,34.15,0,0
IPL_2024_010,2,GT,Wriddhiman Saha,40,33,2,1,121.21,run out,0,14,35.0,0,0
IPL_2024_010,2,GT,Sai Sudharsan,49,36,4,2,136.11,lbw b Chahal,0,28,57.14,0,0
IPL_2024_010,2,GT,David Miller,13,10,1,0,130.0,c & b Narine,0,4,30.77,0,0
IPL_2024_010,2,GT,Azmatullah Omarzai,30,18,2,1,166.67,b Cummins,0,14,46.67,0,0
IPL_2024_011,1,RCB,Faf du Plessis,47,28,4,1,167.86,lbw b Chahal,0,22,46.81,0,0
IPL_2024_011,1,RCB,Virat Kohli,24,18,1,0,133.33,c Dhoni b Bumrah,0,4,16.67,0,0
IPL_2024_011,1,RCB,Will Jacks,30,18,2,0,166.67,c Dhoni b Bumrah,0,8,26.67,0,0
IPL_2024_011,1,RCB,Rajat Patidar,54,31,3,1,174.19,c Dhoni b Bumrah,0,18,33.33,1,0
IPL_2024_011,1,RCB,Glenn Maxwell,28,22,2,1,127.27,b Cummins,0,14,50.0,0,0
IPL_2024_011,1,RCB,Cameron Green,3,3,0,0,100.0,b Cummins,0,0,0.0,0,0
IPL_2024_011,2,SRH,Travis Head,51,31,3,2,164.52,c & b Narine,0,24,47.06,1,0
IPL_2024_011,2,SRH,Abhishek Sharma,18,11,2,0,163.64,b Cummins,0,8,44.44,0,0
IPL_2024_011,2,SRH,Rahul Tripathi,59,38,2,3,155.26,c Dhoni b Bumrah,0,26,44.07,1,0
IPL_2024_011,2,SRH,Aiden Markram,57,36,3,1,158.33,lbw b Chahal,0,18,31.58,1,0
IPL_2024_011,2,SRH,Heinrich Klaasen,7,4,0,0,175.0,c & b Narine,0,0,0.0,0,0
IPL_2024_012,1,RR,Yashasvi Jaiswal,23,13,2,0,176.92,c & b Narine,0,8,34.78,0,0
IPL_2024_012,1,RR,Jos Buttler,12,8,1,0,150.0,lbw b Chahal,0,4,33.33,0,0
IPL_2024_012,1,RR,Sanju Samson,30,26,2,1,115.38,lbw b Chahal,0,14,46.67,0,0
IPL_2024_012,1,RR,Riyan Parag,19,16,2,0,118.75,b Cummins,0,8,42.11,0,0
IPL_2024_012,1,RR,Dhruv Jurel,50,33,4,1,151.52,run out,0,22,44.0,1,0
IPL_2024_012,1,RR,Shimron Hetmyer,41,24,3,2,170.83,not out,1,24,58.54,0,0
IPL_2024_012,2,KKR,Phil Salt,38,23,2,1,165.22,lbw b Chahal,0,14,36.84,0,0
IPL_2024_012,2,KKR,Sunil Narine,42,26,4,2,161.54,lbw b Chahal,0,28,66.67,0,0
IPL_2024_012,2,KKR,Venkatesh Iyer,46,34,3,2,135.29,b Cummins,0,24,52.17,0,0
IPL_2024_012,2,KKR,Shreyas Iyer,19,16,1,1,118.75,lbw b Chahal,0,10,52.63,0,0
IPL_2024_012,2,KKR,Rinku Singh,29,21,1,1,138.1,lbw b Chahal,0,10,34.48,0,0
IPL_2024_013,1,SRH,Travis Head,34,21,1,2,161.9,c Dhoni b Bumrah,0,16,47.06,0,0
IPL_2024_013,1,SRH,Abhishek Sharma,48,33,2,2,145.45,lbw b Chahal,0,20,41.67,0,0
IPL_2024_013,1,SRH,Rahul Tripathi,37,22,2,2,168.18,run out,0,20,54.05,0,0
IPL_2024_013,1,SRH,Aiden Markram,17,12,2,0,141.67,c Dhoni b Bumrah,0,8,47.06,0,0
IPL_2024_013,1,SRH,Heinrich Klaasen,35,20,2,1,175.0,b Cummins,0,14,40.0,0,0
IPL_2024_013,1,SRH,Nitish Kumar Reddy,15,12,1,0,125.0,not out,1,4,26.67,0,0
IPL_2024_013,2,KKR,Phil Salt,26,20,2,0,130.0,lbw b Chahal,0,8,30.77,0,0
IPL_2024_013,2,KKR,Sunil Narine,46,28,4,2,164.29,c Dhoni b Bumrah,0,28,60.87,0,0
IPL_2024_013,2,KKR,Venkatesh Iyer,20,13,1,1,153.85,c Dhoni b Bumrah,0,10,50.0,0,0
IPL_2024_013,2,KKR,Shreyas Iyer,45,35,2,1,128.57,run out,0,14,31.11,0,0
IPL_2024_013,2,KKR,Rinku Singh,29,24,2,0,120.83,lbw b Chahal,0,8,27.59,0,0
IPL_2024_014,1,RR,Yashasvi Jaiswal,31,19,3,1,163.16,lbw b Chahal,0,18,58.06,0,0
IPL_2024_014,1,RR,Jos Buttler,17,11,1,0,154.55,c Dhoni b Bumrah,0,4,23.53,0,0
IPL_2024_014,1,RR,Sanju Samson,45,36,3,1,125.0,b Cummins,0,18,40.0,0,0
IPL_2024_014,1,RR,Riyan Parag,32,21,1,1,152.38,b Cummins,0,10,31.25,0,0
IPL_2024_014,1,RR,Dhruv Jurel,33,27,2,1,122.22,lbw b Chahal,0,14,42.42,0,0
IPL_2024_014,1,RR,Shimron Hetmyer,7,6,0,0,116.67,c Dhoni b Bumrah,0,0,0.0,0,0
IPL_2024_014,2,RCB,Faf du Plessis,18,12,1,1,150.0,c & b Narine,0,10,55.56,0,0
IPL_2024_014,2,RCB,Virat Kohli,52,37,3,2,140.54,c & b Narine,0,24,46.15,1,0
IPL_2024_014,2,RCB,Will Jacks,59,33,5,2,178.79,b Cummins,0,32,54.24,1,0
IPL_2024_014,2,RCB,Rajat Patidar,43,30,1,2,143.33,c Dhoni b Bumrah,0,16,37.21,0,0
IPL_2024_015,1,RCB,Faf du Plessis,19,12,1,1,158.33,run out,0,10,52.63,0,0
IPL_2024_015,1,RCB,Virat Kohli,37,27,2,1,137.04,c & b Narine,0,14,37.84,0,0
IPL_2024_015,1,RCB,Will Jacks,40,22,1,2,181.82,c & b Narine,0,16,40.0,0,0
IPL_2024_015,1,RCB,Rajat Patidar,45,31,4,2,145.16,b Cummins,0,28,62.22,0,0
IPL_2024_015,1,RCB,Glenn Maxwell,24,17,1,0,141.18,c Dhoni b Bumrah,0,4,16.67,0,0
IPL_2024_015,1,RCB,Cameron Green,17,11,1,1,154.55,not out,1,10,58.82,0,0
IPL_2024_015,2,SRH,Travis Head,48,33,4,2,145.45,lbw b Chahal,0,28,58.33,0,0
IPL_2024_015,2,SRH,Abhishek Sharma,25,18,3,0,138.89,b Cummins,0,12,48.0,0,0
IPL_2024_015,2,SRH,Rahul Tripathi,18,12,2,0,150.0,b Cummins,0,8,44.44,0,0
IPL_2024_015,2,SRH,Aiden Markram,45,32,2,2,140.62,c & b Narine,0,20,44.44,0,0
IPL_2024_015,2,SRH,Heinrich Klaasen,34,22,2,1,154.55,lbw b Chahal,0,14,41.18,0,0
IPL_2024_015,2,SRH,Nitish Kumar Reddy,3,3,0,0,100.0,c Dhoni b Bumrah,0,0,0.0,0,0
IPL_2024_016,1,RR,Yashasvi Jaiswal,52,37,1,3,140.54,lbw b Chahal,0,22,42.31,1,0
IPL_2024_016,1,RR,Jos Buttler,38,23,2,2,165.22,c & b Narine,0,20,52.63,0,0
IPL_2024_016,1,RR,Sanju Samson,46,33,4,1,139.39,c Dhoni b Bumrah,0,22,47.83,0,0
IPL_2024_016,1,RR,Riyan Parag,22,18,1,0,122.22,c Dhoni b Bumrah,0,4,18.18,0,0
IPL_2024_016,1,RR,Dhruv Jurel,12,9,1,0,133.33,c Dhoni b Bumrah,0,4,33.33,0,0
IPL_2024_016,2,GT,Shubman Gill,26,16,2,1,162.5,c & b Narine,0,14,53.85,0,0
IPL_2024_016,2,GT,Wriddhiman Saha,21,13,1,0,161.54,c & b Narine,0,4,19.05,0,0
IPL_2024_016,2,GT,Sai Sudharsan,21,15,2,0,140.0,run out,0,8,38.1,0,0
IPL_2024_016,2,GT,David Miller,37,31,2,2,119.35,lbw b Chahal,0,20,54.05,0,0
IPL_2024_016,2,GT,Azmatullah Omarzai,22,13,1,1,169.23,c Dhoni b Bumrah,0,10,45.45,0,0
IPL_2024_016,2,GT,Rahul Tewatia,58,32,2,3,181.25,not out,1,26,44.83,1,0
IPL_2024_017,1,PBKS,Shikhar Dhawan,57,34,3,1,167.65,b Cummins,0,18,31.58,1,0
IPL_2024_017,1,PBKS,Jonny Bairstow,37,31,1,1,119.35,b Cummins,0,10,27.03,0,0
IPL_2024_017,1,PBKS,Prabhsimran Singh,15,10,0,0,150.0,c & b Narine,0,0,0.0,0,0
IPL_2024_017,1,PBKS,Rilee Rossouw,44,24,3,2,183.33,b Cummins,0,24,54.55,0,0
IPL_2024_017,1,PBKS,Sam Curran,28,19,3,0,147.37,b Cummins,0,12,42.86,0,0
IPL_2024_017,1,PBKS,Jitesh Sharma,3,2,0,0,150.0,not out,1,0,0.0,0,0
IPL_2024_017,2,GT,Shubman Gill,53,32,4,2,165.62,run out,0,28,52.83,1,0
IPL_2024_017,2,GT,Wriddhiman Saha,34,24,2,1,141.67,run out,0,14,41.18,0,0
IPL_2024_017,2,GT,Sai Sudharsan,23,17,1,0,135.29,c & b Narine,0,4,17.39,0,0
IPL_2024_017,2,GT,David Miller,36,24,2,0,150.0,lbw b Chahal,0,8,22.22,0,0
IPL_2024_017,2,GT,Azmatullah Omarzai,11,9,0,0,122.22,c Dhoni b Bumrah,0,0,0.0,0,0
IPL_2024_017,2,GT,Rahul Tewatia,18,14,0,1,128.57,c Dhoni b Bumrah,0,6,33.33,0,0
IPL_2024_018,1,MI,Rohit Sharma,19,11,1,0,172.73,lbw b Chahal,0,4,21.05,0,0
IPL_2024_018,1,MI,Ishan Kishan,47,37,1,2,127.03,c Dhoni b Bumrah,0,16,34.04,0,0
IPL_2024_018,1,MI,Suryakumar Yadav,56,36,3,2,155.56,c & b Narine,0,24,42.86,1,0
IPL_2024_018,1,MI,Tilak Varma,33,25,1,2,132.0,run out,0,16,48.48,0,0
IPL_2024_018,1,MI,Hardik Pandya,12,9,1,0,133.33,c & b Narine,0,4,33.33,0,0
IPL_2024_018,1,MI,Tim David,2,2,0,0,100.0,run out,0,0,0.0,0,0
IPL_2024_018,2,LSG,KL Rahul,31,21,2,1,147.62,run out,0,14,45.16,0,0
IPL_2024_018,2,LSG,Quinton de Kock,58,32,2,3,181.25,c Dhoni b Bumrah,0,26,44.83,1,0
IPL_2024_018,2,LSG,Marcus Stoinis,48,28,4,2,171.43,lbw b Chahal,0,28,58.33,0,0
IPL_2024_018,2,LSG,Nicholas Pooran,15,13,1,0,115.38,c & b Narine,0,4,26.67,0,0
IPL_2024_018,2,LSG,Ayush Badoni,43,26,4,1,165.38,not out,1,22,51.16,0,0
IPL_2024_019,1,MI,Rohit Sharma,33,26,3,1,126.92,lbw b Chahal,0,18,54.55,0,0
IPL_2024_019,1,MI,Ishan Kishan,42,29,2,1,144.83,run out,0,14,33.33,0,0
IPL_2024_019,1,MI,Suryakumar Yadav,51,33,1,2,154.55,c & b Narine,0,16,31.37,1,0
IPL_2024_019,1,MI,Tilak Varma,41,27,3,2,151.85,c Dhoni b Bumrah,0,24,58.54,0,0
IPL_2024_019,1,MI,Hardik Pandya,7,5,0,0,140.0,not out,1,0,0.0,0,0
IPL_2024_019,2,GT,Shubman Gill,34,24,3,1,141.67,c & b Narine,0,18,52.94,0,0
IPL_2024_019,2,GT,Wriddhiman Saha,27,17,2,0,158.82,c & b Narine,0,8,29.63,0,0
IPL_2024_019,2,GT,Sai Sudharsan,41,29,4,1,141.38,run out,0,22,53.66,0,0
IPL_2024_019,2,GT,David Miller,58,33,5,3,175.76,c Dhoni b Bumrah,0,38,65.52,1,0
IPL_2024_019,2,GT,Azmatullah Omarzai,29,17,2,1,170.59,c Dhoni b Bumrah,0,14,48.28,0,0
IPL_2024_020,1,PBKS,Shikhar Dhawan,19,15,1,1,126.67,run out,0,10,52.63,0,0
IPL_2024_020,1,PBKS,Jonny Bairstow,19,16,1,1,118.75,c Dhoni b Bumrah,0,10,52.63,0,0
IPL_2024_020,1,PBKS,Prabhsimran Singh,53,30,3,1,176.67,c Dhoni b Bumrah,0,18,33.96,1,0
IPL_2024_020,1,PBKS,Rilee Rossouw,29,16,3,0,181.25,run out,0,12,41.38,0,0
IPL_2024_020,1,PBKS,Sam Curran,50,37,5,1,135.14,b Cummins,0,26,52.0,1,0
IPL_2024_020,1,PBKS,Jitesh Sharma,8,6,0,0,133.33,c & b Narine,0,0,0.0,0,0
IPL_2024_020,2,SRH,Travis Head,42,29,2,2,144.83,lbw b Chahal,0,20,47.62,0,0
IPL_2024_020,2,SRH,Abhishek Sharma,51,32,4,1,159.38,b Cummins,0,22,43.14,1,0
IPL_2024_020,2,SRH,Rahul Tripathi,48,31,3,1,154.84,b Cummins,0,18,37.5,0,0
IPL_2024_020,2,SRH,Aiden Markram,42,28,3,1,150.0,c & b Narine,0,18,42.86,0,0
IPL_2024_021,1,KKR,Phil Salt,26,18,2,1,144.44,b Cummins,0,14,53.85,0,0
IPL_2024_021,1,KKR,Sunil Narine,15,9,1,0,166.67,c & b Narine,0,4,26.67,0,0
IPL_2024_021,1,KKR,Venkatesh Iyer,37,26,1,1,142.31,b Cummins,0,10,27.03,0,0
IPL_2024_021,1,KKR,Shreyas Iyer,29,18,1,1,161.11,lbw b Chahal,0,10,34.48,0,0
IPL_2024_021,1,KKR,Rinku Singh,32,23,3,1,139.13,lbw b Chahal,0,18,56.25,0,0
IPL_2024_021,1,KKR,Andre Russell,31,26,1,1,119.23,not out,1,10,32.26,0,0
IPL_2024_021,2,PBKS,Shikhar Dhawan,34,27,3,1,125.93,c & b Narine,0,18,52.94,0,0
IPL_2024_021,2,PBKS,Jonny Bairstow,45,33,3,2,136.36,b Cummins,0,24,53.33,0,0
IPL_2024_021,2,PBKS,Prabhsimran Singh,12,8,1,0,150.0,c Dhoni b Bumrah,0,4,33.33,0,0
IPL_2024_021,2,PBKS,Rilee Rossouw,43,33,2,1,130.3,lbw b Chahal,0,14,32.56,0,0
IPL_2024_021,2,PBKS,Sam Curran,12,10,0,0,120.0,lbw b Chahal,0,0,0.0,0,0
IPL_2024_021,2,PBKS,Jitesh Sharma,10,9,0,0,111.11,lbw b Chahal,0,0,0.0,0,0
IPL_2024_022,1,MI,Rohit Sharma,14,8,1,0,175.0,c & b Narine,0,4,28.57,0,0
IPL_2024_022,1,MI,Ishan Kishan,39,32,3,1,121.88,run out,0,18,46.15,0,0
IPL_2024_022,1,MI,Suryakumar Yadav,47,31,4,2,151.61,c & b Narine,0,28,59.57,0,0
IPL_2024_022,1,MI,Tilak Varma,13,9,0,0,144.44,b Cummins,0,0,0.0,0,0
IPL_2024_022,1,MI,Hardik Pandya,57,33,3,3,172.73,run out,0,30,52.63,1,0
IPL_2024_022,1,MI,Tim David,11,7,1,0,157.14,not out,1,4,36.36,0,0
IPL_2024_022,2,SRH,Travis Head,32,24,2,1,133.33,c & b Narine,0,14,43.75,0,0
IPL_2024_022,2,SRH,Abhishek Sharma,48,31,3,1,154.84,c Dhoni b Bumrah,0,18,37.5,0,0
IPL_2024_022,2,SRH,Rahul Tripathi,15,11,1,0,136.36,run out,0,4,26.67,0,0
IPL_2024_022,2,SRH,Aiden Markram,36,23,2,2,156.52,c Dhoni b Bumrah,0,20,55.56,0,0
IPL_2024_022,2,SRH,Heinrich Klaasen,39,31,3,1,125.81,c Dhoni b Bumrah,0,18,46.15,0,0
IPL_2024_023,1,SRH,Travis Head,29,21,2,0,138.1,b Cummins,0,8,27.59,0,0
IPL_2024_023,1,SRH,Abhishek Sharma,33,19,1,1,173.68,b Cummins,0,10,30.3,0,0
IPL_2024_023,1,SRH,Rahul Tripathi,28,16,1,1,175.0,lbw b Chahal,0,10,35.71,0,0
IPL_2024_023,1,SRH,Aiden Markram,40,29,3,2,137.93,c Dhoni b Bumrah,0,24,60.0,0,0
IPL_2024_023,1,SRH,Heinrich Klaasen,32,27,2,1,118.52,c & b Narine,0,14,43.75,0,0
IPL_2024_023,1,SRH,Nitish Kumar Reddy,14,8,0,0,175.0,not out,1,0,0.0,0,0
IPL_2024_023,2,MI,Rohit Sharma,33,27,2,1,122.22,c & b Narine,0,14,42.42,0,0
IPL_2024_023,2,MI,Ishan Kishan,9,8,0,0,112.5,b Cummins,0,0,0.0,0,0
IPL_2024_023,2,MI,Suryakumar Yadav,23,14,2,1,164.29,c Dhoni b Bumrah,0,14,60.87,0,0
IPL_2024_023,2,MI,Tilak Varma,50,36,5,2,138.89,lbw b Chahal,0,32,64.0,1,0
IPL_2024_023,2,MI,Hardik Pandya,40,34,2,2,117.65,c & b Narine,0,20,50.0,0,0
IPL_2024_023,2,MI,Tim David,1,1,0,0,100.0,lbw b Chahal,0,0,0.0,0,0
IPL_2024_024,1,MI,Rohit Sharma,52,36,3,2,144.44,b Cummins,0,24,46.15,1,0
IPL_2024_024,1,MI,Ishan Kishan,37,23,1,2,160.87,c & b Narine,0,16,43.24,0,0
IPL_2024_024,1,MI,Suryakumar Yadav,10,8,1,0,125.0,lbw b Chahal,0,4,40.0,0,0
IPL_2024_024,1,MI,Tilak Varma,16,14,1,0,114.29,b Cummins,0,4,25.0,0,0
IPL_2024_024,1,MI,Hardik Pandya,27,19,2,1,142.11,run out,0,14,51.85,0,0
IPL_2024_024,1,MI,Tim David,24,20,1,1,120.0,not out,1,10,41.67,0,0
IPL_2024_024,2,PBKS,Shikhar Dhawan,43,30,1,2,143.33,c & b Narine,0,16,37.21,0,0
IPL_2024_024,2,PBKS,Jonny Bairstow,38,27,2,1,140.74,run out,0,14,36.84,0,0
IPL_2024_024,2,PBKS,Prabhsimran Singh,61,37,2,2,164.86,lbw b Chahal,0,20,32.79,1,0
IPL_2024_024,2,PBKS,Rilee Rossouw,37,23,1,2,160.87,lbw b Chahal,0,16,43.24,0,0
IPL_2024_025,1,RCB,Faf du Plessis,49,38,4,2,128.95,run out,0,28,57.14,0,0
IPL_2024_025,1,RCB,Virat Kohli,38,33,2,2,115.15,lbw b Chahal,0,20,52.63,0,0
IPL_2024_025,1,RCB,Will Jacks,43,32,1,2,134.38,lbw b Chahal,0,16,37.21,0,0
IPL_2024_025,1,RCB,Rajat Patidar,28,17,2,1,164.71,c Dhoni b Bumrah,0,14,50.0,0,0
IPL_2024_025,2,RR,Yashasvi Jaiswal,52,32,4,1,162.5,run out,0,22,42.31,1,0
IPL_2024_025,2,RR,Jos Buttler,38,24,2,1,158.33,b Cummins,0,14,36.84,0,0
IPL_2024_025,2,RR,Sanju Samson,23,18,1,1,127.78,c Dhoni b Bumrah,0,10,43.48,0,0
IPL_2024_025,2,RR,Riyan Parag,29,22,3,0,131.82,lbw b Chahal,0,12,41.38,0,0
IPL_2024_025,2,RR,Dhruv Jurel,34,24,4,0,141.67,b Cummins,0,16,47.06,0,0
IPL_2024_026,1,MI,Rohit Sharma,44,26,3,2,169.23,run out,0,24,54.55,0,0
IPL_2024_026,1,MI,Ishan Kishan,25,21,2,0,119.05,run out,0,8,32.0,0,0
IPL_2024_026,1,MI,Suryakumar Yadav,35,31,2,2,112.9,lbw b Chahal,0,20,57.14,0,0
IPL_2024_026,1,MI,Tilak Varma,24,21,1,0,114.29,c & b Narine,0,4,16.67,0,0
IPL_2024_026,1,MI,Hardik Pandya,24,21,2,1,114.29,b Cummins,0,14,58.33,0,0
IPL_2024_026,2,CSK,Ruturaj Gaikwad,34,24,3,0,141.67,b Cummins,0,12,35.29,0,0
IPL_2024_026,2,CSK,Rachin Ravindra,21,18,0,1,116.67,c & b Narine,0,6,28.57,0,0
IPL_2024_026,2,CSK,Ajinkya Rahane,25,15,2,1,166.67,run out,0,14,56.0,0,0
IPL_2024_026,2,CSK,Daryl Mitchell,17,10,2,0,170.0,c & b Narine,0,8,47.06,0,0
IPL_2024_026,2,CSK,Shivam Dube,51,29,4,2,175.86,c & b Narine,0,28,54.9,1,0
IPL_2024_026,2,CSK,Ravindra Jadeja,11,8,1,0,137.5,c Dhoni b Bumrah,0,4,36.36,0,0
IPL_2024_027,1,PBKS,Shikhar Dhawan,32,20,2,1,160.0,run out,0,14,43.75,0,0
IPL_2024_027,1,PBKS,Jonny Bairstow,14,11,1,0,127.27,c & b Narine,0,4,28.57,0,0
IPL_2024_027,1,PBKS,Prabhsimran Singh,51,38,3,3,134.21,b Cummins,0,30,58.82,1,0
IPL_2024_027,1,PBKS,Rilee Rossouw,53,35,3,2,151.43,b Cummins,0,24,45.28,1,0
IPL_2024_027,1,PBKS,Sam Curran,20,16,1,1,125.0,b Cummins,0,10,50.0,0,0
IPL_2024_027,2,KKR,Phil Salt,18,13,1,0,138.46,c & b Narine,0,4,22.22,0,0
IPL_2024_027,2,KKR,Sunil Narine,53,32,6,1,165.62,lbw b Chahal,0,30,56.6,1,0
IPL_2024_027,2,KKR,Venkatesh Iyer,51,34,3,1,150.0,run out,0,18,35.29,1,0
IPL_2024_027,2,KKR,Shreyas Iyer,62,35,4,2,177.14,c Dhoni b Bumrah,0,28,45.16,1,0
IPL_2024_028,1,RR,Yashasvi Jaiswal,31,20,1,1,155.0,lbw b Chahal,0,10,32.26,0,0
IPL_2024_028,1,RR,Jos Buttler,43,26,3,1,165.38,c & b Narine,0,18,41.86,0,0
IPL_2024_028,1,RR,Sanju Samson,28,17,3,0,164.71,c & b Narine,0,12,42.86,0,0
IPL_2024_028,1,RR,Riyan Parag,17,13,0,1,130.77,b Cummins,0,6,35.29,0,0
IPL_2024_028,1,RR,Dhruv Jurel,51,31,3,2,164.52,c Dhoni b Bumrah,0,24,47.06,1,0
IPL_2024_028,1,RR,Shimron Hetmyer,16,13,1,0,123.08,b Cummins,0,4,25.0,0,0
IPL_2024_028,2,CSK,Ruturaj Gaikwad,67,37,4,2,181.08,c & b Narine,0,28,41.79,1,0
IPL_2024_028,2,CSK,Rachin Ravindra,51,33,4,3,154.55,c Dhoni b Bumrah,0,34,66.67,1,0
IPL_2024_028,2,CSK,Ajinkya Rahane,42,25,1,2,168.0,b Cummins,0,16,38.1,0,0
IPL_2024_028,2,CSK,Daryl Mitchell,40,25,2,2,160.0,c Dhoni b Bumrah,0,20,50.0,0,0
IPL_2024_029,1,MI,Rohit Sharma,23,15,1,1,153.33,c & b Narine,0,10,43.48,0,0
IPL_2024_029,1,MI,Ishan Kishan,36,24,1,1,150.0,b Cummins,0,10,27.78,0,0
IPL_2024_029,1,MI,Suryakumar Yadav,62,35,3,2,177.14,lbw b Chahal,0,24,38.71,1,0
IPL_2024_029,1,MI,Tilak Varma,24,14,2,0,171.43,c Dhoni b Bumrah,0,8,33.33,0,0
IPL_2024_029,1,MI,Hardik Pandya,17,11,0,1,154.55,c & b Narine,0,6,35.29,0,0
IPL_2024_029,1,MI,Tim David,16,13,1,0,123.08,c & b Narine,0,4,25.0,0,0
IPL_2024_029,1,MI,Romario Shepherd,9,8,0,0,112.5,lbw b Chahal,0,0,0.0,0,0
IPL_2024_029,2,SRH,Travis Head,14,11,0,0,127.27,c & b Narine,0,0,0.0,0,0
IPL_2024_029,2,SRH,Abhishek Sharma,31,27,2,1,114.81,lbw b Chahal,0,14,45.16,0,0
IPL_2024_029,2,SRH,Rahul Tripathi,35,22,3,1,159.09,c Dhoni b Bumrah,0,18,51.43,0,0
IPL_2024_029,2,SRH,Aiden Markram,37,27,1,1,137.04,lbw b Chahal,0,10,27.03,0,0
IPL_2024_029,2,SRH,Heinrich Klaasen,48,32,5,1,150.0,c Dhoni b Bumrah,0,26,54.17,0,0
IPL_2024_029,2,SRH,Nitish Kumar Reddy,1,1,0,0,100.0,not out,1,0,0.0,0,0
IPL_2024_030,1,CSK,Ruturaj Gaikwad,51,34,2,3,150.0,c & b Narine,0,26,50.98,1,0
IPL_2024_030,1,CSK,Rachin Ravindra,16,9,1,0,177.78,run out,0,4,25.0,0,0
IPL_2024_030,1,CSK,Ajinkya Rahane,12,8,1,0,150.0,c Dhoni b Bumrah,0,4,33.33,0,0
IPL_2024_030,1,CSK,Daryl Mitchell,17,10,2,0,170.0,c Dhoni b Bumrah,0,8,47.06,0,0
IPL_2024_030,1,CSK,Shivam Dube,23,17,1,1,135.29,lbw b Chahal,0,10,43.48,0,0
IPL_2024_030,1,CSK,Ravindra Jadeja,26,20,2,0,130.0,c Dhoni b Bumrah,0,8,30.77,0,0
IPL_2024_030,1,CSK,MS Dhoni,27,22,2,1,122.73,b Cummins,0,14,51.85,0,0
IPL_2024_030,2,RR,Yashasvi Jaiswal,13,12,0,0,108.33,lbw b Chahal,0,0,0.0,0,0
IPL_2024_030,2,RR,Jos Buttler,36,20,2,1,180.0,run out,0,14,38.89,0,0
IPL_2024_030,2,RR,Sanju Samson,44,26,3,2,169.23,run out,0,24,54.55,0,0
IPL_2024_030,2,RR,Riyan Parag,49,28,3,3,175.0,c & b Narine,0,30,61.22,0,0
IPL_2024_030,2,RR,Dhruv Jurel,16,14,1,0,114.29,lbw b Chahal,0,4,25.0,0,0
IPL_2024_030,2,RR,Shimron Hetmyer,32,20,2,1,160.0,c & b Narine,0,14,43.75,0,0
IPL_2024_031,1,RR,Yashasvi Jaiswal,11,9,1,0,122.22,c & b Narine,0,4,36.36,0,0
IPL_2024_031,1,RR,Jos Buttler,47,38,1,3,123.68,run out,0,22,46.81,0,0
IPL_2024_031,1,RR,Sanju Samson,46,35,1,2,131.43,lbw b Chahal,0,16,34.78,0,0
IPL_2024_031,1,RR,Riyan Parag,33,23,3,1,143.48,c & b Narine,0,18,54.55,0,0
IPL_2024_031,1,RR,Dhruv Jurel,17,11,1,0,154.55,run out,0,4,23.53,0,0
IPL_2024_031,1,RR,Shimron Hetmyer,7,4,0,0,175.0,not out,1,0,0.0,0,0
IPL_2024_031,2,LSG,KL Rahul,41,32,2,2,128.12,run out,0,20,48.78,0,0
IPL_2024_031,2,LSG,Quinton de Kock,38,28,3,1,135.71,run out,0,18,47.37,0,0
IPL_2024_031,2,LSG,Marcus Stoinis,32,19,3,1,168.42,b Cummins,0,18,56.25,0,0
IPL_2024_031,2,LSG,Nicholas Pooran,49,27,3,2,181.48,b Cummins,0,24,48.98,0,0
IPL_2024_031,2,LSG,Ayush Badoni,24,14,2,1,171.43,run out,0,14,58.33,0,0
IPL_2024_032,1,KKR,Phil Salt,40,25,4,1,160.0,run out,0,22,55.0,0,0
IPL_2024_032,1,KKR,Sunil Narine,48,30,3,1,160.0,c Dhoni b Bumrah,0,18,37.5,0,0
IPL_2024_032,1,KKR,Venkatesh Iyer,50,29,3,1,172.41,c Dhoni b Bumrah,0,18,36.0,1,0
IPL_2024_032,1,KKR,Shreyas Iyer,59,33,6,1,178.79,run out,0,30,50.85,1,0
IPL_2024_032,1,KKR,Rinku Singh,5,3,0,0,166.67,c & b Narine,0,0,0.0,0,0
IPL_2024_032,2,RR,Yashasvi Jaiswal,12,10,0,0,120.0,lbw b Chahal,0,0,0.0,0,0
IPL_2024_032,2,RR,Jos Buttler,55,33,3,2,166.67,c & b Narine,0,24,43.64,1,0
IPL_2024_032,2,RR,Sanju Samson,42,32,4,1,131.25,run out,0,22,52.38,0,0
IPL_2024_032,2,RR,Riyan Parag,10,9,1,0,111.11,b Cummins,0,4,40.0,0,0
IPL_2024_032,2,RR,Dhruv Jurel,14,11,1,0,127.27,c Dhoni b Bumrah,0,4,28.57,0,0
IPL_2024_032,2,RR,Shimron Hetmyer,14,12,1,0,116.67,c & b Narine,0,4,28.57,0,0
IPL_2024_032,2,RR,Rovman Powell,20,13,2,0,153.85,c Dhoni b Bumrah,0,8,40.0,0,0
IPL_2024_033,1,MI,Rohit Sharma,23,16,1,1,143.75,b Cummins,0,10,43.48,0,0
IPL_2024_033,1,MI,Ishan Kishan,19,13,1,1,146.15,c & b Narine,0,10,52.63,0,0
IPL_2024_033,1,MI,Suryakumar Yadav,48,27,3,1,177.78,run out,0,18,37.5,0,0
IPL_2024_033,1,MI,Tilak Varma,44,29,4,1,151.72,b Cummins,0,22,50.0,0,0
IPL_2024_033,1,MI,Hardik Pandya,51,32,4,1,159.38,c & b Narine,0,22,43.14,1,0
IPL_2024_033,1,MI,Tim David,4,3,0,0,133.33,not out,1,0,0.0,0,0
IPL_2024_033,2,PBKS,Shikhar Dhawan,52,29,3,2,179.31,run out,0,24,46.15,1,0
IPL_2024_033,2,PBKS,Jonny Bairstow,49,28,2,1,175.0,run out,0,14,28.57,0,0
IPL_2024_033,2,PBKS,Prabhsimran Singh,36,22,1,2,163.64,lbw b Chahal,0,16,44.44,0,0
IPL_2024_033,2,PBKS,Rilee Rossouw,18,11,1,0,163.64,b Cummins,0,4,22.22,0,0
IPL_2024_033,2,PBKS,Sam Curran,21,13,1,1,161.54,run out,0,10,47.62,0,0
IPL_2024_033,2,PBKS,Jitesh Sharma,24,17,1,1,141.18,b Cummins,0,10,41.67,0,0
IPL_2024_034,1,RR,Yashasvi Jaiswal,19,16,2,0,118.75,lbw b Chahal,0,8,42.11,0,0
IPL_2024_034,1,RR,Jos Buttler,32,23,3,1,139.13,b Cummins,0,18,56.25,0,0
IPL_2024_034,1,RR,Sanju Samson,30,26,3,1,115.38,c & b Narine,0,18,60.0,0,0
IPL_2024_034,1,RR,Riyan Parag,15,11,1,0,136.36,run out,0,4,26.67,0,0
IPL_2024_034,1,RR,Dhruv Jurel,12,9,1,0,133.33,lbw b Chahal,0,4,33.33,0,0
IPL_2024_034,1,RR,Shimron Hetmyer,31,20,3,1,155.0,c Dhoni b Bumrah,0,18,58.06,0,0
IPL_2024_034,1,RR,Rovman Powell,22,15,2,0,146.67,c & b Narine,0,8,36.36,0,0
IPL_2024_034,2,KKR,Phil Salt,30,21,2,1,142.86,b Cummins,0,14,46.67,0,0
IPL_2024_034,2,KKR,Sunil Narine,32,19,3,0,168.42,b Cummins,0,12,37.5,0,0
IPL_2024_034,2,KKR,Venkatesh Iyer,18,15,2,0,120.0,lbw b Chahal,0,8,44.44,0,0
IPL_2024_034,2,KKR,Shreyas Iyer,30,24,3,1,125.0,c Dhoni b Bumrah,0,18,60.0,0,0
IPL_2024_034,2,KKR,Rinku Singh,19,16,0,1,118.75,c Dhoni b Bumrah,0,6,31.58,0,0
IPL_2024_034,2,KKR,Andre Russell,25,22,0,1,113.64,run out,0,6,24.0,0,0
IPL_2024_034,2,KKR,Ramandeep Singh,4,3,0,0,133.33,not out,1,0,0.0,0,0
IPL_2024_035,1,CSK,Ruturaj Gaikwad,40,29,2,2,137.93,c Dhoni b Bumrah,0,20,50.0,0,0
IPL_2024_035,1,CSK,Rachin Ravindra,21,16,0,1,131.25,run out,0,6,28.57,0,0
IPL_2024_035,1,CSK,Ajinkya Rahane,30,20,2,1,150.0,c Dhoni b Bumrah,0,14,46.67,0,0
IPL_2024_035,1,CSK,Daryl Mitchell,11,8,1,0,137.5,run out,0,4,36.36,0,0
IPL_2024_035,1,CSK,Shivam Dube,59,34,3,3,173.53,c Dhoni b Bumrah,0,30,50.85,1,0
IPL_2024_035,1,CSK,Ravindra Jadeja,23,13,1,0,176.92,b Cummins,0,4,17.39,0,0
IPL_2024_035,2,PBKS,Shikhar Dhawan,42,29,2,2,144.83,c Dhoni b Bumrah,0,20,47.62,0,0
IPL_2024_035,2,PBKS,Jonny Bairstow,47,36,5,1,130.56,c & b Narine,0,26,55.32,0,0
IPL_2024_035,2,PBKS,Prabhsimran Singh,16,11,1,0,145.45,c & b Narine,0,4,25.0,0,0
IPL_2024_035,2,PBKS,Rilee Rossouw,33,26,3,0,126.92,c Dhoni b Bumrah,0,12,36.36,0,0
IPL_2024_035,2,PBKS,Sam Curran,22,18,1,1,122.22,not out,1,10,45.45,0,0
IPL_2024_036,1,GT,Shubman Gill,46,28,2,2,164.29,c & b Narine,0,20,43.48,0,0
IPL_2024_036,1,GT,Wriddhiman Saha,26,15,2,1,173.33,c Dhoni b Bumrah,0,14,53.85,0,0
IPL_2024_036,1,GT,Sai Sudharsan,63,35,2,2,180.0,run out,0,20,31.75,1,0
IPL_2024_036,1,GT,David Miller,42,36,4,1,116.67,run out,0,22,52.38,0,0
IPL_2024_036,1,GT,Azmatullah Omarzai,10,6,0,0,166.67,not out,1,0,0.0,0,0
IPL_2024_036,2,PBKS,Shikhar Dhawan,42,28,2,1,150.0,c & b Narine,0,14,33.33,0,0
IPL_2024_036,2,PBKS,Jonny Bairstow,47,29,5,1,162.07,lbw b Chahal,0,26,55.32,0,0
IPL_2024_036,2,PBKS,Prabhsimran Singh,48,28,2,2,171.43,c & b Narine,0,20,41.67,0,0
IPL_2024_036,2,PBKS,Rilee Rossouw,32,27,2,0,118.52,b Cummins,0,8,25.0,0,0
IPL_2024_036,2,PBKS,Sam Curran,13,8,1,0,162.5,run out,0,4,30.77,0,0
IPL_2024_037,1,SRH,Travis Head,20,12,1,0,166.67,run out,0,4,20.0,0,0
IPL_2024_037,1,SRH,Abhishek Sharma,52,29,4,3,179.31,c & b Narine,0,34,65.38,1,0
IPL_2024_037,1,SRH,Rahul Tripathi,13,10,1,0,130.0,c & b Narine,0,4,30.77,0,0
IPL_2024_037,1,SRH,Aiden Markram,32,26,3,0,123.08,lbw b Chahal,0,12,37.5,0,0
IPL_2024_037,1,SRH,Heinrich Klaasen,33,24,1,1,137.5,c Dhoni b Bumrah,0,10,30.3,0,0
IPL_2024_037,1,SRH,Nitish Kumar Reddy,24,14,1,0,171.43,run out,0,4,16.67,0,0
IPL_2024_037,1,SRH,Abdul Samad,5,5,0,0,100.0,not out,1,0,0.0,0,0
IPL_2024_037,2,RR,Yashasvi Jaiswal,41,24,3,2,170.83,lbw b Chahal,0,24,58.54,0,0
IPL_2024_037,2,RR,Jos Buttler,61,36,3,3,169.44,run out,0,30,49.18,1,0
IPL_2024_037,2,RR,Sanju Samson,61,34,5,2,179.41,run out,0,32,52.46,1,0
IPL_2024_037,2,RR,Riyan Parag,45,26,2,2,173.08,c Dhoni b Bumrah,0,20,44.44,0,0
IPL_2024_038,1,KKR,Phil Salt,33,20,2,1,165.0,c Dhoni b Bumrah,0,14,42.42,0,0
IPL_2024_038,1,KKR,Sunil Narine,16,14,1,0,114.29,b Cummins,0,4,25.0,0,0
IPL_2024_038,1,KKR,Venkatesh Iyer,22,17,0,1,129.41,run out,0,6,27.27,0,0
IPL_2024_038,1,KKR,Shreyas Iyer,40,25,3,2,160.0,b Cummins,0,24,60.0,0,0
IPL_2024_038,1,KKR,Rinku Singh,34,25,1,2,136.0,c Dhoni b Bumrah,0,16,47.06,0,0
IPL_2024_038,1,KKR,Andre Russell,30,19,3,1,157.89,lbw b Chahal,0,18,60.0,0,0
IPL_2024_038,2,PBKS,Shikhar Dhawan,36,22,2,0,163.64,c & b Narine,0,8,22.22,0,0
IPL_2024_038,2,PBKS,Jonny Bairstow,43,35,4,1,122.86,lbw b Chahal,0,22,51.16,0,0
IPL_2024_038,2,PBKS,Prabhsimran Singh,20,13,1,0,153.85,c & b Narine,0,4,20.0,0,0
IPL_2024_038,2,PBKS,Rilee Rossouw,28,18,2,0,155.56,lbw b Chahal,0,8,28.57,0,0
IPL_2024_038,2,PBKS,Sam Curran,21,12,2,0,175.0,b Cummins,0,8,38.1,0,0
IPL_2024_038,2,PBKS,Jitesh Sharma,24,20,1,1,120.0,c & b Narine,0,10,41.67,0,0
IPL_2024_039,1,MI,Rohit Sharma,35,28,3,1,125.0,lbw b Chahal,0,18,51.43,0,0
IPL_2024_039,1,MI,Ishan Kishan,21,13,1,0,161.54,c Dhoni b Bumrah,0,4,19.05,0,0
IPL_2024_039,1,MI,Suryakumar Yadav,39,24,3,2,162.5,c Dhoni b Bumrah,0,24,61.54,0,0
IPL_2024_039,1,MI,Tilak Varma,52,34,1,3,152.94,c Dhoni b Bumrah,0,22,42.31,1,0
IPL_2024_039,1,MI,Hardik Pandya,27,21,3,0,128.57,not out,1,12,44.44,0,0
IPL_2024_039,2,DC,David Warner,37,28,3,1,132.14,b Cummins,0,18,48.65,0,0
IPL_2024_039,2,DC,Prithvi Shaw,54,38,2,3,142.11,c & b Narine,0,26,48.15,1,0
IPL_2024_039,2,DC,Jake Fraser-McGurk,42,36,3,1,116.67,c & b Narine,0,18,42.86,0,0
IPL_2024_039,2,DC,Rishabh Pant,27,18,2,1,150.0,c & b Narine,0,14,51.85,0,0
IPL_2024_040,1,RCB,Faf du Plessis,23,14,0,1,164.29,c Dhoni b Bumrah,0,6,26.09,0,0
IPL_2024_040,1,RCB,Virat Kohli,27,18,2,1,150.0,b Cummins,0,14,51.85,0,0
IPL_2024_040,1,RCB,Will Jacks,53,29,2,3,182.76,c Dhoni b Bumrah,0,26,49.06,1,0
IPL_2024_040,1,RCB,Rajat Patidar,36,25,2,1,144.0,lbw b Chahal,0,14,38.89,0,0
IPL_2024_040,1,RCB,Glenn Maxwell,31,21,2,1,147.62,c & b Narine,0,14,45.16,0,0
IPL_2024_040,1,RCB,Cameron Green,23,13,2,0,176.92,c & b Narine,0,8,34.78,0,0
IPL_2024_040,2,LSG,KL Rahul,19,16,1,0,118.75,c Dhoni b Bumrah,0,4,21.05,0,0
IPL_2024_040,2,LSG,Quinton de Kock,44,27,2,1,162.96,run out,0,14,31.82,0,0
IPL_2024_040,2,LSG,Marcus Stoinis,24,15,1,1,160.0,c Dhoni b Bumrah,0,10,41.67,0,0
IPL_2024_040,2,LSG,Nicholas Pooran,22,17,1,1,129.41,lbw b Chahal,0,10,45.45,0,0
IPL_2024_040,2,LSG,Ayush Badoni,58,35,2,3,165.71,lbw b Chahal,0,26,44.83,1,0
IPL_2024_040,2,LSG,Deepak Hooda,12,10,1,0,120.0,lbw b Chahal,0,4,33.33,0,0
IPL_2024_041,1,PBKS,Shikhar Dhawan,39,31,3,1,125.81,lbw b Chahal,0,18,46.15,0,0
IPL_2024_041,1,PBKS,Jonny Bairstow,42,33,2,2,127.27,c Dhoni b Bumrah,0,20,47.62,0,0
IPL_2024_041,1,PBKS,Prabhsimran Singh,15,12,0,0,125.0,b Cummins,0,0,0.0,0,0
IPL_2024_041,1,PBKS,Rilee Rossouw,49,35,4,2,140.0,c Dhoni b Bumrah,0,28,57.14,0,0
IPL_2024_041,1,PBKS,Sam Curran,16,9,2,0,177.78,not out,1,8,50.0,0,0
IPL_2024_041,2,LSG,KL Rahul,37,28,1,2,132.14,b Cummins,0,16,43.24,0,0
IPL_2024_041,2,LSG,Quinton de Kock,57,36,3,1,158.33,run out,0,18,31.58,1,0
IPL_2024_041,2,LSG,Marcus Stoinis,29,23,1,1,126.09,lbw b Chahal,0,10,34.48,0,0
IPL_2024_041,2,LSG,Nicholas Pooran,12,8,0,0,150.0,b Cummins,0,0,0.0,0,0
IPL_2024_041,2,LSG,Ayush Badoni,23,14,1,0,164.29,c & b Narine,0,4,17.39,0,0
IPL_2024_041,2,LSG,Deepak Hooda,16,9,1,0,177.78,not out,1,4,25.0,0,0
IPL_2024_042,1,MI,Rohit Sharma,67,37,5,3,181.08,c & b Narine,0,38,56.72,1,0
IPL_2024_042,1,MI,Ishan Kishan,26,17,2,1,152.94,b Cummins,0,14,53.85,0,0
IPL_2024_042,1,MI,Suryakumar Yadav,19,13,2,0,146.15,run out,0,8,42.11,0,0
IPL_2024_042,1,MI,Tilak Varma,46,30,4,2,153.33,c Dhoni b Bumrah,0,28,60.87,0,0
IPL_2024_042,1,MI,Hardik Pandya,37,23,2,1,160.87,b Cummins,0,14,37.84,0,0
IPL_2024_042,2,DC,David Warner,26,19,2,1,136.84,c & b Narine,0,14,53.85,0,0
IPL_2024_042,2,DC,Prithvi Shaw,24,19,1,0,126.32,lbw b Chahal,0,4,16.67,0,0
IPL_2024_042,2,DC,Jake Fraser-McGurk,48,38,3,2,126.32,c Dhoni b Bumrah,0,24,50.0,0,0
IPL_2024_042,2,DC,Rishabh Pant,34,29,1,1,117.24,c Dhoni b Bumrah,0,10,29.41,0,0
IPL_2024_042,2,DC,Tristan Stubbs,23,15,1,0,153.33,lbw b Chahal,0,4,17.39,0,0
IPL_2024_043,1,DC,David Warner,16,10,1,0,160.0,lbw b Chahal,0,4,25.0,0,0
IPL_2024_043,1,DC,Prithvi Shaw,19,14,2,0,135.71,b Cummins,0,8,42.11,0,0
IPL_2024_043,1,DC,Jake Fraser-McGurk,60,37,6,2,162.16,run out,0,36,60.0,1,0
IPL_2024_043,1,DC,Rishabh Pant,32,26,2,1,123.08,run out,0,14,43.75,0,0
IPL_2024_043,1,DC,Tristan Stubbs,14,8,0,0,175.0,run out,0,0,0.0,0,0
IPL_2024_043,1,DC,Axar Patel,14,10,1,0,140.0,c Dhoni b Bumrah,0,4,28.57,0,0
IPL_2024_043,1,DC,Abishek Porel,19,15,1,0,126.67,not out,1,4,21.05,0,0
IPL_2024_043,2,GT,Shubman Gill,21,18,2,1,116.67,c Dhoni b Bumrah,0,14,66.67,0,0
IPL_2024_043,2,GT,Wriddhiman Saha,52,29,3,2,179.31,run out,0,24,46.15,1,0
IPL_2024_043,2,GT,Sai Sudharsan,66,38,5,2,173.68,c Dhoni b Bumrah,0,32,48.48,1,0
IPL_2024_043,2,GT,David Miller,16,10,1,0,160.0,b Cummins,0,4,25.0,0,0
IPL_2024_043,2,GT,Azmatullah Omarzai,19,12,0,1,158.33,c Dhoni b Bumrah,0,6,31.58,0,0
IPL_2024_043,2,GT,Rahul Tewatia,17,12,1,0,141.67,b Cummins,0,4,23.53,0,0
IPL_2024_044,1,RR,Yashasvi Jaiswal,12,8,0,0,150.0,c & b Narine,0,0,0.0,0,0
IPL_2024_044,1,RR,Jos Buttler,10,8,0,0,125.0,lbw b Chahal,0,0,0.0,0,0
IPL_2024_044,1,RR,Sanju Samson,31,26,1,1,119.23,run out,0,10,32.26,0,0
IPL_2024_044,1,RR,Riyan Parag,17,10,1,0,170.0,run out,0,4,23.53,0,0
IPL_2024_044,1,RR,Dhruv Jurel,32,25,1,0,128.0,b Cummins,0,4,12.5,0,0
IPL_2024_044,1,RR,Shimron Hetmyer,49,30,4,2,163.33,lbw b Chahal,0,28,57.14,0,0
IPL_2024_044,1,RR,Rovman Powell,19,13,2,0,146.15,not out,1,8,42.11,0,0
IPL_2024_044,2,DC,David Warner,39,33,3,1,118.18,run out,0,18,46.15,0,0
IPL_2024_044,2,DC,Prithvi Shaw,29,23,1,1,126.09,c & b Narine,0,10,34.48,0,0
IPL_2024_044,2,DC,Jake Fraser-McGurk,29,25,1,1,116.0,c Dhoni b Bumrah,0,10,34.48,0,0
IPL_2024_044,2,DC,Rishabh Pant,46,32,2,1,143.75,c & b Narine,0,14,30.43,0,0
IPL_2024_044,2,DC,Tristan Stubbs,8,7,0,0,114.29,lbw b Chahal,0,0,0.0,0,0
IPL_2024_045,1,KKR,Phil Salt,42,36,4,2,116.67,b Cummins,0,28,66.67,0,0
IPL_2024_045,1,KKR,Sunil Narine,31,26,2,1,119.23,b Cummins,0,14,45.16,0,0
IPL_2024_045,1,KKR,Venkatesh Iyer,21,18,1,0,116.67,run out,0,4,19.05,0,0
IPL_2024_045,1,KKR,Shreyas Iyer,25,20,1,1,125.0,c Dhoni b Bumrah,0,10,40.0,0,0
IPL_2024_045,1,KKR,Rinku Singh,24,20,1,0,120.0,c & b Narine,0,4,16.67,0,0
IPL_2024_045,2,PBKS,Shikhar Dhawan,19,15,0,1,126.67,lbw b Chahal,0,6,31.58,0,0
IPL_2024_045,2,PBKS,Jonny Bairstow,44,34,2,1,129.41,c & b Narine,0,14,31.82,0,0
IPL_2024_045,2,PBKS,Prabhsimran Singh,31,24,1,1,129.17,lbw b Chahal,0,10,32.26,0,0
IPL_2024_045,2,PBKS,Rilee Rossouw,48,33,3,1,145.45,c Dhoni b Bumrah,0,18,37.5,0,0
IPL_2024_045,2,PBKS,Sam Curran,18,14,2,0,128.57,b Cummins,0,8,44.44,0,0
IPL_2024_046,1,CSK,Ruturaj Gaikwad,23,14,2,0,164.29,lbw b Chahal,0,8,34.78,0,0
IPL_2024_046,1,CSK,Rachin Ravindra,12,10,1,0,120.0,c Dhoni b Bumrah,0,4,33.33,0,0
IPL_2024_046,1,CSK,Ajinkya Rahane,34,25,2,1,136.0,c Dhoni b Bumrah,0,14,41.18,0,0
IPL_2024_046,1,CSK,Daryl Mitchell,16,11,0,0,145.45,c & b Narine,0,0,0.0,0,0
IPL_2024_046,1,CSK,Shivam Dube,39,29,2,1,134.48,run out,0,14,35.9,0,0
IPL_2024_046,1,CSK,Ravindra Jadeja,15,10,1,0,150.0,b Cummins,0,4,26.67,0,0
IPL_2024_046,1,CSK,MS Dhoni,23,14,1,1,164.29,c Dhoni b Bumrah,0,10,43.48,0,0
IPL_2024_046,1,CSK,Mitchell Santner,11,7,0,0,157.14,not out,1,0,0.0,0,0
IPL_2024_046,2,MI,Rohit Sharma,43,35,4,1,122.86,lbw b Chahal,0,22,51.16,0,0
IPL_2024_046,2,MI,Ishan Kishan,47,26,4,1,180.77,lbw b Chahal,0,22,46.81,0,0
IPL_2024_046,2,MI,Suryakumar Yadav,21,12,2,0,175.0,run out,0,8,38.1,0,0
IPL_2024_046,2,MI,Tilak Varma,12,8,0,0,150.0,lbw b Chahal,0,0,0.0,0,0
IPL_2024_046,2,MI,Hardik Pandya,20,15,2,0,133.33,b Cummins,0,8,40.0,0,0
IPL_2024_046,2,MI,Tim David,36,24,3,1,150.0,not out,1,18,50.0,0,0
IPL_2024_047,1,KKR,Phil Salt,57,36,3,3,158.33,c Dhoni b Bumrah,0,30,52.63,1,0
IPL_2024_047,1,KKR,Sunil Narine,62,36,3,1,172.22,c Dhoni b Bumrah,0,18,29.03,1,0
IPL_2024_047,1,KKR,Venkatesh Iyer,28,16,1,1,175.0,lbw b Chahal,0,10,35.71,0,0
IPL_2024_047,1,KKR,Shreyas Iyer,36,24,3,0,150.0,run out,0,12,33.33,0,0
IPL_2024_047,1,KKR,Rinku Singh,10,8,1,0,125.0,run out,0,4,40.0,0,0
IPL_2024_047,2,DC,David Warner,17,14,1,0,121.43,c Dhoni b Bumrah,0,4,23.53,0,0
IPL_2024_047,2,DC,Prithvi Shaw,30,25,1,1,120.0,c Dhoni b Bumrah,0,10,33.33,0,0
IPL_2024_047,2,DC,Jake Fraser-McGurk,16,11,1,0,145.45,run out,0,4,25.0,0,0
IPL_2024_047,2,DC,Rishabh Pant,32,23,2,2,139.13,c & b Narine,0,20,62.5,0,0
IPL_2024_047,2,DC,Tristan Stubbs,33,19,2,1,173.68,b Cummins,0,14,42.42,0,0
IPL_2024_047,2,DC,Axar Patel,35,28,3,1,125.0,not out,1,18,51.43,0,0
IPL_2024_048,1,RCB,Faf du Plessis,32,24,3,1,133.33,c Dhoni b Bumrah,0,18,56.25,0,0
IPL_2024_048,1,RCB,Virat Kohli,32,22,1,1,145.45,c Dhoni b Bumrah,0,10,31.25,0,0
IPL_2024_048,1,RCB,Will Jacks,30,18,1,1,166.67,c Dhoni b Bumrah,0,10,33.33,0,0
IPL_2024_048,1,RCB,Rajat Patidar,39,29,4,1,134.48,run out,0,22,56.41,0,0
IPL_2024_048,1,RCB,Glenn Maxwell,12,10,0,0,120.0,b Cummins,0,0,0.0,0,0
IPL_2024_048,1,RCB,Cameron Green,26,17,3,0,152.94,c Dhoni b Bumrah,0,12,46.15,0,0
IPL_2024_048,2,GT,Shubman Gill,22,15,2,0,146.67,run out,0,8,36.36,0,0
IPL_2024_048,2,GT,Wriddhiman Saha,30,21,1,1,142.86,b Cummins,0,10,33.33,0,0
IPL_2024_048,2,GT,Sai Sudharsan,15,9,0,0,166.67,lbw b Chahal,0,0,0.0,0,0
IPL_2024_048,2,GT,David Miller,46,25,5,1,184.0,lbw b Chahal,0,26,56.52,0,0
IPL_2024_048,2,GT,Azmatullah Omarzai,38,33,2,2,115.15,b Cummins,0,20,52.63,0,0
IPL_2024_048,2,GT,Rahul Tewatia,27,17,1,1,158.82,not out,1,10,37.04,0,0
IPL_2024_049,1,RCB,Faf du Plessis,24,16,1,1,150.0,b Cummins,0,10,41.67,0,0
IPL_2024_049,1,RCB,Virat Kohli,45,35,1,2,128.57,c Dhoni b Bumrah,0,16,35.56,0,0
IPL_2024_049,1,RCB,Will Jacks,30,23,1,1,130.43,c & b Narine,0,10,33.33,0,0
IPL_2024_049,1,RCB,Rajat Patidar,43,35,2,1,122.86,run out,0,14,32.56,0,0
IPL_2024_049,1,RCB,Glenn Maxwell,17,11,2,0,154.55,not out,1,8,47.06,0,0
IPL_2024_049,2,RR,Yashasvi Jaiswal,38,27,1,2,140.74,b Cummins,0,16,42.11,0,0
IPL_2024_049,2,RR,Jos Buttler,42,23,3,2,182.61,lbw b Chahal,0,24,57.14,0,0
IPL_2024_049,2,RR,Sanju Samson,35,25,1,1,140.0,lbw b Chahal,0,10,28.57,0,0
IPL_2024_049,2,RR,Riyan Parag,27,15,2,1,180.0,b Cummins,0,14,51.85,0,0
IPL_2024_049,2,RR,Dhruv Jurel,46,30,3,2,153.33,b Cummins,0,24,52.17,0,0
IPL_2024_050,1,SRH,Travis Head,35,26,1,1,134.62,lbw b Chahal,0,10,28.57,0,0
IPL_2024_050,1,SRH,Abhishek Sharma,60,33,3,2,181.82,c Dhoni b Bumrah,0,24,40.0,1,0
IPL_2024_050,1,SRH,Rahul Tripathi,12,9,0,0,133.33,lbw b Chahal,0,0,0.0,0,0
IPL_2024_050,1,SRH,Aiden Markram,45,35,4,2,128.57,c & b Narine,0,28,62.22,0,0
IPL_2024_050,1,SRH,Heinrich Klaasen,23,17,1,1,135.29,c Dhoni b Bumrah,0,10,43.48,0,0
IPL_2024_050,2,LSG,KL Rahul,30,20,1,1,150.0,c & b Narine,0,10,33.33,0,0
IPL_2024_050,2,LSG,Quinton de Kock,38,24,3,1,158.33,run out,0,18,47.37,0,0
IPL_2024_050,2,LSG,Marcus Stoinis,60,35,2,3,171.43,lbw b Chahal,0,26,43.33,1,0
IPL_2024_050,2,LSG,Nicholas Pooran,33,27,1,2,122.22,lbw b Chahal,0,16,48.48,0,0
IPL_2024_050,2,LSG,Ayush Badoni,20,14,1,1,142.86,run out,0,10,50.0,0,0
IPL_2024_051,1,RR,Yashasvi Jaiswal,31,18,2,2,172.22,run out,0,20,64.52,0,0
IPL_2024_051,1,RR,Jos Buttler,47,31,2,1,151.61,c & b Narine,0,14,29.79,0,0
IPL_2024_051,1,RR,Sanju Samson,16,11,0,0,145.45,lbw b Chahal,0,0,0.0,0,0
IPL_2024_051,1,RR,Riyan Parag,62,37,4,3,167.57,b Cummins,0,34,54.84,1,0
IPL_2024_051,1,RR,Dhruv Jurel,32,23,3,1,139.13,c & b Narine,0,18,56.25,0,0
IPL_2024_051,2,CSK,Ruturaj Gaikwad,47,31,3,2,151.61,b Cummins,0,24,51.06,0,0
IPL_2024_051,2,CSK,Rachin Ravindra,44,30,1,2,146.67,c & b Narine,0,16,36.36,0,0
IPL_2024_051,2,CSK,Ajinkya Rahane,20,17,2,0,117.65,c Dhoni b Bumrah,0,8,40.0,0,0
IPL_2024_051,2,CSK,Daryl Mitchell,24,19,2,1,126.32,c & b Narine,0,14,58.33,0,0
IPL_2024_051,2,CSK,Shivam Dube,39,23,2,2,169.57,lbw b Chahal,0,20,51.28,0,0
IPL_2024_052,1,PBKS,Shikhar Dhawan,41,35,2,2,117.14,c & b Narine,0,20,48.78,0,0
IPL_2024_052,1,PBKS,Jonny Bairstow,14,9,0,0,155.56,lbw b Chahal,0,0,0.0,0,0
IPL_2024_052,1,PBKS,Prabhsimran Singh,21,14,2,0,150.0,c Dhoni b Bumrah,0,8,38.1,0,0
IPL_2024_052,1,PBKS,Rilee Rossouw,27,19,1,1,142.11,c & b Narine,0,10,37.04,0,0
IPL_2024_052,1,PBKS,Sam Curran,28,19,2,1,147.37,c & b Narine,0,14,50.0,0,0
IPL_2024_052,1,PBKS,Jitesh Sharma,41,24,2,1,170.83,b Cummins,0,14,34.15,0,0
IPL_2024_052,2,SRH,Travis Head,52,31,2,1,167.74,lbw b Chahal,0,14,26.92,1,0
IPL_2024_052,2,SRH,Abhishek Sharma,29,19,2,1,152.63,c Dhoni b Bumrah,0,14,48.28,0,0
IPL_2024_052,2,SRH,Rahul Tripathi,48,36,2,2,133.33,run out,0,20,41.67,0,0
IPL_2024_052,2,SRH,Aiden Markram,46,28,2,1,164.29,c Dhoni b Bumrah,0,14,30.43,0,0
IPL_2024_053,1,RCB,Faf du Plessis,27,17,2,1,158.82,run out,0,14,51.85,0,0
IPL_2024_053,1,RCB,Virat Kohli,10,8,0,0,125.0,run out,0,0,0.0,0,0
IPL_2024_053,1,RCB,Will Jacks,46,33,4,2,139.39,c Dhoni b Bumrah,0,28,60.87,0,0
IPL_2024_053,1,RCB,Rajat Patidar,43,32,2,2,134.38,run out,0,20,46.51,0,0
IPL_2024_053,1,RCB,Glenn Maxwell,35,30,3,1,116.67,not out,1,18,51.43,0,0
IPL_2024_053,2,RR,Yashasvi Jaiswal,13,11,0,0,118.18,lbw b Chahal,0,0,0.0,0,0
IPL_2024_053,2,RR,Jos Buttler,27,21,1,1,128.57,run out,0,10,37.04,0,0
IPL_2024_053,2,RR,Sanju Samson,22,18,1,1,122.22,run out,0,10,45.45,0,0
IPL_2024_053,2,RR,Riyan Parag,59,38,2,3,155.26,c Dhoni b Bumrah,0,26,44.07,1,0
IPL_2024_053,2,RR,Dhruv Jurel,31,23,2,1,134.78,run out,0,14,45.16,0,0
IPL_2024_053,2,RR,Shimron Hetmyer,14,9,1,0,155.56,c & b Narine,0,4,28.57,0,0
IPL_2024_054,1,PBKS,Shikhar Dhawan,40,33,2,1,121.21,b Cummins,0,14,35.0,0,0
IPL_2024_054,1,PBKS,Jonny Bairstow,37,24,2,2,154.17,b Cummins,0,20,54.05,0,0
IPL_2024_054,1,PBKS,Prabhsimran Singh,40,34,3,2,117.65,c & b Narine,0,24,60.0,0,0
IPL_2024_054,1,PBKS,Rilee Rossouw,20,16,2,0,125.0,c & b Narine,0,8,40.0,0,0
IPL_2024_054,1,PBKS,Sam Curran,23,13,2,0,176.92,not out,1,8,34.78,0,0
IPL_2024_054,2,DC,David Warner,55,33,4,3,166.67,c & b Narine,0,34,61.82,1,0
IPL_2024_054,2,DC,Prithvi Shaw,15,12,1,0,125.0,c Dhoni b Bumrah,0,4,26.67,0,0
IPL_2024_054,2,DC,Jake Fraser-McGurk,41,29,3,2,141.38,c Dhoni b Bumrah,0,24,58.54,0,0
IPL_2024_054,2,DC,Rishabh Pant,14,10,0,0,140.0,lbw b Chahal,0,0,0.0,0,0
IPL_2024_054,2,DC,Tristan Stubbs,53,31,5,1,170.97,c & b Narine,0,26,49.06,1,0
IPL_2024_055,1,MI,Rohit Sharma,48,26,1,2,184.62,c & b Narine,0,16,33.33,0,0
IPL_2024_055,1,MI,Ishan Kishan,18,15,0,0,120.0,c & b Narine,0,0,0.0,0,0
IPL_2024_055,1,MI,Suryakumar Yadav,32,26,2,1,123.08,c & b Narine,0,14,43.75,0,0
IPL_2024_055,1,MI,Tilak Varma,30,19,2,1,157.89,c Dhoni b Bumrah,0,14,46.67,0,0
IPL_2024_055,1,MI,Hardik Pandya,30,26,2,1,115.38,run out,0,14,46.67,0,0
IPL_2024_055,1,MI,Tim David,10,8,1,0,125.0,run out,0,4,40.0,0,0
IPL_2024_055,2,PBKS,Shikhar Dhawan,24,17,1,1,141.18,lbw b Chahal,0,10,41.67,0,0
IPL_2024_055,2,PBKS,Jonny Bairstow,34,29,1,1,117.24,run out,0,10,29.41,0,0
IPL_2024_055,2,PBKS,Prabhsimran Singh,25,15,2,0,166.67,c & b Narine,0,8,32.0,0,0
IPL_2024_055,2,PBKS,Rilee Rossouw,51,34,5,2,150.0,lbw b Chahal,0,32,62.75,1,0
IPL_2024_055,2,PBKS,Sam Curran,13,11,1,0,118.18,lbw b Chahal,0,4,30.77,0,0
IPL_2024_055,2,PBKS,Jitesh Sharma,22,14,2,0,157.14,run out,0,8,36.36,0,0
IPL_2024_056,1,KKR,Phil Salt,32,21,2,1,152.38,b Cummins,0,14,43.75,0,0
IPL_2024_056,1,KKR,Sunil Narine,50,31,3,2,161.29,c & b Narine,0,24,48.0,1,0
IPL_2024_056,1,KKR,Venkatesh Iyer,44,32,3,2,137.5,run out,0,24,54.55,0,0
IPL_2024_056,1,KKR,Shreyas Iyer,29,22,1,1,131.82,run out,0,10,34.48,0,0
IPL_2024_056,1,KKR,Rinku Singh,25,14,2,0,178.57,not out,1,8,32.0,0,0
IPL_2024_056,2,CSK,Ruturaj Gaikwad,25,17,1,1,147.06,run out,0,10,40.0,0,0
IPL_2024_056,2,CSK,Rachin Ravindra,45,36,3,2,125.0,run out,0,24,53.33,0,0
IPL_2024_056,2,CSK,Ajinkya Rahane,32,22,1,1,145.45,lbw b Chahal,0,10,31.25,0,0
IPL_2024_056,2,CSK,Daryl Mitchell,55,38,4,2,144.74,lbw b Chahal,0,28,50.91,1,0
IPL_2024_056,2,CSK,Shivam Dube,8,7,0,0,114.29,not out,1,0,0.0,0,0
IPL_2024_057,1,RR,Yashasvi Jaiswal,26,19,3,0,136.84,b Cummins,0,12,46.15,0,0
IPL_2024_057,1,RR,Jos Buttler,44,26,3,2,169.23,b Cummins,0,24,54.55,0,0
IPL_2024_057,1,RR,Sanju Samson,25,19,2,1,131.58,b Cummins,0,14,56.0,0,0
IPL_2024_057,1,RR,Riyan Parag,13,8,1,0,162.5,c & b Narine,0,4,30.77,0,0
IPL_2024_057,1,RR,Dhruv Jurel,48,38,3,2,126.32,lbw b Chahal,0,24,50.0,0,0
IPL_2024_057,1,RR,Shimron Hetmyer,12,10,1,0,120.0,not out,1,4,33.33,0,0
IPL_2024_057,2,KKR,Phil Salt,44,27,3,2,162.96,c Dhoni b Bumrah,0,24,54.55,0,0
IPL_2024_057,2,KKR,Sunil Narine,42,34,3,1,123.53,c & b Narine,0,18,42.86,0,0
IPL_2024_057,2,KKR,Venkatesh Iyer,29,17,2,1,170.59,c Dhoni b Bumrah,0,14,48.28,0,0
IPL_2024_057,2,KKR,Shreyas Iyer,13,10,0,0,130.0,lbw b Chahal,0,0,0.0,0,0
IPL_2024_057,2,KKR,Rinku Singh,32,28,3,1,114.29,c Dhoni b Bumrah,0,18,56.25,0,0
IPL_2024_057,2,KKR,Andre Russell,6,4,0,0,150.0,not out,1,0,0.0,0,0
IPL_2024_058,1,CSK,Ruturaj Gaikwad,32,26,3,0,123.08,b Cummins,0,12,37.5,0,0
IPL_2024_058,1,CSK,Rachin Ravindra,53,31,4,2,170.97,run out,0,28,52.83,1,0
IPL_2024_058,1,CSK,Ajinkya Rahane,23,16,1,1,143.75,b Cummins,0,10,43.48,0,0
IPL_2024_058,1,CSK,Daryl Mitchell,32,20,1,1,160.0,c Dhoni b Bumrah,0,10,31.25,0,0
IPL_2024_058,1,CSK,Shivam Dube,15,10,0,0,150.0,c Dhoni b Bumrah,0,0,0.0,0,0
IPL_2024_058,1,CSK,Ravindra Jadeja,21,17,2,0,123.53,not out,1,8,38.1,0,0
IPL_2024_058,2,RR,Yashasvi Jaiswal,38,24,2,1,158.33,c & b Narine,0,14,36.84,0,0
IPL_2024_058,2,RR,Jos Buttler,15,9,1,0,166.67,c & b Narine,0,4,26.67,0,0
IPL_2024_058,2,RR,Sanju Samson,22,16,1,1,137.5,lbw b Chahal,0,10,45.45,0,0
IPL_2024_058,2,RR,Riyan Parag,60,36,2,2,166.67,run out,0,20,33.33,1,0
IPL_2024_058,2,RR,Dhruv Jurel,12,10,1,0,120.0,lbw b Chahal,0,4,33.33,0,0
IPL_2024_058,2,RR,Shimron Hetmyer,40,25,3,1,160.0,not out,1,18,45.0,0,0
IPL_2024_059,1,KKR,Phil Salt,42,34,2,1,123.53,b Cummins,0,14,33.33,0,0
IPL_2024_059,1,KKR,Sunil Narine,28,24,2,1,116.67,b Cummins,0,14,50.0,0,0
IPL_2024_059,1,KKR,Venkatesh Iyer,31,21,2,1,147.62,lbw b Chahal,0,14,45.16,0,0
IPL_2024_059,1,KKR,Shreyas Iyer,36,27,2,1,133.33,run out,0,14,38.89,0,0
IPL_2024_059,1,KKR,Rinku Singh,23,14,2,0,164.29,run out,0,8,34.78,0,0
IPL_2024_059,2,RCB,Faf du Plessis,12,10,0,0,120.0,run out,0,0,0.0,0,0
IPL_2024_059,2,RCB,Virat Kohli,48,36,3,1,133.33,run out,0,18,37.5,0,0
IPL_2024_059,2,RCB,Will Jacks,68,38,4,2,178.95,lbw b Chahal,0,28,41.18,1,0
IPL_2024_059,2,RCB,Rajat Patidar,52,30,4,1,173.33,c & b Narine,0,22,42.31,1,0
IPL_2024_060,1,MI,Rohit Sharma,34,28,3,1,121.43,run out,0,18,52.94,0,0
IPL_2024_060,1,MI,Ishan Kishan,15,9,1,0,166.67,c & b Narine,0,4,26.67,0,0
IPL_2024_060,1,MI,Suryakumar Yadav,44,26,3,2,169.23,b Cummins,0,24,54.55,0,0
IPL_2024_060,1,MI,Tilak Varma,19,15,1,0,126.67,lbw b Chahal,0,4,21.05,0,0
IPL_2024_060,1,MI,Hardik Pandya,21,14,1,1,150.0,b Cummins,0,10,47.62,0,0
IPL_2024_060,1,MI,Tim David,16,13,0,1,123.08,c & b Narine,0,6,37.5,0,0
IPL_2024_060,1,MI,Romario Shepherd,24,15,1,1,160.0,not out,1,10,41.67,0,0
IPL_2024_060,2,LSG,KL Rahul,25,21,2,1,119.05,b Cummins,0,14,56.0,0,0
IPL_2024_060,2,LSG,Quinton de Kock,34,19,1,2,178.95,run out,0,16,47.06,0,0
IPL_2024_060,2,LSG,Marcus Stoinis,45,37,3,1,121.62,c & b Narine,0,18,40.0,0,0
IPL_2024_060,2,LSG,Nicholas Pooran,38,30,2,2,126.67,c Dhoni b Bumrah,0,20,52.63,0,0
IPL_2024_060,2,LSG,Ayush Badoni,22,13,2,0,169.23,c Dhoni b Bumrah,0,8,36.36,0,0
IPL_2024_061,1,RCB,Faf du Plessis,34,20,3,1,170.0,c Dhoni b Bumrah,0,18,52.94,0,0
IPL_2024_061,1,RCB,Virat Kohli,12,9,1,0,133.33,b Cummins,0,4,33.33,0,0
IPL_2024_061,1,RCB,Will Jacks,42,31,2,2,135.48,b Cummins,0,20,47.62,0,0
IPL_2024_061,1,RCB,Rajat Patidar,23,13,1,1,176.92,b Cummins,0,10,43.48,0,0
IPL_2024_061,1,RCB,Glenn Maxwell,37,26,3,1,142.31,b Cummins,0,18,48.65,0,0
IPL_2024_061,1,RCB,Cameron Green,36,21,3,1,171.43,not out,1,18,50.0,0,0
IPL_2024_061,2,PBKS,Shikhar Dhawan,40,34,2,2,117.65,b Cummins,0,20,50.0,0,0
IPL_2024_061,2,PBKS,Jonny Bairstow,31,25,2,1,124.0,c & b Narine,0,14,45.16,0,0
IPL_2024_061,2,PBKS,Prabhsimran Singh,16,12,1,0,133.33,c & b Narine,0,4,25.0,0,0
IPL_2024_061,2,PBKS,Rilee Rossouw,38,30,1,2,126.67,run out,0,16,42.11,0,0
IPL_2024_061,2,PBKS,Sam Curran,21,19,1,1,110.53,lbw b Chahal,0,10,47.62,0,0
IPL_2024_062,1,PBKS,Shikhar Dhawan,40,30,2,2,133.33,lbw b Chahal,0,20,50.0,0,0
IPL_2024_062,1,PBKS,Jonny Bairstow,63,36,7,1,175.0,run out,0,34,53.97,1,0
IPL_2024_062,1,PBKS,Prabhsimran Singh,42,26,3,2,161.54,b Cummins,0,24,57.14,0,0
IPL_2024_062,1,PBKS,Rilee Rossouw,26,21,1,0,123.81,b Cummins,0,4,15.38,0,0
IPL_2024_062,1,PBKS,Sam Curran,8,7,0,0,114.29,lbw b Chahal,0,0,0.0,0,0
IPL_2024_062,2,GT,Shubman Gill,14,10,1,0,140.0,run out,0,4,28.57,0,0
IPL_2024_062,2,GT,Wriddhiman Saha,28,24,2,1,116.67,lbw b Chahal,0,14,50.0,0,0
IPL_2024_062,2,GT,Sai Sudharsan,28,19,2,0,147.37,c & b Narine,0,8,28.57,0,0
IPL_2024_062,2,GT,David Miller,24,15,1,1,160.0,b Cummins,0,10,41.67,0,0
IPL_2024_062,2,GT,Azmatullah Omarzai,46,28,3,2,164.29,b Cummins,0,24,52.17,0,0
IPL_2024_062,2,GT,Rahul Tewatia,34,24,3,1,141.67,c Dhoni b Bumrah,0,18,52.94,0,0
IPL_2024_063,1,GT,Shubman Gill,46,30,4,2,153.33,run out,0,28,60.87,0,0
IPL_2024_063,1,GT,Wriddhiman Saha,61,35,2,2,174.29,lbw b Chahal,0,20,32.79,1,0
IPL_2024_063,1,GT,Sai Sudharsan,26,21,1,1,123.81,lbw b Chahal,0,10,38.46,0,0
IPL_2024_063,1,GT,David Miller,36,30,2,1,120.0,run out,0,14,38.89,0,0
IPL_2024_063,1,GT,Azmatullah Omarzai,6,4,0,0,150.0,not out,1,0,0.0,0,0
IPL_2024_063,2,CSK,Ruturaj Gaikwad,27,17,2,1,158.82,run out,0,14,51.85,0,0
IPL_2024_063,2,CSK,Rachin Ravindra,41,23,4,1,178.26,b Cummins,0,22,53.66,0,0
IPL_2024_063,2,CSK,Ajinkya Rahane,46,30,5,1,153.33,b Cummins,0,26,56.52,0,0
IPL_2024_063,2,CSK,Daryl Mitchell,26,23,2,0,113.04,lbw b Chahal,0,8,30.77,0,0
IPL_2024_063,2,CSK,Shivam Dube,32,27,3,1,118.52,c Dhoni b Bumrah,0,18,56.25,0,0
IPL_2024_064,1,KKR,Phil Salt,44,26,3,1,169.23,lbw b Chahal,0,18,40.91,0,0
IPL_2024_064,1,KKR,Sunil Narine,30,17,2,1,176.47,lbw b Chahal,0,14,46.67,0,0
IPL_2024_064,1,KKR,Venkatesh Iyer,25,18,1,0,138.89,b Cummins,0,4,16.0,0,0
IPL_2024_064,1,KKR,Shreyas Iyer,44,28,4,2,157.14,b Cummins,0,28,63.64,0,0
IPL_2024_064,1,KKR,Rinku Singh,18,11,0,1,163.64,run out,0,6,33.33,0,0
IPL_2024_064,1,KKR,Andre Russell,23,20,1,1,115.0,not out,1,10,43.48,0,0
IPL_2024_064,2,LSG,KL Rahul,41,28,3,2,146.43,c Dhoni b Bumrah,0,24,58.54,0,0
IPL_2024_064,2,LSG,Quinton de Kock,27,17,2,1,158.82,lbw b Chahal,0,14,51.85,0,0
IPL_2024_064,2,LSG,Marcus Stoinis,32,28,3,1,114.29,lbw b Chahal,0,18,56.25,0,0
IPL_2024_064,2,LSG,Nicholas Pooran,47,35,2,2,134.29,c Dhoni b Bumrah,0,20,42.55,0,0
IPL_2024_064,2,LSG,Ayush Badoni,15,12,1,0,125.0,b Cummins,0,4,26.67,0,0
IPL_2024_065,1,RR,Yashasvi Jaiswal,27,16,2,0,168.75,b Cummins,0,8,29.63,0,0
IPL_2024_065,1,RR,Jos Buttler,66,36,2,3,183.33,b Cummins,0,26,39.39,1,0
IPL_2024_065,1,RR,Sanju Samson,20,15,2,0,133.33,lbw b Chahal,0,8,40.0,0,0
IPL_2024_065,1,RR,Riyan Parag,38,33,4,1,115.15,lbw b Chahal,0,22,57.89,0,0
IPL_2024_065,1,RR,Dhruv Jurel,25,20,2,1,125.0,c & b Narine,0,14,56.0,0,0
IPL_2024_065,2,DC,David Warner,45,26,3,1,173.08,c & b Narine,0,18,40.0,0,0
IPL_2024_065,2,DC,Prithvi Shaw,67,37,5,1,181.08,run out,0,26,38.81,1,0
IPL_2024_065,2,DC,Jake Fraser-McGurk,14,12,1,0,116.67,lbw b Chahal,0,4,28.57,0,0
IPL_2024_065,2,DC,Rishabh Pant,27,20,3,0,135.0,c & b Narine,0,12,44.44,0,0
IPL_2024_065,2,DC,Tristan Stubbs,18,14,1,0,128.57,b Cummins,0,4,22.22,0,0
IPL_2024_065,2,DC,Axar Patel,16,10,0,0,160.0,lbw b Chahal,0,0,0.0,0,0
IPL_2024_066,1,RCB,Faf du Plessis,35,27,2,1,129.63,run out,0,14,40.0,0,0
IPL_2024_066,1,RCB,Virat Kohli,21,18,1,1,116.67,c & b Narine,0,10,47.62,0,0
IPL_2024_066,1,RCB,Will Jacks,21,17,1,0,123.53,c Dhoni b Bumrah,0,4,19.05,0,0
IPL_2024_066,1,RCB,Rajat Patidar,59,33,4,2,178.79,c & b Narine,0,28,47.46,1,0
IPL_2024_066,1,RCB,Glenn Maxwell,42,25,3,2,168.0,c & b Narine,0,24,57.14,0,0
IPL_2024_066,2,DC,David Warner,49,35,5,1,140.0,b Cummins,0,26,53.06,0,0
IPL_2024_066,2,DC,Prithvi Shaw,25,16,2,0,156.25,run out,0,8,32.0,0,0
IPL_2024_066,2,DC,Jake Fraser-McGurk,35,20,1,2,175.0,b Cummins,0,16,45.71,0,0
IPL_2024_066,2,DC,Rishabh Pant,19,14,0,1,135.71,b Cummins,0,6,31.58,0,0
IPL_2024_066,2,DC,Tristan Stubbs,41,25,4,1,164.0,c & b Narine,0,22,53.66,0,0
IPL_2024_066,2,DC,Axar Patel,13,10,1,0,130.0,not out,1,4,30.77,0,0
IPL_2024_067,1,MI,Rohit Sharma,40,22,3,2,181.82,run out,0,24,60.0,0,0
IPL_2024_067,1,MI,Ishan Kishan,20,15,0,1,133.33,b Cummins,0,6,30.0,0,0
IPL_2024_067,1,MI,Suryakumar Yadav,31,17,2,1,182.35,b Cummins,0,14,45.16,0,0
IPL_2024_067,1,MI,Tilak Varma,54,33,3,2,163.64,c Dhoni b Bumrah,0,24,44.44,1,0
IPL_2024_067,1,MI,Hardik Pandya,28,19,1,1,147.37,b Cummins,0,10,35.71,0,0
IPL_2024_067,1,MI,Tim David,25,14,2,1,178.57,not out,1,14,56.0,0,0
IPL_2024_067,2,LSG,KL Rahul,53,33,4,3,160.61,b Cummins,0,34,64.15,1,0
IPL_2024_067,2,LSG,Quinton de Kock,22,18,1,0,122.22,c Dhoni b Bumrah,0,4,18.18,0,0
IPL_2024_067,2,LSG,Marcus Stoinis,32,21,2,1,152.38,c Dhoni b Bumrah,0,14,43.75,0,0
IPL_2024_067,2,LSG,Nicholas Pooran,32,24,3,0,133.33,lbw b Chahal,0,12,37.5,0,0
IPL_2024_067,2,LSG,Ayush Badoni,33,24,3,1,137.5,c & b Narine,0,18,54.55,0,0
IPL_2024_068,1,KKR,Phil Salt,25,21,1,1,119.05,run out,0,10,40.0,0,0
IPL_2024_068,1,KKR,Sunil Narine,16,9,0,1,177.78,c & b Narine,0,6,37.5,0,0
IPL_2024_068,1,KKR,Venkatesh Iyer,24,20,3,0,120.0,b Cummins,0,12,50.0,0,0
IPL_2024_068,1,KKR,Shreyas Iyer,33,29,1,2,113.79,c Dhoni b Bumrah,0,16,48.48,0,0
IPL_2024_068,1,KKR,Rinku Singh,37,27,3,1,137.04,lbw b Chahal,0,18,48.65,0,0
IPL_2024_068,1,KKR,Andre Russell,24,14,1,0,171.43,not out,1,4,16.67,0,0
IPL_2024_068,2,LSG,KL Rahul,39,33,4,1,118.18,run out,0,22,56.41,0,0
IPL_2024_068,2,LSG,Quinton de Kock,44,25,3,2,176.0,b Cummins,0,24,54.55,0,0
IPL_2024_068,2,LSG,Marcus Stoinis,42,34,4,1,123.53,c Dhoni b Bumrah,0,22,52.38,0,0
IPL_2024_068,2,LSG,Nicholas Pooran,19,16,1,0,118.75,c & b Narine,0,4,21.05,0,0
IPL_2024_068,2,LSG,Ayush Badoni,18,11,1,0,163.64,c & b Narine,0,4,22.22,0,0
IPL_2024_069,1,RR,Yashasvi Jaiswal,35,20,1,2,175.0,lbw b Chahal,0,16,45.71,0,0
IPL_2024_069,1,RR,Jos Buttler,21,16,1,0,131.25,run out,0,4,19.05,0,0
IPL_2024_069,1,RR,Sanju Samson,35,19,2,1,184.21,lbw b Chahal,0,14,40.0,0,0
IPL_2024_069,1,RR,Riyan Parag,25,21,2,1,119.05,run out,0,14,56.0,0,0
IPL_2024_069,1,RR,Dhruv Jurel,51,30,3,2,170.0,lbw b Chahal,0,24,47.06,1,0
IPL_2024_069,1,RR,Shimron Hetmyer,22,14,2,0,157.14,not out,1,8,36.36,0,0
IPL_2024_069,2,LSG,KL Rahul,27,24,1,1,112.5,c & b Narine,0,10,37.04,0,0
IPL_2024_069,2,LSG,Quinton de Kock,23,13,3,0,176.92,lbw b Chahal,0,12,52.17,0,0
IPL_2024_069,2,LSG,Marcus Stoinis,24,14,2,0,171.43,run out,0,8,33.33,0,0
IPL_2024_069,2,LSG,Nicholas Pooran,45,34,2,2,132.35,c Dhoni b Bumrah,0,20,44.44,0,0
IPL_2024_069,2,LSG,Ayush Badoni,29,22,1,0,131.82,b Cummins,0,4,13.79,0,0
IPL_2024_069,2,LSG,Deepak Hooda,23,13,1,1,176.92,c Dhoni b Bumrah,0,10,43.48,0,0
IPL_2024_070,1,RR,Yashasvi Jaiswal,41,35,3,1,117.14,b Cummins,0,18,43.9,0,0
IPL_2024_070,1,RR,Jos Buttler,25,18,1,0,138.89,c & b Narine,0,4,16.0,0,0
IPL_2024_070,1,RR,Sanju Samson,15,12,1,0,125.0,c & b Narine,0,4,26.67,0,0
IPL_2024_070,1,RR,Riyan Parag,10,9,1,0,111.11,run out,0,4,40.0,0,0
IPL_2024_070,1,RR,Dhruv Jurel,48,31,2,1,154.84,lbw b Chahal,0,14,29.17,0,0
IPL_2024_070,1,RR,Shimron Hetmyer,21,12,1,1,175.0,c Dhoni b Bumrah,0,10,47.62,0,0
IPL_2024_070,1,RR,Rovman Powell,4,3,0,0,133.33,not out,1,0,0.0,0,0
IPL_2024_070,2,LSG,KL Rahul,13,11,1,0,118.18,lbw b Chahal,0,4,30.77,0,0
IPL_2024_070,2,LSG,Quinton de Kock,52,35,2,2,148.57,lbw b Chahal,0,20,38.46,1,0
IPL_2024_070,2,LSG,Marcus Stoinis,37,24,1,1,154.17,run out,0,10,27.03,0,0
IPL_2024_070,2,LSG,Nicholas Pooran,55,36,3,2,152.78,run out,0,24,43.64,1,0
IPL_2024_070,2,LSG,Ayush Badoni,18,14,1,0,128.57,run out,0,4,22.22,0,0
IPL_2024_071,1,KKR,Phil Salt,40,31,3,2,129.03,b Cummins,0,24,60.0,0,0
IPL_2024_071,1,KKR,Sunil Narine,13,11,0,0,118.18,b Cummins,0,0,0.0,0,0
IPL_2024_071,1,KKR,Venkatesh Iyer,36,25,2,2,144.0,run out,0,20,55.56,0,0
IPL_2024_071,1,KKR,Shreyas Iyer,24,19,2,0,126.32,lbw b Chahal,0,8,33.33,0,0
IPL_2024_071,1,KKR,Rinku Singh,39,34,4,1,114.71,c & b Narine,0,22,56.41,0,0
IPL_2024_071,2,LSG,KL Rahul,33,23,3,1,143.48,c Dhoni b Bumrah,0,18,54.55,0,0
IPL_2024_071,2,LSG,Quinton de Kock,15,11,0,0,136.36,c Dhoni b Bumrah,0,0,0.0,0,0
IPL_2024_071,2,LSG,Marcus Stoinis,55,33,3,2,166.67,lbw b Chahal,0,24,43.64,1,0
IPL_2024_071,2,LSG,Nicholas Pooran,63,36,5,3,175.0,lbw b Chahal,0,38,60.32,1,0
IPL_2024_072,1,KKR,Phil Salt,20,11,2,0,181.82,run out,0,8,40.0,0,0
IPL_2024_072,1,KKR,Sunil Narine,16,10,0,1,160.0,c & b Narine,0,6,37.5,0,0
IPL_2024_072,1,KKR,Venkatesh Iyer,19,13,2,0,146.15,lbw b Chahal,0,8,42.11,0,0
IPL_2024_072,1,KKR,Shreyas Iyer,33,28,2,2,117.86,c & b Narine,0,20,60.61,0,0
IPL_2024_072,1,KKR,Rinku Singh,22,13,1,1,169.23,c Dhoni b Bumrah,0,10,45.45,0,0
IPL_2024_072,1,KKR,Andre Russell,60,45,4,3,133.33,not out,1,34,56.67,1,0
IPL_2024_072,2,SRH,Travis Head,18,14,1,0,128.57,run out,0,4,22.22,0,0
IPL_2024_072,2,SRH,Abhishek Sharma,26,21,1,0,123.81,c & b Narine,0,4,15.38,0,0
IPL_2024_072,2,SRH,Rahul Tripathi,37,25,1,2,148.0,b Cummins,0,16,43.24,0,0
IPL_2024_072,2,SRH,Aiden Markram,40,24,2,1,166.67,b Cummins,0,14,35.0,0,0
IPL_2024_072,2,SRH,Heinrich Klaasen,10,8,0,0,125.0,run out,0,0,0.0,0,0
IPL_2024_072,2,SRH,Nitish Kumar Reddy,49,28,3,3,175.0,c & b Narine,0,30,61.22,0,0
IPL_2024_073,1,GT,Shubman Gill,18,12,1,0,150.0,b Cummins,0,4,22.22,0,0
IPL_2024_073,1,GT,Wriddhiman Saha,31,26,1,1,119.23,run out,0,10,32.26,0,0
IPL_2024_073,1,GT,Sai Sudharsan,12,9,0,0,133.33,b Cummins,0,0,0.0,0,0
IPL_2024_073,1,GT,David Miller,13,9,0,0,144.44,lbw b Chahal,0,0,0.0,0,0
IPL_2024_073,1,GT,Azmatullah Omarzai,52,35,2,2,148.57,c Dhoni b Bumrah,0,20,38.46,1,0
IPL_2024_073,1,GT,Rahul Tewatia,45,29,3,2,155.17,not out,1,24,53.33,0,0
IPL_2024_073,2,SRH,Travis Head,44,25,4,2,176.0,c Dhoni b Bumrah,0,28,63.64,0,0
IPL_2024_073,2,SRH,Abhishek Sharma,17,15,1,0,113.33,c Dhoni b Bumrah,0,4,23.53,0,0
IPL_2024_073,2,SRH,Rahul Tripathi,12,10,1,0,120.0,c Dhoni b Bumrah,0,4,33.33,0,0
IPL_2024_073,2,SRH,Aiden Markram,20,15,1,1,133.33,c Dhoni b Bumrah,0,10,50.0,0,0
IPL_2024_073,2,SRH,Heinrich Klaasen,43,30,2,2,143.33,run out,0,20,46.51,0,0
IPL_2024_073,2,SRH,Nitish Kumar Reddy,27,16,2,1,168.75,run out,0,14,51.85,0,0
IPL_2024_073,2,SRH,Abdul Samad,12,9,1,0,133.33,run out,0,4,33.33,0,0
IPL_2024_074,1,DC,David Warner,21,12,2,0,175.0,c & b Narine,0,8,38.1,0,0
IPL_2024_074,1,DC,Prithvi Shaw,11,8,1,0,137.5,b Cummins,0,4,36.36,0,0
IPL_2024_074,1,DC,Jake Fraser-McGurk,24,21,1,0,114.29,b Cummins,0,4,16.67,0,0
IPL_2024_074,1,DC,Rishabh Pant,44,37,3,2,118.92,lbw b Chahal,0,24,54.55,0,0
IPL_2024_074,1,DC,Tristan Stubbs,19,16,0,1,118.75,c & b Narine,0,6,31.58,0,0
IPL_2024_074,1,DC,Axar Patel,14,12,1,0,116.67,run out,0,4,28.57,0,0
IPL_2024_074,1,DC,Abishek Porel,22,14,1,1,157.14,not out,1,10,45.45,0,0
IPL_2024_074,2,KKR,Phil Salt,38,26,1,2,146.15,c Dhoni b Bumrah,0,16,42.11,0,0
IPL_2024_074,2,KKR,Sunil Narine,41,23,2,2,178.26,run out,0,20,48.78,0,0
IPL_2024_074,2,KKR,Venkatesh Iyer,50,32,4,1,156.25,run out,0,22,44.0,1,0
IPL_2024_074,2,KKR,Shreyas Iyer,65,37,3,1,175.68,c & b Narine,0,18,27.69,1,0
IPL_2025_001,1,CSK,Ruturaj Gaikwad,37,27,2,0,137.04,c & b Narine,0,8,21.62,0,0
IPL_2025_001,1,CSK,Rachin Ravindra,21,18,0,1,116.67,b Cummins,0,6,28.57,0,0
IPL_2025_001,1,CSK,Ajinkya Rahane,24,15,1,1,160.0,lbw b Chahal,0,10,41.67,0,0
IPL_2025_001,1,CSK,Daryl Mitchell,40,25,3,1,160.0,b Cummins,0,18,45.0,0,0
IPL_2025_001,1,CSK,Shivam Dube,24,19,1,0,126.32,b Cummins,0,4,16.67,0,0
IPL_2025_001,1,CSK,Ravindra Jadeja,21,16,1,0,131.25,not out,1,4,19.05,0,0
IPL_2025_001,2,MI,Rohit Sharma,31,24,2,1,129.17,c & b Narine,0,14,45.16,0,0
IPL_2025_001,2,MI,Ishan Kishan,37,25,2,1,148.0,run out,0,14,37.84,0,0
IPL_2025_001,2,MI,Suryakumar Yadav,36,30,4,1,120.0,lbw b Chahal,0,22,61.11,0,0
IPL_2025_001,2,MI,Tilak Varma,27,17,2,1,158.82,run out,0,14,51.85,0,0
IPL_2025_001,2,MI,Hardik Pandya,23,18,1,1,127.78,b Cummins,0,10,43.48,0,0
IPL_2025_001,2,MI,Tim David,7,6,0,0,116.67,b Cummins,0,0,0.0,0,0
IPL_2025_002,1,KKR,Phil Salt,17,14,2,0,121.43,c Dhoni b Bumrah,0,8,47.06,0,0
IPL_2025_002,1,KKR,Sunil Narine,44,32,3,1,137.5,b Cummins,0,18,40.91,0,0
IPL_2025_002,1,KKR,Venkatesh Iyer,34,24,2,1,141.67,c & b Narine,0,14,41.18,0,0
IPL_2025_002,1,KKR,Shreyas Iyer,11,8,0,0,137.5,lbw b Chahal,0,0,0.0,0,0
IPL_2025_002,1,KKR,Rinku Singh,12,8,0,0,150.0,c Dhoni b Bumrah,0,0,0.0,0,0
IPL_2025_002,1,KKR,Andre Russell,23,15,2,0,153.33,c & b Narine,0,8,34.78,0,0
IPL_2025_002,1,KKR,Ramandeep Singh,26,19,2,0,136.84,b Cummins,0,8,30.77,0,0
IPL_2025_002,2,MI,Rohit Sharma,13,11,0,0,118.18,b Cummins,0,0,0.0,0,0
IPL_2025_002,2,MI,Ishan Kishan,63,35,5,3,180.0,b Cummins,0,38,60.32,1,0
IPL_2025_002,2,MI,Suryakumar Yadav,18,13,1,0,138.46,lbw b Chahal,0,4,22.22,0,0
IPL_2025_002,2,MI,Tilak Varma,12,9,0,0,133.33,lbw b Chahal,0,0,0.0,0,0
IPL_2025_002,2,MI,Hardik Pandya,56,37,2,3,151.35,c Dhoni b Bumrah,0,26,46.43,1,0
IPL_2025_002,2,MI,Tim David,26,15,2,1,173.33,b Cummins,0,14,53.85,0,0
IPL_2025_003,1,RR,Yashasvi Jaiswal,21,16,1,1,131.25,c & b Narine,0,10,47.62,0,0
IPL_2025_003,1,RR,Jos Buttler,15,13,1,0,115.38,c Dhoni b Bumrah,0,4,26.67,0,0
IPL_2025_003,1,RR,Sanju Samson,38,27,4,1,140.74,c & b Narine,0,22,57.89,0,0
IPL_2025_003,1,RR,Riyan Parag,33,22,3,1,150.0,c & b Narine,0,18,54.55,0,0
IPL_2025_003,1,RR,Dhruv Jurel,34,30,2,1,113.33,lbw b Chahal,0,14,41.18,0,0
IPL_2025_003,1,RR,Shimron Hetmyer,20,12,1,1,166.67,not out,1,10,50.0,0,0
IPL_2025_003,2,SRH,Travis Head,25,14,1,1,178.57,c & b Narine,0,10,40.0,0,0
IPL_2025_003,2,SRH,Abhishek Sharma,18,14,1,0,128.57,lbw b Chahal,0,4,22.22,0,0
IPL_2025_003,2,SRH,Rahul Tripathi,13,10,1,0,130.0,lbw b Chahal,0,4,30.77,0,0
IPL_2025_003,2,SRH,Aiden Markram,20,15,1,0,133.33,b Cummins,0,4,20.0,0,0
IPL_2025_003,2,SRH,Heinrich Klaasen,44,28,4,1,157.14,run out,0,22,50.0,0,0
IPL_2025_003,2,SRH,Nitish Kumar Reddy,28,17,1,0,164.71,lbw b Chahal,0,4,14.29,0,0
IPL_2025_003,2,SRH,Abdul Samad,31,22,2,1,140.91,not out,1,14,45.16,0,0
IPL_2025_004,1,DC,David Warner,65,38,5,3,171.05,c Dhoni b Bumrah,0,38,58.46,1,0
IPL_2025_004,1,DC,Prithvi Shaw,44,37,3,1,118.92,b Cummins,0,18,40.91,0,0
IPL_2025_004,1,DC,Jake Fraser-McGurk,50,30,4,2,166.67,lbw b Chahal,0,28,56.0,1,0
IPL_2025_004,1,DC,Rishabh Pant,18,15,1,0,120.0,lbw b Chahal,0,4,22.22,0,0
IPL_2025_004,2,MI,Rohit Sharma,47,34,3,1,138.24,b Cummins,0,18,38.3,0,0
IPL_2025_004,2,MI,Ishan Kishan,24,15,3,0,160.0,lbw b Chahal,0,12,50.0,0,0
IPL_2025_004,2,MI,Suryakumar Yadav,61,37,3,4,164.86,run out,0,36,59.02,1,0
IPL_2025_004,2,MI,Tilak Varma,36,24,2,1,150.0,run out,0,14,38.89,0,0
IPL_2025_004,2,MI,Hardik Pandya,13,8,1,0,162.5,b Cummins,0,4,30.77,0,0
IPL_2025_005,1,KKR,Phil Salt,48,32,2,3,150.0,run out,0,26,54.17,0,0
IPL_2025_005,1,KKR,Sunil Narine,58,36,2,2,161.11,c & b Narine,0,20,34.48,1,0
IPL_2025_005,1,KKR,Venkatesh Iyer,34,20,3,1,170.0,lbw b Chahal,0,18,52.94,0,0
IPL_2025_005,1,KKR,Shreyas Iyer,45,29,4,2,155.17,b Cummins,0,28,62.22,0,0
IPL_2025_005,1,KKR,Rinku Singh,4,3,0,0,133.33,b Cummins,0,0,0.0,0,0
IPL_2025_005,2,SRH,Travis Head,40,25,2,1,160.0,run out,0,14,35.0,0,0
IPL_2025_005,2,SRH,Abhishek Sharma,40,23,1,2,173.91,c Dhoni b Bumrah,0,16,40.0,0,0
IPL_2025_005,2,SRH,Rahul Tripathi,28,17,2,1,164.71,b Cummins,0,14,50.0,0,0
IPL_2025_005,2,SRH,Aiden Markram,30,22,2,1,136.36,run out,0,14,46.67,0,0
IPL_2025_005,2,SRH,Heinrich Klaasen,24,16,2,0,150.0,lbw b Chahal,0,8,33.33,0,0
IPL_2025_005,2,SRH,Nitish Kumar Reddy,26,17,1,0,152.94,not out,1,4,15.38,0,0
IPL_2025_006,1,GT,Shubman Gill,45,33,4,2,136.36,c Dhoni b Bumrah,0,28,62.22,0,0
IPL_2025_006,1,GT,Wriddhiman Saha,22,16,1,1,137.5,lbw b Chahal,0,10,45.45,0,0
IPL_2025_006,1,GT,Sai Sudharsan,62,34,3,2,182.35,c Dhoni b Bumrah,0,24,38.71,1,0
IPL_2025_006,1,GT,David Miller,22,15,2,0,146.67,run out,0,8,36.36,0,0
IPL_2025_006,1,GT,Azmatullah Omarzai,25,22,0,1,113.64,b Cummins,0,6,24.0,0,0
IPL_2025_006,2,DC,David Warner,39,23,1,1,169.57,b Cummins,0,10,25.64,0,0
IPL_2025_006,2,DC,Prithvi Shaw,34,26,2,1,130.77,b Cummins,0,14,41.18,0,0
IPL_2025_006,2,DC,Jake Fraser-McGurk,30,25,1,1,120.0,run out,0,10,33.33,0,0
IPL_2025_006,2,DC,Rishabh Pant,29,20,3,1,145.0,c & b Narine,0,18,62.07,0,0
IPL_2025_006,2,DC,Tristan Stubbs,28,20,2,1,140.0,c Dhoni b Bumrah,0,14,50.0,0,0
IPL_2025_006,2,DC,Axar Patel,8,6,0,0,133.33,not out,1,0,0.0,0,0
IPL_2025_007,1,RR,Yashasvi Jaiswal,37,25,2,1,148.0,lbw b Chahal,0,14,37.84,0,0
IPL_2025_007,1,RR,Jos Buttler,45,32,4,1,140.62,c Dhoni b Bumrah,0,22,48.89,0,0
IPL_2025_007,1,RR,Sanju Samson,13,12,0,0,108.33,c & b Narine,0,0,0.0,0,0
IPL_2025_007,1,RR,Riyan Parag,52,34,4,1,152.94,run out,0,22,42.31,1,0
IPL_2025_007,1,RR,Dhruv Jurel,16,13,1,0,123.08,lbw b Chahal,0,4,25.0,0,0
IPL_2025_007,1,RR,Shimron Hetmyer,6,4,0,0,150.0,not out,1,0,0.0,0,0
IPL_2025_007,2,DC,David Warner,23,14,1,1,164.29,c & b Narine,0,10,43.48,0,0
IPL_2025_007,2,DC,Prithvi Shaw,52,32,2,1,162.5,b Cummins,0,14,26.92,1,0
IPL_2025_007,2,DC,Jake Fraser-McGurk,38,25,3,1,152.0,lbw b Chahal,0,18,47.37,0,0
IPL_2025_007,2,DC,Rishabh Pant,20,15,1,0,133.33,lbw b Chahal,0,4,20.0,0,0
IPL_2025_007,2,DC,Tristan Stubbs,35,21,3,1,166.67,c Dhoni b Bumrah,0,18,51.43,0,0
IPL_2025_007,2,DC,Axar Patel,23,13,2,0,176.92,not out,1,8,34.78,0,0
IPL_2025_008,1,DC,David Warner,27,16,1,1,168.75,run out,0,10,37.04,0,0
IPL_2025_008,1,DC,Prithvi Shaw,28,18,2,1,155.56,c Dhoni b Bumrah,0,14,50.0,0,0
IPL_2025_008,1,DC,Jake Fraser-McGurk,19,11,1,0,172.73,b Cummins,0,4,21.05,0,0
IPL_2025_008,1,DC,Rishabh Pant,17,13,2,0,130.77,c Dhoni b Bumrah,0,8,47.06,0,0
IPL_2025_008,1,DC,Tristan Stubbs,11,9,0,0,122.22,lbw b Chahal,0,0,0.0,0,0
IPL_2025_008,1,DC,Axar Patel,51,28,5,2,182.14,lbw b Chahal,0,32,62.75,1,0
IPL_2025_008,1,DC,Abishek Porel,34,24,2,2,141.67,c & b Narine,0,20,58.82,0,0
IPL_2025_008,1,DC,Kuldeep Yadav,1,1,0,0,100.0,not out,1,0,0.0,0,0
IPL_2025_008,2,CSK,Ruturaj Gaikwad,38,22,4,1,172.73,c Dhoni b Bumrah,0,22,57.89,0,0
IPL_2025_008,2,CSK,Rachin Ravindra,46,33,2,3,139.39,c Dhoni b Bumrah,0,26,56.52,0,0
IPL_2025_008,2,CSK,Ajinkya Rahane,44,26,3,2,169.23,run out,0,24,54.55,0,0
IPL_2025_008,2,CSK,Daryl Mitchell,60,38,2,2,157.89,run out,0,20,33.33,1,0
IPL_2025_008,2,CSK,Shivam Dube,1,1,0,0,100.0,b Cummins,0,0,0.0,0,0
IPL_2025_009,1,PBKS,Shikhar Dhawan,22,14,0,1,157.14,b Cummins,0,6,27.27,0,0
IPL_2025_009,1,PBKS,Jonny Bairstow,19,16,1,0,118.75,c Dhoni b Bumrah,0,4,21.05,0,0
IPL_2025_009,1,PBKS,Prabhsimran Singh,39,22,2,2,177.27,lbw b Chahal,0,20,51.28,0,0
IPL_2025_009,1,PBKS,Rilee Rossouw,52,33,4,2,157.58,c & b Narine,0,28,53.85,1,0
IPL_2025_009,1,PBKS,Sam Curran,43,35,2,1,122.86,b Cummins,0,14,32.56,0,0
IPL_2025_009,2,DC,David Warner,20,17,1,0,117.65,b Cummins,0,4,20.0,0,0
IPL_2025_009,2,DC,Prithvi Shaw,36,24,2,1,150.0,run out,0,14,38.89,0,0
IPL_2025_009,2,DC,Jake Fraser-McGurk,40,25,3,2,160.0,lbw b Chahal,0,24,60.0,0,0
IPL_2025_009,2,DC,Rishabh Pant,40,30,3,1,133.33,c & b Narine,0,18,45.0,0,0
IPL_2025_009,2,DC,Tristan Stubbs,36,24,2,2,150.0,c & b Narine,0,20,55.56,0,0
IPL_2025_010,1,PBKS,Shikhar Dhawan,47,38,2,1,123.68,b Cummins,0,14,29.79,0,0
IPL_2025_010,1,PBKS,Jonny Bairstow,39,29,2,1,134.48,b Cummins,0,14,35.9,0,0
IPL_2025_010,1,PBKS,Prabhsimran Singh,43,33,2,2,130.3,c Dhoni b Bumrah,0,20,46.51,0,0
IPL_2025_010,1,PBKS,Rilee Rossouw,16,9,1,0,177.78,b Cummins,0,4,25.0,0,0
IPL_2025_010,1,PBKS,Sam Curran,15,11,0,0,136.36,c & b Narine,0,0,0.0,0,0
IPL_2025_010,2,KKR,Phil Salt,50,36,5,1,138.89,b Cummins,0,26,52.0,1,0
IPL_2025_010,2,KKR,Sunil Narine,27,23,1,0,117.39,lbw b Chahal,0,4,14.81,0,0
IPL_2025_010,2,KKR,Venkatesh Iyer,31,27,2,1,114.81,b Cummins,0,14,45.16,0,0
IPL_2025_010,2,KKR,Shreyas Iyer,39,23,2,1,169.57,c & b Narine,0,14,35.9,0,0
IPL_2025_010,2,KKR,Rinku Singh,15,11,0,0,136.36,run out,0,0,0.0,0,0
IPL_2025_011,1,GT,Shubman Gill,35,23,3,1,152.17,b Cummins,0,18,51.43,0,0
IPL_2025_011,1,GT,Wriddhiman Saha,33,27,2,1,122.22,lbw b Chahal,0,14,42.42,0,0
IPL_2025_011,1,GT,Sai Sudharsan,60,36,2,2,166.67,lbw b Chahal,0,20,33.33,1,0
IPL_2025_011,1,GT,David Miller,50,34,3,2,147.06,run out,0,24,48.0,1,0
IPL_2025_011,2,MI,Rohit Sharma,48,32,2,1,150.0,c Dhoni b Bumrah,0,14,29.17,0,0
IPL_2025_011,2,MI,Ishan Kishan,36,20,2,2,180.0,lbw b Chahal,0,20,55.56,0,0
IPL_2025_011,2,MI,Suryakumar Yadav,56,36,2,2,155.56,lbw b Chahal,0,20,35.71,1,0
IPL_2025_011,2,MI,Tilak Varma,24,17,1,1,141.18,run out,0,10,41.67,0,0
IPL_2025_011,2,MI,Hardik Pandya,22,15,1,1,146.67,c Dhoni b Bumrah,0,10,45.45,0,0
IPL_2025_012,1,CSK,Ruturaj Gaikwad,17,14,0,1,121.43,run out,0,6,35.29,0,0
IPL_2025_012,1,CSK,Rachin Ravindra,24,16,2,0,150.0,c & b Narine,0,8,33.33,0,0
IPL_2025_012,1,CSK,Ajinkya Rahane,30,18,2,1,166.67,lbw b Chahal,0,14,46.67,0,0
IPL_2025_012,1,CSK,Daryl Mitchell,43,29,3,2,148.28,lbw b Chahal,0,24,55.81,0,0
IPL_2025_012,1,CSK,Shivam Dube,43,24,4,1,179.17,run out,0,22,51.16,0,0
IPL_2025_012,1,CSK,Ravindra Jadeja,27,19,2,1,142.11,not out,1,14,51.85,0,0
IPL_2025_012,2,MI,Rohit Sharma,57,32,6,2,178.12,b Cummins,0,36,63.16,1,0
IPL_2025_012,2,MI,Ishan Kishan,43,29,3,2,148.28,lbw b Chahal,0,24,55.81,0,0
IPL_2025_012,2,MI,Suryakumar Yadav,51,31,2,1,164.52,c Dhoni b Bumrah,0,14,27.45,1,0
IPL_2025_012,2,MI,Tilak Varma,36,28,2,2,128.57,run out,0,20,55.56,0,0
IPL_2025_013,1,MI,Rohit Sharma,21,13,2,1,161.54,run out,0,14,66.67,0,0
IPL_2025_013,1,MI,Ishan Kishan,21,12,1,0,175.0,c & b Narine,0,4,19.05,0,0
IPL_2025_013,1,MI,Suryakumar Yadav,40,32,3,1,125.0,lbw b Chahal,0,18,45.0,0,0
IPL_2025_013,1,MI,Tilak Varma,14,11,0,0,127.27,c Dhoni b Bumrah,0,0,0.0,0,0
IPL_2025_013,1,MI,Hardik Pandya,42,24,4,2,175.0,lbw b Chahal,0,28,66.67,0,0
IPL_2025_013,1,MI,Tim David,45,28,3,1,160.71,not out,1,18,40.0,0,0
IPL_2025_013,2,KKR,Phil Salt,32,18,3,1,177.78,c & b Narine,0,18,56.25,0,0
IPL_2025_013,2,KKR,Sunil Narine,12,9,1,0,133.33,run out,0,4,33.33,0,0
IPL_2025_013,2,KKR,Venkatesh Iyer,58,36,4,2,161.11,lbw b Chahal,0,28,48.28,1,0
IPL_2025_013,2,KKR,Shreyas Iyer,31,27,3,1,114.81,c & b Narine,0,18,58.06,0,0
IPL_2025_013,2,KKR,Rinku Singh,50,30,4,2,166.67,c & b Narine,0,28,56.0,1,0
IPL_2025_014,1,PBKS,Shikhar Dhawan,33,24,3,1,137.5,c & b Narine,0,18,54.55,0,0
IPL_2025_014,1,PBKS,Jonny Bairstow,16,10,1,0,160.0,lbw b Chahal,0,4,25.0,0,0
IPL_2025_014,1,PBKS,Prabhsimran Singh,55,34,2,2,161.76,c Dhoni b Bumrah,0,20,36.36,1,0
IPL_2025_014,1,PBKS,Rilee Rossouw,15,13,1,0,115.38,run out,0,4,26.67,0,0
IPL_2025_014,1,PBKS,Sam Curran,49,31,2,3,158.06,lbw b Chahal,0,26,53.06,0,0
IPL_2025_014,1,PBKS,Jitesh Sharma,13,8,0,0,162.5,not out,1,0,0.0,0,0
IPL_2025_014,2,RR,Yashasvi Jaiswal,60,33,6,2,181.82,lbw b Chahal,0,36,60.0,1,0
IPL_2025_014,2,RR,Jos Buttler,32,18,2,1,177.78,b Cummins,0,14,43.75,0,0
IPL_2025_014,2,RR,Sanju Samson,50,31,2,1,161.29,b Cummins,0,14,28.0,1,0
IPL_2025_014,2,RR,Riyan Parag,46,36,5,1,127.78,c Dhoni b Bumrah,0,26,56.52,0,0
IPL_2025_015,1,RR,Yashasvi Jaiswal,63,36,3,4,175.0,lbw b Chahal,0,36,57.14,1,0
IPL_2025_015,1,RR,Jos Buttler,14,13,0,0,107.69,b Cummins,0,0,0.0,0,0
IPL_2025_015,1,RR,Sanju Samson,36,23,3,1,156.52,run out,0,18,50.0,0,0
IPL_2025_015,1,RR,Riyan Parag,34,25,2,1,136.0,b Cummins,0,14,41.18,0,0
IPL_2025_015,1,RR,Dhruv Jurel,29,23,3,1,126.09,not out,1,18,62.07,0,0
IPL_2025_015,2,CSK,Ruturaj Gaikwad,19,14,2,0,135.71,b Cummins,0,8,42.11,0,0
IPL_2025_015,2,CSK,Rachin Ravindra,60,36,4,3,166.67,lbw b Chahal,0,34,56.67,1,0
IPL_2025_015,2,CSK,Ajinkya Rahane,27,18,1,1,150.0,run out,0,10,37.04,0,0
IPL_2025_015,2,CSK,Daryl Mitchell,15,11,0,0,136.36,b Cummins,0,0,0.0,0,0
IPL_2025_015,2,CSK,Shivam Dube,32,24,3,1,133.33,lbw b Chahal,0,18,56.25,0,0
IPL_2025_015,2,CSK,Ravindra Jadeja,25,17,2,1,147.06,not out,1,14,56.0,0,0
IPL_2025_016,1,SRH,Travis Head,56,37,3,2,151.35,c Dhoni b Bumrah,0,24,42.86,1,0
IPL_2025_016,1,SRH,Abhishek Sharma,32,27,1,1,118.52,b Cummins,0,10,31.25,0,0
IPL_2025_016,1,SRH,Rahul Tripathi,25,21,2,1,119.05,b Cummins,0,14,56.0,0,0
IPL_2025_016,1,SRH,Aiden Markram,33,23,1,2,143.48,b Cummins,0,16,48.48,0,0
IPL_2025_016,1,SRH,Heinrich Klaasen,15,12,0,0,125.0,run out,0,0,0.0,0,0
IPL_2025_016,2,KKR,Phil Salt,14,10,0,0,140.0,c Dhoni b Bumrah,0,0,0.0,0,0
IPL_2025_016,2,KKR,Sunil Narine,20,12,0,1,166.67,run out,0,6,30.0,0,0
IPL_2025_016,2,KKR,Venkatesh Iyer,38,21,2,2,180.95,lbw b Chahal,0,20,52.63,0,0
IPL_2025_016,2,KKR,Shreyas Iyer,33,19,1,0,173.68,c & b Narine,0,4,12.12,0,0
IPL_2025_016,2,KKR,Rinku Singh,48,38,2,1,126.32,c & b Narine,0,14,29.17,0,0
IPL_2025_016,2,KKR,Andre Russell,32,20,3,1,160.0,not out,1,18,56.25,0,0
IPL_2025_017,1,MI,Rohit Sharma,42,24,1,2,175.0,b Cummins,0,16,38.1,0,0
IPL_2025_017,1,MI,Ishan Kishan,15,13,0,0,115.38,b Cummins,0,0,0.0,0,0
IPL_2025_017,1,MI,Suryakumar Yadav,29,16,3,0,181.25,run out,0,12,41.38,0,0
IPL_2025_017,1,MI,Tilak Varma,26,19,1,0,136.84,b Cummins,0,4,15.38,0,0
IPL_2025_017,1,MI,Hardik Pandya,42,31,3,1,135.48,lbw b Chahal,0,18,42.86,0,0
IPL_2025_017,1,MI,Tim David,10,8,1,0,125.0,c Dhoni b Bumrah,0,4,40.0,0,0
IPL_2025_017,1,MI,Romario Shepherd,11,9,1,0,122.22,not out,1,4,36.36,0,0
IPL_2025_017,2,PBKS,Shikhar Dhawan,21,18,1,0,116.67,lbw b Chahal,0,4,19.05,0,0
IPL_2025_017,2,PBKS,Jonny Bairstow,48,28,4,2,171.43,c & b Narine,0,28,58.33,0,0
IPL_2025_017,2,PBKS,Prabhsimran Singh,36,26,2,2,138.46,b Cummins,0,20,55.56,0,0
IPL_2025_017,2,PBKS,Rilee Rossouw,53,30,1,3,176.67,c Dhoni b Bumrah,0,22,41.51,1,0
IPL_2025_017,2,PBKS,Sam Curran,28,18,2,1,155.56,c & b Narine,0,14,50.0,0,0
IPL_2025_018,1,MI,Rohit Sharma,11,8,1,0,137.5,lbw b Chahal,0,4,36.36,0,0
IPL_2025_018,1,MI,Ishan Kishan,11,9,0,0,122.22,run out,0,0,0.0,0,0
IPL_2025_018,1,MI,Suryakumar Yadav,48,32,3,1,150.0,c Dhoni b Bumrah,0,18,37.5,0,0
IPL_2025_018,1,MI,Tilak Varma,56,31,4,2,180.65,lbw b Chahal,0,28,50.0,1,0
IPL_2025_018,1,MI,Hardik Pandya,44,31,2,2,141.94,c Dhoni b Bumrah,0,20,45.45,0,0
IPL_2025_018,1,MI,Tim David,11,9,0,0,122.22,not out,1,0,0.0,0,0
IPL_2025_018,2,GT,Shubman Gill,14,11,1,0,127.27,c & b Narine,0,4,28.57,0,0
IPL_2025_018,2,GT,Wriddhiman Saha,30,21,2,1,142.86,c Dhoni b Bumrah,0,14,46.67,0,0
IPL_2025_018,2,GT,Sai Sudharsan,22,13,2,0,169.23,run out,0,8,36.36,0,0
IPL_2025_018,2,GT,David Miller,47,28,2,2,167.86,b Cummins,0,20,42.55,0,0
IPL_2025_018,2,GT,Azmatullah Omarzai,35,20,1,1,175.0,run out,0,10,28.57,0,0
IPL_2025_018,2,GT,Rahul Tewatia,18,16,0,1,112.5,run out,0,6,33.33,0,0
IPL_2025_018,2,GT,Rashid Khan,20,11,2,0,181.82,not out,1,8,40.0,0,0
IPL_2025_019,1,LSG,KL Rahul,12,9,1,0,133.33,b Cummins,0,4,33.33,0,0
IPL_2025_019,1,LSG,Quinton de Kock,38,30,2,2,126.67,c & b Narine,0,20,52.63,0,0
IPL_2025_019,1,LSG,Marcus Stoinis,64,37,6,3,172.97,c & b Narine,0,42,65.62,1,0
IPL_2025_019,1,LSG,Nicholas Pooran,58,36,5,1,161.11,c & b Narine,0,26,44.83,1,0
IPL_2025_019,1,LSG,Ayush Badoni,13,8,0,0,162.5,c & b Narine,0,0,0.0,0,0
IPL_2025_019,2,MI,Rohit Sharma,24,17,1,1,141.18,run out,0,10,41.67,0,0
IPL_2025_019,2,MI,Ishan Kishan,16,9,0,0,177.78,b Cummins,0,0,0.0,0,0
IPL_2025_019,2,MI,Suryakumar Yadav,53,31,4,3,170.97,b Cummins,0,34,64.15,1,0
IPL_2025_019,2,MI,Tilak Varma,31,18,2,1,172.22,c & b Narine,0,14,45.16,0,0
IPL_2025_019,2,MI,Hardik Pandya,30,22,2,1,136.36,b Cummins,0,14,46.67,0,0
IPL_2025_019,2,MI,Tim David,20,13,0,1,153.85,run out,0,6,30.0,0,0
IPL_2025_019,2,MI,Romario Shepherd,16,10,1,1,160.0,not out,1,10,62.5,0,0
IPL_2025_020,1,MI,Rohit Sharma,13,8,1,0,162.5,c & b Narine,0,4,30.77,0,0
IPL_2025_020,1,MI,Ishan Kishan,23,13,1,1,176.92,b Cummins,0,10,43.48,0,0
IPL_2025_020,1,MI,Suryakumar Yadav,39,26,1,1,150.0,run out,0,10,25.64,0,0
IPL_2025_020,1,MI,Tilak Varma,56,35,2,3,160.0,c & b Narine,0,26,46.43,1,0
IPL_2025_020,1,MI,Hardik Pandya,57,35,4,2,162.86,c & b Narine,0,28,49.12,1,0
IPL_2025_020,1,MI,Tim David,3,3,0,0,100.0,not out,1,0,0.0,0,0
IPL_2025_020,2,SRH,Travis Head,34,20,1,1,170.0,c Dhoni b Bumrah,0,10,29.41,0,0
IPL_2025_020,2,SRH,Abhishek Sharma,16,10,1,0,160.0,lbw b Chahal,0,4,25.0,0,0
IPL_2025_020,2,SRH,Rahul Tripathi,12,8,1,0,150.0,b Cummins,0,4,33.33,0,0
IPL_2025_020,2,SRH,Aiden Markram,44,31,2,1,141.94,b Cummins,0,14,31.82,0,0
IPL_2025_020,2,SRH,Heinrich Klaasen,37,21,2,1,176.19,lbw b Chahal,0,14,37.84,0,0
IPL_2025_020,2,SRH,Nitish Kumar Reddy,28,20,1,1,140.0,c & b Narine,0,10,35.71,0,0
IPL_2025_020,2,SRH,Abdul Samad,17,10,1,0,170.0,not out,1,4,23.53,0,0
IPL_2025_021,1,SRH,Travis Head,68,37,4,3,183.78,b Cummins,0,34,50.0,1,0
IPL_2025_021,1,SRH,Abhishek Sharma,43,31,1,2,138.71,c & b Narine,0,16,37.21,0,0
IPL_2025_021,1,SRH,Rahul Tripathi,25,22,1,0,113.64,lbw b Chahal,0,4,16.0,0,0
IPL_2025_021,1,SRH,Aiden Markram,49,30,5,1,163.33,lbw b Chahal,0,26,53.06,0,0
IPL_2025_021,2,RCB,Faf du Plessis,50,34,2,1,147.06,c & b Narine,0,14,28.0,1,0
IPL_2025_021,2,RCB,Virat Kohli,18,10,2,0,180.0,b Cummins,0,8,44.44,0,0
IPL_2025_021,2,RCB,Will Jacks,45,30,4,2,150.0,c Dhoni b Bumrah,0,28,62.22,0,0
IPL_2025_021,2,RCB,Rajat Patidar,14,10,0,0,140.0,b Cummins,0,0,0.0,0,0
IPL_2025_021,2,RCB,Glenn Maxwell,21,13,1,1,161.54,run out,0,10,47.62,0,0
IPL_2025_021,2,RCB,Cameron Green,28,23,2,1,121.74,not out,1,14,50.0,0,0
IPL_2025_022,1,KKR,Phil Salt,65,37,5,4,175.68,c Dhoni b Bumrah,0,44,67.69,1,0
IPL_2025_022,1,KKR,Sunil Narine,32,24,3,0,133.33,lbw b Chahal,0,12,37.5,0,0
IPL_2025_022,1,KKR,Venkatesh Iyer,54,37,3,1,145.95,run out,0,18,33.33,1,0
IPL_2025_022,1,KKR,Shreyas Iyer,26,17,1,1,152.94,c & b Narine,0,10,38.46,0,0
IPL_2025_022,1,KKR,Rinku Singh,6,5,0,0,120.0,c & b Narine,0,0,0.0,0,0
IPL_2025_022,2,PBKS,Shikhar Dhawan,27,21,1,1,128.57,run out,0,10,37.04,0,0
IPL_2025_022,2,PBKS,Jonny Bairstow,39,24,2,0,162.5,c Dhoni b Bumrah,0,8,20.51,0,0
IPL_2025_022,2,PBKS,Prabhsimran Singh,65,37,4,2,175.68,c & b Narine,0,28,43.08,1,0
IPL_2025_022,2,PBKS,Rilee Rossouw,54,37,3,2,145.95,c Dhoni b Bumrah,0,24,44.44,1,0
IPL_2025_023,1,GT,Shubman Gill,61,37,4,2,164.86,c & b Narine,0,28,45.9,1,0
IPL_2025_023,1,GT,Wriddhiman Saha,33,19,1,1,173.68,lbw b Chahal,0,10,30.3,0,0
IPL_2025_023,1,GT,Sai Sudharsan,25,17,1,1,147.06,run out,0,10,40.0,0,0
IPL_2025_023,1,GT,David Miller,44,25,3,1,176.0,b Cummins,0,18,40.91,0,0
IPL_2025_023,1,GT,Azmatullah Omarzai,38,22,2,1,172.73,lbw b Chahal,0,14,36.84,0,0
IPL_2025_023,2,RCB,Faf du Plessis,38,26,3,1,146.15,lbw b Chahal,0,18,47.37,0,0
IPL_2025_023,2,RCB,Virat Kohli,49,28,1,2,175.0,c Dhoni b Bumrah,0,16,32.65,0,0
IPL_2025_023,2,RCB,Will Jacks,35,21,2,1,166.67,c & b Narine,0,14,40.0,0,0
IPL_2025_023,2,RCB,Rajat Patidar,37,24,2,1,154.17,c & b Narine,0,14,37.84,0,0
IPL_2025_023,2,RCB,Glenn Maxwell,19,13,1,0,146.15,c Dhoni b Bumrah,0,4,21.05,0,0
IPL_2025_023,2,RCB,Cameron Green,12,8,1,0,150.0,not out,1,4,33.33,0,0
IPL_2025_024,1,RR,Yashasvi Jaiswal,21,14,1,0,150.0,c Dhoni b Bumrah,0,4,19.05,0,0
IPL_2025_024,1,RR,Jos Buttler,45,29,2,2,155.17,c & b Narine,0,20,44.44,0,0
IPL_2025_024,1,RR,Sanju Samson,37,27,1,1,137.04,lbw b Chahal,0,10,27.03,0,0
IPL_2025_024,1,RR,Riyan Parag,37,21,2,2,176.19,lbw b Chahal,0,20,54.05,0,0
IPL_2025_024,1,RR,Dhruv Jurel,39,29,1,1,134.48,c Dhoni b Bumrah,0,10,25.64,0,0
IPL_2025_024,2,KKR,Phil Salt,37,22,2,1,168.18,b Cummins,0,14,37.84,0,0
IPL_2025_024,2,KKR,Sunil Narine,48,34,4,1,141.18,b Cummins,0,22,45.83,0,0
IPL_2025_024,2,KKR,Venkatesh Iyer,29,17,2,0,170.59,b Cummins,0,8,27.59,0,0
IPL_2025_024,2,KKR,Shreyas Iyer,40,32,1,2,125.0,lbw b Chahal,0,16,40.0,0,0
IPL_2025_024,2,KKR,Rinku Singh,24,15,1,1,160.0,run out,0,10,41.67,0,0
IPL_2025_025,1,CSK,Ruturaj Gaikwad,22,17,1,0,129.41,lbw b Chahal,0,4,18.18,0,0
IPL_2025_025,1,CSK,Rachin Ravindra,54,31,4,2,174.19,b Cummins,0,28,51.85,1,0
IPL_2025_025,1,CSK,Ajinkya Rahane,38,27,2,1,140.74,c & b Narine,0,14,36.84,0,0
IPL_2025_025,1,CSK,Daryl Mitchell,43,26,2,2,165.38,c & b Narine,0,20,46.51,0,0
IPL_2025_025,1,CSK,Shivam Dube,20,13,1,1,153.85,lbw b Chahal,0,10,50.0,0,0
IPL_2025_025,1,CSK,Ravindra Jadeja,9,6,0,0,150.0,not out,1,0,0.0,0,0
IPL_2025_025,2,RR,Yashasvi Jaiswal,27,17,3,0,158.82,c & b Narine,0,12,44.44,0,0
IPL_2025_025,2,RR,Jos Buttler,44,38,3,1,115.79,c & b Narine,0,18,40.91,0,0
IPL_2025_025,2,RR,Sanju Samson,13,9,1,0,144.44,c & b Narine,0,4,30.77,0,0
IPL_2025_025,2,RR,Riyan Parag,12,10,0,0,120.0,c Dhoni b Bumrah,0,0,0.0,0,0
IPL_2025_025,2,RR,Dhruv Jurel,37,26,1,2,142.31,c & b Narine,0,16,43.24,0,0
IPL_2025_025,2,RR,Shimron Hetmyer,33,20,3,1,165.0,run out,0,18,54.55,0,0
IPL_2025_026,1,GT,Shubman Gill,61,38,3,3,160.53,c Dhoni b Bumrah,0,30,49.18,1,0
IPL_2025_026,1,GT,Wriddhiman Saha,40,29,2,2,137.93,b Cummins,0,20,50.0,0,0
IPL_2025_026,1,GT,Sai Sudharsan,25,17,2,1,147.06,lbw b Chahal,0,14,56.0,0,0
IPL_2025_026,1,GT,David Miller,9,8,0,0,112.5,lbw b Chahal,0,0,0.0,0,0
IPL_2025_026,1,GT,Azmatullah Omarzai,47,28,3,2,167.86,run out,0,24,51.06,0,0
IPL_2025_026,2,DC,David Warner,22,14,1,1,157.14,c & b Narine,0,10,45.45,0,0
IPL_2025_026,2,DC,Prithvi Shaw,17,13,1,1,130.77,run out,0,10,58.82,0,0
IPL_2025_026,2,DC,Jake Fraser-McGurk,46,32,2,1,143.75,lbw b Chahal,0,14,30.43,0,0
IPL_2025_026,2,DC,Rishabh Pant,32,22,1,1,145.45,b Cummins,0,10,31.25,0,0
IPL_2025_026,2,DC,Tristan Stubbs,22,13,1,0,169.23,lbw b Chahal,0,4,18.18,0,0
IPL_2025_026,2,DC,Axar Patel,38,26,3,1,146.15,not out,1,18,47.37,0,0
IPL_2025_027,1,RR,Yashasvi Jaiswal,17,11,1,0,154.55,b Cummins,0,4,23.53,0,0
IPL_2025_027,1,RR,Jos Buttler,22,13,3,0,169.23,lbw b Chahal,0,12,54.55,0,0
IPL_2025_027,1,RR,Sanju Samson,57,34,4,2,167.65,c Dhoni b Bumrah,0,28,49.12,1,0
IPL_2025_027,1,RR,Riyan Parag,50,36,3,1,138.89,lbw b Chahal,0,18,36.0,1,0
IPL_2025_027,1,RR,Dhruv Jurel,37,26,3,1,142.31,run out,0,18,48.65,0,0
IPL_2025_027,2,LSG,KL Rahul,43,26,2,2,165.38,c & b Narine,0,20,46.51,0,0
IPL_2025_027,2,LSG,Quinton de Kock,52,38,2,3,136.84,lbw b Chahal,0,26,50.0,1,0
IPL_2025_027,2,LSG,Marcus Stoinis,39,27,3,1,144.44,c Dhoni b Bumrah,0,18,46.15,0,0
IPL_2025_027,2,LSG,Nicholas Pooran,23,18,0,1,127.78,lbw b Chahal,0,6,26.09,0,0
IPL_2025_027,2,LSG,Ayush Badoni,16,11,1,0,145.45,not out,1,4,25.0,0,0
IPL_2025_028,1,SRH,Travis Head,37,32,2,2,115.62,lbw b Chahal,0,20,54.05,0,0
IPL_2025_028,1,SRH,Abhishek Sharma,38,31,2,1,122.58,lbw b Chahal,0,14,36.84,0,0
IPL_2025_028,1,SRH,Rahul Tripathi,64,37,3,3,172.97,b Cummins,0,30,46.88,1,0
IPL_2025_028,1,SRH,Aiden Markram,34,20,3,1,170.0,run out,0,18,52.94,0,0
IPL_2025_028,2,RCB,Faf du Plessis,28,17,2,0,164.71,c Dhoni b Bumrah,0,8,28.57,0,0
IPL_2025_028,2,RCB,Virat Kohli,38,33,2,1,115.15,c & b Narine,0,14,36.84,0,0
IPL_2025_028,2,RCB,Will Jacks,34,23,3,1,147.83,c & b Narine,0,18,52.94,0,0
IPL_2025_028,2,RCB,Rajat Patidar,21,15,1,0,140.0,lbw b Chahal,0,4,19.05,0,0
IPL_2025_028,2,RCB,Glenn Maxwell,57,32,4,2,178.12,not out,1,28,49.12,1,0
IPL_2025_029,1,SRH,Travis Head,32,18,1,2,177.78,run out,0,16,50.0,0,0
IPL_2025_029,1,SRH,Abhishek Sharma,12,8,0,0,150.0,b Cummins,0,0,0.0,0,0
IPL_2025_029,1,SRH,Rahul Tripathi,22,16,1,0,137.5,lbw b Chahal,0,4,18.18,0,0
IPL_2025_029,1,SRH,Aiden Markram,21,18,1,1,116.67,run out,0,10,47.62,0,0
IPL_2025_029,1,SRH,Heinrich Klaasen,34,30,2,1,113.33,b Cummins,0,14,41.18,0,0
IPL_2025_029,1,SRH,Nitish Kumar Reddy,28,17,3,0,164.71,c & b Narine,0,12,42.86,0,0
IPL_2025_029,1,SRH,Abdul Samad,22,13,1,1,169.23,not out,1,10,45.45,0,0
IPL_2025_029,2,LSG,KL Rahul,16,13,1,0,123.08,c & b Narine,0,4,25.0,0,0
IPL_2025_029,2,LSG,Quinton de Kock,22,19,0,1,115.79,c & b Narine,0,6,27.27,0,0
IPL_2025_029,2,LSG,Marcus Stoinis,52,30,3,2,173.33,run out,0,24,46.15,1,0
IPL_2025_029,2,LSG,Nicholas Pooran,16,11,1,0,145.45,run out,0,4,25.0,0,0
IPL_2025_029,2,LSG,Ayush Badoni,18,12,1,0,150.0,lbw b Chahal,0,4,22.22,0,0
IPL_2025_029,2,LSG,Deepak Hooda,45,26,3,1,173.08,c & b Narine,0,18,40.0,0,0
IPL_2025_029,2,LSG,Krunal Pandya,15,9,0,0,166.67,not out,1,0,0.0,0,0
IPL_2025_030,1,RCB,Faf du Plessis,24,14,1,0,171.43,b Cummins,0,4,16.67,0,0
IPL_2025_030,1,RCB,Virat Kohli,26,16,1,1,162.5,c & b Narine,0,10,38.46,0,0
IPL_2025_030,1,RCB,Will Jacks,46,30,3,2,153.33,lbw b Chahal,0,24,52.17,0,0
IPL_2025_030,1,RCB,Rajat Patidar,53,38,3,2,139.47,b Cummins,0,24,45.28,1,0
IPL_2025_030,1,RCB,Glenn Maxwell,13,8,0,0,162.5,c Dhoni b Bumrah,0,0,0.0,0,0
IPL_2025_030,1,RCB,Cameron Green,17,14,2,0,121.43,run out,0,8,47.06,0,0
IPL_2025_030,2,KKR,Phil Salt,13,8,0,0,162.5,c & b Narine,0,0,0.0,0,0
IPL_2025_030,2,KKR,Sunil Narine,30,24,3,1,125.0,lbw b Chahal,0,18,60.0,0,0
IPL_2025_030,2,KKR,Venkatesh Iyer,64,38,4,1,168.42,run out,0,22,34.38,1,0
IPL_2025_030,2,KKR,Shreyas Iyer,51,36,5,1,141.67,lbw b Chahal,0,26,50.98,1,0
IPL_2025_030,2,KKR,Rinku Singh,20,14,1,0,142.86,c Dhoni b Bumrah,0,4,20.0,0,0
IPL_2025_031,1,LSG,KL Rahul,19,13,1,1,146.15,c Dhoni b Bumrah,0,10,52.63,0,0
IPL_2025_031,1,LSG,Quinton de Kock,13,8,0,0,162.5,run out,0,0,0.0,0,0
IPL_2025_031,1,LSG,Marcus Stoinis,19,16,1,1,118.75,run out,0,10,52.63,0,0
IPL_2025_031,1,LSG,Nicholas Pooran,18,10,2,0,180.0,c & b Narine,0,8,44.44,0,0
IPL_2025_031,1,LSG,Ayush Badoni,64,35,4,3,182.86,run out,0,34,53.12,1,0
IPL_2025_031,1,LSG,Deepak Hooda,43,27,2,2,159.26,c Dhoni b Bumrah,0,20,46.51,0,0
IPL_2025_031,1,LSG,Krunal Pandya,17,11,1,0,154.55,run out,0,4,23.53,0,0
IPL_2025_031,2,DC,David Warner,51,35,1,2,145.71,c Dhoni b Bumrah,0,16,31.37,1,0
IPL_2025_031,2,DC,Prithvi Shaw,33,27,2,1,122.22,c Dhoni b Bumrah,0,14,42.42,0,0
IPL_2025_031,2,DC,Jake Fraser-McGurk,60,36,4,2,166.67,c Dhoni b Bumrah,0,28,46.67,1,0
IPL_2025_031,2,DC,Rishabh Pant,13,9,1,0,144.44,b Cummins,0,4,30.77,0,0
IPL_2025_031,2,DC,Tristan Stubbs,10,9,0,0,111.11,c Dhoni b Bumrah,0,0,0.0,0,0
IPL_2025_031,2,DC,Axar Patel,5,4,0,0,125.0,run out,0,0,0.0,0,0
IPL_2025_032,1,KKR,Phil Salt,48,38,4,2,126.32,c Dhoni b Bumrah,0,28,58.33,0,0
IPL_2025_032,1,KKR,Sunil Narine,48,31,4,2,154.84,c Dhoni b Bumrah,0,28,58.33,0,0
IPL_2025_032,1,KKR,Venkatesh Iyer,34,22,2,0,154.55,lbw b Chahal,0,8,23.53,0,0
IPL_2025_032,1,KKR,Shreyas Iyer,29,25,2,0,116.0,lbw b Chahal,0,8,27.59,0,0
IPL_2025_032,1,KKR,Rinku Singh,5,4,0,0,125.0,not out,1,0,0.0,0,0
IPL_2025_032,2,RR,Yashasvi Jaiswal,58,35,3,1,165.71,run out,0,18,31.03,1,0
IPL_2025_032,2,RR,Jos Buttler,36,21,2,2,171.43,b Cummins,0,20,55.56,0,0
IPL_2025_032,2,RR,Sanju Samson,32,18,3,1,177.78,lbw b Chahal,0,18,56.25,0,0
IPL_2025_032,2,RR,Riyan Parag,10,8,1,0,125.0,run out,0,4,40.0,0,0
IPL_2025_032,2,RR,Dhruv Jurel,43,35,2,2,122.86,b Cummins,0,20,46.51,0,0
IPL_2025_033,1,MI,Rohit Sharma,49,36,2,2,136.11,c Dhoni b Bumrah,0,20,40.82,0,0
IPL_2025_033,1,MI,Ishan Kishan,47,29,2,2,162.07,lbw b Chahal,0,20,42.55,0,0
IPL_2025_033,1,MI,Suryakumar Yadav,40,23,1,1,173.91,run out,0,10,25.0,0,0
IPL_2025_033,1,MI,Tilak Varma,50,32,5,1,156.25,run out,0,26,52.0,1,0
IPL_2025_033,2,KKR,Phil Salt,58,34,2,3,170.59,run out,0,26,44.83,1,0
IPL_2025_033,2,KKR,Sunil Narine,42,24,3,1,175.0,lbw b Chahal,0,18,42.86,0,0
IPL_2025_033,2,KKR,Venkatesh Iyer,59,35,4,2,168.57,lbw b Chahal,0,28,47.46,1,0
IPL_2025_033,2,KKR,Shreyas Iyer,47,27,2,1,174.07,b Cummins,0,14,29.79,0,0
IPL_2025_034,1,CSK,Ruturaj Gaikwad,29,25,1,1,116.0,b Cummins,0,10,34.48,0,0
IPL_2025_034,1,CSK,Rachin Ravindra,19,14,1,1,135.71,c & b Narine,0,10,52.63,0,0
IPL_2025_034,1,CSK,Ajinkya Rahane,34,21,2,1,161.9,c Dhoni b Bumrah,0,14,41.18,0,0
IPL_2025_034,1,CSK,Daryl Mitchell,27,19,1,1,142.11,c Dhoni b Bumrah,0,10,37.04,0,0
IPL_2025_034,1,CSK,Shivam Dube,40,24,4,1,166.67,c Dhoni b Bumrah,0,22,55.0,0,0
IPL_2025_034,1,CSK,Ravindra Jadeja,29,17,2,1,170.59,not out,1,14,48.28,0,0
IPL_2025_034,2,DC,David Warner,31,26,1,1,119.23,run out,0,10,32.26,0,0
IPL_2025_034,2,DC,Prithvi Shaw,45,36,4,1,125.0,lbw b Chahal,0,22,48.89,0,0
IPL_2025_034,2,DC,Jake Fraser-McGurk,37,31,1,0,119.35,b Cummins,0,4,10.81,0,0
IPL_2025_034,2,DC,Rishabh Pant,13,10,1,0,130.0,c Dhoni b Bumrah,0,4,30.77,0,0
IPL_2025_034,2,DC,Tristan Stubbs,22,17,2,0,129.41,not out,1,8,36.36,0,0
IPL_2025_035,1,KKR,Phil Salt,31,19,2,0,163.16,run out,0,8,25.81,0,0
IPL_2025_035,1,KKR,Sunil Narine,27,20,2,0,135.0,lbw b Chahal,0,8,29.63,0,0
IPL_2025_035,1,KKR,Venkatesh Iyer,46,37,4,2,124.32,b Cummins,0,28,60.87,0,0
IPL_2025_035,1,KKR,Shreyas Iyer,47,31,4,2,151.61,c Dhoni b Bumrah,0,28,59.57,0,0
IPL_2025_035,1,KKR,Rinku Singh,14,9,1,0,155.56,lbw b Chahal,0,4,28.57,0,0
IPL_2025_035,1,KKR,Andre Russell,5,4,0,0,125.0,b Cummins,0,0,0.0,0,0
IPL_2025_035,2,GT,Shubman Gill,12,8,1,0,150.0,c & b Narine,0,4,33.33,0,0
IPL_2025_035,2,GT,Wriddhiman Saha,35,22,3,1,159.09,c & b Narine,0,18,51.43,0,0
IPL_2025_035,2,GT,Sai Sudharsan,45,33,2,1,136.36,b Cummins,0,14,31.11,0,0
IPL_2025_035,2,GT,David Miller,16,14,0,1,114.29,run out,0,6,37.5,0,0
IPL_2025_035,2,GT,Azmatullah Omarzai,47,35,4,1,134.29,run out,0,22,46.81,0,0
IPL_2025_035,2,GT,Rahul Tewatia,13,8,0,0,162.5,not out,1,0,0.0,0,0
IPL_2025_036,1,DC,David Warner,14,10,1,0,140.0,c Dhoni b Bumrah,0,4,28.57,0,0
IPL_2025_036,1,DC,Prithvi Shaw,25,20,2,1,125.0,c Dhoni b Bumrah,0,14,56.0,0,0
IPL_2025_036,1,DC,Jake Fraser-McGurk,22,15,2,1,146.67,lbw b Chahal,0,14,63.64,0,0
IPL_2025_036,1,DC,Rishabh Pant,18,11,1,1,163.64,lbw b Chahal,0,10,55.56,0,0
IPL_2025_036,1,DC,Tristan Stubbs,47,31,4,1,151.61,b Cummins,0,22,46.81,0,0
IPL_2025_036,1,DC,Axar Patel,38,33,1,1,115.15,not out,1,10,26.32,0,0
IPL_2025_036,2,GT,Shubman Gill,59,35,3,2,168.57,run out,0,24,40.68,1,0
IPL_2025_036,2,GT,Wriddhiman Saha,22,16,1,1,137.5,c & b Narine,0,10,45.45,0,0
IPL_2025_036,2,GT,Sai Sudharsan,25,15,2,0,166.67,lbw b Chahal,0,8,32.0,0,0
IPL_2025_036,2,GT,David Miller,24,20,1,1,120.0,b Cummins,0,10,41.67,0,0
IPL_2025_036,2,GT,Azmatullah Omarzai,25,15,2,1,166.67,c & b Narine,0,14,56.0,0,0
IPL_2025_036,2,GT,Rahul Tewatia,21,19,2,0,110.53,not out,1,8,38.1,0,0
IPL_2025_037,1,GT,Shubman Gill,27,21,2,1,128.57,c & b Narine,0,14,51.85,0,0
IPL_2025_037,1,GT,Wriddhiman Saha,31,19,2,1,163.16,c & b Narine,0,14,45.16,0,0
IPL_2025_037,1,GT,Sai Sudharsan,47,35,4,1,134.29,run out,0,22,46.81,0,0
IPL_2025_037,1,GT,David Miller,16,9,0,0,177.78,c & b Narine,0,0,0.0,0,0
IPL_2025_037,1,GT,Azmatullah Omarzai,54,36,4,2,150.0,not out,1,28,51.85,1,0
IPL_2025_037,2,RR,Yashasvi Jaiswal,40,23,3,1,173.91,lbw b Chahal,0,18,45.0,0,0
IPL_2025_037,2,RR,Jos Buttler,36,27,3,2,133.33,b Cummins,0,24,66.67,0,0
IPL_2025_037,2,RR,Sanju Samson,34,22,3,1,154.55,c & b Narine,0,18,52.94,0,0
IPL_2025_037,2,RR,Riyan Parag,38,24,4,1,158.33,b Cummins,0,22,57.89,0,0
IPL_2025_037,2,RR,Dhruv Jurel,27,21,2,1,128.57,run out,0,14,51.85,0,0
IPL_2025_037,2,RR,Shimron Hetmyer,4,3,0,0,133.33,not out,1,0,0.0,0,0
IPL_2025_038,1,RR,Yashasvi Jaiswal,22,12,1,1,183.33,b Cummins,0,10,45.45,0,0
IPL_2025_038,1,RR,Jos Buttler,21,18,1,1,116.67,run out,0,10,47.62,0,0
IPL_2025_038,1,RR,Sanju Samson,20,14,1,1,142.86,run out,0,10,50.0,0,0
IPL_2025_038,1,RR,Riyan Parag,19,11,2,0,172.73,run out,0,8,42.11,0,0
IPL_2025_038,1,RR,Dhruv Jurel,15,11,0,0,136.36,b Cummins,0,0,0.0,0,0
IPL_2025_038,1,RR,Shimron Hetmyer,14,11,0,0,127.27,c & b Narine,0,0,0.0,0,0
IPL_2025_038,1,RR,Rovman Powell,67,43,3,4,155.81,not out,1,36,53.73,1,0
IPL_2025_038,2,PBKS,Shikhar Dhawan,43,34,2,1,126.47,b Cummins,0,14,32.56,0,0
IPL_2025_038,2,PBKS,Jonny Bairstow,23,15,2,1,153.33,c & b Narine,0,14,60.87,0,0
IPL_2025_038,2,PBKS,Prabhsimran Singh,22,19,1,1,115.79,run out,0,10,45.45,0,0
IPL_2025_038,2,PBKS,Rilee Rossouw,54,38,2,2,142.11,lbw b Chahal,0,20,37.04,1,0
IPL_2025_038,2,PBKS,Sam Curran,22,14,2,0,157.14,lbw b Chahal,0,8,36.36,0,0
IPL_2025_039,1,DC,David Warner,27,20,2,1,135.0,c & b Narine,0,14,51.85,0,0
IPL_2025_039,1,DC,Prithvi Shaw,22,18,2,0,122.22,run out,0,8,36.36,0,0
IPL_2025_039,1,DC,Jake Fraser-McGurk,17,13,0,1,130.77,lbw b Chahal,0,6,35.29,0,0
IPL_2025_039,1,DC,Rishabh Pant,15,13,1,0,115.38,c Dhoni b Bumrah,0,4,26.67,0,0
IPL_2025_039,1,DC,Tristan Stubbs,67,38,7,2,176.32,run out,0,40,59.7,1,0
IPL_2025_039,1,DC,Axar Patel,21,18,2,0,116.67,c & b Narine,0,8,38.1,0,0
IPL_2025_039,2,RR,Yashasvi Jaiswal,19,17,0,0,111.76,run out,0,0,0.0,0,0
IPL_2025_039,2,RR,Jos Buttler,33,24,2,1,137.5,run out,0,14,42.42,0,0
IPL_2025_039,2,RR,Sanju Samson,24,16,1,1,150.0,lbw b Chahal,0,10,41.67,0,0
IPL_2025_039,2,RR,Riyan Parag,21,17,1,0,123.53,lbw b Chahal,0,4,19.05,0,0
IPL_2025_039,2,RR,Dhruv Jurel,27,20,1,1,135.0,c & b Narine,0,10,37.04,0,0
IPL_2025_039,2,RR,Shimron Hetmyer,46,26,3,2,176.92,not out,1,24,52.17,0,0
IPL_2025_040,1,GT,Shubman Gill,20,15,1,1,133.33,c & b Narine,0,10,50.0,0,0
IPL_2025_040,1,GT,Wriddhiman Saha,23,18,1,1,127.78,c Dhoni b Bumrah,0,10,43.48,0,0
IPL_2025_040,1,GT,Sai Sudharsan,39,26,4,1,150.0,c Dhoni b Bumrah,0,22,56.41,0,0
IPL_2025_040,1,GT,David Miller,40,31,4,1,129.03,run out,0,22,55.0,0,0
IPL_2025_040,1,GT,Azmatullah Omarzai,24,18,1,1,133.33,lbw b Chahal,0,10,41.67,0,0
IPL_2025_040,1,GT,Rahul Tewatia,18,12,1,0,150.0,not out,1,4,22.22,0,0
IPL_2025_040,2,RR,Yashasvi Jaiswal,12,10,1,0,120.0,b Cummins,0,4,33.33,0,0
IPL_2025_040,2,RR,Jos Buttler,35,21,4,0,166.67,c & b Narine,0,16,45.71,0,0
IPL_2025_040,2,RR,Sanju Samson,49,28,2,3,175.0,run out,0,26,53.06,0,0
IPL_2025_040,2,RR,Riyan Parag,36,29,2,1,124.14,c Dhoni b Bumrah,0,14,38.89,0,0
IPL_2025_040,2,RR,Dhruv Jurel,27,19,1,1,142.11,lbw b Chahal,0,10,37.04,0,0
IPL_2025_040,2,RR,Shimron Hetmyer,20,13,1,0,153.85,b Cummins,0,4,20.0,0,0
IPL_2025_041,1,KKR,Phil Salt,21,13,1,1,161.54,lbw b Chahal,0,10,47.62,0,0
IPL_2025_041,1,KKR,Sunil Narine,27,15,2,1,180.0,c & b Narine,0,14,51.85,0,0
IPL_2025_041,1,KKR,Venkatesh Iyer,12,8,1,0,150.0,c & b Narine,0,4,33.33,0,0
IPL_2025_041,1,KKR,Shreyas Iyer,24,19,2,1,126.32,b Cummins,0,14,58.33,0,0
IPL_2025_041,1,KKR,Rinku Singh,14,8,0,0,175.0,b Cummins,0,0,0.0,0,0
IPL_2025_041,1,KKR,Andre Russell,45,26,2,2,173.08,c & b Narine,0,20,44.44,0,0
IPL_2025_041,1,KKR,Ramandeep Singh,20,14,1,1,142.86,c & b Narine,0,10,50.0,0,0
IPL_2025_041,1,KKR,Mitchell Starc,23,17,2,0,135.29,not out,1,8,34.78,0,0
IPL_2025_041,2,RCB,Faf du Plessis,9,8,0,0,112.5,c & b Narine,0,0,0.0,0,0
IPL_2025_041,2,RCB,Virat Kohli,31,25,2,1,124.0,run out,0,14,45.16,0,0
IPL_2025_041,2,RCB,Will Jacks,36,20,2,2,180.0,lbw b Chahal,0,20,55.56,0,0
IPL_2025_041,2,RCB,Rajat Patidar,20,13,2,0,153.85,run out,0,8,40.0,0,0
IPL_2025_041,2,RCB,Glenn Maxwell,31,20,3,1,155.0,run out,0,18,58.06,0,0
IPL_2025_041,2,RCB,Cameron Green,22,18,0,1,122.22,lbw b Chahal,0,6,27.27,0,0
IPL_2025_041,2,RCB,Dinesh Karthik,24,16,1,1,150.0,run out,0,10,41.67,0,0
IPL_2025_042,1,LSG,KL Rahul,18,13,1,0,138.46,b Cummins,0,4,22.22,0,0
IPL_2025_042,1,LSG,Quinton de Kock,61,38,3,3,160.53,run out,0,30,49.18,1,0
IPL_2025_042,1,LSG,Marcus Stoinis,25,17,1,1,147.06,b Cummins,0,10,40.0,0,0
IPL_2025_042,1,LSG,Nicholas Pooran,15,10,1,0,150.0,c & b Narine,0,4,26.67,0,0
IPL_2025_042,1,LSG,Ayush Badoni,24,19,1,1,126.32,c Dhoni b Bumrah,0,10,41.67,0,0
IPL_2025_042,1,LSG,Deepak Hooda,41,23,2,2,178.26,not out,1,20,48.78,0,0
IPL_2025_042,2,CSK,Ruturaj Gaikwad,34,21,1,2,161.9,lbw b Chahal,0,16,47.06,0,0
IPL_2025_042,2,CSK,Rachin Ravindra,21,16,1,1,131.25,lbw b Chahal,0,10,47.62,0,0
IPL_2025_042,2,CSK,Ajinkya Rahane,33,27,1,1,122.22,b Cummins,0,10,30.3,0,0
IPL_2025_042,2,CSK,Daryl Mitchell,53,33,2,2,160.61,lbw b Chahal,0,20,37.74,1,0
IPL_2025_042,2,CSK,Shivam Dube,37,23,2,1,160.87,c & b Narine,0,14,37.84,0,0
IPL_2025_043,1,PBKS,Shikhar Dhawan,33,20,3,1,165.0,c Dhoni b Bumrah,0,18,54.55,0,0
IPL_2025_043,1,PBKS,Jonny Bairstow,32,21,1,1,152.38,c Dhoni b Bumrah,0,10,31.25,0,0
IPL_2025_043,1,PBKS,Prabhsimran Singh,56,33,5,2,169.7,c Dhoni b Bumrah,0,32,57.14,1,0
IPL_2025_043,1,PBKS,Rilee Rossouw,47,33,2,1,142.42,lbw b Chahal,0,14,29.79,0,0
IPL_2025_043,1,PBKS,Sam Curran,18,13,0,1,138.46,c & b Narine,0,6,33.33,0,0
IPL_2025_043,2,GT,Shubman Gill,35,22,1,2,159.09,run out,0,16,45.71,0,0
IPL_2025_043,2,GT,Wriddhiman Saha,49,31,2,3,158.06,c Dhoni b Bumrah,0,26,53.06,0,0
IPL_2025_043,2,GT,Sai Sudharsan,19,13,1,0,146.15,run out,0,4,21.05,0,0
IPL_2025_043,2,GT,David Miller,33,27,3,0,122.22,b Cummins,0,12,36.36,0,0
IPL_2025_043,2,GT,Azmatullah Omarzai,24,17,1,1,141.18,c & b Narine,0,10,41.67,0,0
IPL_2025_043,2,GT,Rahul Tewatia,14,10,1,0,140.0,not out,1,4,28.57,0,0
IPL_2025_044,1,GT,Shubman Gill,21,12,1,1,175.0,run out,0,10,47.62,0,0
IPL_2025_044,1,GT,Wriddhiman Saha,21,14,1,1,150.0,run out,0,10,47.62,0,0
IPL_2025_044,1,GT,Sai Sudharsan,45,31,3,1,145.16,lbw b Chahal,0,18,40.0,0,0
IPL_2025_044,1,GT,David Miller,39,31,3,1,125.81,c & b Narine,0,18,46.15,0,0
IPL_2025_044,1,GT,Azmatullah Omarzai,11,9,1,0,122.22,c Dhoni b Bumrah,0,4,36.36,0,0
IPL_2025_044,1,GT,Rahul Tewatia,19,13,1,0,146.15,b Cummins,0,4,21.05,0,0
IPL_2025_044,1,GT,Rashid Khan,14,9,1,0,155.56,run out,0,4,28.57,0,0
IPL_2025_044,1,GT,Shahrukh Khan,1,1,0,0,100.0,not out,1,0,0.0,0,0
IPL_2025_044,2,PBKS,Shikhar Dhawan,36,31,2,1,116.13,c & b Narine,0,14,38.89,0,0
IPL_2025_044,2,PBKS,Jonny Bairstow,11,10,0,0,110.0,c & b Narine,0,0,0.0,0,0
IPL_2025_044,2,PBKS,Prabhsimran Singh,39,31,3,1,125.81,run out,0,18,46.15,0,0
IPL_2025_044,2,PBKS,Rilee Rossouw,11,8,0,0,137.5,c Dhoni b Bumrah,0,0,0.0,0,0
IPL_2025_044,2,PBKS,Sam Curran,40,24,3,2,166.67,c Dhoni b Bumrah,0,24,60.0,0,0
IPL_2025_044,2,PBKS,Jitesh Sharma,18,16,2,0,112.5,b Cummins,0,8,44.44,0,0
IPL_2025_045,1,KKR,Phil Salt,22,12,1,1,183.33,c Dhoni b Bumrah,0,10,45.45,0,0
IPL_2025_045,1,KKR,Sunil Narine,14,8,0,0,175.0,c Dhoni b Bumrah,0,0,0.0,0,0
IPL_2025_045,1,KKR,Venkatesh Iyer,23,14,1,1,164.29,c Dhoni b Bumrah,0,10,43.48,0,0
IPL_2025_045,1,KKR,Shreyas Iyer,29,17,1,1,170.59,c & b Narine,0,10,34.48,0,0
IPL_2025_045,1,KKR,Rinku Singh,54,36,6,1,150.0,c Dhoni b Bumrah,0,30,55.56,1,0
IPL_2025_045,1,KKR,Andre Russell,58,33,3,2,175.76,not out,1,24,41.38,1,0
IPL_2025_045,2,GT,Shubman Gill,64,36,6,2,177.78,b Cummins,0,36,56.25,1,0
IPL_2025_045,2,GT,Wriddhiman Saha,50,29,3,2,172.41,c & b Narine,0,24,48.0,1,0
IPL_2025_045,2,GT,Sai Sudharsan,44,35,3,2,125.71,lbw b Chahal,0,24,54.55,0,0
IPL_2025_045,2,GT,David Miller,32,20,3,1,160.0,b Cummins,0,18,56.25,0,0
IPL_2025_046,1,GT,Shubman Gill,26,15,2,1,173.33,lbw b Chahal,0,14,53.85,0,0
IPL_2025_046,1,GT,Wriddhiman Saha,17,11,1,0,154.55,lbw b Chahal,0,4,23.53,0,0
IPL_2025_046,1,GT,Sai Sudharsan,29,23,1,0,126.09,run out,0,4,13.79,0,0
IPL_2025_046,1,GT,David Miller,50,35,2,1,142.86,c & b Narine,0,14,28.0,1,0
IPL_2025_046,1,GT,Azmatullah Omarzai,53,31,2,2,170.97,run out,0,20,37.74,1,0
IPL_2025_046,1,GT,Rahul Tewatia,5,5,0,0,100.0,not out,1,0,0.0,0,0
IPL_2025_046,2,KKR,Phil Salt,38,30,1,2,126.67,lbw b Chahal,0,16,42.11,0,0
IPL_2025_046,2,KKR,Sunil Narine,37,31,2,1,119.35,run out,0,14,37.84,0,0
IPL_2025_046,2,KKR,Venkatesh Iyer,48,29,4,2,165.52,c Dhoni b Bumrah,0,28,58.33,0,0
IPL_2025_046,2,KKR,Shreyas Iyer,25,15,1,1,166.67,b Cummins,0,10,40.0,0,0
IPL_2025_046,2,KKR,Rinku Singh,26,15,1,1,173.33,lbw b Chahal,0,10,38.46,0,0
IPL_2025_047,1,KKR,Phil Salt,45,35,4,1,128.57,b Cummins,0,22,48.89,0,0
IPL_2025_047,1,KKR,Sunil Narine,34,26,3,1,130.77,c & b Narine,0,18,52.94,0,0
IPL_2025_047,1,KKR,Venkatesh Iyer,21,12,1,0,175.0,lbw b Chahal,0,4,19.05,0,0
IPL_2025_047,1,KKR,Shreyas Iyer,29,19,2,1,152.63,c Dhoni b Bumrah,0,14,48.28,0,0
IPL_2025_047,1,KKR,Rinku Singh,39,28,1,1,139.29,not out,1,10,25.64,0,0
IPL_2025_047,2,CSK,Ruturaj Gaikwad,27,20,1,1,135.0,run out,0,10,37.04,0,0
IPL_2025_047,2,CSK,Rachin Ravindra,49,33,4,1,148.48,c & b Narine,0,22,44.9,0,0
IPL_2025_047,2,CSK,Ajinkya Rahane,18,12,1,0,150.0,lbw b Chahal,0,4,22.22,0,0
IPL_2025_047,2,CSK,Daryl Mitchell,49,36,3,2,136.11,lbw b Chahal,0,24,48.98,0,0
IPL_2025_047,2,CSK,Shivam Dube,24,19,2,0,126.32,not out,1,8,33.33,0,0
IPL_2025_048,1,LSG,KL Rahul,29,21,3,1,138.1,c & b Narine,0,18,62.07,0,0
IPL_2025_048,1,LSG,Quinton de Kock,38,27,2,1,140.74,c Dhoni b Bumrah,0,14,36.84,0,0
IPL_2025_048,1,LSG,Marcus Stoinis,29,19,2,1,152.63,run out,0,14,48.28,0,0
IPL_2025_048,1,LSG,Nicholas Pooran,43,32,2,2,134.38,b Cummins,0,20,46.51,0,0
IPL_2025_048,1,LSG,Ayush Badoni,13,9,1,0,144.44,run out,0,4,30.77,0,0
IPL_2025_048,1,LSG,Deepak Hooda,18,12,1,1,150.0,c & b Narine,0,10,55.56,0,0
IPL_2025_048,2,KKR,Phil Salt,56,31,4,3,180.65,b Cummins,0,34,60.71,1,0
IPL_2025_048,2,KKR,Sunil Narine,20,13,1,0,153.85,c Dhoni b Bumrah,0,4,20.0,0,0
IPL_2025_048,2,KKR,Venkatesh Iyer,36,23,2,1,156.52,b Cummins,0,14,38.89,0,0
IPL_2025_048,2,KKR,Shreyas Iyer,47,36,3,2,130.56,c & b Narine,0,24,51.06,0,0
IPL_2025_048,2,KKR,Rinku Singh,24,17,2,0,141.18,lbw b Chahal,0,8,33.33,0,0
IPL_2025_049,1,CSK,Ruturaj Gaikwad,14,8,1,0,175.0,c Dhoni b Bumrah,0,4,28.57,0,0
IPL_2025_049,1,CSK,Rachin Ravindra,60,37,5,2,162.16,c Dhoni b Bumrah,0,32,53.33,1,0
IPL_2025_049,1,CSK,Ajinkya Rahane,41,33,3,1,124.24,c Dhoni b Bumrah,0,18,43.9,0,0
IPL_2025_049,1,CSK,Daryl Mitchell,31,22,1,1,140.91,b Cummins,0,10,32.26,0,0
IPL_2025_049,1,CSK,Shivam Dube,24,20,2,0,120.0,lbw b Chahal,0,8,33.33,0,0
IPL_2025_049,2,KKR,Phil Salt,51,37,5,2,137.84,lbw b Chahal,0,32,62.75,1,0
IPL_2025_049,2,KKR,Sunil Narine,49,29,3,2,168.97,c Dhoni b Bumrah,0,24,48.98,0,0
IPL_2025_049,2,KKR,Venkatesh Iyer,29,23,2,1,126.09,lbw b Chahal,0,14,48.28,0,0
IPL_2025_049,2,KKR,Shreyas Iyer,41,23,2,2,178.26,lbw b Chahal,0,20,48.78,0,0
IPL_2025_049,2,KKR,Rinku Singh,10,8,0,0,125.0,b Cummins,0,0,0.0,0,0
IPL_2025_050,1,MI,Rohit Sharma,15,13,0,0,115.38,lbw b Chahal,0,0,0.0,0,0
IPL_2025_050,1,MI,Ishan Kishan,34,27,1,1,125.93,c & b Narine,0,10,29.41,0,0
IPL_2025_050,1,MI,Suryakumar Yadav,21,15,2,0,140.0,b Cummins,0,8,38.1,0,0
IPL_2025_050,1,MI,Tilak Varma,38,25,2,0,152.0,b Cummins,0,8,21.05,0,0
IPL_2025_050,1,MI,Hardik Pandya,33,24,2,1,137.5,lbw b Chahal,0,14,42.42,0,0
IPL_2025_050,1,MI,Tim David,11,10,1,0,110.0,c & b Narine,0,4,36.36,0,0
IPL_2025_050,1,MI,Romario Shepherd,7,6,0,0,116.67,lbw b Chahal,0,0,0.0,0,0
IPL_2025_050,2,DC,David Warner,27,16,1,1,168.75,lbw b Chahal,0,10,37.04,0,0
IPL_2025_050,2,DC,Prithvi Shaw,10,9,1,0,111.11,c & b Narine,0,4,40.0,0,0
IPL_2025_050,2,DC,Jake Fraser-McGurk,64,38,5,1,168.42,run out,0,26,40.62,1,0
IPL_2025_050,2,DC,Rishabh Pant,42,26,1,2,161.54,lbw b Chahal,0,16,38.1,0,0
IPL_2025_050,2,DC,Tristan Stubbs,20,15,1,1,133.33,c Dhoni b Bumrah,0,10,50.0,0,0
IPL_2025_051,1,RR,Yashasvi Jaiswal,13,11,1,0,118.18,c Dhoni b Bumrah,0,4,30.77,0,0
IPL_2025_051,1,RR,Jos Buttler,20,15,0,1,133.33,lbw b Chahal,0,6,30.0,0,0
IPL_2025_051,1,RR,Sanju Samson,49,30,3,1,163.33,c Dhoni b Bumrah,0,18,36.73,0,0
IPL_2025_051,1,RR,Riyan Parag,29,19,1,1,152.63,c Dhoni b Bumrah,0,10,34.48,0,0
IPL_2025_051,1,RR,Dhruv Jurel,52,35,4,1,148.57,c Dhoni b Bumrah,0,22,42.31,1,0
IPL_2025_051,1,RR,Shimron Hetmyer,14,10,1,0,140.0,not out,1,4,28.57,0,0
IPL_2025_051,2,MI,Rohit Sharma,21,14,2,0,150.0,lbw b Chahal,0,8,38.1,0,0
IPL_2025_051,2,MI,Ishan Kishan,43,29,4,1,148.28,c & b Narine,0,22,51.16,0,0
IPL_2025_051,2,MI,Suryakumar Yadav,43,34,3,2,126.47,b Cummins,0,24,55.81,0,0
IPL_2025_051,2,MI,Tilak Varma,17,13,0,1,130.77,c Dhoni b Bumrah,0,6,35.29,0,0
IPL_2025_051,2,MI,Hardik Pandya,36,23,3,1,156.52,c Dhoni b Bumrah,0,18,50.0,0,0
IPL_2025_051,2,MI,Tim David,11,7,0,0,157.14,not out,1,0,0.0,0,0
IPL_2025_052,1,CSK,Ruturaj Gaikwad,30,26,2,1,115.38,c & b Narine,0,14,46.67,0,0
IPL_2025_052,1,CSK,Rachin Ravindra,42,27,2,1,155.56,c & b Narine,0,14,33.33,0,0
IPL_2025_052,1,CSK,Ajinkya Rahane,41,23,2,1,178.26,c & b Narine,0,14,34.15,0,0
IPL_2025_052,1,CSK,Daryl Mitchell,11,9,1,0,122.22,run out,0,4,36.36,0,0
IPL_2025_052,1,CSK,Shivam Dube,34,27,2,1,125.93,c Dhoni b Bumrah,0,14,41.18,0,0
IPL_2025_052,1,CSK,Ravindra Jadeja,13,8,1,0,162.5,not out,1,4,30.77,0,0
IPL_2025_052,2,SRH,Travis Head,50,34,5,1,147.06,run out,0,26,52.0,1,0
IPL_2025_052,2,SRH,Abhishek Sharma,24,20,1,1,120.0,c Dhoni b Bumrah,0,10,41.67,0,0
IPL_2025_052,2,SRH,Rahul Tripathi,35,27,2,2,129.63,c Dhoni b Bumrah,0,20,57.14,0,0
IPL_2025_052,2,SRH,Aiden Markram,43,26,3,2,165.38,run out,0,24,55.81,0,0
IPL_2025_052,2,SRH,Heinrich Klaasen,22,13,1,0,169.23,run out,0,4,18.18,0,0
IPL_2025_053,1,RR,Yashasvi Jaiswal,64,38,3,2,168.42,c & b Narine,0,24,37.5,1,0
IPL_2025_053,1,RR,Jos Buttler,44,26,4,1,169.23,c & b Narine,0,22,50.0,0,0
IPL_2025_053,1,RR,Sanju Samson,50,30,3,2,166.67,c & b Narine,0,24,48.0,1,0
IPL_2025_053,1,RR,Riyan Parag,30,18,1,1,166.67,b Cummins,0,10,33.33,0,0
IPL_2025_053,1,RR,Dhruv Jurel,10,8,1,0,125.0,not out,1,4,40.0,0,0
IPL_2025_053,2,MI,Rohit Sharma,50,28,1,2,178.57,lbw b Chahal,0,16,32.0,1,0
IPL_2025_053,2,MI,Ishan Kishan,38,29,3,1,131.03,lbw b Chahal,0,18,47.37,0,0
IPL_2025_053,2,MI,Suryakumar Yadav,26,22,1,1,118.18,run out,0,10,38.46,0,0
IPL_2025_053,2,MI,Tilak Varma,29,19,3,0,152.63,c & b Narine,0,12,41.38,0,0
IPL_2025_053,2,MI,Hardik Pandya,31,17,1,1,182.35,lbw b Chahal,0,10,32.26,0,0
IPL_2025_053,2,MI,Tim David,6,5,0,0,120.0,b Cummins,0,0,0.0,0,0
IPL_2025_054,1,SRH,Travis Head,20,15,1,0,133.33,b Cummins,0,4,20.0,0,0
IPL_2025_054,1,SRH,Abhishek Sharma,42,25,1,2,168.0,c Dhoni b Bumrah,0,16,38.1,0,0
IPL_2025_054,1,SRH,Rahul Tripathi,43,36,3,2,119.44,c Dhoni b Bumrah,0,24,55.81,0,0
IPL_2025_054,1,SRH,Aiden Markram,47,32,4,2,146.88,c Dhoni b Bumrah,0,28,59.57,0,0
IPL_2025_054,1,SRH,Heinrich Klaasen,21,12,2,1,175.0,b Cummins,0,14,66.67,0,0
IPL_2025_054,2,RCB,Faf du Plessis,50,38,2,3,131.58,c Dhoni b Bumrah,0,26,52.0,1,0
IPL_2025_054,2,RCB,Virat Kohli,28,17,3,1,164.71,b Cummins,0,18,64.29,0,0
IPL_2025_054,2,RCB,Will Jacks,24,20,1,1,120.0,b Cummins,0,10,41.67,0,0
IPL_2025_054,2,RCB,Rajat Patidar,54,31,2,1,174.19,lbw b Chahal,0,14,25.93,1,0
IPL_2025_054,2,RCB,Glenn Maxwell,17,10,1,0,170.0,c & b Narine,0,4,23.53,0,0
IPL_2025_054,2,RCB,Cameron Green,7,4,0,0,175.0,c Dhoni b Bumrah,0,0,0.0,0,0
IPL_2025_055,1,RCB,Faf du Plessis,37,26,1,2,142.31,run out,0,16,43.24,0,0
IPL_2025_055,1,RCB,Virat Kohli,25,21,2,0,119.05,c Dhoni b Bumrah,0,8,32.0,0,0
IPL_2025_055,1,RCB,Will Jacks,19,13,2,0,146.15,c Dhoni b Bumrah,0,8,42.11,0,0
IPL_2025_055,1,RCB,Rajat Patidar,17,14,2,0,121.43,c & b Narine,0,8,47.06,0,0
IPL_2025_055,1,RCB,Glenn Maxwell,18,11,0,1,163.64,lbw b Chahal,0,6,33.33,0,0
IPL_2025_055,1,RCB,Cameron Green,19,15,1,0,126.67,b Cummins,0,4,21.05,0,0
IPL_2025_055,1,RCB,Dinesh Karthik,29,20,2,1,145.0,not out,1,14,48.28,0,0
IPL_2025_055,2,RR,Yashasvi Jaiswal,20,16,1,1,125.0,c & b Narine,0,10,50.0,0,0
IPL_2025_055,2,RR,Jos Buttler,46,29,2,1,158.62,c Dhoni b Bumrah,0,14,30.43,0,0
IPL_2025_055,2,RR,Sanju Samson,38,26,1,2,146.15,run out,0,16,42.11,0,0
IPL_2025_055,2,RR,Riyan Parag,57,32,2,3,178.12,c Dhoni b Bumrah,0,26,45.61,1,0
IPL_2025_055,2,RR,Dhruv Jurel,22,17,1,1,129.41,run out,0,10,45.45,0,0
IPL_2025_056,1,SRH,Travis Head,41,26,1,2,157.69,lbw b Chahal,0,16,39.02,0,0
IPL_2025_056,1,SRH,Abhishek Sharma,58,34,3,3,170.59,run out,0,30,51.72,1,0
IPL_2025_056,1,SRH,Rahul Tripathi,13,9,0,0,144.44,lbw b Chahal,0,0,0.0,0,0
IPL_2025_056,1,SRH,Aiden Markram,34,24,1,1,141.67,run out,0,10,29.41,0,0
IPL_2025_056,1,SRH,Heinrich Klaasen,30,18,1,1,166.67,b Cummins,0,10,33.33,0,0
IPL_2025_056,1,SRH,Nitish Kumar Reddy,11,9,1,0,122.22,not out,1,4,36.36,0,0
IPL_2025_056,2,CSK,Ruturaj Gaikwad,49,31,2,2,158.06,c Dhoni b Bumrah,0,20,40.82,0,0
IPL_2025_056,2,CSK,Rachin Ravindra,43,30,3,1,143.33,c & b Narine,0,18,41.86,0,0
IPL_2025_056,2,CSK,Ajinkya Rahane,46,33,3,1,139.39,run out,0,18,39.13,0,0
IPL_2025_056,2,CSK,Daryl Mitchell,46,26,2,2,176.92,b Cummins,0,20,43.48,0,0
IPL_2025_057,1,KKR,Phil Salt,22,13,2,0,169.23,b Cummins,0,8,36.36,0,0
IPL_2025_057,1,KKR,Sunil Narine,42,32,4,1,131.25,b Cummins,0,22,52.38,0,0
IPL_2025_057,1,KKR,Venkatesh Iyer,65,36,6,3,180.56,b Cummins,0,42,64.62,1,0
IPL_2025_057,1,KKR,Shreyas Iyer,44,29,2,2,151.72,b Cummins,0,20,45.45,0,0
IPL_2025_057,1,KKR,Rinku Singh,14,10,0,0,140.0,c & b Narine,0,0,0.0,0,0
IPL_2025_057,2,DC,David Warner,15,12,0,0,125.0,c & b Narine,0,0,0.0,0,0
IPL_2025_057,2,DC,Prithvi Shaw,13,10,0,0,130.0,c & b Narine,0,0,0.0,0,0
IPL_2025_057,2,DC,Jake Fraser-McGurk,63,36,5,2,175.0,run out,0,32,50.79,1,0
IPL_2025_057,2,DC,Rishabh Pant,36,21,3,0,171.43,c Dhoni b Bumrah,0,12,33.33,0,0
IPL_2025_057,2,DC,Tristan Stubbs,36,28,3,1,128.57,run out,0,18,50.0,0,0
IPL_2025_057,2,DC,Axar Patel,14,11,1,0,127.27,run out,0,4,28.57,0,0
IPL_2025_057,2,DC,Abishek Porel,2,2,0,0,100.0,not out,1,0,0.0,0,0
IPL_2025_058,1,CSK,Ruturaj Gaikwad,32,20,3,1,160.0,run out,0,18,56.25,0,0
IPL_2025_058,1,CSK,Rachin Ravindra,58,33,3,2,175.76,c Dhoni b Bumrah,0,24,41.38,1,0
IPL_2025_058,1,CSK,Ajinkya Rahane,15,12,1,0,125.0,c & b Narine,0,4,26.67,0,0
IPL_2025_058,1,CSK,Daryl Mitchell,36,29,1,1,124.14,c Dhoni b Bumrah,0,10,27.78,0,0
IPL_2025_058,1,CSK,Shivam Dube,23,13,1,0,176.92,b Cummins,0,4,17.39,0,0
IPL_2025_058,1,CSK,Ravindra Jadeja,23,13,1,1,176.92,c Dhoni b Bumrah,0,10,43.48,0,0
IPL_2025_058,2,GT,Shubman Gill,14,11,0,0,127.27,run out,0,0,0.0,0,0
IPL_2025_058,2,GT,Wriddhiman Saha,45,33,4,1,136.36,c & b Narine,0,22,48.89,0,0
IPL_2025_058,2,GT,Sai Sudharsan,19,17,1,0,111.76,c & b Narine,0,4,21.05,0,0
IPL_2025_058,2,GT,David Miller,36,24,2,1,150.0,b Cummins,0,14,38.89,0,0
IPL_2025_058,2,GT,Azmatullah Omarzai,24,14,2,1,171.43,c & b Narine,0,14,58.33,0,0
IPL_2025_058,2,GT,Rahul Tewatia,33,21,3,1,157.14,not out,1,18,54.55,0,0
IPL_2025_059,1,KKR,Phil Salt,28,24,2,0,116.67,c Dhoni b Bumrah,0,8,28.57,0,0
IPL_2025_059,1,KKR,Sunil Narine,39,29,3,1,134.48,c & b Narine,0,18,46.15,0,0
IPL_2025_059,1,KKR,Venkatesh Iyer,22,14,0,1,157.14,run out,0,6,27.27,0,0
IPL_2025_059,1,KKR,Shreyas Iyer,22,16,0,1,137.5,b Cummins,0,6,27.27,0,0
IPL_2025_059,1,KKR,Rinku Singh,24,18,2,0,133.33,b Cummins,0,8,33.33,0,0
IPL_2025_059,1,KKR,Andre Russell,14,12,1,0,116.67,lbw b Chahal,0,4,28.57,0,0
IPL_2025_059,1,KKR,Ramandeep Singh,11,7,1,0,157.14,not out,1,4,36.36,0,0
IPL_2025_059,2,DC,David Warner,50,31,3,3,161.29,c Dhoni b Bumrah,0,30,60.0,1,0
IPL_2025_059,2,DC,Prithvi Shaw,12,8,1,0,150.0,b Cummins,0,4,33.33,0,0
IPL_2025_059,2,DC,Jake Fraser-McGurk,15,13,1,0,115.38,c Dhoni b Bumrah,0,4,26.67,0,0
IPL_2025_059,2,DC,Rishabh Pant,9,8,0,0,112.5,c & b Narine,0,0,0.0,0,0
IPL_2025_059,2,DC,Tristan Stubbs,25,16,1,0,156.25,b Cummins,0,4,16.0,0,0
IPL_2025_059,2,DC,Axar Patel,58,36,2,3,161.11,not out,1,26,44.83,1,0
IPL_2025_060,1,GT,Shubman Gill,21,15,2,0,140.0,lbw b Chahal,0,8,38.1,0,0
IPL_2025_060,1,GT,Wriddhiman Saha,15,9,0,0,166.67,run out,0,0,0.0,0,0
IPL_2025_060,1,GT,Sai Sudharsan,32,22,1,1,145.45,c & b Narine,0,10,31.25,0,0
IPL_2025_060,1,GT,David Miller,41,29,4,1,141.38,c & b Narine,0,22,53.66,0,0
IPL_2025_060,1,GT,Azmatullah Omarzai,29,22,1,1,131.82,run out,0,10,34.48,0,0
IPL_2025_060,1,GT,Rahul Tewatia,40,23,2,1,173.91,not out,1,14,35.0,0,0
IPL_2025_060,2,MI,Rohit Sharma,28,19,1,1,147.37,lbw b Chahal,0,10,35.71,0,0
IPL_2025_060,2,MI,Ishan Kishan,17,10,1,0,170.0,c Dhoni b Bumrah,0,4,23.53,0,0
IPL_2025_060,2,MI,Suryakumar Yadav,38,23,1,1,165.22,b Cummins,0,10,26.32,0,0
IPL_2025_060,2,MI,Tilak Varma,30,17,2,0,176.47,b Cummins,0,8,26.67,0,0
IPL_2025_060,2,MI,Hardik Pandya,36,22,2,1,163.64,run out,0,14,38.89,0,0
IPL_2025_060,2,MI,Tim David,27,21,2,0,128.57,run out,0,8,29.63,0,0
IPL_2025_060,2,MI,Romario Shepherd,12,8,0,0,150.0,run out,0,0,0.0,0,0
IPL_2025_061,1,KKR,Phil Salt,41,28,3,2,146.43,run out,0,24,58.54,0,0
IPL_2025_061,1,KKR,Sunil Narine,39,22,1,1,177.27,c & b Narine,0,10,25.64,0,0
IPL_2025_061,1,KKR,Venkatesh Iyer,53,32,2,2,165.62,b Cummins,0,20,37.74,1,0
IPL_2025_061,1,KKR,Shreyas Iyer,34,20,2,1,170.0,b Cummins,0,14,41.18,0,0
IPL_2025_061,1,KKR,Rinku Singh,23,15,2,1,153.33,c & b Narine,0,14,60.87,0,0
IPL_2025_061,1,KKR,Andre Russell,4,3,0,0,133.33,not out,1,0,0.0,0,0
IPL_2025_061,2,LSG,KL Rahul,55,33,2,3,166.67,c & b Narine,0,26,47.27,1,0
IPL_2025_061,2,LSG,Quinton de Kock,53,31,2,2,170.97,c & b Narine,0,20,37.74,1,0
IPL_2025_061,2,LSG,Marcus Stoinis,56,36,2,1,155.56,c & b Narine,0,14,25.0,1,0
IPL_2025_061,2,LSG,Nicholas Pooran,19,14,1,1,135.71,c & b Narine,0,10,52.63,0,0
IPL_2025_061,2,LSG,Ayush Badoni,6,6,0,0,100.0,lbw b Chahal,0,0,0.0,0,0
IPL_2025_062,1,KKR,Phil Salt,56,32,3,2,175.0,lbw b Chahal,0,24,42.86,1,0
IPL_2025_062,1,KKR,Sunil Narine,15,9,0,0,166.67,c & b Narine,0,0,0.0,0,0
IPL_2025_062,1,KKR,Venkatesh Iyer,27,17,2,1,158.82,lbw b Chahal,0,14,51.85,0,0
IPL_2025_062,1,KKR,Shreyas Iyer,32,22,1,1,145.45,b Cummins,0,10,31.25,0,0
IPL_2025_062,1,KKR,Rinku Singh,12,8,0,0,150.0,c & b Narine,0,0,0.0,0,0
IPL_2025_062,1,KKR,Andre Russell,38,32,2,2,118.75,not out,1,20,52.63,0,0
IPL_2025_062,2,GT,Shubman Gill,19,11,0,0,172.73,b Cummins,0,0,0.0,0,0
IPL_2025_062,2,GT,Wriddhiman Saha,37,22,3,0,168.18,lbw b Chahal,0,12,32.43,0,0
IPL_2025_062,2,GT,Sai Sudharsan,51,31,5,1,164.52,c Dhoni b Bumrah,0,26,50.98,1,0
IPL_2025_062,2,GT,David Miller,38,29,3,1,131.03,c Dhoni b Bumrah,0,18,47.37,0,0
IPL_2025_062,2,GT,Azmatullah Omarzai,25,18,2,0,138.89,c & b Narine,0,8,32.0,0,0
IPL_2025_062,2,GT,Rahul Tewatia,13,9,1,0,144.44,c & b Narine,0,4,30.77,0,0
IPL_2025_063,1,SRH,Travis Head,39,26,4,1,150.0,lbw b Chahal,0,22,56.41,0,0
IPL_2025_063,1,SRH,Abhishek Sharma,12,8,1,0,150.0,c & b Narine,0,4,33.33,0,0
IPL_2025_063,1,SRH,Rahul Tripathi,26,22,2,1,118.18,b Cummins,0,14,53.85,0,0
IPL_2025_063,1,SRH,Aiden Markram,33,20,3,1,165.0,c Dhoni b Bumrah,0,18,54.55,0,0
IPL_2025_063,1,SRH,Heinrich Klaasen,28,20,2,0,140.0,lbw b Chahal,0,8,28.57,0,0
IPL_2025_063,1,SRH,Nitish Kumar Reddy,24,17,2,1,141.18,c Dhoni b Bumrah,0,14,58.33,0,0
IPL_2025_063,1,SRH,Abdul Samad,9,7,0,0,128.57,run out,0,0,0.0,0,0
IPL_2025_063,2,LSG,KL Rahul,35,30,1,2,116.67,b Cummins,0,16,45.71,0,0
IPL_2025_063,2,LSG,Quinton de Kock,36,31,2,1,116.13,b Cummins,0,14,38.89,0,0
IPL_2025_063,2,LSG,Marcus Stoinis,43,29,1,1,148.28,c Dhoni b Bumrah,0,10,23.26,0,0
IPL_2025_063,2,LSG,Nicholas Pooran,51,30,4,1,170.0,run out,0,22,43.14,1,0
IPL_2025_064,1,MI,Rohit Sharma,13,10,1,0,130.0,b Cummins,0,4,30.77,0,0
IPL_2025_064,1,MI,Ishan Kishan,51,31,3,1,164.52,lbw b Chahal,0,18,35.29,1,0
IPL_2025_064,1,MI,Suryakumar Yadav,13,11,1,0,118.18,b Cummins,0,4,30.77,0,0
IPL_2025_064,1,MI,Tilak Varma,17,12,1,0,141.67,run out,0,4,23.53,0,0
IPL_2025_064,1,MI,Hardik Pandya,14,9,1,0,155.56,lbw b Chahal,0,4,28.57,0,0
IPL_2025_064,1,MI,Tim David,43,29,4,1,148.28,c Dhoni b Bumrah,0,22,51.16,0,0
IPL_2025_064,1,MI,Romario Shepherd,15,11,0,0,136.36,run out,0,0,0.0,0,0
IPL_2025_064,1,MI,Mohammad Nabi,9,7,0,0,128.57,not out,1,0,0.0,0,0
IPL_2025_064,2,RR,Yashasvi Jaiswal,36,23,3,1,156.52,b Cummins,0,18,50.0,0,0
IPL_2025_064,2,RR,Jos Buttler,38,29,2,1,131.03,c Dhoni b Bumrah,0,14,36.84,0,0
IPL_2025_064,2,RR,Sanju Samson,31,19,1,0,163.16,c & b Narine,0,4,12.9,0,0
IPL_2025_064,2,RR,Riyan Parag,23,16,3,0,143.75,b Cummins,0,12,52.17,0,0
IPL_2025_064,2,RR,Dhruv Jurel,40,31,1,2,129.03,run out,0,16,40.0,0,0
IPL_2025_064,2,RR,Shimron Hetmyer,3,2,0,0,150.0,not out,1,0,0.0,0,0
IPL_2025_065,1,CSK,Ruturaj Gaikwad,29,20,2,1,145.0,c Dhoni b Bumrah,0,14,48.28,0,0
IPL_2025_065,1,CSK,Rachin Ravindra,44,34,4,1,129.41,c & b Narine,0,22,50.0,0,0
IPL_2025_065,1,CSK,Ajinkya Rahane,55,38,2,2,144.74,run out,0,20,36.36,1,0
IPL_2025_065,1,CSK,Daryl Mitchell,40,28,1,1,142.86,c Dhoni b Bumrah,0,10,25.0,0,0
IPL_2025_065,2,RR,Yashasvi Jaiswal,50,29,4,2,172.41,c Dhoni b Bumrah,0,28,56.0,1,0
IPL_2025_065,2,RR,Jos Buttler,32,21,2,1,152.38,b Cummins,0,14,43.75,0,0
IPL_2025_065,2,RR,Sanju Samson,17,14,1,1,121.43,c Dhoni b Bumrah,0,10,58.82,0,0
IPL_2025_065,2,RR,Riyan Parag,13,11,0,0,118.18,b Cummins,0,0,0.0,0,0
IPL_2025_065,2,RR,Dhruv Jurel,23,18,1,1,127.78,c Dhoni b Bumrah,0,10,43.48,0,0
IPL_2025_065,2,RR,Shimron Hetmyer,23,13,1,1,176.92,lbw b Chahal,0,10,43.48,0,0
IPL_2025_065,2,RR,Rovman Powell,22,14,1,0,157.14,not out,1,4,18.18,0,0
IPL_2025_066,1,PBKS,Shikhar Dhawan,61,37,4,2,164.86,c & b Narine,0,28,45.9,1,0
IPL_2025_066,1,PBKS,Jonny Bairstow,48,33,4,2,145.45,lbw b Chahal,0,28,58.33,0,0
IPL_2025_066,1,PBKS,Prabhsimran Singh,24,16,1,0,150.0,lbw b Chahal,0,4,16.67,0,0
IPL_2025_066,1,PBKS,Rilee Rossouw,15,9,0,0,166.67,lbw b Chahal,0,0,0.0,0,0
IPL_2025_066,1,PBKS,Sam Curran,9,8,0,0,112.5,run out,0,0,0.0,0,0
IPL_2025_066,1,PBKS,Jitesh Sharma,29,17,2,1,170.59,b Cummins,0,14,48.28,0,0
IPL_2025_066,2,SRH,Travis Head,35,23,1,1,152.17,run out,0,10,28.57,0,0
IPL_2025_066,2,SRH,Abhishek Sharma,20,11,2,0,181.82,lbw b Chahal,0,8,40.0,0,0
IPL_2025_066,2,SRH,Rahul Tripathi,49,31,3,2,158.06,run out,0,24,48.98,0,0
IPL_2025_066,2,SRH,Aiden Markram,27,19,1,1,142.11,c Dhoni b Bumrah,0,10,37.04,0,0
IPL_2025_066,2,SRH,Heinrich Klaasen,46,30,3,2,153.33,lbw b Chahal,0,24,52.17,0,0
IPL_2025_066,2,SRH,Nitish Kumar Reddy,10,6,0,0,166.67,lbw b Chahal,0,0,0.0,0,0
IPL_2025_067,1,MI,Rohit Sharma,23,13,2,1,176.92,c & b Narine,0,14,60.87,0,0
IPL_2025_067,1,MI,Ishan Kishan,67,37,5,2,181.08,run out,0,32,47.76,1,0
IPL_2025_067,1,MI,Suryakumar Yadav,29,18,2,1,161.11,b Cummins,0,14,48.28,0,0
IPL_2025_067,1,MI,Tilak Varma,47,34,2,2,138.24,c Dhoni b Bumrah,0,20,42.55,0,0
IPL_2025_067,1,MI,Hardik Pandya,20,18,1,1,111.11,lbw b Chahal,0,10,50.0,0,0
IPL_2025_067,2,RR,Yashasvi Jaiswal,25,17,2,1,147.06,c Dhoni b Bumrah,0,14,56.0,0,0
IPL_2025_067,2,RR,Jos Buttler,25,18,2,1,138.89,lbw b Chahal,0,14,56.0,0,0
IPL_2025_067,2,RR,Sanju Samson,10,9,1,0,111.11,lbw b Chahal,0,4,40.0,0,0
IPL_2025_067,2,RR,Riyan Parag,33,23,3,1,143.48,c & b Narine,0,18,54.55,0,0
IPL_2025_067,2,RR,Dhruv Jurel,26,17,1,1,152.94,run out,0,10,38.46,0,0
IPL_2025_067,2,RR,Shimron Hetmyer,25,17,2,0,147.06,b Cummins,0,8,32.0,0,0
IPL_2025_067,2,RR,Rovman Powell,26,19,1,0,136.84,lbw b Chahal,0,4,15.38,0,0
IPL_2025_068,1,GT,Shubman Gill,31,19,2,1,163.16,b Cummins,0,14,45.16,0,0
IPL_2025_068,1,GT,Wriddhiman Saha,45,34,4,1,132.35,b Cummins,0,22,48.89,0,0
IPL_2025_068,1,GT,Sai Sudharsan,25,15,2,0,166.67,lbw b Chahal,0,8,32.0,0,0
IPL_2025_068,1,GT,David Miller,29,25,2,1,116.0,c & b Narine,0,14,48.28,0,0
IPL_2025_068,1,GT,Azmatullah Omarzai,45,27,2,1,166.67,c Dhoni b Bumrah,0,14,31.11,0,0
IPL_2025_068,2,PBKS,Shikhar Dhawan,39,24,2,1,162.5,c & b Narine,0,14,35.9,0,0
IPL_2025_068,2,PBKS,Jonny Bairstow,52,30,4,2,173.33,c Dhoni b Bumrah,0,28,53.85,1,0
IPL_2025_068,2,PBKS,Prabhsimran Singh,13,9,1,0,144.44,c Dhoni b Bumrah,0,4,30.77,0,0
IPL_2025_068,2,PBKS,Rilee Rossouw,42,24,2,1,175.0,c & b Narine,0,14,33.33,0,0
IPL_2025_068,2,PBKS,Sam Curran,12,10,1,0,120.0,b Cummins,0,4,33.33,0,0
IPL_2025_068,2,PBKS,Jitesh Sharma,37,23,2,0,160.87,c & b Narine,0,8,21.62,0,0
IPL_2025_069,1,MI,Rohit Sharma,42,27,3,1,155.56,run out,0,18,42.86,0,0
IPL_2025_069,1,MI,Ishan Kishan,43,29,2,1,148.28,b Cummins,0,14,32.56,0,0
IPL_2025_069,1,MI,Suryakumar Yadav,39,26,4,1,150.0,c & b Narine,0,22,56.41,0,0
IPL_2025_069,1,MI,Tilak Varma,51,33,4,1,154.55,b Cummins,0,22,43.14,1,0
IPL_2025_069,1,MI,Hardik Pandya,8,5,1,0,160.0,b Cummins,0,4,50.0,0,0
IPL_2025_069,2,RCB,Faf du Plessis,41,24,2,2,170.83,lbw b Chahal,0,20,48.78,0,0
IPL_2025_069,2,RCB,Virat Kohli,31,23,3,1,134.78,c Dhoni b Bumrah,0,18,58.06,0,0
IPL_2025_069,2,RCB,Will Jacks,24,15,1,1,160.0,c Dhoni b Bumrah,0,10,41.67,0,0
IPL_2025_069,2,RCB,Rajat Patidar,43,33,4,1,130.3,lbw b Chahal,0,22,51.16,0,0
IPL_2025_069,2,RCB,Glenn Maxwell,25,17,2,1,147.06,b Cummins,0,14,56.0,0,0
IPL_2025_069,2,RCB,Cameron Green,9,8,0,0,112.5,not out,1,0,0.0,0,0
IPL_2025_070,1,LSG,KL Rahul,52,33,2,1,157.58,b Cummins,0,14,26.92,1,0
IPL_2025_070,1,LSG,Quinton de Kock,47,26,3,2,180.77,lbw b Chahal,0,24,51.06,0,0
IPL_2025_070,1,LSG,Marcus Stoinis,46,28,2,1,164.29,c & b Narine,0,14,30.43,0,0
IPL_2025_070,1,LSG,Nicholas Pooran,38,27,1,1,140.74,c & b Narine,0,10,26.32,0,0
IPL_2025_070,1,LSG,Ayush Badoni,7,6,0,0,116.67,b Cummins,0,0,0.0,0,0
IPL_2025_070,2,CSK,Ruturaj Gaikwad,32,27,1,1,118.52,c & b Narine,0,10,31.25,0,0
IPL_2025_070,2,CSK,Rachin Ravindra,46,29,2,1,158.62,run out,0,14,30.43,0,0
IPL_2025_070,2,CSK,Ajinkya Rahane,57,34,3,2,167.65,b Cummins,0,24,42.11,1,0
IPL_2025_070,2,CSK,Daryl Mitchell,38,22,2,1,172.73,c & b Narine,0,14,36.84,0,0
IPL_2025_070,2,CSK,Shivam Dube,9,8,0,0,112.5,b Cummins,0,0,0.0,0,0
IPL_2025_071,1,RR,Yashasvi Jaiswal,41,34,4,1,120.59,c Dhoni b Bumrah,0,22,53.66,0,0
IPL_2025_071,1,RR,Jos Buttler,57,37,3,2,154.05,b Cummins,0,24,42.11,1,0
IPL_2025_071,1,RR,Sanju Samson,50,28,1,3,178.57,c & b Narine,0,22,44.0,1,0
IPL_2025_071,1,RR,Riyan Parag,31,18,2,1,172.22,c & b Narine,0,14,45.16,0,0
IPL_2025_071,1,RR,Dhruv Jurel,5,3,0,0,166.67,run out,0,0,0.0,0,0
IPL_2025_071,2,GT,Shubman Gill,17,10,1,0,170.0,run out,0,4,23.53,0,0
IPL_2025_071,2,GT,Wriddhiman Saha,28,16,2,1,175.0,run out,0,14,50.0,0,0
IPL_2025_071,2,GT,Sai Sudharsan,50,28,3,3,178.57,b Cummins,0,30,60.0,1,0
IPL_2025_071,2,GT,David Miller,30,18,2,1,166.67,c Dhoni b Bumrah,0,14,46.67,0,0
IPL_2025_071,2,GT,Azmatullah Omarzai,36,29,2,1,124.14,c Dhoni b Bumrah,0,14,38.89,0,0
IPL_2025_071,2,GT,Rahul Tewatia,10,8,0,0,125.0,c Dhoni b Bumrah,0,0,0.0,0,0
IPL_2025_071,2,GT,Rashid Khan,14,11,1,0,127.27,run out,0,4,28.57,0,0
IPL_2025_072,1,MI,Rohit Sharma,58,34,2,3,170.59,b Cummins,0,26,44.83,1,0
IPL_2025_072,1,MI,Ishan Kishan,39,32,2,2,121.88,lbw b Chahal,0,20,51.28,0,0
IPL_2025_072,1,MI,Suryakumar Yadav,32,20,1,0,160.0,c & b Narine,0,4,12.5,0,0
IPL_2025_072,1,MI,Tilak Varma,46,30,1,3,153.33,lbw b Chahal,0,22,47.83,0,0
IPL_2025_072,1,MI,Hardik Pandya,6,4,0,0,150.0,lbw b Chahal,0,0,0.0,0,0
IPL_2025_072,2,RCB,Faf du Plessis,29,18,1,1,161.11,b Cummins,0,10,34.48,0,0
IPL_2025_072,2,RCB,Virat Kohli,21,18,1,0,116.67,run out,0,4,19.05,0,0
IPL_2025_072,2,RCB,Will Jacks,54,35,4,2,154.29,c Dhoni b Bumrah,0,28,51.85,1,0
IPL_2025_072,2,RCB,Rajat Patidar,23,13,1,1,176.92,b Cummins,0,10,43.48,0,0
IPL_2025_072,2,RCB,Glenn Maxwell,49,31,2,1,158.06,c Dhoni b Bumrah,0,14,28.57,0,0
IPL_2025_072,2,RCB,Cameron Green,8,5,0,0,160.0,not out,1,0,0.0,0,0
IPL_2025_073,1,DC,David Warner,47,27,3,2,174.07,b Cummins,0,24,51.06,0,0
IPL_2025_073,1,DC,Prithvi Shaw,50,37,4,2,135.14,c & b Narine,0,28,56.0,1,0
IPL_2025_073,1,DC,Jake Fraser-McGurk,43,31,1,2,138.71,b Cummins,0,16,37.21,0,0
IPL_2025_073,1,DC,Rishabh Pant,29,25,2,1,116.0,c & b Narine,0,14,48.28,0,0
IPL_2025_073,2,MI,Rohit Sharma,24,17,2,1,141.18,c & b Narine,0,14,58.33,0,0
IPL_2025_073,2,MI,Ishan Kishan,11,9,0,0,122.22,lbw b Chahal,0,0,0.0,0,0
IPL_2025_073,2,MI,Suryakumar Yadav,33,24,2,1,137.5,b Cummins,0,14,42.42,0,0
IPL_2025_073,2,MI,Tilak Varma,58,38,3,2,152.63,c & b Narine,0,24,41.38,1,0
IPL_2025_073,2,MI,Hardik Pandya,46,26,2,1,176.92,lbw b Chahal,0,14,30.43,0,0
IPL_2025_074,1,RCB,Faf du Plessis,56,38,3,3,147.37,b Cummins,0,30,53.57,1,0
IPL_2025_074,1,RCB,Virat Kohli,30,23,2,1,130.43,c & b Narine,0,14,46.67,0,0
IPL_2025_074,1,RCB,Will Jacks,15,11,1,0,136.36,b Cummins,0,4,26.67,0,0
IPL_2025_074,1,RCB,Rajat Patidar,45,27,4,2,166.67,c Dhoni b Bumrah,0,28,62.22,0,0
IPL_2025_074,1,RCB,Glenn Maxwell,32,21,4,0,152.38,not out,1,16,50.0,0,0
IPL_2025_074,2,KKR,Phil Salt,39,30,2,1,130.0,c Dhoni b Bumrah,0,14,35.9,0,0
IPL_2025_074,2,KKR,Sunil Narine,28,20,2,1,140.0,c Dhoni b Bumrah,0,14,50.0,0,0
IPL_2025_074,2,KKR,Venkatesh Iyer,35,21,3,1,166.67,lbw b Chahal,0,18,51.43,0,0
IPL_2025_074,2,KKR,Shreyas Iyer,48,31,1,3,154.84,c & b Narine,0,22,45.83,0,0
IPL_2025_074,2,KKR,Rinku Singh,32,18,1,0,177.78,run out,0,4,12.5,0,0
IPL_2026_001,1,RCB,Faf du Plessis,21,18,1,1,116.67,c Dhoni b Bumrah,0,10,47.62,0,0
IPL_2026_001,1,RCB,Virat Kohli,67,37,5,2,181.08,lbw b Chahal,0,32,47.76,1,0
IPL_2026_001,1,RCB,Will Jacks,42,28,2,2,150.0,lbw b Chahal,0,20,47.62,0,0
IPL_2026_001,1,RCB,Rajat Patidar,15,11,1,0,136.36,lbw b Chahal,0,4,26.67,0,0
IPL_2026_001,1,RCB,Glenn Maxwell,35,26,2,1,134.62,not out,1,14,40.0,0,0
IPL_2026_001,2,SRH,Travis Head,27,16,1,1,168.75,c Dhoni b Bumrah,0,10,37.04,0,0
IPL_2026_001,2,SRH,Abhishek Sharma,20,14,1,1,142.86,lbw b Chahal,0,10,50.0,0,0
IPL_2026_001,2,SRH,Rahul Tripathi,41,25,2,1,164.0,c & b Narine,0,14,34.15,0,0
IPL_2026_001,2,SRH,Aiden Markram,55,32,3,2,171.88,c & b Narine,0,24,43.64,1,0
IPL_2026_001,2,SRH,Heinrich Klaasen,43,24,4,2,179.17,b Cummins,0,28,65.12,0,0
IPL_2026_002,1,RCB,Faf du Plessis,42,35,3,2,120.0,lbw b Chahal,0,24,57.14,0,0
IPL_2026_002,1,RCB,Virat Kohli,52,30,2,3,173.33,run out,0,26,50.0,1,0
IPL_2026_002,1,RCB,Will Jacks,44,32,2,2,137.5,b Cummins,0,20,45.45,0,0
IPL_2026_002,1,RCB,Rajat Patidar,21,16,2,0,131.25,c Dhoni b Bumrah,0,8,38.1,0,0
IPL_2026_002,1,RCB,Glenn Maxwell,10,7,0,0,142.86,b Cummins,0,0,0.0,0,0
IPL_2026_002,2,GT,Shubman Gill,45,27,4,2,166.67,c & b Narine,0,28,62.22,0,0
IPL_2026_002,2,GT,Wriddhiman Saha,36,21,2,1,171.43,run out,0,14,38.89,0,0
IPL_2026_002,2,GT,Sai Sudharsan,20,12,1,0,166.67,c & b Narine,0,4,20.0,0,0
IPL_2026_002,2,GT,David Miller,14,9,1,0,155.56,c Dhoni b Bumrah,0,4,28.57,0,0
IPL_2026_002,2,GT,Azmatullah Omarzai,49,33,2,1,148.48,lbw b Chahal,0,14,28.57,0,0
IPL_2026_002,2,GT,Rahul Tewatia,21,18,1,0,116.67,b Cummins,0,4,19.05,0,0
IPL_2026_003,1,PBKS,Shikhar Dhawan,20,14,1,0,142.86,c & b Narine,0,4,20.0,0,0
IPL_2026_003,1,PBKS,Jonny Bairstow,54,35,2,2,154.29,c Dhoni b Bumrah,0,20,37.04,1,0
IPL_2026_003,1,PBKS,Prabhsimran Singh,15,12,0,0,125.0,c & b Narine,0,0,0.0,0,0
IPL_2026_003,1,PBKS,Rilee Rossouw,28,17,2,1,164.71,run out,0,14,50.0,0,0
IPL_2026_003,1,PBKS,Sam Curran,13,10,0,0,130.0,run out,0,0,0.0,0,0
IPL_2026_003,1,PBKS,Jitesh Sharma,25,15,3,0,166.67,b Cummins,0,12,48.0,0,0
IPL_2026_003,1,PBKS,Shashank Singh,16,10,1,0,160.0,c & b Narine,0,4,25.0,0,0
IPL_2026_003,1,PBKS,Ashutosh Sharma,11,7,0,0,157.14,not out,1,0,0.0,0,0
IPL_2026_003,2,MI,Rohit Sharma,15,11,1,0,136.36,lbw b Chahal,0,4,26.67,0,0
IPL_2026_003,2,MI,Ishan Kishan,68,37,7,2,183.78,lbw b Chahal,0,40,58.82,1,0
IPL_2026_003,2,MI,Suryakumar Yadav,14,11,1,0,127.27,lbw b Chahal,0,4,28.57,0,0
IPL_2026_003,2,MI,Tilak Varma,34,25,1,1,136.0,run out,0,10,29.41,0,0
IPL_2026_003,2,MI,Hardik Pandya,31,27,2,1,114.81,b Cummins,0,14,45.16,0,0
IPL_2026_003,2,MI,Tim David,13,9,1,0,144.44,not out,1,4,30.77,0,0
IPL_2026_004,1,LSG,KL Rahul,26,17,1,1,152.94,lbw b Chahal,0,10,38.46,0,0
IPL_2026_004,1,LSG,Quinton de Kock,41,28,2,1,146.43,c Dhoni b Bumrah,0,14,34.15,0,0
IPL_2026_004,1,LSG,Marcus Stoinis,32,27,1,1,118.52,b Cummins,0,10,31.25,0,0
IPL_2026_004,1,LSG,Nicholas Pooran,25,15,2,1,166.67,c & b Narine,0,14,56.0,0,0
IPL_2026_004,1,LSG,Ayush Badoni,38,21,2,2,180.95,run out,0,20,52.63,0,0
IPL_2026_004,1,LSG,Deepak Hooda,20,12,1,1,166.67,not out,1,10,50.0,0,0
IPL_2026_004,2,CSK,Ruturaj Gaikwad,59,38,4,1,155.26,c Dhoni b Bumrah,0,22,37.29,1,0
IPL_2026_004,2,CSK,Rachin Ravindra,56,36,2,3,155.56,run out,0,26,46.43,1,0
IPL_2026_004,2,CSK,Ajinkya Rahane,19,13,1,0,146.15,lbw b Chahal,0,4,21.05,0,0
IPL_2026_004,2,CSK,Daryl Mitchell,28,19,1,0,147.37,run out,0,4,14.29,0,0
IPL_2026_004,2,CSK,Shivam Dube,22,14,1,0,157.14,lbw b Chahal,0,4,18.18,0,0
IPL_2026_005,1,DC,David Warner,16,11,1,0,145.45,b Cummins,0,4,25.0,0,0
IPL_2026_005,1,DC,Prithvi Shaw,30,22,2,1,136.36,lbw b Chahal,0,14,46.67,0,0
IPL_2026_005,1,DC,Jake Fraser-McGurk,24,21,2,0,114.29,c & b Narine,0,8,33.33,0,0
IPL_2026_005,1,DC,Rishabh Pant,42,25,3,2,168.0,c & b Narine,0,24,57.14,0,0
IPL_2026_005,1,DC,Tristan Stubbs,57,32,3,3,178.12,run out,0,30,52.63,1,0
IPL_2026_005,1,DC,Axar Patel,13,9,1,0,144.44,not out,1,4,30.77,0,0
IPL_2026_005,2,SRH,Travis Head,30,24,3,1,125.0,c & b Narine,0,18,60.0,0,0
IPL_2026_005,2,SRH,Abhishek Sharma,16,12,1,0,133.33,lbw b Chahal,0,4,25.0,0,0
IPL_2026_005,2,SRH,Rahul Tripathi,31,27,3,0,114.81,b Cummins,0,12,38.71,0,0
IPL_2026_005,2,SRH,Aiden Markram,44,30,2,2,146.67,b Cummins,0,20,45.45,0,0
IPL_2026_005,2,SRH,Heinrich Klaasen,31,24,2,1,129.17,c Dhoni b Bumrah,0,14,45.16,0,0
IPL_2026_005,2,SRH,Nitish Kumar Reddy,3,3,0,0,100.0,c Dhoni b Bumrah,0,0,0.0,0,0
IPL_2026_006,1,GT,Shubman Gill,22,14,1,0,157.14,b Cummins,0,4,18.18,0,0
IPL_2026_006,1,GT,Wriddhiman Saha,36,20,2,2,180.0,b Cummins,0,20,55.56,0,0
IPL_2026_006,1,GT,Sai Sudharsan,20,11,0,1,181.82,run out,0,6,30.0,0,0
IPL_2026_006,1,GT,David Miller,18,14,1,0,128.57,c & b Narine,0,4,22.22,0,0
IPL_2026_006,1,GT,Azmatullah Omarzai,43,28,3,1,153.57,lbw b Chahal,0,18,41.86,0,0
IPL_2026_006,1,GT,Rahul Tewatia,43,33,2,2,130.3,not out,1,20,46.51,0,0
IPL_2026_006,2,SRH,Travis Head,53,38,4,2,139.47,c & b Narine,0,28,52.83,1,0
IPL_2026_006,2,SRH,Abhishek Sharma,55,38,2,3,144.74,c Dhoni b Bumrah,0,26,47.27,1,0
IPL_2026_006,2,SRH,Rahul Tripathi,56,31,5,3,180.65,lbw b Chahal,0,38,67.86,1,0
IPL_2026_006,2,SRH,Aiden Markram,18,13,2,0,138.46,lbw b Chahal,0,8,44.44,0,0
IPL_2026_007,1,MI,Rohit Sharma,26,17,1,1,152.94,b Cummins,0,10,38.46,0,0
IPL_2026_007,1,MI,Ishan Kishan,32,20,3,0,160.0,lbw b Chahal,0,12,37.5,0,0
IPL_2026_007,1,MI,Suryakumar Yadav,33,23,1,2,143.48,lbw b Chahal,0,16,48.48,0,0
IPL_2026_007,1,MI,Tilak Varma,9,8,0,0,112.5,c & b Narine,0,0,0.0,0,0
IPL_2026_007,1,MI,Hardik Pandya,14,9,1,0,155.56,b Cummins,0,4,28.57,0,0
IPL_2026_007,1,MI,Tim David,51,38,4,1,134.21,b Cummins,0,22,43.14,1,0
IPL_2026_007,1,MI,Romario Shepherd,8,5,1,0,160.0,not out,1,4,50.0,0,0
IPL_2026_007,2,DC,David Warner,20,14,1,0,142.86,c Dhoni b Bumrah,0,4,20.0,0,0
IPL_2026_007,2,DC,Prithvi Shaw,15,10,1,0,150.0,c & b Narine,0,4,26.67,0,0
IPL_2026_007,2,DC,Jake Fraser-McGurk,33,23,2,2,143.48,b Cummins,0,20,60.61,0,0
IPL_2026_007,2,DC,Rishabh Pant,45,34,3,2,132.35,run out,0,24,53.33,0,0
IPL_2026_007,2,DC,Tristan Stubbs,37,21,3,2,176.19,lbw b Chahal,0,24,64.86,0,0
IPL_2026_007,2,DC,Axar Patel,19,17,1,0,111.76,c & b Narine,0,4,21.05,0,0
IPL_2026_007,2,DC,Abishek Porel,1,1,0,0,100.0,not out,1,0,0.0,0,0
IPL_2026_008,1,DC,David Warner,51,28,5,1,182.14,b Cummins,0,26,50.98,1,0
IPL_2026_008,1,DC,Prithvi Shaw,27,20,1,1,135.0,c Dhoni b Bumrah,0,10,37.04,0,0
IPL_2026_008,1,DC,Jake Fraser-McGurk,13,8,1,0,162.5,c & b Narine,0,4,30.77,0,0
IPL_2026_008,1,DC,Rishabh Pant,22,16,1,1,137.5,b Cummins,0,10,45.45,0,0
IPL_2026_008,1,DC,Tristan Stubbs,33,21,1,2,157.14,run out,0,16,48.48,0,0
IPL_2026_008,1,DC,Axar Patel,34,24,3,1,141.67,b Cummins,0,18,52.94,0,0
IPL_2026_008,1,DC,Abishek Porel,4,3,0,0,133.33,not out,1,0,0.0,0,0
IPL_2026_008,2,PBKS,Shikhar Dhawan,28,22,1,1,127.27,lbw b Chahal,0,10,35.71,0,0
IPL_2026_008,2,PBKS,Jonny Bairstow,60,35,2,2,171.43,lbw b Chahal,0,20,33.33,1,0
IPL_2026_008,2,PBKS,Prabhsimran Singh,13,10,1,0,130.0,c Dhoni b Bumrah,0,4,30.77,0,0
IPL_2026_008,2,PBKS,Rilee Rossouw,20,12,1,0,166.67,c Dhoni b Bumrah,0,4,20.0,0,0
IPL_2026_008,2,PBKS,Sam Curran,16,10,1,1,160.0,lbw b Chahal,0,10,62.5,0,0
IPL_2026_008,2,PBKS,Jitesh Sharma,56,31,3,1,180.65,c & b Narine,0,18,32.14,1,0
IPL_2026_009,1,SRH,Travis Head,31,19,1,1,163.16,run out,0,10,32.26,0,0
IPL_2026_009,1,SRH,Abhishek Sharma,44,37,3,1,118.92,c Dhoni b Bumrah,0,18,40.91,0,0
IPL_2026_009,1,SRH,Rahul Tripathi,61,37,4,2,164.86,b Cummins,0,28,45.9,1,0
IPL_2026_009,1,SRH,Aiden Markram,38,23,1,2,165.22,c Dhoni b Bumrah,0,16,42.11,0,0
IPL_2026_009,1,SRH,Heinrich Klaasen,6,4,0,0,150.0,c Dhoni b Bumrah,0,0,0.0,0,0
IPL_2026_009,2,RCB,Faf du Plessis,17,12,1,0,141.67,c & b Narine,0,4,23.53,0,0
IPL_2026_009,2,RCB,Virat Kohli,45,27,1,2,166.67,b Cummins,0,16,35.56,0,0
IPL_2026_009,2,RCB,Will Jacks,29,19,1,1,152.63,c & b Narine,0,10,34.48,0,0
IPL_2026_009,2,RCB,Rajat Patidar,25,17,2,0,147.06,c Dhoni b Bumrah,0,8,32.0,0,0
IPL_2026_009,2,RCB,Glenn Maxwell,27,18,1,1,150.0,run out,0,10,37.04,0,0
IPL_2026_009,2,RCB,Cameron Green,16,11,2,0,145.45,b Cummins,0,8,50.0,0,0
IPL_2026_009,2,RCB,Dinesh Karthik,24,16,2,0,150.0,not out,1,8,33.33,0,0
IPL_2026_010,1,RR,Yashasvi Jaiswal,16,10,2,0,160.0,b Cummins,0,8,50.0,0,0
IPL_2026_010,1,RR,Jos Buttler,41,24,3,1,170.83,b Cummins,0,18,43.9,0,0
IPL_2026_010,1,RR,Sanju Samson,20,14,1,0,142.86,c Dhoni b Bumrah,0,4,20.0,0,0
IPL_2026_010,1,RR,Riyan Parag,21,12,1,1,175.0,run out,0,10,47.62,0,0
IPL_2026_010,1,RR,Dhruv Jurel,27,23,2,1,117.39,b Cummins,0,14,51.85,0,0
IPL_2026_010,1,RR,Shimron Hetmyer,16,12,2,0,133.33,c Dhoni b Bumrah,0,8,50.0,0,0
IPL_2026_010,1,RR,Rovman Powell,28,25,2,1,112.0,lbw b Chahal,0,14,50.0,0,0
IPL_2026_010,2,GT,Shubman Gill,17,11,2,0,154.55,run out,0,8,47.06,0,0
IPL_2026_010,2,GT,Wriddhiman Saha,26,20,2,1,130.0,b Cummins,0,14,53.85,0,0
IPL_2026_010,2,GT,Sai Sudharsan,51,32,2,1,159.38,b Cummins,0,14,27.45,1,0
IPL_2026_010,2,GT,David Miller,21,17,1,1,123.53,run out,0,10,47.62,0,0
IPL_2026_010,2,GT,Azmatullah Omarzai,35,28,1,2,125.0,c Dhoni b Bumrah,0,16,45.71,0,0
IPL_2026_010,2,GT,Rahul Tewatia,19,12,0,0,158.33,not out,1,0,0.0,0,0
IPL_2026_011,1,SRH,Travis Head,29,24,3,0,120.83,lbw b Chahal,0,12,41.38,0,0
IPL_2026_011,1,SRH,Abhishek Sharma,18,15,0,1,120.0,b Cummins,0,6,33.33,0,0
IPL_2026_011,1,SRH,Rahul Tripathi,54,37,4,3,145.95,c & b Narine,0,34,62.96,1,0
IPL_2026_011,1,SRH,Aiden Markram,43,24,2,2,179.17,lbw b Chahal,0,20,46.51,0,0
IPL_2026_011,1,SRH,Heinrich Klaasen,33,20,1,2,165.0,run out,0,16,48.48,0,0
IPL_2026_011,2,GT,Shubman Gill,27,17,1,1,158.82,lbw b Chahal,0,10,37.04,0,0
IPL_2026_011,2,GT,Wriddhiman Saha,15,11,0,0,136.36,lbw b Chahal,0,0,0.0,0,0
IPL_2026_011,2,GT,Sai Sudharsan,10,8,0,0,125.0,lbw b Chahal,0,0,0.0,0,0
IPL_2026_011,2,GT,David Miller,36,28,3,1,128.57,c & b Narine,0,18,50.0,0,0
IPL_2026_011,2,GT,Azmatullah Omarzai,51,35,4,3,145.71,c & b Narine,0,34,66.67,1,0
IPL_2026_011,2,GT,Rahul Tewatia,33,21,2,1,157.14,c & b Narine,0,14,42.42,0,0
IPL_2026_012,1,RR,Yashasvi Jaiswal,66,36,3,4,183.33,run out,0,36,54.55,1,0
IPL_2026_012,1,RR,Jos Buttler,17,10,1,0,170.0,run out,0,4,23.53,0,0
IPL_2026_012,1,RR,Sanju Samson,12,10,0,0,120.0,c Dhoni b Bumrah,0,0,0.0,0,0
IPL_2026_012,1,RR,Riyan Parag,57,32,4,2,178.12,c Dhoni b Bumrah,0,28,49.12,1,0
IPL_2026_012,1,RR,Dhruv Jurel,36,21,4,1,171.43,c & b Narine,0,22,61.11,0,0
IPL_2026_012,1,RR,Shimron Hetmyer,16,11,1,1,145.45,not out,1,10,62.5,0,0
IPL_2026_012,2,PBKS,Shikhar Dhawan,22,18,1,1,122.22,c Dhoni b Bumrah,0,10,45.45,0,0
IPL_2026_012,2,PBKS,Jonny Bairstow,38,27,2,2,140.74,run out,0,20,52.63,0,0
IPL_2026_012,2,PBKS,Prabhsimran Singh,27,15,1,0,180.0,b Cummins,0,4,14.81,0,0
IPL_2026_012,2,PBKS,Rilee Rossouw,60,37,6,2,162.16,run out,0,36,60.0,1,0
IPL_2026_012,2,PBKS,Sam Curran,13,9,1,0,144.44,c Dhoni b Bumrah,0,4,30.77,0,0
IPL_2026_012,2,PBKS,Jitesh Sharma,22,14,1,1,157.14,not out,1,10,45.45,0,0
IPL_2026_013,1,MI,Rohit Sharma,21,18,2,0,116.67,b Cummins,0,8,38.1,0,0
IPL_2026_013,1,MI,Ishan Kishan,14,12,1,0,116.67,run out,0,4,28.57,0,0
IPL_2026_013,1,MI,Suryakumar Yadav,38,33,4,1,115.15,run out,0,22,57.89,0,0
IPL_2026_013,1,MI,Tilak Varma,23,14,1,1,164.29,lbw b Chahal,0,10,43.48,0,0
IPL_2026_013,1,MI,Hardik Pandya,41,34,2,2,120.59,c & b Narine,0,20,48.78,0,0
IPL_2026_013,1,MI,Tim David,16,9,0,0,177.78,not out,1,0,0.0,0,0
IPL_2026_013,2,DC,David Warner,39,22,1,1,177.27,lbw b Chahal,0,10,25.64,0,0
IPL_2026_013,2,DC,Prithvi Shaw,32,26,1,2,123.08,b Cummins,0,16,50.0,0,0
IPL_2026_013,2,DC,Jake Fraser-McGurk,42,27,3,1,155.56,run out,0,18,42.86,0,0
IPL_2026_013,2,DC,Rishabh Pant,21,17,1,1,123.53,run out,0,10,47.62,0,0
IPL_2026_013,2,DC,Tristan Stubbs,39,28,2,1,139.29,b Cummins,0,14,35.9,0,0
IPL_2026_014,1,KKR,Phil Salt,42,31,3,2,135.48,c Dhoni b Bumrah,0,24,57.14,0,0
IPL_2026_014,1,KKR,Sunil Narine,41,25,2,1,164.0,lbw b Chahal,0,14,34.15,0,0
IPL_2026_014,1,KKR,Venkatesh Iyer,47,28,2,1,167.86,c & b Narine,0,14,29.79,0,0
IPL_2026_014,1,KKR,Shreyas Iyer,29,16,1,1,181.25,c Dhoni b Bumrah,0,10,34.48,0,0
IPL_2026_014,1,KKR,Rinku Singh,31,20,2,1,155.0,b Cummins,0,14,45.16,0,0
IPL_2026_014,2,RCB,Faf du Plessis,30,18,1,1,166.67,b Cummins,0,10,33.33,0,0
IPL_2026_014,2,RCB,Virat Kohli,45,35,3,1,128.57,b Cummins,0,18,40.0,0,0
IPL_2026_014,2,RCB,Will Jacks,43,29,3,2,148.28,c Dhoni b Bumrah,0,24,55.81,0,0
IPL_2026_014,2,RCB,Rajat Patidar,56,38,5,2,147.37,run out,0,32,57.14,1,0
IPL_2026_015,1,MI,Rohit Sharma,39,22,2,2,177.27,b Cummins,0,20,51.28,0,0
IPL_2026_015,1,MI,Ishan Kishan,32,22,3,1,145.45,c Dhoni b Bumrah,0,18,56.25,0,0
IPL_2026_015,1,MI,Suryakumar Yadav,42,33,2,1,127.27,c Dhoni b Bumrah,0,14,33.33,0,0
IPL_2026_015,1,MI,Tilak Varma,17,10,1,0,170.0,c & b Narine,0,4,23.53,0,0
IPL_2026_015,1,MI,Hardik Pandya,21,18,1,0,116.67,c & b Narine,0,4,19.05,0,0
IPL_2026_015,1,MI,Tim David,21,15,1,0,140.0,b Cummins,0,4,19.05,0,0
IPL_2026_015,2,CSK,Ruturaj Gaikwad,46,38,3,3,121.05,c Dhoni b Bumrah,0,30,65.22,0,0
IPL_2026_015,2,CSK,Rachin Ravindra,64,35,5,2,182.86,run out,0,32,50.0,1,0
IPL_2026_015,2,CSK,Ajinkya Rahane,16,9,0,0,177.78,b Cummins,0,0,0.0,0,0
IPL_2026_015,2,CSK,Daryl Mitchell,49,34,5,1,144.12,run out,0,26,53.06,0,0
IPL_2026_016,1,RR,Yashasvi Jaiswal,40,27,4,1,148.15,lbw b Chahal,0,22,55.0,0,0
IPL_2026_016,1,RR,Jos Buttler,47,26,3,2,180.77,c Dhoni b Bumrah,0,24,51.06,0,0
IPL_2026_016,1,RR,Sanju Samson,29,20,2,0,145.0,b Cummins,0,8,27.59,0,0
IPL_2026_016,1,RR,Riyan Parag,31,27,3,1,114.81,lbw b Chahal,0,18,58.06,0,0
IPL_2026_016,1,RR,Dhruv Jurel,33,20,1,1,165.0,c Dhoni b Bumrah,0,10,30.3,0,0
IPL_2026_016,2,MI,Rohit Sharma,40,35,2,2,114.29,run out,0,20,50.0,0,0
IPL_2026_016,2,MI,Ishan Kishan,26,16,2,1,162.5,c Dhoni b Bumrah,0,14,53.85,0,0
IPL_2026_016,2,MI,Suryakumar Yadav,49,33,1,3,148.48,c Dhoni b Bumrah,0,22,44.9,0,0
IPL_2026_016,2,MI,Tilak Varma,23,19,1,1,121.05,c Dhoni b Bumrah,0,10,43.48,0,0
IPL_2026_016,2,MI,Hardik Pandya,25,14,1,0,178.57,run out,0,4,16.0,0,0
IPL_2026_016,2,MI,Tim David,3,3,0,0,100.0,run out,0,0,0.0,0,0
IPL_2026_017,1,DC,David Warner,50,32,4,2,156.25,c & b Narine,0,28,56.0,1,0
IPL_2026_017,1,DC,Prithvi Shaw,18,10,2,0,180.0,b Cummins,0,8,44.44,0,0
IPL_2026_017,1,DC,Jake Fraser-McGurk,32,19,2,1,168.42,run out,0,14,43.75,0,0
IPL_2026_017,1,DC,Rishabh Pant,24,17,2,0,141.18,b Cummins,0,8,33.33,0,0
IPL_2026_017,1,DC,Tristan Stubbs,22,17,1,1,129.41,c Dhoni b Bumrah,0,10,45.45,0,0
IPL_2026_017,1,DC,Axar Patel,30,22,2,1,136.36,run out,0,14,46.67,0,0
IPL_2026_017,1,DC,Abishek Porel,4,3,0,0,133.33,run out,0,0,0.0,0,0
IPL_2026_017,2,CSK,Ruturaj Gaikwad,30,21,2,1,142.86,run out,0,14,46.67,0,0
IPL_2026_017,2,CSK,Rachin Ravindra,19,16,1,0,118.75,run out,0,4,21.05,0,0
IPL_2026_017,2,CSK,Ajinkya Rahane,35,25,1,1,140.0,b Cummins,0,10,28.57,0,0
IPL_2026_017,2,CSK,Daryl Mitchell,33,21,1,1,157.14,run out,0,10,30.3,0,0
IPL_2026_017,2,CSK,Shivam Dube,51,36,2,2,141.67,lbw b Chahal,0,20,39.22,1,0
IPL_2026_017,2,CSK,Ravindra Jadeja,1,1,0,0,100.0,not out,1,0,0.0,0,0
IPL_2026_018,1,RCB,Faf du Plessis,20,15,1,0,133.33,c & b Narine,0,4,20.0,0,0
IPL_2026_018,1,RCB,Virat Kohli,56,35,3,3,160.0,c Dhoni b Bumrah,0,30,53.57,1,0
IPL_2026_018,1,RCB,Will Jacks,21,12,1,1,175.0,run out,0,10,47.62,0,0
IPL_2026_018,1,RCB,Rajat Patidar,52,29,2,2,179.31,run out,0,20,38.46,1,0
IPL_2026_018,1,RCB,Glenn Maxwell,33,28,2,1,117.86,lbw b Chahal,0,14,42.42,0,0
IPL_2026_018,1,RCB,Cameron Green,1,1,0,0,100.0,c & b Narine,0,0,0.0,0,0
IPL_2026_018,2,MI,Rohit Sharma,37,28,2,1,132.14,b Cummins,0,14,37.84,0,0
IPL_2026_018,2,MI,Ishan Kishan,37,31,1,2,119.35,run out,0,16,43.24,0,0
IPL_2026_018,2,MI,Suryakumar Yadav,47,35,3,1,134.29,c Dhoni b Bumrah,0,18,38.3,0,0
IPL_2026_018,2,MI,Tilak Varma,29,24,2,0,120.83,lbw b Chahal,0,8,27.59,0,0
IPL_2026_018,2,MI,Hardik Pandya,2,2,0,0,100.0,run out,0,0,0.0,0,0
IPL_2026_019,1,MI,Rohit Sharma,37,31,3,2,119.35,c & b Narine,0,24,64.86,0,0
IPL_2026_019,1,MI,Ishan Kishan,22,14,2,0,157.14,lbw b Chahal,0,8,36.36,0,0
IPL_2026_019,1,MI,Suryakumar Yadav,13,11,0,0,118.18,c & b Narine,0,0,0.0,0,0
IPL_2026_019,1,MI,Tilak Varma,31,25,1,1,124.0,c Dhoni b Bumrah,0,10,32.26,0,0
IPL_2026_019,1,MI,Hardik Pandya,45,37,3,2,121.62,b Cummins,0,24,53.33,0,0
IPL_2026_019,1,MI,Tim David,2,2,0,0,100.0,c & b Narine,0,0,0.0,0,0
IPL_2026_019,2,PBKS,Shikhar Dhawan,49,29,4,1,168.97,b Cummins,0,22,44.9,0,0
IPL_2026_019,2,PBKS,Jonny Bairstow,28,24,2,1,116.67,lbw b Chahal,0,14,50.0,0,0
IPL_2026_019,2,PBKS,Prabhsimran Singh,36,20,3,1,180.0,run out,0,18,50.0,0,0
IPL_2026_019,2,PBKS,Rilee Rossouw,62,36,2,2,172.22,c & b Narine,0,20,32.26,1,0
IPL_2026_020,1,RCB,Faf du Plessis,42,23,4,1,182.61,lbw b Chahal,0,22,52.38,0,0
IPL_2026_020,1,RCB,Virat Kohli,30,18,1,1,166.67,run out,0,10,33.33,0,0
IPL_2026_020,1,RCB,Will Jacks,31,17,1,1,182.35,lbw b Chahal,0,10,32.26,0,0
IPL_2026_020,1,RCB,Rajat Patidar,42,25,2,2,168.0,c Dhoni b Bumrah,0,20,47.62,0,0
IPL_2026_020,1,RCB,Glenn Maxwell,19,12,1,0,158.33,c Dhoni b Bumrah,0,4,21.05,0,0
IPL_2026_020,1,RCB,Cameron Green,43,25,3,2,172.0,not out,1,24,55.81,0,0
IPL_2026_020,2,SRH,Travis Head,36,30,1,2,120.0,lbw b Chahal,0,16,44.44,0,0
IPL_2026_020,2,SRH,Abhishek Sharma,43,27,4,2,159.26,c Dhoni b Bumrah,0,28,65.12,0,0
IPL_2026_020,2,SRH,Rahul Tripathi,43,33,3,1,130.3,lbw b Chahal,0,18,41.86,0,0
IPL_2026_020,2,SRH,Aiden Markram,15,12,1,0,125.0,c & b Narine,0,4,26.67,0,0
IPL_2026_020,2,SRH,Heinrich Klaasen,18,13,1,0,138.46,b Cummins,0,4,22.22,0,0
IPL_2026_020,2,SRH,Nitish Kumar Reddy,6,5,0,0,120.0,run out,0,0,0.0,0,0
IPL_2026_021,1,RCB,Faf du Plessis,49,28,3,3,175.0,c Dhoni b Bumrah,0,30,61.22,0,0
IPL_2026_021,1,RCB,Virat Kohli,18,16,1,0,112.5,b Cummins,0,4,22.22,0,0
IPL_2026_021,1,RCB,Will Jacks,39,28,2,1,139.29,c & b Narine,0,14,35.9,0,0
IPL_2026_021,1,RCB,Rajat Patidar,31,26,2,1,119.23,b Cummins,0,14,45.16,0,0
IPL_2026_021,1,RCB,Glenn Maxwell,27,22,2,0,122.73,c Dhoni b Bumrah,0,8,29.63,0,0
IPL_2026_021,2,LSG,KL Rahul,11,8,1,0,137.5,c Dhoni b Bumrah,0,4,36.36,0,0
IPL_2026_021,2,LSG,Quinton de Kock,45,37,3,1,121.62,run out,0,18,40.0,0,0
IPL_2026_021,2,LSG,Marcus Stoinis,39,31,3,1,125.81,b Cummins,0,18,46.15,0,0
IPL_2026_021,2,LSG,Nicholas Pooran,50,37,3,2,135.14,b Cummins,0,24,48.0,1,0
IPL_2026_021,2,LSG,Ayush Badoni,11,7,1,0,157.14,not out,1,4,36.36,0,0
IPL_2026_022,1,DC,David Warner,39,27,3,2,144.44,run out,0,24,61.54,0,0
IPL_2026_022,1,DC,Prithvi Shaw,16,9,0,0,177.78,b Cummins,0,0,0.0,0,0
IPL_2026_022,1,DC,Jake Fraser-McGurk,29,25,1,1,116.0,lbw b Chahal,0,10,34.48,0,0
IPL_2026_022,1,DC,Rishabh Pant,27,20,1,1,135.0,c & b Narine,0,10,37.04,0,0
IPL_2026_022,1,DC,Tristan Stubbs,30,21,1,1,142.86,lbw b Chahal,0,10,33.33,0,0
IPL_2026_022,1,DC,Axar Patel,22,18,0,1,122.22,not out,1,6,27.27,0,0
IPL_2026_022,2,RR,Yashasvi Jaiswal,64,37,4,4,172.97,c Dhoni b Bumrah,0,40,62.5,1,0
IPL_2026_022,2,RR,Jos Buttler,41,24,2,1,170.83,run out,0,14,34.15,0,0
IPL_2026_022,2,RR,Sanju Samson,23,16,1,1,143.75,b Cummins,0,10,43.48,0,0
IPL_2026_022,2,RR,Riyan Parag,28,20,2,1,140.0,c & b Narine,0,14,50.0,0,0
IPL_2026_022,2,RR,Dhruv Jurel,29,21,2,1,138.1,not out,1,14,48.28,0,0
IPL_2026_023,1,RR,Yashasvi Jaiswal,52,36,3,2,144.44,c Dhoni b Bumrah,0,24,46.15,1,0
IPL_2026_023,1,RR,Jos Buttler,39,26,3,1,150.0,b Cummins,0,18,46.15,0,0
IPL_2026_023,1,RR,Sanju Samson,50,33,1,3,151.52,c Dhoni b Bumrah,0,22,44.0,1,0
IPL_2026_023,1,RR,Riyan Parag,22,16,2,1,137.5,b Cummins,0,14,63.64,0,0
IPL_2026_023,1,RR,Dhruv Jurel,10,9,1,0,111.11,lbw b Chahal,0,4,40.0,0,0
IPL_2026_023,2,DC,David Warner,14,9,0,0,155.56,lbw b Chahal,0,0,0.0,0,0
IPL_2026_023,2,DC,Prithvi Shaw,45,27,4,1,166.67,c Dhoni b Bumrah,0,22,48.89,0,0
IPL_2026_023,2,DC,Jake Fraser-McGurk,25,15,2,0,166.67,lbw b Chahal,0,8,32.0,0,0
IPL_2026_023,2,DC,Rishabh Pant,18,12,1,0,150.0,c & b Narine,0,4,22.22,0,0
IPL_2026_023,2,DC,Tristan Stubbs,40,28,4,1,142.86,lbw b Chahal,0,22,55.0,0,0
IPL_2026_023,2,DC,Axar Patel,16,13,1,0,123.08,b Cummins,0,4,25.0,0,0
IPL_2026_023,2,DC,Abishek Porel,23,16,1,0,143.75,not out,1,4,17.39,0,0
IPL_2026_024,1,RCB,Faf du Plessis,37,21,3,1,176.19,run out,0,18,48.65,0,0
IPL_2026_024,1,RCB,Virat Kohli,48,34,2,2,141.18,c Dhoni b Bumrah,0,20,41.67,0,0
IPL_2026_024,1,RCB,Will Jacks,14,12,0,0,116.67,c & b Narine,0,0,0.0,0,0
IPL_2026_024,1,RCB,Rajat Patidar,45,36,2,1,125.0,c Dhoni b Bumrah,0,14,31.11,0,0
IPL_2026_024,1,RCB,Glenn Maxwell,14,8,1,0,175.0,c & b Narine,0,4,28.57,0,0
IPL_2026_024,1,RCB,Cameron Green,14,9,1,0,155.56,not out,1,4,28.57,0,0
IPL_2026_024,2,KKR,Phil Salt,15,9,0,0,166.67,run out,0,0,0.0,0,0
IPL_2026_024,2,KKR,Sunil Narine,20,14,0,1,142.86,c & b Narine,0,6,30.0,0,0
IPL_2026_024,2,KKR,Venkatesh Iyer,13,9,0,0,144.44,run out,0,0,0.0,0,0
IPL_2026_024,2,KKR,Shreyas Iyer,25,15,2,0,166.67,run out,0,8,32.0,0,0
IPL_2026_024,2,KKR,Rinku Singh,32,27,1,1,118.52,c Dhoni b Bumrah,0,10,31.25,0,0
IPL_2026_024,2,KKR,Andre Russell,16,12,1,0,133.33,c Dhoni b Bumrah,0,4,25.0,0,0
IPL_2026_024,2,KKR,Ramandeep Singh,13,9,1,0,144.44,b Cummins,0,4,30.77,0,0
IPL_2026_024,2,KKR,Mitchell Starc,37,25,3,1,148.0,not out,1,18,48.65,0,0
IPL_2026_025,1,KKR,Phil Salt,21,12,2,0,175.0,run out,0,8,38.1,0,0
IPL_2026_025,1,KKR,Sunil Narine,51,37,3,2,137.84,c & b Narine,0,24,47.06,1,0
IPL_2026_025,1,KKR,Venkatesh Iyer,35,25,2,1,140.0,run out,0,14,40.0,0,0
IPL_2026_025,1,KKR,Shreyas Iyer,47,34,3,1,138.24,b Cummins,0,18,38.3,0,0
IPL_2026_025,1,KKR,Rinku Singh,9,8,0,0,112.5,lbw b Chahal,0,0,0.0,0,0
IPL_2026_025,1,KKR,Andre Russell,6,4,0,0,150.0,run out,0,0,0.0,0,0
IPL_2026_025,2,RR,Yashasvi Jaiswal,12,9,1,0,133.33,run out,0,4,33.33,0,0
IPL_2026_025,2,RR,Jos Buttler,47,29,3,2,162.07,lbw b Chahal,0,24,51.06,0,0
IPL_2026_025,2,RR,Sanju Samson,11,10,1,0,110.0,c & b Narine,0,4,36.36,0,0
IPL_2026_025,2,RR,Riyan Parag,36,21,1,2,171.43,c Dhoni b Bumrah,0,16,44.44,0,0
IPL_2026_025,2,RR,Dhruv Jurel,18,12,1,1,150.0,c & b Narine,0,10,55.56,0,0
IPL_2026_025,2,RR,Shimron Hetmyer,24,14,1,1,171.43,b Cummins,0,10,41.67,0,0
IPL_2026_025,2,RR,Rovman Powell,25,18,1,1,138.89,not out,1,10,40.0,0,0
IPL_2026_026,1,CSK,Ruturaj Gaikwad,52,29,5,2,179.31,b Cummins,0,32,61.54,1,0
IPL_2026_026,1,CSK,Rachin Ravindra,43,37,3,2,116.22,run out,0,24,55.81,0,0
IPL_2026_026,1,CSK,Ajinkya Rahane,32,19,2,1,168.42,lbw b Chahal,0,14,43.75,0,0
IPL_2026_026,1,CSK,Daryl Mitchell,39,22,2,1,177.27,c & b Narine,0,14,35.9,0,0
IPL_2026_026,1,CSK,Shivam Dube,23,13,2,0,176.92,c & b Narine,0,8,34.78,0,0
IPL_2026_026,2,PBKS,Shikhar Dhawan,24,14,1,1,171.43,c Dhoni b Bumrah,0,10,41.67,0,0
IPL_2026_026,2,PBKS,Jonny Bairstow,23,20,1,1,115.0,b Cummins,0,10,43.48,0,0
IPL_2026_026,2,PBKS,Prabhsimran Singh,39,22,2,1,177.27,c Dhoni b Bumrah,0,14,35.9,0,0
IPL_2026_026,2,PBKS,Rilee Rossouw,13,10,1,0,130.0,lbw b Chahal,0,4,30.77,0,0
IPL_2026_026,2,PBKS,Sam Curran,35,26,3,1,134.62,c & b Narine,0,18,51.43,0,0
IPL_2026_026,2,PBKS,Jitesh Sharma,12,10,0,0,120.0,c & b Narine,0,0,0.0,0,0
IPL_2026_026,2,PBKS,Shashank Singh,28,18,2,1,155.56,not out,1,14,50.0,0,0
IPL_2026_027,1,SRH,Travis Head,12,8,1,0,150.0,lbw b Chahal,0,4,33.33,0,0
IPL_2026_027,1,SRH,Abhishek Sharma,15,13,1,0,115.38,lbw b Chahal,0,4,26.67,0,0
IPL_2026_027,1,SRH,Rahul Tripathi,12,10,1,0,120.0,lbw b Chahal,0,4,33.33,0,0
IPL_2026_027,1,SRH,Aiden Markram,64,35,4,3,182.86,c Dhoni b Bumrah,0,34,53.12,1,0
IPL_2026_027,1,SRH,Heinrich Klaasen,48,33,2,1,145.45,c Dhoni b Bumrah,0,14,29.17,0,0
IPL_2026_027,1,SRH,Nitish Kumar Reddy,38,21,3,2,180.95,b Cummins,0,24,63.16,0,0
IPL_2026_027,2,PBKS,Shikhar Dhawan,39,31,3,2,125.81,b Cummins,0,24,61.54,0,0
IPL_2026_027,2,PBKS,Jonny Bairstow,16,12,1,0,133.33,run out,0,4,25.0,0,0
IPL_2026_027,2,PBKS,Prabhsimran Singh,49,35,4,2,140.0,run out,0,28,57.14,0,0
IPL_2026_027,2,PBKS,Rilee Rossouw,48,37,4,2,129.73,c Dhoni b Bumrah,0,28,58.33,0,0
IPL_2026_027,2,PBKS,Sam Curran,5,5,0,0,100.0,not out,1,0,0.0,0,0
IPL_2026_028,1,CSK,Ruturaj Gaikwad,58,34,3,3,170.59,b Cummins,0,30,51.72,1,0
IPL_2026_028,1,CSK,Rachin Ravindra,28,21,3,0,133.33,lbw b Chahal,0,12,42.86,0,0
IPL_2026_028,1,CSK,Ajinkya Rahane,12,8,0,0,150.0,c Dhoni b Bumrah,0,0,0.0,0,0
IPL_2026_028,1,CSK,Daryl Mitchell,34,24,2,1,141.67,c & b Narine,0,14,41.18,0,0
IPL_2026_028,1,CSK,Shivam Dube,38,22,3,1,172.73,c Dhoni b Bumrah,0,18,47.37,0,0
IPL_2026_028,1,CSK,Ravindra Jadeja,17,11,2,0,154.55,run out,0,8,47.06,0,0
IPL_2026_028,2,DC,David Warner,22,17,2,0,129.41,lbw b Chahal,0,8,36.36,0,0
IPL_2026_028,2,DC,Prithvi Shaw,32,26,1,2,123.08,b Cummins,0,16,50.0,0,0
IPL_2026_028,2,DC,Jake Fraser-McGurk,61,38,3,2,160.53,lbw b Chahal,0,24,39.34,1,0
IPL_2026_028,2,DC,Rishabh Pant,41,24,4,1,170.83,c & b Narine,0,22,53.66,0,0
IPL_2026_028,2,DC,Tristan Stubbs,21,15,2,0,140.0,not out,1,8,38.1,0,0
IPL_2026_029,1,RR,Yashasvi Jaiswal,25,14,1,0,178.57,c & b Narine,0,4,16.0,0,0
IPL_2026_029,1,RR,Jos Buttler,36,25,3,1,144.0,c & b Narine,0,18,50.0,0,0
IPL_2026_029,1,RR,Sanju Samson,45,33,4,1,136.36,c Dhoni b Bumrah,0,22,48.89,0,0
IPL_2026_029,1,RR,Riyan Parag,38,28,1,1,135.71,b Cummins,0,10,26.32,0,0
IPL_2026_029,1,RR,Dhruv Jurel,28,20,2,1,140.0,b Cummins,0,14,50.0,0,0
IPL_2026_029,2,GT,Shubman Gill,37,21,3,1,176.19,c Dhoni b Bumrah,0,18,48.65,0,0
IPL_2026_029,2,GT,Wriddhiman Saha,23,15,1,1,153.33,c & b Narine,0,10,43.48,0,0
IPL_2026_029,2,GT,Sai Sudharsan,30,20,1,1,150.0,b Cummins,0,10,33.33,0,0
IPL_2026_029,2,GT,David Miller,62,36,4,2,172.22,c & b Narine,0,28,45.16,1,0
IPL_2026_029,2,GT,Azmatullah Omarzai,23,14,1,1,164.29,lbw b Chahal,0,10,43.48,0,0
IPL_2026_030,1,RR,Yashasvi Jaiswal,31,24,2,1,129.17,b Cummins,0,14,45.16,0,0
IPL_2026_030,1,RR,Jos Buttler,24,14,1,0,171.43,c & b Narine,0,4,16.67,0,0
IPL_2026_030,1,RR,Sanju Samson,29,16,1,1,181.25,c Dhoni b Bumrah,0,10,34.48,0,0
IPL_2026_030,1,RR,Riyan Parag,45,34,4,2,132.35,run out,0,28,62.22,0,0
IPL_2026_030,1,RR,Dhruv Jurel,31,23,2,1,134.78,c Dhoni b Bumrah,0,14,45.16,0,0
IPL_2026_030,1,RR,Shimron Hetmyer,14,9,1,0,155.56,run out,0,4,28.57,0,0
IPL_2026_030,2,LSG,KL Rahul,28,16,2,1,175.0,b Cummins,0,14,50.0,0,0
IPL_2026_030,2,LSG,Quinton de Kock,35,21,2,1,166.67,c & b Narine,0,14,40.0,0,0
IPL_2026_030,2,LSG,Marcus Stoinis,28,22,1,1,127.27,lbw b Chahal,0,10,35.71,0,0
IPL_2026_030,2,LSG,Nicholas Pooran,15,11,1,0,136.36,b Cummins,0,4,26.67,0,0
IPL_2026_030,2,LSG,Ayush Badoni,40,34,4,1,117.65,lbw b Chahal,0,22,55.0,0,0
IPL_2026_030,2,LSG,Deepak Hooda,23,16,1,0,143.75,not out,1,4,17.39,0,0
IPL_2026_031,1,GT,Shubman Gill,40,24,3,1,166.67,c Dhoni b Bumrah,0,18,45.0,0,0
IPL_2026_031,1,GT,Wriddhiman Saha,17,10,1,0,170.0,c Dhoni b Bumrah,0,4,23.53,0,0
IPL_2026_031,1,GT,Sai Sudharsan,15,12,1,0,125.0,run out,0,4,26.67,0,0
IPL_2026_031,1,GT,David Miller,27,22,3,0,122.73,c & b Narine,0,12,44.44,0,0
IPL_2026_031,1,GT,Azmatullah Omarzai,38,29,3,1,131.03,c & b Narine,0,18,47.37,0,0
IPL_2026_031,1,GT,Rahul Tewatia,38,23,3,1,165.22,c & b Narine,0,18,47.37,0,0
IPL_2026_031,2,MI,Rohit Sharma,40,27,2,2,148.15,c Dhoni b Bumrah,0,20,50.0,0,0
IPL_2026_031,2,MI,Ishan Kishan,48,34,2,1,141.18,c & b Narine,0,14,29.17,0,0
IPL_2026_031,2,MI,Suryakumar Yadav,30,21,2,1,142.86,run out,0,14,46.67,0,0
IPL_2026_031,2,MI,Tilak Varma,38,22,2,2,172.73,c Dhoni b Bumrah,0,20,52.63,0,0
IPL_2026_031,2,MI,Hardik Pandya,29,16,3,1,181.25,run out,0,18,62.07,0,0
IPL_2026_032,1,KKR,Phil Salt,52,35,2,3,148.57,run out,0,26,50.0,1,0
IPL_2026_032,1,KKR,Sunil Narine,45,31,2,2,145.16,run out,0,20,44.44,0,0
IPL_2026_032,1,KKR,Venkatesh Iyer,43,33,2,2,130.3,run out,0,20,46.51,0,0
IPL_2026_032,1,KKR,Shreyas Iyer,25,14,2,1,178.57,c Dhoni b Bumrah,0,14,56.0,0,0
IPL_2026_032,1,KKR,Rinku Singh,9,7,0,0,128.57,lbw b Chahal,0,0,0.0,0,0
IPL_2026_032,2,LSG,KL Rahul,42,36,2,2,116.67,c & b Narine,0,20,47.62,0,0
IPL_2026_032,2,LSG,Quinton de Kock,26,21,3,0,123.81,run out,0,12,46.15,0,0
IPL_2026_032,2,LSG,Marcus Stoinis,49,37,3,2,132.43,run out,0,24,48.98,0,0
IPL_2026_032,2,LSG,Nicholas Pooran,21,14,2,0,150.0,b Cummins,0,8,38.1,0,0
IPL_2026_032,2,LSG,Ayush Badoni,21,12,1,0,175.0,b Cummins,0,4,19.05,0,0
IPL_2026_033,1,PBKS,Shikhar Dhawan,42,30,2,1,140.0,c & b Narine,0,14,33.33,0,0
IPL_2026_033,1,PBKS,Jonny Bairstow,29,19,2,1,152.63,run out,0,14,48.28,0,0
IPL_2026_033,1,PBKS,Prabhsimran Singh,17,13,1,0,130.77,lbw b Chahal,0,4,23.53,0,0
IPL_2026_033,1,PBKS,Rilee Rossouw,39,29,3,2,134.48,run out,0,24,61.54,0,0
IPL_2026_033,1,PBKS,Sam Curran,23,18,1,0,127.78,lbw b Chahal,0,4,17.39,0,0
IPL_2026_033,1,PBKS,Jitesh Sharma,12,11,0,0,109.09,run out,0,0,0.0,0,0
IPL_2026_033,2,RR,Yashasvi Jaiswal,18,12,1,1,150.0,b Cummins,0,10,55.56,0,0
IPL_2026_033,2,RR,Jos Buttler,53,35,5,2,151.43,c & b Narine,0,32,60.38,1,0
IPL_2026_033,2,RR,Sanju Samson,19,11,2,0,172.73,b Cummins,0,8,42.11,0,0
IPL_2026_033,2,RR,Riyan Parag,18,12,1,0,150.0,lbw b Chahal,0,4,22.22,0,0
IPL_2026_033,2,RR,Dhruv Jurel,33,25,3,1,132.0,lbw b Chahal,0,18,54.55,0,0
IPL_2026_033,2,RR,Shimron Hetmyer,16,12,0,1,133.33,run out,0,6,37.5,0,0
IPL_2026_033,2,RR,Rovman Powell,15,13,1,0,115.38,not out,1,4,26.67,0,0
IPL_2026_034,1,LSG,KL Rahul,33,29,2,1,113.79,b Cummins,0,14,42.42,0,0
IPL_2026_034,1,LSG,Quinton de Kock,25,17,1,1,147.06,lbw b Chahal,0,10,40.0,0,0
IPL_2026_034,1,LSG,Marcus Stoinis,56,38,3,1,147.37,c & b Narine,0,18,32.14,1,0
IPL_2026_034,1,LSG,Nicholas Pooran,35,20,2,1,175.0,c & b Narine,0,14,40.0,0,0
IPL_2026_034,1,LSG,Ayush Badoni,27,16,3,0,168.75,c & b Narine,0,12,44.44,0,0
IPL_2026_034,2,SRH,Travis Head,32,18,2,1,177.78,run out,0,14,43.75,0,0
IPL_2026_034,2,SRH,Abhishek Sharma,66,36,2,4,183.33,lbw b Chahal,0,32,48.48,1,0
IPL_2026_034,2,SRH,Rahul Tripathi,46,29,4,1,158.62,lbw b Chahal,0,22,47.83,0,0
IPL_2026_034,2,SRH,Aiden Markram,26,23,2,1,113.04,run out,0,14,53.85,0,0
IPL_2026_034,2,SRH,Heinrich Klaasen,19,14,1,0,135.71,b Cummins,0,4,21.05,0,0
IPL_2026_035,1,KKR,Phil Salt,57,31,3,1,183.87,c & b Narine,0,18,31.58,1,0
IPL_2026_035,1,KKR,Sunil Narine,21,17,1,1,123.53,b Cummins,0,10,47.62,0,0
IPL_2026_035,1,KKR,Venkatesh Iyer,48,29,2,2,165.52,b Cummins,0,20,41.67,0,0
IPL_2026_035,1,KKR,Shreyas Iyer,25,19,2,0,131.58,c Dhoni b Bumrah,0,8,32.0,0,0
IPL_2026_035,1,KKR,Rinku Singh,32,24,2,0,133.33,not out,1,8,25.0,0,0
IPL_2026_035,2,LSG,KL Rahul,18,14,1,1,128.57,c Dhoni b Bumrah,0,10,55.56,0,0
IPL_2026_035,2,LSG,Quinton de Kock,30,23,1,1,130.43,c Dhoni b Bumrah,0,10,33.33,0,0
IPL_2026_035,2,LSG,Marcus Stoinis,36,25,2,1,144.0,c Dhoni b Bumrah,0,14,38.89,0,0
IPL_2026_035,2,LSG,Nicholas Pooran,23,14,1,0,164.29,c Dhoni b Bumrah,0,4,17.39,0,0
IPL_2026_035,2,LSG,Ayush Badoni,51,29,3,1,175.86,c Dhoni b Bumrah,0,18,35.29,1,0
IPL_2026_035,2,LSG,Deepak Hooda,25,15,2,1,166.67,run out,0,14,56.0,0,0
IPL_2026_036,1,SRH,Travis Head,38,22,1,2,172.73,c & b Narine,0,16,42.11,0,0
IPL_2026_036,1,SRH,Abhishek Sharma,9,8,0,0,112.5,lbw b Chahal,0,0,0.0,0,0
IPL_2026_036,1,SRH,Rahul Tripathi,33,22,2,1,150.0,b Cummins,0,14,42.42,0,0
IPL_2026_036,1,SRH,Aiden Markram,23,13,2,1,176.92,lbw b Chahal,0,14,60.87,0,0
IPL_2026_036,1,SRH,Heinrich Klaasen,29,22,3,1,131.82,c & b Narine,0,18,62.07,0,0
IPL_2026_036,1,SRH,Nitish Kumar Reddy,39,27,2,2,144.44,c & b Narine,0,20,51.28,0,0
IPL_2026_036,1,SRH,Abdul Samad,8,6,0,0,133.33,not out,1,0,0.0,0,0
IPL_2026_036,2,LSG,KL Rahul,33,27,3,1,122.22,c & b Narine,0,18,54.55,0,0
IPL_2026_036,2,LSG,Quinton de Kock,60,33,6,2,181.82,c & b Narine,0,36,60.0,1,0
IPL_2026_036,2,LSG,Marcus Stoinis,42,28,2,2,150.0,b Cummins,0,20,47.62,0,0
IPL_2026_036,2,LSG,Nicholas Pooran,52,32,3,1,162.5,run out,0,18,34.62,1,0
IPL_2026_037,1,RCB,Faf du Plessis,38,28,3,2,135.71,lbw b Chahal,0,24,63.16,0,0
IPL_2026_037,1,RCB,Virat Kohli,43,29,3,1,148.28,b Cummins,0,18,41.86,0,0
IPL_2026_037,1,RCB,Will Jacks,46,36,3,1,127.78,c & b Narine,0,18,39.13,0,0
IPL_2026_037,1,RCB,Rajat Patidar,25,21,2,0,119.05,c & b Narine,0,8,32.0,0,0
IPL_2026_037,1,RCB,Glenn Maxwell,9,6,1,0,150.0,b Cummins,0,4,44.44,0,0
IPL_2026_037,2,CSK,Ruturaj Gaikwad,48,38,2,1,126.32,b Cummins,0,14,29.17,0,0
IPL_2026_037,2,CSK,Rachin Ravindra,42,31,1,2,135.48,c Dhoni b Bumrah,0,16,38.1,0,0
IPL_2026_037,2,CSK,Ajinkya Rahane,42,36,3,1,116.67,c Dhoni b Bumrah,0,18,42.86,0,0
IPL_2026_037,2,CSK,Daryl Mitchell,21,15,0,1,140.0,lbw b Chahal,0,6,28.57,0,0
IPL_2026_038,1,GT,Shubman Gill,18,12,2,0,150.0,run out,0,8,44.44,0,0
IPL_2026_038,1,GT,Wriddhiman Saha,30,18,2,1,166.67,c Dhoni b Bumrah,0,14,46.67,0,0
IPL_2026_038,1,GT,Sai Sudharsan,40,26,2,1,153.85,lbw b Chahal,0,14,35.0,0,0
IPL_2026_038,1,GT,David Miller,43,26,3,2,165.38,run out,0,24,55.81,0,0
IPL_2026_038,1,GT,Azmatullah Omarzai,11,9,1,0,122.22,lbw b Chahal,0,4,36.36,0,0
IPL_2026_038,1,GT,Rahul Tewatia,36,29,1,2,124.14,not out,1,16,44.44,0,0
IPL_2026_038,2,LSG,KL Rahul,34,24,3,1,141.67,lbw b Chahal,0,18,52.94,0,0
IPL_2026_038,2,LSG,Quinton de Kock,15,10,1,0,150.0,c & b Narine,0,4,26.67,0,0
IPL_2026_038,2,LSG,Marcus Stoinis,53,38,5,2,139.47,c Dhoni b Bumrah,0,32,60.38,1,0
IPL_2026_038,2,LSG,Nicholas Pooran,51,37,4,2,137.84,run out,0,28,54.9,1,0
IPL_2026_038,2,LSG,Ayush Badoni,20,11,2,0,181.82,c Dhoni b Bumrah,0,8,40.0,0,0
IPL_2026_039,1,RR,Yashasvi Jaiswal,50,31,3,1,161.29,run out,0,18,36.0,1,0
IPL_2026_039,1,RR,Jos Buttler,30,19,2,0,157.89,c Dhoni b Bumrah,0,8,26.67,0,0
IPL_2026_039,1,RR,Sanju Samson,53,30,4,2,176.67,lbw b Chahal,0,28,52.83,1,0
IPL_2026_039,1,RR,Riyan Parag,33,25,1,1,132.0,c & b Narine,0,10,30.3,0,0
IPL_2026_039,1,RR,Dhruv Jurel,24,15,1,0,160.0,lbw b Chahal,0,4,16.67,0,0
IPL_2026_039,2,LSG,KL Rahul,34,29,4,0,117.24,lbw b Chahal,0,16,47.06,0,0
IPL_2026_039,2,LSG,Quinton de Kock,61,37,4,3,164.86,run out,0,34,55.74,1,0
IPL_2026_039,2,LSG,Marcus Stoinis,57,33,4,1,172.73,lbw b Chahal,0,22,38.6,1,0
IPL_2026_039,2,LSG,Nicholas Pooran,22,16,1,1,137.5,c & b Narine,0,10,45.45,0,0
IPL_2026_039,2,LSG,Ayush Badoni,8,5,0,0,160.0,c Dhoni b Bumrah,0,0,0.0,0,0
IPL_2026_040,1,PBKS,Shikhar Dhawan,58,37,6,2,156.76,c & b Narine,0,36,62.07,1,0
IPL_2026_040,1,PBKS,Jonny Bairstow,20,17,1,0,117.65,c Dhoni b Bumrah,0,4,20.0,0,0
IPL_2026_040,1,PBKS,Prabhsimran Singh,40,29,2,1,137.93,b Cummins,0,14,35.0,0,0
IPL_2026_040,1,PBKS,Rilee Rossouw,25,19,1,1,131.58,b Cummins,0,10,40.0,0,0
IPL_2026_040,1,PBKS,Sam Curran,30,18,3,1,166.67,not out,1,18,60.0,0,0
IPL_2026_040,2,SRH,Travis Head,19,13,2,0,146.15,b Cummins,0,8,42.11,0,0
IPL_2026_040,2,SRH,Abhishek Sharma,42,24,3,2,175.0,run out,0,24,57.14,0,0
IPL_2026_040,2,SRH,Rahul Tripathi,18,14,1,0,128.57,c Dhoni b Bumrah,0,4,22.22,0,0
IPL_2026_040,2,SRH,Aiden Markram,18,11,1,1,163.64,c Dhoni b Bumrah,0,10,55.56,0,0
IPL_2026_040,2,SRH,Heinrich Klaasen,30,23,2,1,130.43,c & b Narine,0,14,46.67,0,0
IPL_2026_040,2,SRH,Nitish Kumar Reddy,30,22,3,1,136.36,c Dhoni b Bumrah,0,18,60.0,0,0
IPL_2026_040,2,SRH,Abdul Samad,16,13,1,0,123.08,not out,1,4,25.0,0,0
IPL_2026_041,1,LSG,KL Rahul,35,20,3,1,175.0,b Cummins,0,18,51.43,0,0
IPL_2026_041,1,LSG,Quinton de Kock,21,16,1,0,131.25,c Dhoni b Bumrah,0,4,19.05,0,0
IPL_2026_041,1,LSG,Marcus Stoinis,50,30,4,2,166.67,c & b Narine,0,28,56.0,1,0
IPL_2026_041,1,LSG,Nicholas Pooran,49,35,4,1,140.0,b Cummins,0,22,44.9,0,0
IPL_2026_041,1,LSG,Ayush Badoni,24,19,1,0,126.32,c Dhoni b Bumrah,0,4,16.67,0,0
IPL_2026_041,2,DC,David Warner,40,30,3,1,133.33,lbw b Chahal,0,18,45.0,0,0
IPL_2026_041,2,DC,Prithvi Shaw,46,27,3,1,170.37,run out,0,18,39.13,0,0
IPL_2026_041,2,DC,Jake Fraser-McGurk,33,21,2,1,157.14,run out,0,14,42.42,0,0
IPL_2026_041,2,DC,Rishabh Pant,40,24,3,1,166.67,run out,0,18,45.0,0,0
IPL_2026_041,2,DC,Tristan Stubbs,15,13,1,0,115.38,c Dhoni b Bumrah,0,4,26.67,0,0
IPL_2026_041,2,DC,Axar Patel,8,5,0,0,160.0,c & b Narine,0,0,0.0,0,0
IPL_2026_042,1,RR,Yashasvi Jaiswal,63,35,7,2,180.0,lbw b Chahal,0,40,63.49,1,0
IPL_2026_042,1,RR,Jos Buttler,16,9,1,0,177.78,run out,0,4,25.0,0,0
IPL_2026_042,1,RR,Sanju Samson,28,17,2,1,164.71,run out,0,14,50.0,0,0
IPL_2026_042,1,RR,Riyan Parag,19,17,2,0,111.76,lbw b Chahal,0,8,42.11,0,0
IPL_2026_042,1,RR,Dhruv Jurel,15,10,1,0,150.0,c & b Narine,0,4,26.67,0,0
IPL_2026_042,1,RR,Shimron Hetmyer,58,32,4,1,181.25,not out,1,22,37.93,1,0
IPL_2026_042,2,LSG,KL Rahul,31,23,1,1,134.78,lbw b Chahal,0,10,32.26,0,0
IPL_2026_042,2,LSG,Quinton de Kock,24,17,0,1,141.18,c & b Narine,0,6,25.0,0,0
IPL_2026_042,2,LSG,Marcus Stoinis,20,16,2,0,125.0,lbw b Chahal,0,8,40.0,0,0
IPL_2026_042,2,LSG,Nicholas Pooran,50,30,5,1,166.67,lbw b Chahal,0,26,52.0,1,0
IPL_2026_042,2,LSG,Ayush Badoni,20,13,1,0,153.85,lbw b Chahal,0,4,20.0,0,0
IPL_2026_042,2,LSG,Deepak Hooda,37,21,3,1,176.19,not out,1,18,48.65,0,0
IPL_2026_043,1,LSG,KL Rahul,56,31,4,2,180.65,c & b Narine,0,28,50.0,1,0
IPL_2026_043,1,LSG,Quinton de Kock,17,14,1,0,121.43,run out,0,4,23.53,0,0
IPL_2026_043,1,LSG,Marcus Stoinis,12,8,1,0,150.0,run out,0,4,33.33,0,0
IPL_2026_043,1,LSG,Nicholas Pooran,16,14,1,0,114.29,c & b Narine,0,4,25.0,0,0
IPL_2026_043,1,LSG,Ayush Badoni,15,11,1,0,136.36,run out,0,4,26.67,0,0
IPL_2026_043,1,LSG,Deepak Hooda,43,32,3,2,134.38,c & b Narine,0,24,55.81,0,0
IPL_2026_043,1,LSG,Krunal Pandya,14,10,1,0,140.0,not out,1,4,28.57,0,0
IPL_2026_043,2,GT,Shubman Gill,39,24,3,1,162.5,b Cummins,0,18,46.15,0,0
IPL_2026_043,2,GT,Wriddhiman Saha,16,11,1,0,145.45,run out,0,4,25.0,0,0
IPL_2026_043,2,GT,Sai Sudharsan,42,36,2,1,116.67,b Cummins,0,14,33.33,0,0
IPL_2026_043,2,GT,David Miller,59,35,2,2,168.57,run out,0,20,33.9,1,0
IPL_2026_043,2,GT,Azmatullah Omarzai,14,8,1,0,175.0,c & b Narine,0,4,28.57,0,0
IPL_2026_043,2,GT,Rahul Tewatia,8,6,0,0,133.33,b Cummins,0,0,0.0,0,0
IPL_2026_044,1,DC,David Warner,34,22,2,2,154.55,c Dhoni b Bumrah,0,20,58.82,0,0
IPL_2026_044,1,DC,Prithvi Shaw,52,30,3,2,173.33,run out,0,24,46.15,1,0
IPL_2026_044,1,DC,Jake Fraser-McGurk,53,30,5,2,176.67,c & b Narine,0,32,60.38,1,0
IPL_2026_044,1,DC,Rishabh Pant,58,32,3,1,181.25,b Cummins,0,18,31.03,1,0
IPL_2026_044,1,DC,Tristan Stubbs,10,6,0,0,166.67,c & b Narine,0,0,0.0,0,0
IPL_2026_044,2,RR,Yashasvi Jaiswal,31,22,2,1,140.91,lbw b Chahal,0,14,45.16,0,0
IPL_2026_044,2,RR,Jos Buttler,35,26,2,1,134.62,lbw b Chahal,0,14,40.0,0,0
IPL_2026_044,2,RR,Sanju Samson,51,31,2,3,164.52,c & b Narine,0,26,50.98,1,0
IPL_2026_044,2,RR,Riyan Parag,14,8,1,0,175.0,c & b Narine,0,4,28.57,0,0
IPL_2026_044,2,RR,Dhruv Jurel,47,26,3,2,180.77,c Dhoni b Bumrah,0,24,51.06,0,0
IPL_2026_044,2,RR,Shimron Hetmyer,9,7,0,0,128.57,c Dhoni b Bumrah,0,0,0.0,0,0
IPL_2026_045,1,PBKS,Shikhar Dhawan,56,36,4,2,155.56,c Dhoni b Bumrah,0,28,50.0,1,0
IPL_2026_045,1,PBKS,Jonny Bairstow,29,16,2,1,181.25,c & b Narine,0,14,48.28,0,0
IPL_2026_045,1,PBKS,Prabhsimran Singh,36,31,4,1,116.13,b Cummins,0,22,61.11,0,0
IPL_2026_045,1,PBKS,Rilee Rossouw,18,15,0,1,120.0,c Dhoni b Bumrah,0,6,33.33,0,0
IPL_2026_045,1,PBKS,Sam Curran,10,8,0,0,125.0,run out,0,0,0.0,0,0
IPL_2026_045,1,PBKS,Jitesh Sharma,21,14,1,1,150.0,c Dhoni b Bumrah,0,10,47.62,0,0
IPL_2026_045,2,DC,David Warner,47,31,2,1,151.61,run out,0,14,29.79,0,0
IPL_2026_045,2,DC,Prithvi Shaw,13,11,0,0,118.18,lbw b Chahal,0,0,0.0,0,0
IPL_2026_045,2,DC,Jake Fraser-McGurk,37,24,1,1,154.17,c & b Narine,0,10,27.03,0,0
IPL_2026_045,2,DC,Rishabh Pant,55,35,2,3,157.14,c & b Narine,0,26,47.27,1,0
IPL_2026_045,2,DC,Tristan Stubbs,33,19,1,2,173.68,b Cummins,0,16,48.48,0,0
IPL_2026_046,1,CSK,Ruturaj Gaikwad,30,22,2,1,136.36,b Cummins,0,14,46.67,0,0
IPL_2026_046,1,CSK,Rachin Ravindra,61,37,3,3,164.86,run out,0,30,49.18,1,0
IPL_2026_046,1,CSK,Ajinkya Rahane,29,20,1,1,145.0,c & b Narine,0,10,34.48,0,0
IPL_2026_046,1,CSK,Daryl Mitchell,15,10,1,0,150.0,c & b Narine,0,4,26.67,0,0
IPL_2026_046,1,CSK,Shivam Dube,52,30,3,1,173.33,lbw b Chahal,0,18,34.62,1,0
IPL_2026_046,1,CSK,Ravindra Jadeja,1,1,0,0,100.0,b Cummins,0,0,0.0,0,0
IPL_2026_046,2,GT,Shubman Gill,17,11,1,0,154.55,c & b Narine,0,4,23.53,0,0
IPL_2026_046,2,GT,Wriddhiman Saha,27,20,2,1,135.0,c & b Narine,0,14,51.85,0,0
IPL_2026_046,2,GT,Sai Sudharsan,41,26,2,1,157.69,c & b Narine,0,14,34.15,0,0
IPL_2026_046,2,GT,David Miller,45,36,2,2,125.0,run out,0,20,44.44,0,0
IPL_2026_046,2,GT,Azmatullah Omarzai,18,14,1,0,128.57,c Dhoni b Bumrah,0,4,22.22,0,0
IPL_2026_046,2,GT,Rahul Tewatia,17,13,0,0,130.77,lbw b Chahal,0,0,0.0,0,0
IPL_2026_047,1,CSK,Ruturaj Gaikwad,27,22,1,0,122.73,lbw b Chahal,0,4,14.81,0,0
IPL_2026_047,1,CSK,Rachin Ravindra,36,24,1,2,150.0,c Dhoni b Bumrah,0,16,44.44,0,0
IPL_2026_047,1,CSK,Ajinkya Rahane,33,27,2,1,122.22,c Dhoni b Bumrah,0,14,42.42,0,0
IPL_2026_047,1,CSK,Daryl Mitchell,29,21,3,0,138.1,c Dhoni b Bumrah,0,12,41.38,0,0
IPL_2026_047,1,CSK,Shivam Dube,37,21,3,1,176.19,c Dhoni b Bumrah,0,18,48.65,0,0
IPL_2026_047,1,CSK,Ravindra Jadeja,9,5,0,0,180.0,run out,0,0,0.0,0,0
IPL_2026_047,2,RR,Yashasvi Jaiswal,52,32,4,2,162.5,c Dhoni b Bumrah,0,28,53.85,1,0
IPL_2026_047,2,RR,Jos Buttler,32,27,2,1,118.52,run out,0,14,43.75,0,0
IPL_2026_047,2,RR,Sanju Samson,55,32,4,3,171.88,c Dhoni b Bumrah,0,34,61.82,1,0
IPL_2026_047,2,RR,Riyan Parag,39,29,3,1,134.48,c Dhoni b Bumrah,0,18,46.15,0,0
IPL_2026_048,1,MI,Rohit Sharma,32,26,2,1,123.08,lbw b Chahal,0,14,43.75,0,0
IPL_2026_048,1,MI,Ishan Kishan,49,35,4,1,140.0,run out,0,22,44.9,0,0
IPL_2026_048,1,MI,Suryakumar Yadav,69,38,4,3,181.58,lbw b Chahal,0,34,49.28,1,0
IPL_2026_048,1,MI,Tilak Varma,24,21,2,1,114.29,lbw b Chahal,0,14,58.33,0,0
IPL_2026_048,2,CSK,Ruturaj Gaikwad,45,26,3,1,173.08,run out,0,18,40.0,0,0
IPL_2026_048,2,CSK,Rachin Ravindra,19,11,1,1,172.73,c Dhoni b Bumrah,0,10,52.63,0,0
IPL_2026_048,2,CSK,Ajinkya Rahane,26,18,1,1,144.44,c Dhoni b Bumrah,0,10,38.46,0,0
IPL_2026_048,2,CSK,Daryl Mitchell,45,34,2,1,132.35,c & b Narine,0,14,31.11,0,0
IPL_2026_048,2,CSK,Shivam Dube,13,11,0,0,118.18,c & b Narine,0,0,0.0,0,0
IPL_2026_048,2,CSK,Ravindra Jadeja,18,15,1,0,120.0,b Cummins,0,4,22.22,0,0
IPL_2026_048,2,CSK,MS Dhoni,8,5,0,0,160.0,not out,1,0,0.0,0,0
IPL_2026_049,1,PBKS,Shikhar Dhawan,46,38,1,2,121.05,run out,0,16,34.78,0,0
IPL_2026_049,1,PBKS,Jonny Bairstow,34,26,3,1,130.77,run out,0,18,52.94,0,0
IPL_2026_049,1,PBKS,Prabhsimran Singh,30,25,4,0,120.0,c & b Narine,0,16,53.33,0,0
IPL_2026_049,1,PBKS,Rilee Rossouw,31,18,1,1,172.22,lbw b Chahal,0,10,32.26,0,0
IPL_2026_049,1,PBKS,Sam Curran,22,13,1,1,169.23,b Cummins,0,10,45.45,0,0
IPL_2026_049,2,GT,Shubman Gill,33,23,2,1,143.48,b Cummins,0,14,42.42,0,0
IPL_2026_049,2,GT,Wriddhiman Saha,17,13,0,0,130.77,c & b Narine,0,0,0.0,0,0
IPL_2026_049,2,GT,Sai Sudharsan,26,17,2,0,152.94,run out,0,8,30.77,0,0
IPL_2026_049,2,GT,David Miller,35,24,2,2,145.83,run out,0,20,57.14,0,0
IPL_2026_049,2,GT,Azmatullah Omarzai,31,20,1,1,155.0,c Dhoni b Bumrah,0,10,32.26,0,0
IPL_2026_049,2,GT,Rahul Tewatia,36,23,2,1,156.52,not out,1,14,38.89,0,0
IPL_2026_050,1,RCB,Faf du Plessis,19,15,2,0,126.67,c & b Narine,0,8,42.11,0,0
IPL_2026_050,1,RCB,Virat Kohli,58,34,3,2,170.59,c Dhoni b Bumrah,0,24,41.38,1,0
IPL_2026_050,1,RCB,Will Jacks,17,14,0,0,121.43,lbw b Chahal,0,0,0.0,0,0
IPL_2026_050,1,RCB,Rajat Patidar,52,37,4,2,140.54,lbw b Chahal,0,28,53.85,1,0
IPL_2026_050,1,RCB,Glenn Maxwell,35,20,1,1,175.0,b Cummins,0,10,28.57,0,0
IPL_2026_050,2,MI,Rohit Sharma,57,34,4,2,167.65,run out,0,28,49.12,1,0
IPL_2026_050,2,MI,Ishan Kishan,46,31,2,1,148.39,lbw b Chahal,0,14,30.43,0,0
IPL_2026_050,2,MI,Suryakumar Yadav,45,36,3,2,125.0,c Dhoni b Bumrah,0,24,53.33,0,0
IPL_2026_050,2,MI,Tilak Varma,25,19,1,0,131.58,run out,0,4,16.0,0,0
IPL_2026_051,1,DC,David Warner,23,16,1,1,143.75,lbw b Chahal,0,10,43.48,0,0
IPL_2026_051,1,DC,Prithvi Shaw,29,16,2,1,181.25,b Cummins,0,14,48.28,0,0
IPL_2026_051,1,DC,Jake Fraser-McGurk,13,10,1,0,130.0,b Cummins,0,4,30.77,0,0
IPL_2026_051,1,DC,Rishabh Pant,29,19,1,1,152.63,lbw b Chahal,0,10,34.48,0,0
IPL_2026_051,1,DC,Tristan Stubbs,21,14,1,1,150.0,c & b Narine,0,10,47.62,0,0
IPL_2026_051,1,DC,Axar Patel,54,45,2,2,120.0,not out,1,20,37.04,1,0
IPL_2026_051,2,SRH,Travis Head,12,8,1,0,150.0,run out,0,4,33.33,0,0
IPL_2026_051,2,SRH,Abhishek Sharma,47,29,3,1,162.07,run out,0,18,38.3,0,0
IPL_2026_051,2,SRH,Rahul Tripathi,64,36,4,1,177.78,b Cummins,0,22,34.38,1,0
IPL_2026_051,2,SRH,Aiden Markram,20,14,1,0,142.86,b Cummins,0,4,20.0,0,0
IPL_2026_051,2,SRH,Heinrich Klaasen,27,17,2,1,158.82,c & b Narine,0,14,51.85,0,0
IPL_2026_052,1,MI,Rohit Sharma,20,14,1,0,142.86,run out,0,4,20.0,0,0
IPL_2026_052,1,MI,Ishan Kishan,59,37,5,1,159.46,lbw b Chahal,0,26,44.07,1,0
IPL_2026_052,1,MI,Suryakumar Yadav,13,8,1,0,162.5,b Cummins,0,4,30.77,0,0
IPL_2026_052,1,MI,Tilak Varma,20,13,1,0,153.85,lbw b Chahal,0,4,20.0,0,0
IPL_2026_052,1,MI,Hardik Pandya,38,31,3,1,122.58,lbw b Chahal,0,18,47.37,0,0
IPL_2026_052,1,MI,Tim David,29,17,2,0,170.59,not out,1,8,27.59,0,0
IPL_2026_052,2,LSG,KL Rahul,35,22,3,1,159.09,c & b Narine,0,18,51.43,0,0
IPL_2026_052,2,LSG,Quinton de Kock,19,14,2,0,135.71,lbw b Chahal,0,8,42.11,0,0
IPL_2026_052,2,LSG,Marcus Stoinis,47,31,4,2,151.61,run out,0,28,59.57,0,0
IPL_2026_052,2,LSG,Nicholas Pooran,51,35,3,1,145.71,run out,0,18,35.29,1,0
IPL_2026_052,2,LSG,Ayush Badoni,13,9,1,0,144.44,c & b Narine,0,4,30.77,0,0
IPL_2026_052,2,LSG,Deepak Hooda,16,9,2,0,177.78,run out,0,8,50.0,0,0
IPL_2026_053,1,RCB,Faf du Plessis,41,36,2,2,113.89,c & b Narine,0,20,48.78,0,0
IPL_2026_053,1,RCB,Virat Kohli,18,11,1,1,163.64,c Dhoni b Bumrah,0,10,55.56,0,0
IPL_2026_053,1,RCB,Will Jacks,12,11,1,0,109.09,b Cummins,0,4,33.33,0,0
IPL_2026_053,1,RCB,Rajat Patidar,57,34,3,3,167.65,b Cummins,0,30,52.63,1,0
IPL_2026_053,1,RCB,Glenn Maxwell,36,28,2,2,128.57,b Cummins,0,20,55.56,0,0
IPL_2026_053,2,KKR,Phil Salt,19,12,2,0,158.33,lbw b Chahal,0,8,42.11,0,0
IPL_2026_053,2,KKR,Sunil Narine,30,19,1,1,157.89,c Dhoni b Bumrah,0,10,33.33,0,0
IPL_2026_053,2,KKR,Venkatesh Iyer,38,33,2,1,115.15,run out,0,14,36.84,0,0
IPL_2026_053,2,KKR,Shreyas Iyer,39,33,3,2,118.18,b Cummins,0,24,61.54,0,0
IPL_2026_053,2,KKR,Rinku Singh,27,18,2,1,150.0,c Dhoni b Bumrah,0,14,51.85,0,0
IPL_2026_053,2,KKR,Andre Russell,8,5,0,0,160.0,b Cummins,0,0,0.0,0,0
IPL_2026_054,1,RCB,Faf du Plessis,35,23,2,1,152.17,c & b Narine,0,14,40.0,0,0
IPL_2026_054,1,RCB,Virat Kohli,40,24,4,1,166.67,lbw b Chahal,0,22,55.0,0,0
IPL_2026_054,1,RCB,Will Jacks,51,31,4,2,164.52,b Cummins,0,28,54.9,1,0
IPL_2026_054,1,RCB,Rajat Patidar,32,24,1,1,133.33,b Cummins,0,10,31.25,0,0
IPL_2026_054,1,RCB,Glenn Maxwell,24,18,2,1,133.33,c Dhoni b Bumrah,0,14,58.33,0,0
IPL_2026_054,2,LSG,KL Rahul,66,36,3,3,183.33,lbw b Chahal,0,30,45.45,1,0
IPL_2026_054,2,LSG,Quinton de Kock,54,34,4,2,158.82,lbw b Chahal,0,28,51.85,1,0
IPL_2026_054,2,LSG,Marcus Stoinis,44,35,5,1,125.71,b Cummins,0,26,59.09,0,0
IPL_2026_054,2,LSG,Nicholas Pooran,24,15,2,1,160.0,run out,0,14,58.33,0,0
IPL_2026_055,1,MI,Rohit Sharma,11,10,1,0,110.0,c Dhoni b Bumrah,0,4,36.36,0,0
IPL_2026_055,1,MI,Ishan Kishan,34,24,3,1,141.67,b Cummins,0,18,52.94,0,0
IPL_2026_055,1,MI,Suryakumar Yadav,36,28,1,2,128.57,c Dhoni b Bumrah,0,16,44.44,0,0
IPL_2026_055,1,MI,Tilak Varma,19,15,1,1,126.67,c Dhoni b Bumrah,0,10,52.63,0,0
IPL_2026_055,1,MI,Hardik Pandya,23,19,1,1,121.05,c Dhoni b Bumrah,0,10,43.48,0,0
IPL_2026_055,1,MI,Tim David,23,14,1,1,164.29,c & b Narine,0,10,43.48,0,0
IPL_2026_055,1,MI,Romario Shepherd,13,10,1,0,130.0,not out,1,4,30.77,0,0
IPL_2026_055,2,CSK,Ruturaj Gaikwad,21,17,0,1,123.53,c Dhoni b Bumrah,0,6,28.57,0,0
IPL_2026_055,2,CSK,Rachin Ravindra,30,23,2,1,130.43,c & b Narine,0,14,46.67,0,0
IPL_2026_055,2,CSK,Ajinkya Rahane,24,19,2,0,126.32,run out,0,8,33.33,0,0
IPL_2026_055,2,CSK,Daryl Mitchell,49,34,2,3,144.12,run out,0,26,53.06,0,0
IPL_2026_055,2,CSK,Shivam Dube,20,11,1,1,181.82,b Cummins,0,10,50.0,0,0
IPL_2026_055,2,CSK,Ravindra Jadeja,15,11,1,0,136.36,c Dhoni b Bumrah,0,4,26.67,0,0
IPL_2026_055,2,CSK,MS Dhoni,6,5,0,0,120.0,not out,1,0,0.0,0,0
IPL_2026_056,1,RR,Yashasvi Jaiswal,42,37,1,1,113.51,lbw b Chahal,0,10,23.81,0,0
IPL_2026_056,1,RR,Jos Buttler,18,12,1,0,150.0,b Cummins,0,4,22.22,0,0
IPL_2026_056,1,RR,Sanju Samson,45,28,3,1,160.71,run out,0,18,40.0,0,0
IPL_2026_056,1,RR,Riyan Parag,22,19,1,1,115.79,c & b Narine,0,10,45.45,0,0
IPL_2026_056,1,RR,Dhruv Jurel,41,24,3,1,170.83,not out,1,18,43.9,0,0
IPL_2026_056,2,RCB,Faf du Plessis,27,17,2,1,158.82,c Dhoni b Bumrah,0,14,51.85,0,0
IPL_2026_056,2,RCB,Virat Kohli,31,19,1,1,163.16,c Dhoni b Bumrah,0,10,32.26,0,0
IPL_2026_056,2,RCB,Will Jacks,57,38,6,2,150.0,b Cummins,0,36,63.16,1,0
IPL_2026_056,2,RCB,Rajat Patidar,43,24,3,2,179.17,c Dhoni b Bumrah,0,24,55.81,0,0
IPL_2026_056,2,RCB,Glenn Maxwell,36,22,2,1,163.64,not out,1,14,38.89,0,0
IPL_2026_057,1,MI,Rohit Sharma,31,27,2,1,114.81,lbw b Chahal,0,14,45.16,0,0
IPL_2026_057,1,MI,Ishan Kishan,28,21,2,1,133.33,c & b Narine,0,14,50.0,0,0
IPL_2026_057,1,MI,Suryakumar Yadav,53,37,4,2,143.24,c Dhoni b Bumrah,0,28,52.83,1,0
IPL_2026_057,1,MI,Tilak Varma,43,30,4,1,143.33,b Cummins,0,22,51.16,0,0
IPL_2026_057,1,MI,Hardik Pandya,9,5,0,0,180.0,c & b Narine,0,0,0.0,0,0
IPL_2026_057,2,PBKS,Shikhar Dhawan,39,28,2,1,139.29,c & b Narine,0,14,35.9,0,0
IPL_2026_057,2,PBKS,Jonny Bairstow,39,29,2,1,134.48,run out,0,14,35.9,0,0
IPL_2026_057,2,PBKS,Prabhsimran Singh,44,35,5,1,125.71,run out,0,26,59.09,0,0
IPL_2026_057,2,PBKS,Rilee Rossouw,45,28,2,2,160.71,run out,0,20,44.44,0,0
IPL_2026_058,1,GT,Shubman Gill,47,38,2,1,123.68,run out,0,14,29.79,0,0
IPL_2026_058,1,GT,Wriddhiman Saha,44,35,4,1,125.71,run out,0,22,50.0,0,0
IPL_2026_058,1,GT,Sai Sudharsan,60,34,4,3,176.47,c Dhoni b Bumrah,0,34,56.67,1,0
IPL_2026_058,1,GT,David Miller,22,13,1,1,169.23,c Dhoni b Bumrah,0,10,45.45,0,0
IPL_2026_058,2,MI,Rohit Sharma,23,18,2,1,127.78,c Dhoni b Bumrah,0,14,60.87,0,0
IPL_2026_058,2,MI,Ishan Kishan,33,20,2,2,165.0,run out,0,20,60.61,0,0
IPL_2026_058,2,MI,Suryakumar Yadav,26,21,1,1,123.81,lbw b Chahal,0,10,38.46,0,0
IPL_2026_058,2,MI,Tilak Varma,37,22,2,2,168.18,lbw b Chahal,0,20,54.05,0,0
IPL_2026_058,2,MI,Hardik Pandya,22,17,1,1,129.41,b Cummins,0,10,45.45,0,0
IPL_2026_058,2,MI,Tim David,32,22,2,1,145.45,not out,1,14,43.75,0,0
IPL_2026_059,1,DC,David Warner,30,17,1,1,176.47,lbw b Chahal,0,10,33.33,0,0
IPL_2026_059,1,DC,Prithvi Shaw,64,37,3,4,172.97,run out,0,36,56.25,1,0
IPL_2026_059,1,DC,Jake Fraser-McGurk,33,22,1,1,150.0,c & b Narine,0,10,30.3,0,0
IPL_2026_059,1,DC,Rishabh Pant,36,27,3,1,133.33,run out,0,18,50.0,0,0
IPL_2026_059,1,DC,Tristan Stubbs,21,17,1,1,123.53,c Dhoni b Bumrah,0,10,47.62,0,0
IPL_2026_059,2,RCB,Faf du Plessis,20,15,1,0,133.33,b Cummins,0,4,20.0,0,0
IPL_2026_059,2,RCB,Virat Kohli,54,35,3,2,154.29,b Cummins,0,24,44.44,1,0
IPL_2026_059,2,RCB,Will Jacks,51,28,2,1,182.14,c & b Narine,0,14,27.45,1,0
IPL_2026_059,2,RCB,Rajat Patidar,53,31,2,2,170.97,lbw b Chahal,0,20,37.74,1,0
IPL_2026_059,2,RCB,Glenn Maxwell,18,11,1,0,163.64,run out,0,4,22.22,0,0
IPL_2026_060,1,KKR,Phil Salt,40,27,3,1,148.15,b Cummins,0,18,45.0,0,0
IPL_2026_060,1,KKR,Sunil Narine,47,28,4,1,167.86,lbw b Chahal,0,22,46.81,0,0
IPL_2026_060,1,KKR,Venkatesh Iyer,41,26,2,1,157.69,b Cummins,0,14,34.15,0,0
IPL_2026_060,1,KKR,Shreyas Iyer,14,11,1,0,127.27,c & b Narine,0,4,28.57,0,0
IPL_2026_060,1,KKR,Rinku Singh,44,26,2,2,169.23,b Cummins,0,20,45.45,0,0
IPL_2026_060,1,KKR,Andre Russell,3,2,0,0,150.0,run out,0,0,0.0,0,0
IPL_2026_060,2,SRH,Travis Head,66,37,5,3,178.38,c Dhoni b Bumrah,0,38,57.58,1,0
IPL_2026_060,2,SRH,Abhishek Sharma,64,35,6,3,182.86,lbw b Chahal,0,42,65.62,1,0
IPL_2026_060,2,SRH,Rahul Tripathi,18,11,1,0,163.64,b Cummins,0,4,22.22,0,0
IPL_2026_060,2,SRH,Aiden Markram,41,30,3,1,136.67,c & b Narine,0,18,43.9,0,0
IPL_2026_060,2,SRH,Heinrich Klaasen,10,7,0,0,142.86,c & b Narine,0,0,0.0,0,0
IPL_2026_061,1,CSK,Ruturaj Gaikwad,31,17,4,0,182.35,c & b Narine,0,16,51.61,0,0
IPL_2026_061,1,CSK,Rachin Ravindra,23,16,2,0,143.75,b Cummins,0,8,34.78,0,0
IPL_2026_061,1,CSK,Ajinkya Rahane,31,18,2,2,172.22,lbw b Chahal,0,20,64.52,0,0
IPL_2026_061,1,CSK,Daryl Mitchell,13,11,1,0,118.18,run out,0,4,30.77,0,0
IPL_2026_061,1,CSK,Shivam Dube,19,16,2,0,118.75,lbw b Chahal,0,8,42.11,0,0
IPL_2026_061,1,CSK,Ravindra Jadeja,50,42,4,2,119.05,not out,1,28,56.0,1,0
IPL_2026_061,2,LSG,KL Rahul,57,38,2,3,150.0,lbw b Chahal,0,26,45.61,1,0
IPL_2026_061,2,LSG,Quinton de Kock,18,12,1,1,150.0,c Dhoni b Bumrah,0,10,55.56,0,0
IPL_2026_061,2,LSG,Marcus Stoinis,55,32,4,3,171.88,run out,0,34,61.82,1,0
IPL_2026_061,2,LSG,Nicholas Pooran,48,31,1,3,154.84,c Dhoni b Bumrah,0,22,45.83,0,0
IPL_2026_062,1,CSK,Ruturaj Gaikwad,20,13,1,1,153.85,lbw b Chahal,0,10,50.0,0,0
IPL_2026_062,1,CSK,Rachin Ravindra,59,37,4,3,159.46,c & b Narine,0,34,57.63,1,0
IPL_2026_062,1,CSK,Ajinkya Rahane,14,13,1,0,107.69,lbw b Chahal,0,4,28.57,0,0
IPL_2026_062,1,CSK,Daryl Mitchell,32,19,2,1,168.42,lbw b Chahal,0,14,43.75,0,0
IPL_2026_062,1,CSK,Shivam Dube,9,8,0,0,112.5,lbw b Chahal,0,0,0.0,0,0
IPL_2026_062,1,CSK,Ravindra Jadeja,14,10,1,0,140.0,run out,0,4,28.57,0,0
IPL_2026_062,1,CSK,MS Dhoni,32,19,2,2,168.42,c Dhoni b Bumrah,0,20,62.5,0,0
IPL_2026_062,1,CSK,Mitchell Santner,1,1,0,0,100.0,not out,1,0,0.0,0,0
IPL_2026_062,2,PBKS,Shikhar Dhawan,46,36,4,2,127.78,b Cummins,0,28,60.87,0,0
IPL_2026_062,2,PBKS,Jonny Bairstow,47,31,3,1,151.61,run out,0,18,38.3,0,0
IPL_2026_062,2,PBKS,Prabhsimran Singh,63,35,5,1,180.0,c Dhoni b Bumrah,0,26,41.27,1,0
IPL_2026_062,2,PBKS,Rilee Rossouw,23,18,0,1,127.78,c Dhoni b Bumrah,0,6,26.09,0,0
IPL_2026_063,1,PBKS,Shikhar Dhawan,11,8,0,0,137.5,c & b Narine,0,0,0.0,0,0
IPL_2026_063,1,PBKS,Jonny Bairstow,41,30,1,2,136.67,c & b Narine,0,16,39.02,0,0
IPL_2026_063,1,PBKS,Prabhsimran Singh,21,12,2,0,175.0,b Cummins,0,8,38.1,0,0
IPL_2026_063,1,PBKS,Rilee Rossouw,60,35,5,2,171.43,c Dhoni b Bumrah,0,32,53.33,1,0
IPL_2026_063,1,PBKS,Sam Curran,33,20,2,1,165.0,c Dhoni b Bumrah,0,14,42.42,0,0
IPL_2026_063,1,PBKS,Jitesh Sharma,27,15,1,1,180.0,lbw b Chahal,0,10,37.04,0,0
IPL_2026_063,2,DC,David Warner,35,28,3,1,125.0,lbw b Chahal,0,18,51.43,0,0
IPL_2026_063,2,DC,Prithvi Shaw,46,27,2,2,170.37,lbw b Chahal,0,20,43.48,0,0
IPL_2026_063,2,DC,Jake Fraser-McGurk,23,19,3,0,121.05,run out,0,12,52.17,0,0
IPL_2026_063,2,DC,Rishabh Pant,34,22,2,1,154.55,run out,0,14,41.18,0,0
IPL_2026_063,2,DC,Tristan Stubbs,28,23,2,0,121.74,c & b Narine,0,8,28.57,0,0
IPL_2026_063,2,DC,Axar Patel,1,1,0,0,100.0,not out,1,0,0.0,0,0
IPL_2026_064,1,KKR,Phil Salt,27,15,3,0,180.0,c & b Narine,0,12,44.44,0,0
IPL_2026_064,1,KKR,Sunil Narine,42,24,3,2,175.0,lbw b Chahal,0,24,57.14,0,0
IPL_2026_064,1,KKR,Venkatesh Iyer,39,30,1,2,130.0,run out,0,16,41.03,0,0
IPL_2026_064,1,KKR,Shreyas Iyer,50,31,2,1,161.29,c & b Narine,0,14,28.0,1,0
IPL_2026_064,1,KKR,Rinku Singh,16,14,1,0,114.29,b Cummins,0,4,25.0,0,0
IPL_2026_064,1,KKR,Andre Russell,9,6,0,0,150.0,not out,1,0,0.0,0,0
IPL_2026_064,2,PBKS,Shikhar Dhawan,29,19,1,1,152.63,c & b Narine,0,10,34.48,0,0
IPL_2026_064,2,PBKS,Jonny Bairstow,18,13,1,0,138.46,c & b Narine,0,4,22.22,0,0
IPL_2026_064,2,PBKS,Prabhsimran Singh,23,16,1,1,143.75,lbw b Chahal,0,10,43.48,0,0
IPL_2026_064,2,PBKS,Rilee Rossouw,22,12,1,1,183.33,c Dhoni b Bumrah,0,10,45.45,0,0
IPL_2026_064,2,PBKS,Sam Curran,28,19,3,0,147.37,run out,0,12,42.86,0,0
IPL_2026_064,2,PBKS,Jitesh Sharma,49,32,4,1,153.12,c Dhoni b Bumrah,0,22,44.9,0,0
IPL_2026_064,2,PBKS,Shashank Singh,10,9,0,0,111.11,not out,1,0,0.0,0,0
IPL_2026_065,1,LSG,KL Rahul,47,35,2,2,134.29,run out,0,20,42.55,0,0
IPL_2026_065,1,LSG,Quinton de Kock,16,14,2,0,114.29,c Dhoni b Bumrah,0,8,50.0,0,0
IPL_2026_065,1,LSG,Marcus Stoinis,12,8,1,0,150.0,c & b Narine,0,4,33.33,0,0
IPL_2026_065,1,LSG,Nicholas Pooran,30,24,1,1,125.0,c & b Narine,0,10,33.33,0,0
IPL_2026_065,1,LSG,Ayush Badoni,41,25,2,1,164.0,lbw b Chahal,0,14,34.15,0,0
IPL_2026_065,1,LSG,Deepak Hooda,23,14,1,1,164.29,run out,0,10,43.48,0,0
IPL_2026_065,2,GT,Shubman Gill,23,17,3,0,135.29,c & b Narine,0,12,52.17,0,0
IPL_2026_065,2,GT,Wriddhiman Saha,39,30,3,2,130.0,c & b Narine,0,24,61.54,0,0
IPL_2026_065,2,GT,Sai Sudharsan,44,29,3,2,151.72,b Cummins,0,24,54.55,0,0
IPL_2026_065,2,GT,David Miller,19,13,1,0,146.15,c & b Narine,0,4,21.05,0,0
IPL_2026_065,2,GT,Azmatullah Omarzai,28,18,2,1,155.56,lbw b Chahal,0,14,50.0,0,0
IPL_2026_065,2,GT,Rahul Tewatia,16,13,1,0,123.08,not out,1,4,25.0,0,0
IPL_2026_066,1,PBKS,Shikhar Dhawan,66,37,4,4,178.38,lbw b Chahal,0,40,60.61,1,0
IPL_2026_066,1,PBKS,Jonny Bairstow,16,12,1,0,133.33,c Dhoni b Bumrah,0,4,25.0,0,0
IPL_2026_066,1,PBKS,Prabhsimran Singh,41,26,3,2,157.69,lbw b Chahal,0,24,58.54,0,0
IPL_2026_066,1,PBKS,Rilee Rossouw,16,12,1,0,133.33,lbw b Chahal,0,4,25.0,0,0
IPL_2026_066,1,PBKS,Sam Curran,12,11,0,0,109.09,c Dhoni b Bumrah,0,0,0.0,0,0
IPL_2026_066,1,PBKS,Jitesh Sharma,14,12,0,0,116.67,c Dhoni b Bumrah,0,0,0.0,0,0
IPL_2026_066,1,PBKS,Shashank Singh,13,10,0,0,130.0,not out,1,0,0.0,0,0
IPL_2026_066,2,DC,David Warner,33,21,3,1,157.14,c Dhoni b Bumrah,0,18,54.55,0,0
IPL_2026_066,2,DC,Prithvi Shaw,45,25,5,1,180.0,c Dhoni b Bumrah,0,26,57.78,0,0
IPL_2026_066,2,DC,Jake Fraser-McGurk,54,30,1,3,180.0,c & b Narine,0,22,40.74,1,0
IPL_2026_066,2,DC,Rishabh Pant,33,24,2,1,137.5,lbw b Chahal,0,14,42.42,0,0
IPL_2026_066,2,DC,Tristan Stubbs,25,20,2,1,125.0,c Dhoni b Bumrah,0,14,56.0,0,0
IPL_2026_067,1,RR,Yashasvi Jaiswal,13,8,1,0,162.5,run out,0,4,30.77,0,0
IPL_2026_067,1,RR,Jos Buttler,9,8,0,0,112.5,c Dhoni b Bumrah,0,0,0.0,0,0
IPL_2026_067,1,RR,Sanju Samson,24,13,2,0,184.62,b Cummins,0,8,33.33,0,0
IPL_2026_067,1,RR,Riyan Parag,18,12,0,1,150.0,b Cummins,0,6,33.33,0,0
IPL_2026_067,1,RR,Dhruv Jurel,50,38,2,3,131.58,lbw b Chahal,0,26,52.0,1,0
IPL_2026_067,1,RR,Shimron Hetmyer,33,28,1,1,117.86,lbw b Chahal,0,10,30.3,0,0
IPL_2026_067,1,RR,Rovman Powell,13,9,1,0,144.44,run out,0,4,30.77,0,0
IPL_2026_067,1,RR,Ravichandran Ashwin,6,4,0,0,150.0,not out,1,0,0.0,0,0
IPL_2026_067,2,DC,David Warner,36,29,2,2,124.14,run out,0,20,55.56,0,0
IPL_2026_067,2,DC,Prithvi Shaw,15,10,1,0,150.0,c & b Narine,0,4,26.67,0,0
IPL_2026_067,2,DC,Jake Fraser-McGurk,17,13,0,0,130.77,run out,0,0,0.0,0,0
IPL_2026_067,2,DC,Rishabh Pant,17,12,1,0,141.67,lbw b Chahal,0,4,23.53,0,0
IPL_2026_067,2,DC,Tristan Stubbs,35,21,1,2,166.67,run out,0,16,45.71,0,0
IPL_2026_067,2,DC,Axar Patel,63,35,2,4,180.0,not out,1,32,50.79,1,0
IPL_2026_068,1,RR,Yashasvi Jaiswal,57,37,5,3,154.05,run out,0,38,66.67,1,0
IPL_2026_068,1,RR,Jos Buttler,37,21,1,2,176.19,c Dhoni b Bumrah,0,16,43.24,0,0
IPL_2026_068,1,RR,Sanju Samson,58,34,4,2,170.59,c Dhoni b Bumrah,0,28,48.28,1,0
IPL_2026_068,1,RR,Riyan Parag,24,16,1,1,150.0,lbw b Chahal,0,10,41.67,0,0
IPL_2026_068,1,RR,Dhruv Jurel,19,12,1,0,158.33,lbw b Chahal,0,4,21.05,0,0
IPL_2026_068,2,KKR,Phil Salt,35,24,2,1,145.83,c Dhoni b Bumrah,0,14,40.0,0,0
IPL_2026_068,2,KKR,Sunil Narine,38,26,3,1,146.15,c & b Narine,0,18,47.37,0,0
IPL_2026_068,2,KKR,Venkatesh Iyer,38,21,4,1,180.95,lbw b Chahal,0,22,57.89,0,0
IPL_2026_068,2,KKR,Shreyas Iyer,61,34,3,2,179.41,lbw b Chahal,0,24,39.34,1,0
IPL_2026_068,2,KKR,Rinku Singh,23,15,1,1,153.33,b Cummins,0,10,43.48,0,0
IPL_2026_069,1,PBKS,Shikhar Dhawan,20,12,1,1,166.67,b Cummins,0,10,50.0,0,0
IPL_2026_069,1,PBKS,Jonny Bairstow,50,36,5,2,138.89,run out,0,32,64.0,1,0
IPL_2026_069,1,PBKS,Prabhsimran Singh,31,26,1,1,119.23,b Cummins,0,10,32.26,0,0
IPL_2026_069,1,PBKS,Rilee Rossouw,12,9,1,0,133.33,lbw b Chahal,0,4,33.33,0,0
IPL_2026_069,1,PBKS,Sam Curran,49,33,4,2,148.48,run out,0,28,57.14,0,0
IPL_2026_069,1,PBKS,Jitesh Sharma,7,4,0,0,175.0,c Dhoni b Bumrah,0,0,0.0,0,0
IPL_2026_069,2,CSK,Ruturaj Gaikwad,44,38,3,1,115.79,lbw b Chahal,0,18,40.91,0,0
IPL_2026_069,2,CSK,Rachin Ravindra,33,20,1,1,165.0,run out,0,10,30.3,0,0
IPL_2026_069,2,CSK,Ajinkya Rahane,37,27,3,1,137.04,c & b Narine,0,18,48.65,0,0
IPL_2026_069,2,CSK,Daryl Mitchell,26,23,1,1,113.04,lbw b Chahal,0,10,38.46,0,0
IPL_2026_069,2,CSK,Shivam Dube,19,12,0,1,158.33,c & b Narine,0,6,31.58,0,0
IPL_2026_070,1,GT,Shubman Gill,40,23,2,1,173.91,c Dhoni b Bumrah,0,14,35.0,0,0
IPL_2026_070,1,GT,Wriddhiman Saha,39,33,2,1,118.18,b Cummins,0,14,35.9,0,0
IPL_2026_070,1,GT,Sai Sudharsan,57,36,4,1,158.33,b Cummins,0,22,38.6,1,0
IPL_2026_070,1,GT,David Miller,35,22,1,2,159.09,lbw b Chahal,0,16,45.71,0,0
IPL_2026_070,1,GT,Azmatullah Omarzai,7,6,0,0,116.67,not out,1,0,0.0,0,0
IPL_2026_070,2,CSK,Ruturaj Gaikwad,41,29,3,2,141.38,c & b Narine,0,24,58.54,0,0
IPL_2026_070,2,CSK,Rachin Ravindra,49,27,2,2,181.48,run out,0,20,40.82,0,0
IPL_2026_070,2,CSK,Ajinkya Rahane,45,35,3,1,128.57,c Dhoni b Bumrah,0,18,40.0,0,0
IPL_2026_070,2,CSK,Daryl Mitchell,16,10,1,0,160.0,lbw b Chahal,0,4,25.0,0,0
IPL_2026_070,2,CSK,Shivam Dube,26,17,1,0,152.94,c & b Narine,0,4,15.38,0,0
IPL_2026_070,2,CSK,Ravindra Jadeja,2,2,0,0,100.0,not out,1,0,0.0,0,0
IPL_2026_071,1,SRH,Travis Head,38,31,3,1,122.58,c & b Narine,0,18,47.37,0,0
IPL_2026_071,1,SRH,Abhishek Sharma,32,24,1,2,133.33,c Dhoni b Bumrah,0,16,50.0,0,0
IPL_2026_071,1,SRH,Rahul Tripathi,31,27,2,1,114.81,c & b Narine,0,14,45.16,0,0
IPL_2026_071,1,SRH,Aiden Markram,58,36,3,2,161.11,run out,0,24,41.38,1,0
IPL_2026_071,1,SRH,Heinrich Klaasen,3,2,0,0,150.0,c Dhoni b Bumrah,0,0,0.0,0,0
IPL_2026_071,2,LSG,KL Rahul,23,14,2,1,164.29,run out,0,14,60.87,0,0
IPL_2026_071,2,LSG,Quinton de Kock,20,12,0,1,166.67,c Dhoni b Bumrah,0,6,30.0,0,0
IPL_2026_071,2,LSG,Marcus Stoinis,44,27,2,2,162.96,lbw b Chahal,0,20,45.45,0,0
IPL_2026_071,2,LSG,Nicholas Pooran,36,28,1,1,128.57,lbw b Chahal,0,10,27.78,0,0
IPL_2026_071,2,LSG,Ayush Badoni,18,13,2,0,138.46,lbw b Chahal,0,8,44.44,0,0
IPL_2026_071,2,LSG,Deepak Hooda,16,10,2,0,160.0,c & b Narine,0,8,50.0,0,0
IPL_2026_071,2,LSG,Krunal Pandya,24,16,1,0,150.0,not out,1,4,16.67,0,0
IPL_2026_072,1,RR,Yashasvi Jaiswal,41,23,3,1,178.26,b Cummins,0,18,43.9,0,0
IPL_2026_072,1,RR,Jos Buttler,34,28,4,0,121.43,b Cummins,0,16,47.06,0,0
IPL_2026_072,1,RR,Sanju Samson,11,10,1,0,110.0,c & b Narine,0,4,36.36,0,0
IPL_2026_072,1,RR,Riyan Parag,13,9,1,0,144.44,lbw b Chahal,0,4,30.77,0,0
IPL_2026_072,1,RR,Dhruv Jurel,25,14,2,0,178.57,c Dhoni b Bumrah,0,8,32.0,0,0
IPL_2026_072,1,RR,Shimron Hetmyer,43,32,3,2,134.38,lbw b Chahal,0,24,55.81,0,0
IPL_2026_072,1,RR,Rovman Powell,6,4,0,0,150.0,not out,1,0,0.0,0,0
IPL_2026_072,2,SRH,Travis Head,17,10,1,1,170.0,lbw b Chahal,0,10,58.82,0,0
IPL_2026_072,2,SRH,Abhishek Sharma,28,18,2,1,155.56,b Cummins,0,14,50.0,0,0
IPL_2026_072,2,SRH,Rahul Tripathi,30,18,1,1,166.67,c & b Narine,0,10,33.33,0,0
IPL_2026_072,2,SRH,Aiden Markram,41,35,3,1,117.14,b Cummins,0,18,43.9,0,0
IPL_2026_072,2,SRH,Heinrich Klaasen,12,11,1,0,109.09,b Cummins,0,4,33.33,0,0
IPL_2026_072,2,SRH,Nitish Kumar Reddy,28,22,2,1,127.27,c & b Narine,0,14,50.0,0,0
IPL_2026_072,2,SRH,Abdul Samad,7,6,0,0,116.67,lbw b Chahal,0,0,0.0,0,0
IPL_2026_073,1,GT,Shubman Gill,36,25,2,1,144.0,c & b Narine,0,14,38.89,0,0
IPL_2026_073,1,GT,Wriddhiman Saha,30,17,2,0,176.47,lbw b Chahal,0,8,26.67,0,0
IPL_2026_073,1,GT,Sai Sudharsan,31,23,1,1,134.78,c & b Narine,0,10,32.26,0,0
IPL_2026_073,1,GT,David Miller,33,26,1,2,126.92,c & b Narine,0,16,48.48,0,0
IPL_2026_073,1,GT,Azmatullah Omarzai,39,22,2,2,177.27,c & b Narine,0,20,51.28,0,0
IPL_2026_073,1,GT,Rahul Tewatia,8,7,0,0,114.29,not out,1,0,0.0,0,0
IPL_2026_073,2,SRH,Travis Head,11,8,0,0,137.5,c Dhoni b Bumrah,0,0,0.0,0,0
IPL_2026_073,2,SRH,Abhishek Sharma,44,37,3,1,118.92,b Cummins,0,18,40.91,0,0
IPL_2026_073,2,SRH,Rahul Tripathi,25,21,1,1,119.05,c Dhoni b Bumrah,0,10,40.0,0,0
IPL_2026_073,2,SRH,Aiden Markram,24,15,1,1,160.0,b Cummins,0,10,41.67,0,0
IPL_2026_073,2,SRH,Heinrich Klaasen,21,14,2,0,150.0,b Cummins,0,8,38.1,0,0
IPL_2026_073,2,SRH,Nitish Kumar Reddy,36,25,2,1,144.0,not out,1,14,38.89,0,0
IPL_2026_074,1,RCB,Faf du Plessis,38,33,2,1,115.15,c & b Narine,0,14,36.84,0,0
IPL_2026_074,1,RCB,Virat Kohli,49,31,2,1,158.06,c Dhoni b Bumrah,0,14,28.57,0,0
IPL_2026_074,1,RCB,Will Jacks,58,35,4,1,165.71,lbw b Chahal,0,22,37.93,1,0
IPL_2026_074,1,RCB,Rajat Patidar,32,20,2,2,160.0,c & b Narine,0,20,62.5,0,0
IPL_2026_074,1,RCB,Glenn Maxwell,1,1,0,0,100.0,lbw b Chahal,0,0,0.0,0,0
IPL_2026_074,2,SRH,Travis Head,64,38,2,3,168.42,run out,0,26,40.62,1,0
IPL_2026_074,2,SRH,Abhishek Sharma,38,23,1,2,165.22,c & b Narine,0,16,42.11,0,0
IPL_2026_074,2,SRH,Rahul Tripathi,38,26,1,1,146.15,c Dhoni b Bumrah,0,10,26.32,0,0
IPL_2026_074,2,SRH,Aiden Markram,42,24,4,1,175.0,run out,0,22,52.38,0,0
