match_id,innings,team,player,overs,balls_bowled,maidens,runs_conceded,wickets,economy,bowling_avg,bowling_sr
IPL_2019_001,1,PBKS,Sam Curran,4.0,24,0,34,3,8.5,11.33,8.0
IPL_2019_001,1,PBKS,Harpreet Brar,4.0,24,0,34,2,8.5,17.0,12.0
IPL_2019_001,1,PBKS,Harshal Patel,4.0,24,0,29,0,7.25,,
IPL_2019_001,1,PBKS,Kagiso Rabada,4.0,24,1,15,2,3.75,7.5,12.0
IPL_2019_001,1,PBKS,Arshdeep Singh,4.0,24,0,69,2,17.25,34.5,12.0
IPL_2019_001,2,LSG,Marcus Stoinis,4.0,24,0,26,1,6.5,26.0,24.0
IPL_2019_001,2,LSG,Deepak Hooda,4.0,24,0,22,2,5.5,11.0,12.0
IPL_2019_001,2,LSG,Krunal Pandya,4.0,24,1,16,0,4.0,,
IPL_2019_001,2,LSG,Ravi Bishnoi,4.0,24,0,19,3,4.75,6.33,8.0
IPL_2019_001,2,LSG,Mohsin Khan,4.0,24,0,74,3,18.5,24.67,8.0
IPL_2019_002,1,PBKS,Sam Curran,4.0,24,0,29,2,7.25,14.5,12.0
IPL_2019_002,1,PBKS,Harpreet Brar,4.0,24,0,40,3,10.0,13.33,8.0
IPL_2019_002,1,PBKS,Harshal Patel,4.0,24,0,19,0,4.75,,
IPL_2019_002,1,PBKS,Kagiso Rabada,4.0,24,0,15,1,3.75,15.0,24.0
IPL_2019_002,1,PBKS,Arshdeep Singh,4.0,24,0,90,2,22.5,45.0,12.0
IPL_2019_002,2,KKR,Sunil Narine,4.0,24,0,28,3,7.0,9.33,8.0
IPL_2019_002,2,KKR,Andre Russell,4.0,24,0,33,0,8.25,,
IPL_2019_002,2,KKR,Ramandeep Singh,4.0,24,0,20,1,5.0,20.0,24.0
IPL_2019_002,2,KKR,Mitchell Starc,4.0,24,1,20,1,5.0,20.0,24.0
IPL_2019_002,2,KKR,Harshit Rana,4.0,24,0,77,3,19.25,25.67,8.0
IPL_2019_003,1,PBKS,Sam Curran,4.0,24,0,27,0,6.75,,
IPL_2019_003,1,PBKS,Harpreet Brar,4.0,24,0,25,0,6.25,,
IPL_2019_003,1,PBKS,Harshal Patel,4.0,24,0,31,2,7.75,15.5,12.0
IPL_2019_003,1,PBKS,Kagiso Rabada,4.0,24,1,23,3,5.75,7.67,8.0
IPL_2019_003,1,PBKS,Arshdeep Singh,4.0,24,0,69,1,17.25,69.0,24.0
IPL_2019_003,2,RR,Rovman Powell,4.0,24,0,41,1,10.25,41.0,24.0
IPL_2019_003,2,RR,Ravichandran Ashwin,4.0,24,0,29,0,7.25,,
IPL_2019_003,2,RR,Trent Boult,4.0,24,0,18,1,4.5,18.0,24.0
IPL_2019_003,2,RR,Avesh Khan,4.0,24,0,22,2,5.5,11.0,12.0
IPL_2019_003,2,RR,Sandeep Sharma,4.0,24,0,72,1,18.0,72.0,24.0
IPL_2019_004,1,LSG,Marcus Stoinis,4.0,24,0,32,2,8.0,16.0,12.0
IPL_2019_004,1,LSG,Deepak Hooda,4.0,24,0,37,0,9.25,,
IPL_2019_004,1,LSG,Krunal Pandya,4.0,24,0,21,1,5.25,21.0,24.0
IPL_2019_004,1,LSG,Ravi Bishnoi,4.0,24,0,20,2,5.0,10.0,12.0
IPL_2019_004,1,LSG,Mohsin Khan,4.0,24,0,82,2,20.5,41.0,12.0
IPL_2019_004,2,SRH,Abhishek Sharma,4.0,24,0,39,0,9.75,,
IPL_2019_004,2,SRH,Nitish Kumar Reddy,4.0,24,0,32,0,8.0,,
IPL_2019_004,2,SRH,Shahbaz Ahmed,4.0,24,1,22,2,5.5,11.0,12.0
IPL_2019_004,2,SRH,Pat Cummins,4.0,24,0,16,0,4.0,,
IPL_2019_004,2,SRH,Bhuvneshwar Kumar,4.0,24,0,57,2,14.25,28.5,12.0
IPL_2019_005,1,KKR,Sunil Narine,4.0,24,0,35,1,8.75,35.0,24.0
IPL_2019_005,1,KKR,Andre Russell,4.0,24,0,35,3,8.75,11.67,8.0
IPL_2019_005,1,KKR,Ramandeep Singh,4.0,24,0,23,2,5.75,11.5,12.0
IPL_2019_005,1,KKR,Mitchell Starc,4.0,24,0,15,1,3.75,15.0,24.0
IPL_2019_005,1,KKR,Harshit Rana,4.0,24,0,63,1,15.75,63.0,24.0
IPL_2019_005,2,RCB,Will Jacks,4.0,24,0,32,1,8.0,32.0,24.0
IPL_2019_005,2,RCB,Glenn Maxwell,4.0,24,0,27,3,6.75,9.0,8.0
IPL_2019_005,2,RCB,Cameron Green,4.0,24,0,23,1,5.75,23.0,24.0
IPL_2019_005,2,RCB,Karn Sharma,4.0,24,0,17,1,4.25,17.0,24.0
IPL_2019_005,2,RCB,Lockie Ferguson,4.0,24,0,79,3,19.75,26.33,8.0
IPL_2019_006,1,DC,Axar Patel,4.0,24,0,47,3,11.75,15.67,8.0
IPL_2019_006,1,DC,Kuldeep Yadav,4.0,24,0,31,2,7.75,15.5,12.0
IPL_2019_006,1,DC,Khaleel Ahmed,4.0,24,0,26,2,6.5,13.0,12.0
IPL_2019_006,1,DC,Mukesh Kumar,4.0,24,0,15,0,3.75,,
IPL_2019_006,1,DC,Ishant Sharma,4.0,24,0,76,0,19.0,,
IPL_2019_006,2,GT,Azmatullah Omarzai,4.0,24,0,40,3,10.0,13.33,8.0
IPL_2019_006,2,GT,Rahul Tewatia,4.0,24,0,24,2,6.0,12.0,12.0
IPL_2019_006,2,GT,Rashid Khan,4.0,24,0,22,0,5.5,,
IPL_2019_006,2,GT,Mohit Sharma,4.0,24,0,23,2,5.75,11.5,12.0
IPL_2019_006,2,GT,Noor Ahmad,4.0,24,0,69,2,17.25,34.5,12.0
IPL_2019_007,1,CSK,Rachin Ravindra,4.0,24,0,32,1,8.0,32.0,24.0
IPL_2019_007,1,CSK,Daryl Mitchell,4.0,24,0,39,1,9.75,39.0,24.0
IPL_2019_007,1,CSK,Shivam Dube,4.0,24,0,20,1,5.0,20.0,24.0
IPL_2019_007,1,CSK,Ravindra Jadeja,4.0,24,0,23,0,5.75,,
IPL_2019_007,1,CSK,Mitchell Santner,4.0,24,0,75,2,18.75,37.5,12.0
IPL_2019_007,2,RR,Rovman Powell,4.0,24,0,29,1,7.25,29.0,24.0
IPL_2019_007,2,RR,Ravichandran Ashwin,4.0,24,0,28,0,7.0,,
IPL_2019_007,2,RR,Trent Boult,4.0,24,0,27,1,6.75,27.0,24.0
IPL_2019_007,2,RR,Avesh Khan,4.0,24,0,26,3,6.5,8.67,8.0
IPL_2019_007,2,RR,Sandeep Sharma,4.0,24,0,80,1,20.0,80.0,24.0
IPL_2019_008,1,LSG,Marcus Stoinis,4.0,24,0,37,0,9.25,,
IPL_2019_008,1,LSG,Deepak Hooda,4.0,24,0,22,0,5.5,,
IPL_2019_008,1,LSG,Krunal Pandya,4.0,24,0,16,3,4.0,5.33,8.0
IPL_2019_008,1,LSG,Ravi Bishnoi,4.0,24,0,11,1,2.75,11.0,24.0
IPL_2019_008,1,LSG,Mohsin Khan,4.0,24,0,68,2,17.0,34.0,12.0
IPL_2019_008,2,DC,Axar Patel,4.0,24,0,27,1,6.75,27.0,24.0
IPL_2019_008,2,DC,Kuldeep Yadav,4.0,24,0,22,3,5.5,7.33,8.0
IPL_2019_008,2,DC,Khaleel Ahmed,4.0,24,0,24,1,6.0,24.0,24.0
IPL_2019_008,2,DC,Mukesh Kumar,4.0,24,0,18,0,4.5,,
IPL_2019_008,2,DC,Ishant Sharma,4.0,24,0,79,0,19.75,,
IPL_2019_009,1,MI,Hardik Pandya,4.0,24,0,33,1,8.25,33.0,24.0
IPL_2019_009,1,MI,Romario Shepherd,4.0,24,0,33,0,8.25,,
IPL_2019_009,1,MI,Mohammad Nabi,4.0,24,0,19,3,4.75,6.33,8.0
IPL_2019_009,1,MI,Gerald Coetzee,4.0,24,0,14,1,3.5,14.0,24.0
IPL_2019_009,1,MI,Piyush Chawla,4.0,24,0,71,3,17.75,23.67,8.0
IPL_2019_009,2,DC,Axar Patel,4.0,24,0,34,3,8.5,11.33,8.0
IPL_2019_009,2,DC,Kuldeep Yadav,4.0,24,0,38,0,9.5,,
IPL_2019_009,2,DC,Khaleel Ahmed,4.0,24,0,17,0,4.25,,
IPL_2019_009,2,DC,Mukesh Kumar,4.0,24,0,16,1,4.0,16.0,24.0
IPL_2019_009,2,DC,Ishant Sharma,4.0,24,0,86,1,21.5,86.0,24.0
IPL_2019_010,1,CSK,Rachin Ravindra,4.0,24,0,44,2,11.0,22.0,12.0
IPL_2019_010,1,CSK,Daryl Mitchell,4.0,24,0,30,1,7.5,30.0,24.0
IPL_2019_010,1,CSK,Shivam Dube,4.0,24,0,16,3,4.0,5.33,8.0
IPL_2019_010,1,CSK,Ravindra Jadeja,4.0,24,0,12,1,3.0,12.0,24.0
IPL_2019_010,1,CSK,Mitchell Santner,4.0,24,0,75,2,18.75,37.5,12.0
IPL_2019_010,2,GT,Azmatullah Omarzai,4.0,24,0,40,1,10.0,40.0,24.0
IPL_2019_010,2,GT,Rahul Tewatia,4.0,24,0,23,3,5.75,7.67,8.0
IPL_2019_010,2,GT,Rashid Khan,4.0,24,0,18,2,4.5,9.0,12.0
IPL_2019_010,2,GT,Mohit Sharma,4.0,24,0,10,2,2.5,5.0,12.0
IPL_2019_010,2,GT,Noor Ahmad,4.0,24,0,67,0,16.75,,
IPL_2019_011,1,GT,Azmatullah Omarzai,4.0,24,0,33,3,8.25,11.0,8.0
IPL_2019_011,1,GT,Rahul Tewatia,4.0,24,0,37,1,9.25,37.0,24.0
IPL_2019_011,1,GT,Rashid Khan,4.0,24,0,27,0,6.75,,
IPL_2019_011,1,GT,Mohit Sharma,4.0,24,0,16,0,4.0,,
IPL_2019_011,1,GT,Noor Ahmad,4.0,24,0,68,1,17.0,68.0,24.0
IPL_2019_011,2,DC,Axar Patel,4.0,24,0,28,1,7.0,28.0,24.0
IPL_2019_011,2,DC,Kuldeep Yadav,4.0,24,0,31,1,7.75,31.0,24.0
IPL_2019_011,2,DC,Khaleel Ahmed,4.0,24,0,31,3,7.75,10.33,8.0
IPL_2019_011,2,DC,Mukesh Kumar,4.0,24,0,22,3,5.5,7.33,8.0
IPL_2019_011,2,DC,Ishant Sharma,4.0,24,0,74,3,18.5,24.67,8.0
IPL_2019_012,1,RCB,Will Jacks,4.0,24,0,33,2,8.25,16.5,12.0
IPL_2019_012,1,RCB,Glenn Maxwell,4.0,24,0,35,2,8.75,17.5,12.0
IPL_2019_012,1,RCB,Cameron Green,4.0,24,0,22,1,5.5,22.0,24.0
IPL_2019_012,1,RCB,Karn Sharma,4.0,24,0,18,0,4.5,,
IPL_2019_012,1,RCB,Lockie Ferguson,4.0,24,0,62,2,15.5,31.0,12.0
IPL_2019_012,2,GT,Azmatullah Omarzai,4.0,24,0,29,1,7.25,29.0,24.0
IPL_2019_012,2,GT,Rahul Tewatia,4.0,24,1,21,3,5.25,7.0,8.0
IPL_2019_012,2,GT,Rashid Khan,4.0,24,0,26,2,6.5,13.0,12.0
IPL_2019_012,2,GT,Mohit Sharma,4.0,24,0,15,0,3.75,,
IPL_2019_012,2,GT,Noor Ahmad,4.0,24,0,82,2,20.5,41.0,12.0
IPL_2019_013,1,MI,Hardik Pandya,4.0,24,0,46,1,11.5,46.0,24.0
IPL_2019_013,1,MI,Romario Shepherd,4.0,24,0,26,1,6.5,26.0,24.0
IPL_2019_013,1,MI,Mohammad Nabi,4.0,24,0,32,2,8.0,16.0,12.0
IPL_2019_013,1,MI,Gerald Coetzee,4.0,24,0,19,2,4.75,9.5,12.0
IPL_2019_013,1,MI,Piyush Chawla,4.0,24,0,81,2,20.25,40.5,12.0
IPL_2019_013,2,RCB,Will Jacks,4.0,24,0,28,0,7.0,,
IPL_2019_013,2,RCB,Glenn Maxwell,4.0,24,0,22,0,5.5,,
IPL_2019_013,2,RCB,Cameron Green,4.0,24,0,28,1,7.0,28.0,24.0
IPL_2019_013,2,RCB,Karn Sharma,4.0,24,0,12,0,3.0,,
IPL_2019_013,2,RCB,Lockie Ferguson,4.0,24,0,75,3,18.75,25.0,8.0
IPL_2019_014,1,GT,Azmatullah Omarzai,4.0,24,0,34,0,8.5,,
IPL_2019_014,1,GT,Rahul Tewatia,4.0,24,0,35,2,8.75,17.5,12.0
IPL_2019_014,1,GT,Rashid Khan,4.0,24,0,22,1,5.5,22.0,24.0
IPL_2019_014,1,GT,Mohit Sharma,4.0,24,0,13,1,3.25,13.0,24.0
IPL_2019_014,1,GT,Noor Ahmad,4.0,24,0,73,0,18.25,,
IPL_2019_014,2,LSG,Marcus Stoinis,4.0,24,0,32,1,8.0,32.0,24.0
IPL_2019_014,2,LSG,Deepak Hooda,4.0,24,0,26,1,6.5,26.0,24.0
IPL_2019_014,2,LSG,Krunal Pandya,4.0,24,0,16,1,4.0,16.0,24.0
IPL_2019_014,2,LSG,Ravi Bishnoi,4.0,24,0,15,2,3.75,7.5,12.0
IPL_2019_014,2,LSG,Mohsin Khan,4.0,24,0,71,0,17.75,,
IPL_2019_015,1,LSG,Marcus Stoinis,4.0,24,0,35,2,8.75,17.5,12.0
IPL_2019_015,1,LSG,Deepak Hooda,4.0,24,0,26,1,6.5,26.0,24.0
IPL_2019_015,1,LSG,Krunal Pandya,4.0,24,1,19,2,4.75,9.5,12.0
IPL_2019_015,1,LSG,Ravi Bishnoi,4.0,24,0,13,0,3.25,,
IPL_2019_015,1,LSG,Mohsin Khan,4.0,24,0,69,2,17.25,34.5,12.0
IPL_2019_015,2,SRH,Abhishek Sharma,4.0,24,0,26,2,6.5,13.0,12.0
IPL_2019_015,2,SRH,Nitish Kumar Reddy,4.0,24,0,26,0,6.5,,
IPL_2019_015,2,SRH,Shahbaz Ahmed,4.0,24,0,30,1,7.5,30.0,24.0
IPL_2019_015,2,SRH,Pat Cummins,4.0,24,0,17,0,4.25,,
IPL_2019_015,2,SRH,Bhuvneshwar Kumar,4.0,24,0,76,1,19.0,76.0,24.0
IPL_2019_016,1,CSK,Rachin Ravindra,4.0,24,0,27,0,6.75,,
IPL_2019_016,1,CSK,Daryl Mitchell,4.0,24,0,31,1,7.75,31.0,24.0
IPL_2019_016,1,CSK,Shivam Dube,4.0,24,0,28,3,7.0,9.33,8.0
IPL_2019_016,1,CSK,Ravindra Jadeja,4.0,24,0,23,3,5.75,7.67,8.0
IPL_2019_016,1,CSK,Mitchell Santner,4.0,24,0,75,2,18.75,37.5,12.0
IPL_2019_016,2,RCB,Will Jacks,4.0,24,0,38,2,9.5,19.0,12.0
IPL_2019_016,2,RCB,Glenn Maxwell,4.0,24,0,24,0,6.0,,
IPL_2019_016,2,RCB,Cameron Green,4.0,24,0,25,1,6.25,25.0,24.0
IPL_2019_016,2,RCB,Karn Sharma,4.0,24,0,20,1,5.0,20.0,24.0
IPL_2019_016,2,RCB,Lockie Ferguson,4.0,24,0,86,1,21.5,86.0,24.0
IPL_2019_017,1,RR,Rovman Powell,4.0,24,0,46,3,11.5,15.33,8.0
IPL_2019_017,1,RR,Ravichandran Ashwin,4.0,24,0,25,0,6.25,,
IPL_2019_017,1,RR,Trent Boult,4.0,24,0,28,1,7.0,28.0,24.0
IPL_2019_017,1,RR,Avesh Khan,4.0,24,0,20,2,5.0,10.0,12.0
IPL_2019_017,1,RR,Sandeep Sharma,4.0,24,0,66,2,16.5,33.0,12.0
IPL_2019_017,2,PBKS,Sam Curran,4.0,24,0,33,0,8.25,,
IPL_2019_017,2,PBKS,Harpreet Brar,4.0,24,0,24,1,6.0,24.0,24.0
IPL_2019_017,2,PBKS,Harshal Patel,4.0,24,0,35,2,8.75,17.5,12.0
IPL_2019_017,2,PBKS,Kagiso Rabada,4.0,24,1,18,1,4.5,18.0,24.0
IPL_2019_017,2,PBKS,Arshdeep Singh,4.0,24,0,88,3,22.0,29.33,8.0
IPL_2019_018,1,MI,Hardik Pandya,4.0,24,0,24,1,6.0,24.0,24.0
IPL_2019_018,1,MI,Romario Shepherd,4.0,24,0,26,1,6.5,26.0,24.0
IPL_2019_018,1,MI,Mohammad Nabi,4.0,24,0,20,2,5.0,10.0,12.0
IPL_2019_018,1,MI,Gerald Coetzee,4.0,24,0,25,1,6.25,25.0,24.0
IPL_2019_018,1,MI,Piyush Chawla,4.0,24,0,74,0,18.5,,
IPL_2019_018,2,CSK,Rachin Ravindra,4.0,24,0,41,1,10.25,41.0,24.0
IPL_2019_018,2,CSK,Daryl Mitchell,4.0,24,0,32,2,8.0,16.0,12.0
IPL_2019_018,2,CSK,Shivam Dube,4.0,24,1,23,0,5.75,,
IPL_2019_018,2,CSK,Ravindra Jadeja,4.0,24,0,12,3,3.0,4.0,8.0
IPL_2019_018,2,CSK,Mitchell Santner,4.0,24,0,61,0,15.25,,
IPL_2019_019,1,GT,Azmatullah Omarzai,4.0,24,0,36,2,9.0,18.0,12.0
IPL_2019_019,1,GT,Rahul Tewatia,4.0,24,0,37,2,9.25,18.5,12.0
IPL_2019_019,1,GT,Rashid Khan,4.0,24,0,18,1,4.5,18.0,24.0
IPL_2019_019,1,GT,Mohit Sharma,4.0,24,0,17,0,4.25,,
IPL_2019_019,1,GT,Noor Ahmad,4.0,24,0,79,1,19.75,79.0,24.0
IPL_2019_019,2,LSG,Marcus Stoinis,4.0,24,0,26,0,6.5,,
IPL_2019_019,2,LSG,Deepak Hooda,4.0,24,0,32,2,8.0,16.0,12.0
IPL_2019_019,2,LSG,Krunal Pandya,4.0,24,0,28,0,7.0,,
IPL_2019_019,2,LSG,Ravi Bishnoi,4.0,24,0,16,1,4.0,16.0,24.0
IPL_2019_019,2,LSG,Mohsin Khan,4.0,24,0,87,1,21.75,87.0,24.0
IPL_2019_020,1,RCB,Will Jacks,4.0,24,0,42,1,10.5,42.0,24.0
IPL_2019_020,1,RCB,Glenn Maxwell,4.0,24,0,28,1,7.0,28.0,24.0
IPL_2019_020,1,RCB,Cameron Green,4.0,24,0,25,1,6.25,25.0,24.0
IPL_2019_020,1,RCB,Karn Sharma,4.0,24,1,15,0,3.75,,
IPL_2019_020,1,RCB,Lockie Ferguson,4.0,24,0,71,3,17.75,23.67,8.0
IPL_2019_020,2,PBKS,Sam Curran,4.0,24,0,37,2,9.25,18.5,12.0
IPL_2019_020,2,PBKS,Harpreet Brar,4.0,24,1,21,2,5.25,10.5,12.0
IPL_2019_020,2,PBKS,Harshal Patel,4.0,24,0,19,1,4.75,19.0,24.0
IPL_2019_020,2,PBKS,Kagiso Rabada,4.0,24,0,11,2,2.75,5.5,12.0
IPL_2019_020,2,PBKS,Arshdeep Singh,4.0,24,0,65,1,16.25,65.0,24.0
IPL_2019_021,1,RR,Rovman Powell,4.0,24,0,42,0,10.5,,
IPL_2019_021,1,RR,Ravichandran Ashwin,4.0,24,0,23,1,5.75,23.0,24.0
IPL_2019_021,1,RR,Trent Boult,4.0,24,1,19,1,4.75,19.0,24.0
IPL_2019_021,1,RR,Avesh Khan,4.0,24,0,21,2,5.25,10.5,12.0
IPL_2019_021,1,RR,Sandeep Sharma,4.0,24,0,75,1,18.75,75.0,24.0
IPL_2019_021,2,GT,Azmatullah Omarzai,4.0,24,0,49,1,12.25,49.0,24.0
IPL_2019_021,2,GT,Rahul Tewatia,4.0,24,0,24,2,6.0,12.0,12.0
IPL_2019_021,2,GT,Rashid Khan,4.0,24,0,27,1,6.75,27.0,24.0
IPL_2019_021,2,GT,Mohit Sharma,4.0,24,0,16,3,4.0,5.33,8.0
IPL_2019_021,2,GT,Noor Ahmad,4.0,24,0,75,2,18.75,37.5,12.0
IPL_2019_022,1,PBKS,Sam Curran,4.0,24,0,40,1,10.0,40.0,24.0
IPL_2019_022,1,PBKS,Harpreet Brar,4.0,24,0,27,2,6.75,13.5,12.0
IPL_2019_022,1,PBKS,Harshal Patel,4.0,24,0,20,2,5.0,10.0,12.0
IPL_2019_022,1,PBKS,Kagiso Rabada,4.0,24,0,13,3,3.25,4.33,8.0
IPL_2019_022,1,PBKS,Arshdeep Singh,4.0,24,0,83,3,20.75,27.67,8.0
IPL_2019_022,2,LSG,Marcus Stoinis,4.0,24,0,33,0,8.25,,
IPL_2019_022,2,LSG,Deepak Hooda,4.0,24,0,23,1,5.75,23.0,24.0
IPL_2019_022,2,LSG,Krunal Pandya,4.0,24,0,24,2,6.0,12.0,12.0
IPL_2019_022,2,LSG,Ravi Bishnoi,4.0,24,1,14,1,3.5,14.0,24.0
IPL_2019_022,2,LSG,Mohsin Khan,4.0,24,0,73,2,18.25,36.5,12.0
IPL_2019_023,1,MI,Hardik Pandya,4.0,24,0,25,2,6.25,12.5,12.0
IPL_2019_023,1,MI,Romario Shepherd,4.0,24,0,37,0,9.25,,
IPL_2019_023,1,MI,Mohammad Nabi,4.0,24,0,27,2,6.75,13.5,12.0
IPL_2019_023,1,MI,Gerald Coetzee,4.0,24,0,17,2,4.25,8.5,12.0
IPL_2019_023,1,MI,Piyush Chawla,4.0,24,0,67,1,16.75,67.0,24.0
IPL_2019_023,2,CSK,Rachin Ravindra,4.0,24,0,30,3,7.5,10.0,8.0
IPL_2019_023,2,CSK,Daryl Mitchell,4.0,24,0,23,2,5.75,11.5,12.0
IPL_2019_023,2,CSK,Shivam Dube,4.0,24,0,22,2,5.5,11.0,12.0
IPL_2019_023,2,CSK,Ravindra Jadeja,4.0,24,0,29,0,7.25,,
IPL_2019_023,2,CSK,Mitchell Santner,4.0,24,0,89,2,22.25,44.5,12.0
IPL_2019_024,1,GT,Azmatullah Omarzai,4.0,24,0,24,3,6.0,8.0,8.0
IPL_2019_024,1,GT,Rahul Tewatia,4.0,24,0,33,2,8.25,16.5,12.0
IPL_2019_024,1,GT,Rashid Khan,4.0,24,0,18,3,4.5,6.0,8.0
IPL_2019_024,1,GT,Mohit Sharma,4.0,24,0,18,1,4.5,18.0,24.0
IPL_2019_024,1,GT,Noor Ahmad,4.0,24,0,78,3,19.5,26.0,8.0
IPL_2019_024,2,RR,Rovman Powell,4.0,24,0,35,1,8.75,35.0,24.0
IPL_2019_024,2,RR,Ravichandran Ashwin,4.0,24,0,28,1,7.0,28.0,24.0
IPL_2019_024,2,RR,Trent Boult,4.0,24,0,21,2,5.25,10.5,12.0
IPL_2019_024,2,RR,Avesh Khan,4.0,24,0,18,2,4.5,9.0,12.0
IPL_2019_024,2,RR,Sandeep Sharma,4.0,24,0,82,2,20.5,41.0,12.0
IPL_2019_025,1,SRH,Abhishek Sharma,4.0,24,0,42,3,10.5,14.0,8.0
IPL_2019_025,1,SRH,Nitish Kumar Reddy,4.0,24,0,35,1,8.75,35.0,24.0
IPL_2019_025,1,SRH,Shahbaz Ahmed,4.0,24,0,22,2,5.5,11.0,12.0
IPL_2019_025,1,SRH,Pat Cummins,4.0,24,0,15,2,3.75,7.5,12.0
IPL_2019_025,1,SRH,Bhuvneshwar Kumar,4.0,24,0,79,1,19.75,79.0,24.0
IPL_2019_025,2,KKR,Sunil Narine,4.0,24,0,32,3,8.0,10.67,8.0
IPL_2019_025,2,KKR,Andre Russell,4.0,24,0,32,2,8.0,16.0,12.0
IPL_2019_025,2,KKR,Ramandeep Singh,4.0,24,0,20,3,5.0,6.67,8.0
IPL_2019_025,2,KKR,Mitchell Starc,4.0,24,0,25,1,6.25,25.0,24.0
IPL_2019_025,2,KKR,Harshit Rana,4.0,24,0,83,3,20.75,27.67,8.0
IPL_2019_026,1,GT,Azmatullah Omarzai,4.0,24,0,34,1,8.5,34.0,24.0
IPL_2019_026,1,GT,Rahul Tewatia,4.0,24,0,20,3,5.0,6.67,8.0
IPL_2019_026,1,GT,Rashid Khan,4.0,24,0,25,1,6.25,25.0,24.0
IPL_2019_026,1,GT,Mohit Sharma,4.0,24,0,13,1,3.25,13.0,24.0
IPL_2019_026,1,GT,Noor Ahmad,4.0,24,0,82,0,20.5,,
IPL_2019_026,2,LSG,Marcus Stoinis,4.0,24,0,27,0,6.75,,
IPL_2019_026,2,LSG,Deepak Hooda,4.0,24,0,31,0,7.75,,
IPL_2019_026,2,LSG,Krunal Pandya,4.0,24,0,29,1,7.25,29.0,24.0
IPL_2019_026,2,LSG,Ravi Bishnoi,4.0,24,0,18,3,4.5,6.0,8.0
IPL_2019_026,2,LSG,Mohsin Khan,4.0,24,0,74,3,18.5,24.67,8.0
IPL_2019_027,1,RR,Rovman Powell,4.0,24,0,37,1,9.25,37.0,24.0
IPL_2019_027,1,RR,Ravichandran Ashwin,4.0,24,0,33,0,8.25,,
IPL_2019_027,1,RR,Trent Boult,4.0,24,0,24,1,6.0,24.0,24.0
IPL_2019_027,1,RR,Avesh Khan,4.0,24,0,10,1,2.5,10.0,24.0
IPL_2019_027,1,RR,Sandeep Sharma,4.0,24,0,68,1,17.0,68.0,24.0
IPL_2019_027,2,SRH,Abhishek Sharma,4.0,24,0,41,0,10.25,,
IPL_2019_027,2,SRH,Nitish Kumar Reddy,4.0,24,0,23,1,5.75,23.0,24.0
IPL_2019_027,2,SRH,Shahbaz Ahmed,4.0,24,0,26,2,6.5,13.0,12.0
IPL_2019_027,2,SRH,Pat Cummins,4.0,24,0,22,2,5.5,11.0,12.0
IPL_2019_027,2,SRH,Bhuvneshwar Kumar,4.0,24,0,63,2,15.75,31.5,12.0
IPL_2019_028,1,SRH,Abhishek Sharma,4.0,24,0,22,0,5.5,,
IPL_2019_028,1,SRH,Nitish Kumar Reddy,4.0,24,0,24,3,6.0,8.0,8.0
IPL_2019_028,1,SRH,Shahbaz Ahmed,4.0,24,0,18,2,4.5,9.0,12.0
IPL_2019_028,1,SRH,Pat Cummins,4.0,24,0,18,0,4.5,,
IPL_2019_028,1,SRH,Bhuvneshwar Kumar,4.0,24,0,74,1,18.5,74.0,24.0
IPL_2019_028,2,DC,Axar Patel,4.0,24,0,27,2,6.75,13.5,12.0
IPL_2019_028,2,DC,Kuldeep Yadav,4.0,24,0,24,2,6.0,12.0,12.0
IPL_2019_028,2,DC,Khaleel Ahmed,4.0,24,0,22,2,5.5,11.0,12.0
IPL_2019_028,2,DC,Mukesh Kumar,4.0,24,0,20,1,5.0,20.0,24.0
IPL_2019_028,2,DC,Ishant Sharma,4.0,24,0,70,2,17.5,35.0,12.0
IPL_2019_029,1,RCB,Will Jacks,4.0,24,0,24,1,6.0,24.0,24.0
IPL_2019_029,1,RCB,Glenn Maxwell,4.0,24,0,35,1,8.75,35.0,24.0
IPL_2019_029,1,RCB,Cameron Green,4.0,24,0,17,0,4.25,,
IPL_2019_029,1,RCB,Karn Sharma,4.0,24,0,14,2,3.5,7.0,12.0
IPL_2019_029,1,RCB,Lockie Ferguson,4.0,24,0,72,0,18.0,,
IPL_2019_029,2,LSG,Marcus Stoinis,4.0,24,0,23,2,5.75,11.5,12.0
IPL_2019_029,2,LSG,Deepak Hooda,4.0,24,0,34,2,8.5,17.0,12.0
IPL_2019_029,2,LSG,Krunal Pandya,4.0,24,0,16,2,4.0,8.0,12.0
IPL_2019_029,2,LSG,Ravi Bishnoi,4.0,24,0,13,2,3.25,6.5,12.0
IPL_2019_029,2,LSG,Mohsin Khan,4.0,24,0,80,1,20.0,80.0,24.0
IPL_2019_030,1,PBKS,Sam Curran,4.0,24,0,39,1,9.75,39.0,24.0
IPL_2019_030,1,PBKS,Harpreet Brar,4.0,24,0,37,0,9.25,,
IPL_2019_030,1,PBKS,Harshal Patel,4.0,24,0,24,1,6.0,24.0,24.0
IPL_2019_030,1,PBKS,Kagiso Rabada,4.0,24,0,16,3,4.0,5.33,8.0
IPL_2019_030,1,PBKS,Arshdeep Singh,4.0,24,0,73,0,18.25,,
IPL_2019_030,2,LSG,Marcus Stoinis,4.0,24,0,46,2,11.5,23.0,12.0
IPL_2019_030,2,LSG,Deepak Hooda,4.0,24,0,25,3,6.25,8.33,8.0
IPL_2019_030,2,LSG,Krunal Pandya,4.0,24,0,24,1,6.0,24.0,24.0
IPL_2019_030,2,LSG,Ravi Bishnoi,4.0,24,0,20,1,5.0,20.0,24.0
IPL_2019_030,2,LSG,Mohsin Khan,4.0,24,0,64,1,16.0,64.0,24.0
IPL_2019_031,1,LSG,Marcus Stoinis,4.0,24,0,36,3,9.0,12.0,8.0
IPL_2019_031,1,LSG,Deepak Hooda,4.0,24,0,36,1,9.0,36.0,24.0
IPL_2019_031,1,LSG,Krunal Pandya,4.0,24,1,17,0,4.25,,
IPL_2019_031,1,LSG,Ravi Bishnoi,4.0,24,0,18,3,4.5,6.0,8.0
IPL_2019_031,1,LSG,Mohsin Khan,4.0,24,0,73,1,18.25,73.0,24.0
IPL_2019_031,2,RR,Rovman Powell,4.0,24,0,33,0,8.25,,
IPL_2019_031,2,RR,Ravichandran Ashwin,4.0,24,0,33,0,8.25,,
IPL_2019_031,2,RR,Trent Boult,4.0,24,0,22,1,5.5,22.0,24.0
IPL_2019_031,2,RR,Avesh Khan,4.0,24,0,11,0,2.75,,
IPL_2019_031,2,RR,Sandeep Sharma,4.0,24,0,65,3,16.25,21.67,8.0
IPL_2019_032,1,RCB,Will Jacks,4.0,24,0,29,2,7.25,14.5,12.0
IPL_2019_032,1,RCB,Glenn Maxwell,4.0,24,0,29,1,7.25,29.0,24.0
IPL_2019_032,1,RCB,Cameron Green,4.0,24,0,21,2,5.25,10.5,12.0
IPL_2019_032,1,RCB,Karn Sharma,4.0,24,0,14,2,3.5,7.0,12.0
IPL_2019_032,1,RCB,Lockie Ferguson,4.0,24,0,83,3,20.75,27.67,8.0
IPL_2019_032,2,CSK,Rachin Ravindra,4.0,24,0,37,3,9.25,12.33,8.0
IPL_2019_032,2,CSK,Daryl Mitchell,4.0,24,0,25,1,6.25,25.0,24.0
IPL_2019_032,2,CSK,Shivam Dube,4.0,24,0,31,1,7.75,31.0,24.0
IPL_2019_032,2,CSK,Ravindra Jadeja,4.0,24,1,18,2,4.5,9.0,12.0
IPL_2019_032,2,CSK,Mitchell Santner,4.0,24,0,71,3,17.75,23.67,8.0
IPL_2019_033,1,CSK,Rachin Ravindra,4.0,24,0,37,3,9.25,12.33,8.0
IPL_2019_033,1,CSK,Daryl Mitchell,4.0,24,0,37,1,9.25,37.0,24.0
IPL_2019_033,1,CSK,Shivam Dube,4.0,24,0,25,2,6.25,12.5,12.0
IPL_2019_033,1,CSK,Ravindra Jadeja,4.0,24,1,21,1,5.25,21.0,24.0
IPL_2019_033,1,CSK,Mitchell Santner,4.0,24,0,76,2,19.0,38.0,12.0
IPL_2019_033,2,RR,Rovman Powell,4.0,24,0,30,3,7.5,10.0,8.0
IPL_2019_033,2,RR,Ravichandran Ashwin,4.0,24,0,32,2,8.0,16.0,12.0
IPL_2019_033,2,RR,Trent Boult,4.0,24,0,22,0,5.5,,
IPL_2019_033,2,RR,Avesh Khan,4.0,24,0,20,1,5.0,20.0,24.0
IPL_2019_033,2,RR,Sandeep Sharma,4.0,24,0,69,3,17.25,23.0,8.0
IPL_2019_034,1,LSG,Marcus Stoinis,4.0,24,0,32,2,8.0,16.0,12.0
IPL_2019_034,1,LSG,Deepak Hooda,4.0,24,0,21,1,5.25,21.0,24.0
IPL_2019_034,1,LSG,Krunal Pandya,4.0,24,0,15,1,3.75,15.0,24.0
IPL_2019_034,1,LSG,Ravi Bishnoi,4.0,24,0,17,2,4.25,8.5,12.0
IPL_2019_034,1,LSG,Mohsin Khan,4.0,24,0,78,2,19.5,39.0,12.0
IPL_2019_034,2,PBKS,Sam Curran,4.0,24,0,30,1,7.5,30.0,24.0
IPL_2019_034,2,PBKS,Harpreet Brar,4.0,24,0,35,2,8.75,17.5,12.0
IPL_2019_034,2,PBKS,Harshal Patel,4.0,24,0,22,1,5.5,22.0,24.0
IPL_2019_034,2,PBKS,Kagiso Rabada,4.0,24,0,18,1,4.5,18.0,24.0
IPL_2019_034,2,PBKS,Arshdeep Singh,4.0,24,0,67,3,16.75,22.33,8.0
IPL_2019_035,1,RCB,Will Jacks,4.0,24,0,35,0,8.75,,
IPL_2019_035,1,RCB,Glenn Maxwell,4.0,24,0,29,0,7.25,,
IPL_2019_035,1,RCB,Cameron Green,4.0,24,0,28,3,7.0,9.33,8.0
IPL_2019_035,1,RCB,Karn Sharma,4.0,24,0,17,1,4.25,17.0,24.0
IPL_2019_035,1,RCB,Lockie Ferguson,4.0,24,0,69,1,17.25,69.0,24.0
IPL_2019_035,2,SRH,Abhishek Sharma,4.0,24,0,27,1,6.75,27.0,24.0
IPL_2019_035,2,SRH,Nitish Kumar Reddy,4.0,24,0,21,2,5.25,10.5,12.0
IPL_2019_035,2,SRH,Shahbaz Ahmed,4.0,24,0,30,1,7.5,30.0,24.0
IPL_2019_035,2,SRH,Pat Cummins,4.0,24,0,16,0,4.0,,
IPL_2019_035,2,SRH,Bhuvneshwar Kumar,4.0,24,0,83,3,20.75,27.67,8.0
IPL_2019_036,1,DC,Axar Patel,4.0,24,0,32,3,8.0,10.67,8.0
IPL_2019_036,1,DC,Kuldeep Yadav,4.0,24,0,33,2,8.25,16.5,12.0
IPL_2019_036,1,DC,Khaleel Ahmed,4.0,24,0,17,2,4.25,8.5,12.0
IPL_2019_036,1,DC,Mukesh Kumar,4.0,24,0,17,2,4.25,8.5,12.0
IPL_2019_036,1,DC,Ishant Sharma,4.0,24,0,79,1,19.75,79.0,24.0
IPL_2019_036,2,RR,Rovman Powell,4.0,24,0,36,2,9.0,18.0,12.0
IPL_2019_036,2,RR,Ravichandran Ashwin,4.0,24,0,27,2,6.75,13.5,12.0
IPL_2019_036,2,RR,Trent Boult,4.0,24,0,21,1,5.25,21.0,24.0
IPL_2019_036,2,RR,Avesh Khan,4.0,24,0,16,2,4.0,8.0,12.0
IPL_2019_036,2,RR,Sandeep Sharma,4.0,24,0,75,0,18.75,,
IPL_2019_037,1,KKR,Sunil Narine,4.0,24,0,44,2,11.0,22.0,12.0
IPL_2019_037,1,KKR,Andre Russell,4.0,24,0,28,2,7.0,14.0,12.0
IPL_2019_037,1,KKR,Ramandeep Singh,4.0,24,0,21,2,5.25,10.5,12.0
IPL_2019_037,1,KKR,Mitchell Starc,4.0,24,0,20,0,5.0,,
IPL_2019_037,1,KKR,Harshit Rana,4.0,24,0,68,0,17.0,,
IPL_2019_037,2,LSG,Marcus Stoinis,4.0,24,0,39,3,9.75,13.0,8.0
IPL_2019_037,2,LSG,Deepak Hooda,4.0,24,0,23,0,5.75,,
IPL_2019_037,2,LSG,Krunal Pandya,4.0,24,0,25,0,6.25,,
IPL_2019_037,2,LSG,Ravi Bishnoi,4.0,24,0,15,1,3.75,15.0,24.0
IPL_2019_037,2,LSG,Mohsin Khan,4.0,24,0,81,1,20.25,81.0,24.0
IPL_2019_038,1,KKR,Sunil Narine,4.0,24,0,36,2,9.0,18.0,12.0
IPL_2019_038,1,KKR,Andre Russell,4.0,24,0,26,2,6.5,13.0,12.0
IPL_2019_038,1,KKR,Ramandeep Singh,4.0,24,0,19,2,4.75,9.5,12.0
IPL_2019_038,1,KKR,Mitchell Starc,4.0,24,0,19,2,4.75,9.5,12.0
IPL_2019_038,1,KKR,Harshit Rana,4.0,24,0,83,0,20.75,,
IPL_2019_038,2,MI,Hardik Pandya,4.0,24,0,32,1,8.0,32.0,24.0
IPL_2019_038,2,MI,Romario Shepherd,4.0,24,0,22,1,5.5,22.0,24.0
IPL_2019_038,2,MI,Mohammad Nabi,4.0,24,0,25,1,6.25,25.0,24.0
IPL_2019_038,2,MI,Gerald Coetzee,4.0,24,1,16,3,4.0,5.33,8.0
IPL_2019_038,2,MI,Piyush Chawla,4.0,24,0,67,1,16.75,67.0,24.0
IPL_2019_039,1,MI,Hardik Pandya,4.0,24,0,30,3,7.5,10.0,8.0
IPL_2019_039,1,MI,Romario Shepherd,4.0,24,0,31,1,7.75,31.0,24.0
IPL_2019_039,1,MI,Mohammad Nabi,4.0,24,0,21,1,5.25,21.0,24.0
IPL_2019_039,1,MI,Gerald Coetzee,4.0,24,0,14,1,3.5,14.0,24.0
IPL_2019_039,1,MI,Piyush Chawla,4.0,24,0,61,1,15.25,61.0,24.0
IPL_2019_039,2,PBKS,Sam Curran,4.0,24,0,27,3,6.75,9.0,8.0
IPL_2019_039,2,PBKS,Harpreet Brar,4.0,24,0,28,0,7.0,,
IPL_2019_039,2,PBKS,Harshal Patel,4.0,24,0,29,3,7.25,9.67,8.0
IPL_2019_039,2,PBKS,Kagiso Rabada,4.0,24,0,21,3,5.25,7.0,8.0
IPL_2019_039,2,PBKS,Arshdeep Singh,4.0,24,0,72,1,18.0,72.0,24.0
IPL_2019_040,1,DC,Axar Patel,4.0,24,0,27,0,6.75,,
IPL_2019_040,1,DC,Kuldeep Yadav,4.0,24,0,30,0,7.5,,
IPL_2019_040,1,DC,Khaleel Ahmed,4.0,24,0,22,2,5.5,11.0,12.0
IPL_2019_040,1,DC,Mukesh Kumar,4.0,24,0,17,0,4.25,,
IPL_2019_040,1,DC,Ishant Sharma,4.0,24,0,63,1,15.75,63.0,24.0
IPL_2019_040,2,RR,Rovman Powell,4.0,24,0,45,1,11.25,45.0,24.0
IPL_2019_040,2,RR,Ravichandran Ashwin,4.0,24,0,24,1,6.0,24.0,24.0
IPL_2019_040,2,RR,Trent Boult,4.0,24,0,30,1,7.5,30.0,24.0
IPL_2019_040,2,RR,Avesh Khan,4.0,24,0,20,1,5.0,20.0,24.0
IPL_2019_040,2,RR,Sandeep Sharma,4.0,24,0,72,2,18.0,36.0,12.0
IPL_2019_041,1,RCB,Will Jacks,4.0,24,0,31,0,7.75,,
IPL_2019_041,1,RCB,Glenn Maxwell,4.0,24,0,35,1,8.75,35.0,24.0
IPL_2019_041,1,RCB,Cameron Green,4.0,24,0,25,3,6.25,8.33,8.0
IPL_2019_041,1,RCB,Karn Sharma,4.0,24,0,17,1,4.25,17.0,24.0
IPL_2019_041,1,RCB,Lockie Ferguson,4.0,24,0,73,2,18.25,36.5,12.0
IPL_2019_041,2,KKR,Sunil Narine,4.0,24,0,43,2,10.75,21.5,12.0
IPL_2019_041,2,KKR,Andre Russell,4.0,24,0,30,2,7.5,15.0,12.0
IPL_2019_041,2,KKR,Ramandeep Singh,4.0,24,0,24,2,6.0,12.0,12.0
IPL_2019_041,2,KKR,Mitchell Starc,4.0,24,0,22,2,5.5,11.0,12.0
IPL_2019_041,2,KKR,Harshit Rana,4.0,24,0,70,3,17.5,23.33,8.0
IPL_2019_042,1,PBKS,Sam Curran,4.0,24,0,32,0,8.0,,
IPL_2019_042,1,PBKS,Harpreet Brar,4.0,24,0,21,1,5.25,21.0,24.0
IPL_2019_042,1,PBKS,Harshal Patel,4.0,24,0,26,1,6.5,26.0,24.0
IPL_2019_042,1,PBKS,Kagiso Rabada,4.0,24,0,18,3,4.5,6.0,8.0
IPL_2019_042,1,PBKS,Arshdeep Singh,4.0,24,0,81,0,20.25,,
IPL_2019_042,2,MI,Hardik Pandya,4.0,24,0,32,3,8.0,10.67,8.0
IPL_2019_042,2,MI,Romario Shepherd,4.0,24,0,34,1,8.5,34.0,24.0
IPL_2019_042,2,MI,Mohammad Nabi,4.0,24,0,18,1,4.5,18.0,24.0
IPL_2019_042,2,MI,Gerald Coetzee,4.0,24,0,22,2,5.5,11.0,12.0
IPL_2019_042,2,MI,Piyush Chawla,4.0,24,0,80,2,20.0,40.0,12.0
IPL_2019_043,1,CSK,Rachin Ravindra,4.0,24,0,40,3,10.0,13.33,8.0
IPL_2019_043,1,CSK,Daryl Mitchell,4.0,24,0,32,0,8.0,,
IPL_2019_043,1,CSK,Shivam Dube,4.0,24,0,28,1,7.0,28.0,24.0
IPL_2019_043,1,CSK,Ravindra Jadeja,4.0,24,0,19,3,4.75,6.33,8.0
IPL_2019_043,1,CSK,Mitchell Santner,4.0,24,0,71,3,17.75,23.67,8.0
IPL_2019_043,2,GT,Azmatullah Omarzai,4.0,24,0,28,3,7.0,9.33,8.0
IPL_2019_043,2,GT,Rahul Tewatia,4.0,24,0,27,2,6.75,13.5,12.0
IPL_2019_043,2,GT,Rashid Khan,4.0,24,0,18,1,4.5,18.0,24.0
IPL_2019_043,2,GT,Mohit Sharma,4.0,24,0,15,3,3.75,5.0,8.0
IPL_2019_043,2,GT,Noor Ahmad,4.0,24,0,96,3,24.0,32.0,8.0
IPL_2019_044,1,PBKS,Sam Curran,4.0,24,0,38,2,9.5,19.0,12.0
IPL_2019_044,1,PBKS,Harpreet Brar,4.0,24,0,36,1,9.0,36.0,24.0
IPL_2019_044,1,PBKS,Harshal Patel,4.0,24,0,24,2,6.0,12.0,12.0
IPL_2019_044,1,PBKS,Kagiso Rabada,4.0,24,0,13,1,3.25,13.0,24.0
IPL_2019_044,1,PBKS,Arshdeep Singh,4.0,24,0,71,0,17.75,,
IPL_2019_044,2,KKR,Sunil Narine,4.0,24,0,28,1,7.0,28.0,24.0
IPL_2019_044,2,KKR,Andre Russell,4.0,24,0,22,1,5.5,22.0,24.0
IPL_2019_044,2,KKR,Ramandeep Singh,4.0,24,0,22,1,5.5,22.0,24.0
IPL_2019_044,2,KKR,Mitchell Starc,4.0,24,0,15,1,3.75,15.0,24.0
IPL_2019_044,2,KKR,Harshit Rana,4.0,24,0,91,0,22.75,,
IPL_2019_045,1,LSG,Marcus Stoinis,4.0,24,0,37,1,9.25,37.0,24.0
IPL_2019_045,1,LSG,Deepak Hooda,4.0,24,0,33,1,8.25,33.0,24.0
IPL_2019_045,1,LSG,Krunal Pandya,4.0,24,0,18,2,4.5,9.0,12.0
IPL_2019_045,1,LSG,Ravi Bishnoi,4.0,24,0,20,3,5.0,6.67,8.0
IPL_2019_045,1,LSG,Mohsin Khan,4.0,24,0,75,0,18.75,,
IPL_2019_045,2,PBKS,Sam Curran,4.0,24,0,29,1,7.25,29.0,24.0
IPL_2019_045,2,PBKS,Harpreet Brar,4.0,24,0,30,2,7.5,15.0,12.0
IPL_2019_045,2,PBKS,Harshal Patel,4.0,24,0,19,1,4.75,19.0,24.0
IPL_2019_045,2,PBKS,Kagiso Rabada,4.0,24,0,23,2,5.75,11.5,12.0
IPL_2019_045,2,PBKS,Arshdeep Singh,4.0,24,0,73,2,18.25,36.5,12.0
IPL_2019_046,1,RR,Rovman Powell,4.0,24,0,31,1,7.75,31.0,24.0
IPL_2019_046,1,RR,Ravichandran Ashwin,4.0,24,0,25,3,6.25,8.33,8.0
IPL_2019_046,1,RR,Trent Boult,4.0,24,0,20,1,5.0,20.0,24.0
IPL_2019_046,1,RR,Avesh Khan,4.0,24,1,24,1,6.0,24.0,24.0
IPL_2019_046,1,RR,Sandeep Sharma,4.0,24,0,91,1,22.75,91.0,24.0
IPL_2019_046,2,PBKS,Sam Curran,4.0,24,0,44,2,11.0,22.0,12.0
IPL_2019_046,2,PBKS,Harpreet Brar,4.0,24,0,25,1,6.25,25.0,24.0
IPL_2019_046,2,PBKS,Harshal Patel,4.0,24,0,22,2,5.5,11.0,12.0
IPL_2019_046,2,PBKS,Kagiso Rabada,4.0,24,0,12,1,3.0,12.0,24.0
IPL_2019_046,2,PBKS,Arshdeep Singh,4.0,24,0,73,0,18.25,,
IPL_2019_047,1,GT,Azmatullah Omarzai,4.0,24,0,36,0,9.0,,
IPL_2019_047,1,GT,Rahul Tewatia,4.0,24,0,27,1,6.75,27.0,24.0
IPL_2019_047,1,GT,Rashid Khan,4.0,24,0,34,0,8.5,,
IPL_2019_047,1,GT,Mohit Sharma,4.0,24,0,24,2,6.0,12.0,12.0
IPL_2019_047,1,GT,Noor Ahmad,4.0,24,0,76,0,19.0,,
IPL_2019_047,2,KKR,Sunil Narine,4.0,24,0,41,1,10.25,41.0,24.0
IPL_2019_047,2,KKR,Andre Russell,4.0,24,0,31,2,7.75,15.5,12.0
IPL_2019_047,2,KKR,Ramandeep Singh,4.0,24,1,15,1,3.75,15.0,24.0
IPL_2019_047,2,KKR,Mitchell Starc,4.0,24,0,17,0,4.25,,
IPL_2019_047,2,KKR,Harshit Rana,4.0,24,0,69,2,17.25,34.5,12.0
IPL_2019_048,1,RCB,Will Jacks,4.0,24,0,28,0,7.0,,
IPL_2019_048,1,RCB,Glenn Maxwell,4.0,24,0,41,3,10.25,13.67,8.0
IPL_2019_048,1,RCB,Cameron Green,4.0,24,0,28,2,7.0,14.0,12.0
IPL_2019_048,1,RCB,Karn Sharma,4.0,24,0,19,1,4.75,19.0,24.0
IPL_2019_048,1,RCB,Lockie Ferguson,4.0,24,0,74,2,18.5,37.0,12.0
IPL_2019_048,2,CSK,Rachin Ravindra,4.0,24,0,41,2,10.25,20.5,12.0
IPL_2019_048,2,CSK,Daryl Mitchell,4.0,24,0,31,0,7.75,,
IPL_2019_048,2,CSK,Shivam Dube,4.0,24,0,25,2,6.25,12.5,12.0
IPL_2019_048,2,CSK,Ravindra Jadeja,4.0,24,0,12,1,3.0,12.0,24.0
IPL_2019_048,2,CSK,Mitchell Santner,4.0,24,0,68,3,17.0,22.67,8.0
IPL_2019_049,1,PBKS,Sam Curran,4.0,24,0,26,1,6.5,26.0,24.0
IPL_2019_049,1,PBKS,Harpreet Brar,4.0,24,0,39,3,9.75,13.0,8.0
IPL_2019_049,1,PBKS,Harshal Patel,4.0,24,0,24,3,6.0,8.0,8.0
IPL_2019_049,1,PBKS,Kagiso Rabada,4.0,24,0,21,0,5.25,,
IPL_2019_049,1,PBKS,Arshdeep Singh,4.0,24,0,76,3,19.0,25.33,8.0
IPL_2019_049,2,SRH,Abhishek Sharma,4.0,24,0,33,2,8.25,16.5,12.0
IPL_2019_049,2,SRH,Nitish Kumar Reddy,4.0,24,0,26,1,6.5,26.0,24.0
IPL_2019_049,2,SRH,Shahbaz Ahmed,4.0,24,0,26,2,6.5,13.0,12.0
IPL_2019_049,2,SRH,Pat Cummins,4.0,24,0,16,2,4.0,8.0,12.0
IPL_2019_049,2,SRH,Bhuvneshwar Kumar,4.0,24,0,87,2,21.75,43.5,12.0
IPL_2019_050,1,SRH,Abhishek Sharma,4.0,24,0,43,2,10.75,21.5,12.0
IPL_2019_050,1,SRH,Nitish Kumar Reddy,4.0,24,0,35,2,8.75,17.5,12.0
IPL_2019_050,1,SRH,Shahbaz Ahmed,4.0,24,0,22,1,5.5,22.0,24.0
IPL_2019_050,1,SRH,Pat Cummins,4.0,24,1,16,0,4.0,,
IPL_2019_050,1,SRH,Bhuvneshwar Kumar,4.0,24,0,64,1,16.0,64.0,24.0
IPL_2019_050,2,LSG,Marcus Stoinis,4.0,24,0,39,3,9.75,13.0,8.0
IPL_2019_050,2,LSG,Deepak Hooda,4.0,24,0,32,2,8.0,16.0,12.0
IPL_2019_050,2,LSG,Krunal Pandya,4.0,24,0,16,2,4.0,8.0,12.0
IPL_2019_050,2,LSG,Ravi Bishnoi,4.0,24,0,17,1,4.25,17.0,24.0
IPL_2019_050,2,LSG,Mohsin Khan,4.0,24,0,73,0,18.25,,
IPL_2019_051,1,MI,Hardik Pandya,4.0,24,0,36,0,9.0,,
IPL_2019_051,1,MI,Romario Shepherd,4.0,24,0,32,3,8.0,10.67,8.0
IPL_2019_051,1,MI,Mohammad Nabi,4.0,24,0,22,0,5.5,,
IPL_2019_051,1,MI,Gerald Coetzee,4.0,24,0,14,1,3.5,14.0,24.0
IPL_2019_051,1,MI,Piyush Chawla,4.0,24,0,61,1,15.25,61.0,24.0
IPL_2019_051,2,DC,Axar Patel,4.0,24,0,32,2,8.0,16.0,12.0
IPL_2019_051,2,DC,Kuldeep Yadav,4.0,24,0,31,1,7.75,31.0,24.0
IPL_2019_051,2,DC,Khaleel Ahmed,4.0,24,0,26,2,6.5,13.0,12.0
IPL_2019_051,2,DC,Mukesh Kumar,4.0,24,0,14,0,3.5,,
IPL_2019_051,2,DC,Ishant Sharma,4.0,24,0,76,1,19.0,76.0,24.0
IPL_2019_052,1,MI,Hardik Pandya,4.0,24,0,39,2,9.75,19.5,12.0
IPL_2019_052,1,MI,Romario Shepherd,4.0,24,0,22,1,5.5,22.0,24.0
IPL_2019_052,1,MI,Mohammad Nabi,4.0,24,0,26,3,6.5,8.67,8.0
IPL_2019_052,1,MI,Gerald Coetzee,4.0,24,0,21,2,5.25,10.5,12.0
IPL_2019_052,1,MI,Piyush Chawla,4.0,24,0,66,1,16.5,66.0,24.0
IPL_2019_052,2,PBKS,Sam Curran,4.0,24,0,42,0,10.5,,
IPL_2019_052,2,PBKS,Harpreet Brar,4.0,24,0,18,2,4.5,9.0,12.0
IPL_2019_052,2,PBKS,Harshal Patel,4.0,24,0,19,1,4.75,19.0,24.0
IPL_2019_052,2,PBKS,Kagiso Rabada,4.0,24,0,14,2,3.5,7.0,12.0
IPL_2019_052,2,PBKS,Arshdeep Singh,4.0,24,0,74,1,18.5,74.0,24.0
IPL_2019_053,1,RCB,Will Jacks,4.0,24,0,42,2,10.5,21.0,12.0
IPL_2019_053,1,RCB,Glenn Maxwell,4.0,24,0,23,3,5.75,7.67,8.0
IPL_2019_053,1,RCB,Cameron Green,4.0,24,0,23,1,5.75,23.0,24.0
IPL_2019_053,1,RCB,Karn Sharma,4.0,24,0,13,2,3.25,6.5,12.0
IPL_2019_053,1,RCB,Lockie Ferguson,4.0,24,0,64,3,16.0,21.33,8.0
IPL_2019_053,2,SRH,Abhishek Sharma,4.0,24,0,36,0,9.0,,
IPL_2019_053,2,SRH,Nitish Kumar Reddy,4.0,24,0,32,1,8.0,32.0,24.0
IPL_2019_053,2,SRH,Shahbaz Ahmed,4.0,24,0,23,0,5.75,,
IPL_2019_053,2,SRH,Pat Cummins,4.0,24,0,25,1,6.25,25.0,24.0
IPL_2019_053,2,SRH,Bhuvneshwar Kumar,4.0,24,0,74,1,18.5,74.0,24.0
IPL_2019_054,1,GT,Azmatullah Omarzai,4.0,24,0,24,0,6.0,,
IPL_2019_054,1,GT,Rahul Tewatia,4.0,24,0,27,1,6.75,27.0,24.0
IPL_2019_054,1,GT,Rashid Khan,4.0,24,0,23,1,5.75,23.0,24.0
IPL_2019_054,1,GT,Mohit Sharma,4.0,24,0,14,2,3.5,7.0,12.0
IPL_2019_054,1,GT,Noor Ahmad,4.0,24,0,83,1,20.75,83.0,24.0
IPL_2019_054,2,PBKS,Sam Curran,4.0,24,0,45,1,11.25,45.0,24.0
IPL_2019_054,2,PBKS,Harpreet Brar,4.0,24,0,33,0,8.25,,
IPL_2019_054,2,PBKS,Harshal Patel,4.0,24,0,14,2,3.5,7.0,12.0
IPL_2019_054,2,PBKS,Kagiso Rabada,4.0,24,0,20,2,5.0,10.0,12.0
IPL_2019_054,2,PBKS,Arshdeep Singh,4.0,24,0,69,1,17.25,69.0,24.0
IPL_2019_055,1,PBKS,Sam Curran,4.0,24,0,35,1,8.75,35.0,24.0
IPL_2019_055,1,PBKS,Harpreet Brar,4.0,24,0,19,3,4.75,6.33,8.0
IPL_2019_055,1,PBKS,Harshal Patel,4.0,24,0,22,0,5.5,,
IPL_2019_055,1,PBKS,Kagiso Rabada,4.0,24,0,15,1,3.75,15.0,24.0
IPL_2019_055,1,PBKS,Arshdeep Singh,4.0,24,0,68,2,17.0,34.0,12.0
IPL_2019_055,2,DC,Axar Patel,4.0,24,0,28,2,7.0,14.0,12.0
IPL_2019_055,2,DC,Kuldeep Yadav,4.0,24,0,29,0,7.25,,
IPL_2019_055,2,DC,Khaleel Ahmed,4.0,24,0,23,3,5.75,7.67,8.0
IPL_2019_055,2,DC,Mukesh Kumar,4.0,24,0,18,0,4.5,,
IPL_2019_055,2,DC,Ishant Sharma,4.0,24,0,86,3,21.5,28.67,8.0
IPL_2019_056,1,MI,Hardik Pandya,4.0,24,0,39,3,9.75,13.0,8.0
IPL_2019_056,1,MI,Romario Shepherd,4.0,24,0,26,2,6.5,13.0,12.0
IPL_2019_056,1,MI,Mohammad Nabi,4.0,24,0,26,1,6.5,26.0,24.0
IPL_2019_056,1,MI,Gerald Coetzee,4.0,24,0,13,1,3.25,13.0,24.0
IPL_2019_056,1,MI,Piyush Chawla,4.0,24,0,62,1,15.5,62.0,24.0
IPL_2019_056,2,LSG,Marcus Stoinis,4.0,24,0,40,1,10.0,40.0,24.0
IPL_2019_056,2,LSG,Deepak Hooda,4.0,24,1,21,2,5.25,10.5,12.0
IPL_2019_056,2,LSG,Krunal Pandya,4.0,24,0,27,2,6.75,13.5,12.0
IPL_2019_056,2,LSG,Ravi Bishnoi,4.0,24,0,16,3,4.0,5.33,8.0
IPL_2019_056,2,LSG,Mohsin Khan,4.0,24,0,68,1,17.0,68.0,24.0
IPL_2019_057,1,KKR,Sunil Narine,4.0,24,0,31,1,7.75,31.0,24.0
IPL_2019_057,1,KKR,Andre Russell,4.0,24,0,28,3,7.0,9.33,8.0
IPL_2019_057,1,KKR,Ramandeep Singh,4.0,24,0,27,1,6.75,27.0,24.0
IPL_2019_057,1,KKR,Mitchell Starc,4.0,24,0,14,1,3.5,14.0,24.0
IPL_2019_057,1,KKR,Harshit Rana,4.0,24,0,85,2,21.25,42.5,12.0
IPL_2019_057,2,MI,Hardik Pandya,4.0,24,0,46,2,11.5,23.0,12.0
IPL_2019_057,2,MI,Romario Shepherd,4.0,24,0,35,2,8.75,17.5,12.0
IPL_2019_057,2,MI,Mohammad Nabi,4.0,24,0,16,2,4.0,8.0,12.0
IPL_2019_057,2,MI,Gerald Coetzee,4.0,24,0,13,0,3.25,,
IPL_2019_057,2,MI,Piyush Chawla,4.0,24,0,75,1,18.75,75.0,24.0
IPL_2019_058,1,CSK,Rachin Ravindra,4.0,24,0,28,2,7.0,14.0,12.0
IPL_2019_058,1,CSK,Daryl Mitchell,4.0,24,0,23,0,5.75,,
IPL_2019_058,1,CSK,Shivam Dube,4.0,24,0,20,2,5.0,10.0,12.0
IPL_2019_058,1,CSK,Ravindra Jadeja,4.0,24,0,22,1,5.5,22.0,24.0
IPL_2019_058,1,CSK,Mitchell Santner,4.0,24,0,90,2,22.5,45.0,12.0
IPL_2019_058,2,PBKS,Sam Curran,4.0,24,0,27,3,6.75,9.0,8.0
IPL_2019_058,2,PBKS,Harpreet Brar,4.0,24,0,26,3,6.5,8.67,8.0
IPL_2019_058,2,PBKS,Harshal Patel,4.0,24,0,30,0,7.5,,
IPL_2019_058,2,PBKS,Kagiso Rabada,4.0,24,0,18,1,4.5,18.0,24.0
IPL_2019_058,2,PBKS,Arshdeep Singh,4.0,24,0,91,2,22.75,45.5,12.0
IPL_2019_059,1,MI,Hardik Pandya,4.0,24,0,35,2,8.75,17.5,12.0
IPL_2019_059,1,MI,Romario Shepherd,4.0,24,1,19,2,4.75,9.5,12.0
IPL_2019_059,1,MI,Mohammad Nabi,4.0,24,0,16,0,4.0,,
IPL_2019_059,1,MI,Gerald Coetzee,4.0,24,0,19,1,4.75,19.0,24.0
IPL_2019_059,1,MI,Piyush Chawla,4.0,24,0,77,1,19.25,77.0,24.0
IPL_2019_059,2,PBKS,Sam Curran,4.0,24,0,28,1,7.0,28.0,24.0
IPL_2019_059,2,PBKS,Harpreet Brar,4.0,24,0,33,2,8.25,16.5,12.0
IPL_2019_059,2,PBKS,Harshal Patel,4.0,24,1,21,1,5.25,21.0,24.0
IPL_2019_059,2,PBKS,Kagiso Rabada,4.0,24,0,21,2,5.25,10.5,12.0
IPL_2019_059,2,PBKS,Arshdeep Singh,4.0,24,0,76,1,19.0,76.0,24.0
IPL_2019_060,1,RR,Rovman Powell,4.0,24,0,37,2,9.25,18.5,12.0
IPL_2019_060,1,RR,Ravichandran Ashwin,4.0,24,0,33,2,8.25,16.5,12.0
IPL_2019_060,1,RR,Trent Boult,4.0,24,0,24,3,6.0,8.0,8.0
IPL_2019_060,1,RR,Avesh Khan,4.0,24,0,14,2,3.5,7.0,12.0
IPL_2019_060,1,RR,Sandeep Sharma,4.0,24,0,65,1,16.25,65.0,24.0
IPL_2019_060,2,LSG,Marcus Stoinis,4.0,24,0,29,3,7.25,9.67,8.0
IPL_2019_060,2,LSG,Deepak Hooda,4.0,24,0,25,2,6.25,12.5,12.0
IPL_2019_060,2,LSG,Krunal Pandya,4.0,24,0,28,3,7.0,9.33,8.0
IPL_2019_060,2,LSG,Ravi Bishnoi,4.0,24,0,23,1,5.75,23.0,24.0
IPL_2019_060,2,LSG,Mohsin Khan,4.0,24,0,74,2,18.5,37.0,12.0
IPL_2020_001,1,SRH,Abhishek Sharma,4.0,24,0,27,1,6.75,27.0,24.0
IPL_2020_001,1,SRH,Nitish Kumar Reddy,4.0,24,0,26,1,6.5,26.0,24.0
IPL_2020_001,1,SRH,Shahbaz Ahmed,4.0,24,0,22,1,5.5,22.0,24.0
IPL_2020_001,1,SRH,Pat Cummins,4.0,24,0,17,3,4.25,5.67,8.0
IPL_2020_001,1,SRH,Bhuvneshwar Kumar,4.0,24,0,90,1,22.5,90.0,24.0
IPL_2020_001,2,RR,Rovman Powell,4.0,24,0,32,0,8.0,,
IPL_2020_001,2,RR,Ravichandran Ashwin,4.0,24,0,23,2,5.75,11.5,12.0
IPL_2020_001,2,RR,Trent Boult,4.0,24,0,19,1,4.75,19.0,24.0
IPL_2020_001,2,RR,Avesh Khan,4.0,24,0,26,2,6.5,13.0,12.0
IPL_2020_001,2,RR,Sandeep Sharma,4.0,24,0,80,1,20.0,80.0,24.0
IPL_2020_002,1,SRH,Abhishek Sharma,4.0,24,0,45,3,11.25,15.0,8.0
IPL_2020_002,1,SRH,Nitish Kumar Reddy,4.0,24,0,26,0,6.5,,
IPL_2020_002,1,SRH,Shahbaz Ahmed,4.0,24,0,16,1,4.0,16.0,24.0
IPL_2020_002,1,SRH,Pat Cummins,4.0,24,0,19,2,4.75,9.5,12.0
IPL_2020_002,1,SRH,Bhuvneshwar Kumar,4.0,24,0,70,3,17.5,23.33,8.0
IPL_2020_002,2,RCB,Will Jacks,4.0,24,0,35,2,8.75,17.5,12.0
IPL_2020_002,2,RCB,Glenn Maxwell,4.0,24,0,23,3,5.75,7.67,8.0
IPL_2020_002,2,RCB,Cameron Green,4.0,24,0,20,2,5.0,10.0,12.0
IPL_2020_002,2,RCB,Karn Sharma,4.0,24,0,21,1,5.25,21.0,24.0
IPL_2020_002,2,RCB,Lockie Ferguson,4.0,24,0,77,2,19.25,38.5,12.0
IPL_2020_003,1,DC,Axar Patel,4.0,24,0,46,1,11.5,46.0,24.0
IPL_2020_003,1,DC,Kuldeep Yadav,4.0,24,0,28,2,7.0,14.0,12.0
IPL_2020_003,1,DC,Khaleel Ahmed,4.0,24,0,19,1,4.75,19.0,24.0
IPL_2020_003,1,DC,Mukesh Kumar,4.0,24,0,14,3,3.5,4.67,8.0
IPL_2020_003,1,DC,Ishant Sharma,4.0,24,0,81,1,20.25,81.0,24.0
IPL_2020_003,2,CSK,Rachin Ravindra,4.0,24,0,30,2,7.5,15.0,12.0
IPL_2020_003,2,CSK,Daryl Mitchell,4.0,24,0,40,1,10.0,40.0,24.0
IPL_2020_003,2,CSK,Shivam Dube,4.0,24,0,25,3,6.25,8.33,8.0
IPL_2020_003,2,CSK,Ravindra Jadeja,4.0,24,1,18,3,4.5,6.0,8.0
IPL_2020_003,2,CSK,Mitchell Santner,4.0,24,0,83,2,20.75,41.5,12.0
IPL_2020_004,1,MI,Hardik Pandya,4.0,24,0,38,0,9.5,,
IPL_2020_004,1,MI,Romario Shepherd,4.0,24,1,18,1,4.5,18.0,24.0
IPL_2020_004,1,MI,Mohammad Nabi,4.0,24,0,19,0,4.75,,
IPL_2020_004,1,MI,Gerald Coetzee,4.0,24,0,11,1,2.75,11.0,24.0
IPL_2020_004,1,MI,Piyush Chawla,4.0,24,0,62,2,15.5,31.0,12.0
IPL_2020_004,2,DC,Axar Patel,4.0,24,0,43,2,10.75,21.5,12.0
IPL_2020_004,2,DC,Kuldeep Yadav,4.0,24,0,28,3,7.0,9.33,8.0
IPL_2020_004,2,DC,Khaleel Ahmed,4.0,24,0,28,2,7.0,14.0,12.0
IPL_2020_004,2,DC,Mukesh Kumar,4.0,24,1,13,1,3.25,13.0,24.0
IPL_2020_004,2,DC,Ishant Sharma,4.0,24,0,74,0,18.5,,
IPL_2020_005,1,GT,Azmatullah Omarzai,4.0,24,0,40,1,10.0,40.0,24.0
IPL_2020_005,1,GT,Rahul Tewatia,4.0,24,0,33,3,8.25,11.0,8.0
IPL_2020_005,1,GT,Rashid Khan,4.0,24,0,26,1,6.5,26.0,24.0
IPL_2020_005,1,GT,Mohit Sharma,4.0,24,0,16,1,4.0,16.0,24.0
IPL_2020_005,1,GT,Noor Ahmad,4.0,24,0,74,2,18.5,37.0,12.0
IPL_2020_005,2,MI,Hardik Pandya,4.0,24,0,27,2,6.75,13.5,12.0
IPL_2020_005,2,MI,Romario Shepherd,4.0,24,0,27,1,6.75,27.0,24.0
IPL_2020_005,2,MI,Mohammad Nabi,4.0,24,0,15,0,3.75,,
IPL_2020_005,2,MI,Gerald Coetzee,4.0,24,0,13,0,3.25,,
IPL_2020_005,2,MI,Piyush Chawla,4.0,24,0,75,3,18.75,25.0,8.0
IPL_2020_006,1,RCB,Will Jacks,4.0,24,0,28,3,7.0,9.33,8.0
IPL_2020_006,1,RCB,Glenn Maxwell,4.0,24,0,23,2,5.75,11.5,12.0
IPL_2020_006,1,RCB,Cameron Green,4.0,24,0,22,2,5.5,11.0,12.0
IPL_2020_006,1,RCB,Karn Sharma,4.0,24,0,15,2,3.75,7.5,12.0
IPL_2020_006,1,RCB,Lockie Ferguson,4.0,24,0,95,3,23.75,31.67,8.0
IPL_2020_006,2,CSK,Rachin Ravindra,4.0,24,0,37,2,9.25,18.5,12.0
IPL_2020_006,2,CSK,Daryl Mitchell,4.0,24,0,31,1,7.75,31.0,24.0
IPL_2020_006,2,CSK,Shivam Dube,4.0,24,0,24,0,6.0,,
IPL_2020_006,2,CSK,Ravindra Jadeja,4.0,24,1,13,2,3.25,6.5,12.0
IPL_2020_006,2,CSK,Mitchell Santner,4.0,24,0,75,0,18.75,,
IPL_2020_007,1,PBKS,Sam Curran,4.0,24,0,32,3,8.0,10.67,8.0
IPL_2020_007,1,PBKS,Harpreet Brar,4.0,24,1,22,3,5.5,7.33,8.0
IPL_2020_007,1,PBKS,Harshal Patel,4.0,24,0,25,1,6.25,25.0,24.0
IPL_2020_007,1,PBKS,Kagiso Rabada,4.0,24,0,22,1,5.5,22.0,24.0
IPL_2020_007,1,PBKS,Arshdeep Singh,4.0,24,0,75,1,18.75,75.0,24.0
IPL_2020_007,2,DC,Axar Patel,4.0,24,0,26,2,6.5,13.0,12.0
IPL_2020_007,2,DC,Kuldeep Yadav,4.0,24,0,35,1,8.75,35.0,24.0
IPL_2020_007,2,DC,Khaleel Ahmed,4.0,24,0,28,1,7.0,28.0,24.0
IPL_2020_007,2,DC,Mukesh Kumar,4.0,24,0,12,1,3.0,12.0,24.0
IPL_2020_007,2,DC,Ishant Sharma,4.0,24,0,73,3,18.25,24.33,8.0
IPL_2020_008,1,SRH,Abhishek Sharma,4.0,24,0,30,0,7.5,,
IPL_2020_008,1,SRH,Nitish Kumar Reddy,4.0,24,0,26,1,6.5,26.0,24.0
IPL_2020_008,1,SRH,Shahbaz Ahmed,4.0,24,1,18,2,4.5,9.0,12.0
IPL_2020_008,1,SRH,Pat Cummins,4.0,24,0,16,2,4.0,8.0,12.0
IPL_2020_008,1,SRH,Bhuvneshwar Kumar,4.0,24,0,73,2,18.25,36.5,12.0
IPL_2020_008,2,GT,Azmatullah Omarzai,4.0,24,0,25,1,6.25,25.0,24.0
IPL_2020_008,2,GT,Rahul Tewatia,4.0,24,0,36,2,9.0,18.0,12.0
IPL_2020_008,2,GT,Rashid Khan,4.0,24,0,27,1,6.75,27.0,24.0
IPL_2020_008,2,GT,Mohit Sharma,4.0,24,1,18,1,4.5,18.0,24.0
IPL_2020_008,2,GT,Noor Ahmad,4.0,24,0,75,1,18.75,75.0,24.0
IPL_2020_009,1,RR,Rovman Powell,4.0,24,0,30,2,7.5,15.0,12.0
IPL_2020_009,1,RR,Ravichandran Ashwin,4.0,24,0,23,2,5.75,11.5,12.0
IPL_2020_009,1,RR,Trent Boult,4.0,24,0,21,2,5.25,10.5,12.0
IPL_2020_009,1,RR,Avesh Khan,4.0,24,0,22,1,5.5,22.0,24.0
IPL_2020_009,1,RR,Sandeep Sharma,4.0,24,0,87,0,21.75,,
IPL_2020_009,2,GT,Azmatullah Omarzai,4.0,24,0,33,2,8.25,16.5,12.0
IPL_2020_009,2,GT,Rahul Tewatia,4.0,24,0,23,2,5.75,11.5,12.0
IPL_2020_009,2,GT,Rashid Khan,4.0,24,0,21,2,5.25,10.5,12.0
IPL_2020_009,2,GT,Mohit Sharma,4.0,24,0,14,1,3.5,14.0,24.0
IPL_2020_009,2,GT,Noor Ahmad,4.0,24,0,70,1,17.5,70.0,24.0
IPL_2020_010,1,KKR,Sunil Narine,4.0,24,0,43,2,10.75,21.5,12.0
IPL_2020_010,1,KKR,Andre Russell,4.0,24,0,26,2,6.5,13.0,12.0
IPL_2020_010,1,KKR,Ramandeep Singh,4.0,24,0,17,2,4.25,8.5,12.0
IPL_2020_010,1,KKR,Mitchell Starc,4.0,24,0,15,1,3.75,15.0,24.0
IPL_2020_010,1,KKR,Harshit Rana,4.0,24,0,76,3,19.0,25.33,8.0
IPL_2020_010,2,RCB,Will Jacks,4.0,24,0,43,3,10.75,14.33,8.0
IPL_2020_010,2,RCB,Glenn Maxwell,4.0,24,0,32,0,8.0,,
IPL_2020_010,2,RCB,Cameron Green,4.0,24,0,21,3,5.25,7.0,8.0
IPL_2020_010,2,RCB,Karn Sharma,4.0,24,1,14,0,3.5,,
IPL_2020_010,2,RCB,Lockie Ferguson,4.0,24,0,71,2,17.75,35.5,12.0
IPL_2020_011,1,KKR,Sunil Narine,4.0,24,0,27,2,6.75,13.5,12.0
IPL_2020_011,1,KKR,Andre Russell,4.0,24,0,25,3,6.25,8.33,8.0
IPL_2020_011,1,KKR,Ramandeep Singh,4.0,24,0,17,2,4.25,8.5,12.0
IPL_2020_011,1,KKR,Mitchell Starc,4.0,24,0,19,3,4.75,6.33,8.0
IPL_2020_011,1,KKR,Harshit Rana,4.0,24,0,76,2,19.0,38.0,12.0
IPL_2020_011,2,GT,Azmatullah Omarzai,4.0,24,0,24,2,6.0,12.0,12.0
IPL_2020_011,2,GT,Rahul Tewatia,4.0,24,0,22,2,5.5,11.0,12.0
IPL_2020_011,2,GT,Rashid Khan,4.0,24,0,18,2,4.5,9.0,12.0
IPL_2020_011,2,GT,Mohit Sharma,4.0,24,0,18,2,4.5,9.0,12.0
IPL_2020_011,2,GT,Noor Ahmad,4.0,24,0,90,1,22.5,90.0,24.0
IPL_2020_012,1,DC,Axar Patel,4.0,24,0,27,1,6.75,27.0,24.0
IPL_2020_012,1,DC,Kuldeep Yadav,4.0,24,0,31,2,7.75,15.5,12.0
IPL_2020_012,1,DC,Khaleel Ahmed,4.0,24,0,18,0,4.5,,
IPL_2020_012,1,DC,Mukesh Kumar,4.0,24,0,18,1,4.5,18.0,24.0
IPL_2020_012,1,DC,Ishant Sharma,4.0,24,0,68,3,17.0,22.67,8.0
IPL_2020_012,2,RR,Rovman Powell,4.0,24,0,34,1,8.5,34.0,24.0
IPL_2020_012,2,RR,Ravichandran Ashwin,4.0,24,0,30,1,7.5,30.0,24.0
IPL_2020_012,2,RR,Trent Boult,4.0,24,0,20,2,5.0,10.0,12.0
IPL_2020_012,2,RR,Avesh Khan,4.0,24,0,15,2,3.75,7.5,12.0
IPL_2020_012,2,RR,Sandeep Sharma,4.0,24,0,88,0,22.0,,
IPL_2020_013,1,MI,Hardik Pandya,4.0,24,0,30,3,7.5,10.0,8.0
IPL_2020_013,1,MI,Romario Shepherd,4.0,24,0,38,1,9.5,38.0,24.0
IPL_2020_013,1,MI,Mohammad Nabi,4.0,24,0,23,3,5.75,7.67,8.0
IPL_2020_013,1,MI,Gerald Coetzee,4.0,24,0,22,3,5.5,7.33,8.0
IPL_2020_013,1,MI,Piyush Chawla,4.0,24,0,68,0,17.0,,
IPL_2020_013,2,SRH,Abhishek Sharma,4.0,24,0,31,1,7.75,31.0,24.0
IPL_2020_013,2,SRH,Nitish Kumar Reddy,4.0,24,1,19,2,4.75,9.5,12.0
IPL_2020_013,2,SRH,Shahbaz Ahmed,4.0,24,0,28,2,7.0,14.0,12.0
IPL_2020_013,2,SRH,Pat Cummins,4.0,24,0,14,2,3.5,7.0,12.0
IPL_2020_013,2,SRH,Bhuvneshwar Kumar,4.0,24,0,73,2,18.25,36.5,12.0
IPL_2020_014,1,KKR,Sunil Narine,4.0,24,0,29,0,7.25,,
IPL_2020_014,1,KKR,Andre Russell,4.0,24,0,29,2,7.25,14.5,12.0
IPL_2020_014,1,KKR,Ramandeep Singh,4.0,24,0,23,2,5.75,11.5,12.0
IPL_2020_014,1,KKR,Mitchell Starc,4.0,24,1,17,3,4.25,5.67,8.0
IPL_2020_014,1,KKR,Harshit Rana,4.0,24,0,51,1,12.75,51.0,24.0
IPL_2020_014,2,PBKS,Sam Curran,4.0,24,0,24,3,6.0,8.0,8.0
IPL_2020_014,2,PBKS,Harpreet Brar,4.0,24,0,18,0,4.5,,
IPL_2020_014,2,PBKS,Harshal Patel,4.0,24,0,23,3,5.75,7.67,8.0
IPL_2020_014,2,PBKS,Kagiso Rabada,4.0,24,0,20,2,5.0,10.0,12.0
IPL_2020_014,2,PBKS,Arshdeep Singh,4.0,24,0,69,2,17.25,34.5,12.0
IPL_2020_015,1,CSK,Rachin Ravindra,4.0,24,0,34,0,8.5,,
IPL_2020_015,1,CSK,Daryl Mitchell,4.0,24,0,23,2,5.75,11.5,12.0
IPL_2020_015,1,CSK,Shivam Dube,4.0,24,0,30,2,7.5,15.0,12.0
IPL_2020_015,1,CSK,Ravindra Jadeja,4.0,24,0,17,2,4.25,8.5,12.0
IPL_2020_015,1,CSK,Mitchell Santner,4.0,24,0,72,2,18.0,36.0,12.0
IPL_2020_015,2,KKR,Sunil Narine,4.0,24,0,41,2,10.25,20.5,12.0
IPL_2020_015,2,KKR,Andre Russell,4.0,24,0,25,1,6.25,25.0,24.0
IPL_2020_015,2,KKR,Ramandeep Singh,4.0,24,0,23,2,5.75,11.5,12.0
IPL_2020_015,2,KKR,Mitchell Starc,4.0,24,0,17,0,4.25,,
IPL_2020_015,2,KKR,Harshit Rana,4.0,24,0,59,0,14.75,,
IPL_2020_016,1,CSK,Rachin Ravindra,4.0,24,0,26,2,6.5,13.0,12.0
IPL_2020_016,1,CSK,Daryl Mitchell,4.0,24,0,31,0,7.75,,
IPL_2020_016,1,CSK,Shivam Dube,4.0,24,0,22,2,5.5,11.0,12.0
IPL_2020_016,1,CSK,Ravindra Jadeja,4.0,24,0,20,3,5.0,6.67,8.0
IPL_2020_016,1,CSK,Mitchell Santner,4.0,24,0,74,3,18.5,24.67,8.0
IPL_2020_016,2,KKR,Sunil Narine,4.0,24,0,40,2,10.0,20.0,12.0
IPL_2020_016,2,KKR,Andre Russell,4.0,24,0,34,1,8.5,34.0,24.0
IPL_2020_016,2,KKR,Ramandeep Singh,4.0,24,0,20,2,5.0,10.0,12.0
IPL_2020_016,2,KKR,Mitchell Starc,4.0,24,1,15,3,3.75,5.0,8.0
IPL_2020_016,2,KKR,Harshit Rana,4.0,24,0,71,2,17.75,35.5,12.0
IPL_2020_017,1,KKR,Sunil Narine,4.0,24,0,27,1,6.75,27.0,24.0
IPL_2020_017,1,KKR,Andre Russell,4.0,24,0,31,2,7.75,15.5,12.0
IPL_2020_017,1,KKR,Ramandeep Singh,4.0,24,0,19,3,4.75,6.33,8.0
IPL_2020_017,1,KKR,Mitchell Starc,4.0,24,0,14,1,3.5,14.0,24.0
IPL_2020_017,1,KKR,Harshit Rana,4.0,24,0,85,2,21.25,42.5,12.0
IPL_2020_017,2,LSG,Marcus Stoinis,4.0,24,0,34,2,8.5,17.0,12.0
IPL_2020_017,2,LSG,Deepak Hooda,4.0,24,0,21,2,5.25,10.5,12.0
IPL_2020_017,2,LSG,Krunal Pandya,4.0,24,0,24,1,6.0,24.0,24.0
IPL_2020_017,2,LSG,Ravi Bishnoi,4.0,24,0,13,0,3.25,,
IPL_2020_017,2,LSG,Mohsin Khan,4.0,24,0,79,1,19.75,79.0,24.0
IPL_2020_018,1,RR,Rovman Powell,4.0,24,0,26,3,6.5,8.67,8.0
IPL_2020_018,1,RR,Ravichandran Ashwin,4.0,24,0,25,1,6.25,25.0,24.0
IPL_2020_018,1,RR,Trent Boult,4.0,24,0,35,1,8.75,35.0,24.0
IPL_2020_018,1,RR,Avesh Khan,4.0,24,0,16,2,4.0,8.0,12.0
IPL_2020_018,1,RR,Sandeep Sharma,4.0,24,0,86,1,21.5,86.0,24.0
IPL_2020_018,2,MI,Hardik Pandya,4.0,24,0,43,1,10.75,43.0,24.0
IPL_2020_018,2,MI,Romario Shepherd,4.0,24,0,31,1,7.75,31.0,24.0
IPL_2020_018,2,MI,Mohammad Nabi,4.0,24,1,17,2,4.25,8.5,12.0
IPL_2020_018,2,MI,Gerald Coetzee,4.0,24,0,18,3,4.5,6.0,8.0
IPL_2020_018,2,MI,Piyush Chawla,4.0,24,0,58,1,14.5,58.0,24.0
IPL_2020_019,1,MI,Hardik Pandya,4.0,24,0,26,2,6.5,13.0,12.0
IPL_2020_019,1,MI,Romario Shepherd,4.0,24,0,34,0,8.5,,
IPL_2020_019,1,MI,Mohammad Nabi,4.0,24,0,21,2,5.25,10.5,12.0
IPL_2020_019,1,MI,Gerald Coetzee,4.0,24,0,15,1,3.75,15.0,24.0
IPL_2020_019,1,MI,Piyush Chawla,4.0,24,0,81,1,20.25,81.0,24.0
IPL_2020_019,2,RCB,Will Jacks,4.0,24,0,28,1,7.0,28.0,24.0
IPL_2020_019,2,RCB,Glenn Maxwell,4.0,24,0,23,2,5.75,11.5,12.0
IPL_2020_019,2,RCB,Cameron Green,4.0,24,0,20,1,5.0,20.0,24.0
IPL_2020_019,2,RCB,Karn Sharma,4.0,24,0,15,2,3.75,7.5,12.0
IPL_2020_019,2,RCB,Lockie Ferguson,4.0,24,0,89,2,22.25,44.5,12.0
IPL_2020_020,1,LSG,Marcus Stoinis,4.0,24,0,29,1,7.25,29.0,24.0
IPL_2020_020,1,LSG,Deepak Hooda,4.0,24,0,34,2,8.5,17.0,12.0
IPL_2020_020,1,LSG,Krunal Pandya,4.0,24,0,25,1,6.25,25.0,24.0
IPL_2020_020,1,LSG,Ravi Bishnoi,4.0,24,0,14,3,3.5,4.67,8.0
IPL_2020_020,1,LSG,Mohsin Khan,4.0,24,0,79,2,19.75,39.5,12.0
IPL_2020_020,2,GT,Azmatullah Omarzai,4.0,24,0,23,0,5.75,,
IPL_2020_020,2,GT,Rahul Tewatia,4.0,24,0,23,2,5.75,11.5,12.0
IPL_2020_020,2,GT,Rashid Khan,4.0,24,0,20,1,5.0,20.0,24.0
IPL_2020_020,2,GT,Mohit Sharma,4.0,24,0,21,0,5.25,,
IPL_2020_020,2,GT,Noor Ahmad,4.0,24,0,80,2,20.0,40.0,12.0
IPL_2020_021,1,KKR,Sunil Narine,4.0,24,0,34,1,8.5,34.0,24.0
IPL_2020_021,1,KKR,Andre Russell,4.0,24,0,33,3,8.25,11.0,8.0
IPL_2020_021,1,KKR,Ramandeep Singh,4.0,24,0,26,2,6.5,13.0,12.0
IPL_2020_021,1,KKR,Mitchell Starc,4.0,24,0,18,3,4.5,6.0,8.0
IPL_2020_021,1,KKR,Harshit Rana,4.0,24,0,75,1,18.75,75.0,24.0
IPL_2020_021,2,RR,Rovman Powell,4.0,24,0,46,3,11.5,15.33,8.0
IPL_2020_021,2,RR,Ravichandran Ashwin,4.0,24,0,21,0,5.25,,
IPL_2020_021,2,RR,Trent Boult,4.0,24,1,19,2,4.75,9.5,12.0
IPL_2020_021,2,RR,Avesh Khan,4.0,24,0,14,0,3.5,,
IPL_2020_021,2,RR,Sandeep Sharma,4.0,24,0,86,1,21.5,86.0,24.0
IPL_2020_022,1,DC,Axar Patel,4.0,24,0,29,2,7.25,14.5,12.0
IPL_2020_022,1,DC,Kuldeep Yadav,4.0,24,0,31,2,7.75,15.5,12.0
IPL_2020_022,1,DC,Khaleel Ahmed,4.0,24,0,24,0,6.0,,
IPL_2020_022,1,DC,Mukesh Kumar,4.0,24,1,12,0,3.0,,
IPL_2020_022,1,DC,Ishant Sharma,4.0,24,0,77,1,19.25,77.0,24.0
IPL_2020_022,2,RCB,Will Jacks,4.0,24,0,37,3,9.25,12.33,8.0
IPL_2020_022,2,RCB,Glenn Maxwell,4.0,24,0,22,1,5.5,22.0,24.0
IPL_2020_022,2,RCB,Cameron Green,4.0,24,0,15,1,3.75,15.0,24.0
IPL_2020_022,2,RCB,Karn Sharma,4.0,24,1,14,0,3.5,,
IPL_2020_022,2,RCB,Lockie Ferguson,4.0,24,0,71,0,17.75,,
IPL_2020_023,1,RR,Rovman Powell,4.0,24,0,31,2,7.75,15.5,12.0
IPL_2020_023,1,RR,Ravichandran Ashwin,4.0,24,0,25,3,6.25,8.33,8.0
IPL_2020_023,1,RR,Trent Boult,4.0,24,0,22,3,5.5,7.33,8.0
IPL_2020_023,1,RR,Avesh Khan,4.0,24,0,21,2,5.25,10.5,12.0
IPL_2020_023,1,RR,Sandeep Sharma,4.0,24,0,66,0,16.5,,
IPL_2020_023,2,RCB,Will Jacks,4.0,24,0,31,3,7.75,10.33,8.0
IPL_2020_023,2,RCB,Glenn Maxwell,4.0,24,0,36,1,9.0,36.0,24.0
IPL_2020_023,2,RCB,Cameron Green,4.0,24,0,19,2,4.75,9.5,12.0
IPL_2020_023,2,RCB,Karn Sharma,4.0,24,0,14,2,3.5,7.0,12.0
IPL_2020_023,2,RCB,Lockie Ferguson,4.0,24,0,82,1,20.5,82.0,24.0
IPL_2020_024,1,SRH,Abhishek Sharma,4.0,24,0,45,1,11.25,45.0,24.0
IPL_2020_024,1,SRH,Nitish Kumar Reddy,4.0,24,0,35,0,8.75,,
IPL_2020_024,1,SRH,Shahbaz Ahmed,4.0,24,0,24,3,6.0,8.0,8.0
IPL_2020_024,1,SRH,Pat Cummins,4.0,24,0,15,1,3.75,15.0,24.0
IPL_2020_024,1,SRH,Bhuvneshwar Kumar,4.0,24,0,76,2,19.0,38.0,12.0
IPL_2020_024,2,KKR,Sunil Narine,4.0,24,0,37,1,9.25,37.0,24.0
IPL_2020_024,2,KKR,Andre Russell,4.0,24,0,26,2,6.5,13.0,12.0
IPL_2020_024,2,KKR,Ramandeep Singh,4.0,24,1,23,3,5.75,7.67,8.0
IPL_2020_024,2,KKR,Mitchell Starc,4.0,24,0,19,1,4.75,19.0,24.0
IPL_2020_024,2,KKR,Harshit Rana,4.0,24,0,62,2,15.5,31.0,12.0
IPL_2020_025,1,RR,Rovman Powell,4.0,24,0,42,0,10.5,,
IPL_2020_025,1,RR,Ravichandran Ashwin,4.0,24,1,21,1,5.25,21.0,24.0
IPL_2020_025,1,RR,Trent Boult,4.0,24,0,28,2,7.0,14.0,12.0
IPL_2020_025,1,RR,Avesh Khan,4.0,24,0,16,1,4.0,16.0,24.0
IPL_2020_025,1,RR,Sandeep Sharma,4.0,24,0,75,3,18.75,25.0,8.0
IPL_2020_025,2,MI,Hardik Pandya,4.0,24,0,42,2,10.5,21.0,12.0
IPL_2020_025,2,MI,Romario Shepherd,4.0,24,0,28,1,7.0,28.0,24.0
IPL_2020_025,2,MI,Mohammad Nabi,4.0,24,0,32,1,8.0,32.0,24.0
IPL_2020_025,2,MI,Gerald Coetzee,4.0,24,0,13,1,3.25,13.0,24.0
IPL_2020_025,2,MI,Piyush Chawla,4.0,24,0,81,2,20.25,40.5,12.0
IPL_2020_026,1,KKR,Sunil Narine,4.0,24,0,24,3,6.0,8.0,8.0
IPL_2020_026,1,KKR,Andre Russell,4.0,24,0,21,3,5.25,7.0,8.0
IPL_2020_026,1,KKR,Ramandeep Singh,4.0,24,0,19,3,4.75,6.33,8.0
IPL_2020_026,1,KKR,Mitchell Starc,4.0,24,0,17,2,4.25,8.5,12.0
IPL_2020_026,1,KKR,Harshit Rana,4.0,24,0,78,1,19.5,78.0,24.0
IPL_2020_026,2,LSG,Marcus Stoinis,4.0,24,0,40,0,10.0,,
IPL_2020_026,2,LSG,Deepak Hooda,4.0,24,0,27,3,6.75,9.0,8.0
IPL_2020_026,2,LSG,Krunal Pandya,4.0,24,0,18,2,4.5,9.0,12.0
IPL_2020_026,2,LSG,Ravi Bishnoi,4.0,24,0,23,0,5.75,,
IPL_2020_026,2,LSG,Mohsin Khan,4.0,24,0,77,0,19.25,,
IPL_2020_027,1,RCB,Will Jacks,4.0,24,0,35,3,8.75,11.67,8.0
IPL_2020_027,1,RCB,Glenn Maxwell,4.0,24,1,21,1,5.25,21.0,24.0
IPL_2020_027,1,RCB,Cameron Green,4.0,24,1,21,1,5.25,21.0,24.0
IPL_2020_027,1,RCB,Karn Sharma,4.0,24,0,20,1,5.0,20.0,24.0
IPL_2020_027,1,RCB,Lockie Ferguson,4.0,24,0,66,1,16.5,66.0,24.0
IPL_2020_027,2,KKR,Sunil Narine,4.0,24,0,40,2,10.0,20.0,12.0
IPL_2020_027,2,KKR,Andre Russell,4.0,24,0,31,2,7.75,15.5,12.0
IPL_2020_027,2,KKR,Ramandeep Singh,4.0,24,0,18,3,4.5,6.0,8.0
IPL_2020_027,2,KKR,Mitchell Starc,4.0,24,0,18,2,4.5,9.0,12.0
IPL_2020_027,2,KKR,Harshit Rana,4.0,24,0,61,2,15.25,30.5,12.0
IPL_2020_028,1,DC,Axar Patel,4.0,24,0,34,3,8.5,11.33,8.0
IPL_2020_028,1,DC,Kuldeep Yadav,4.0,24,0,24,3,6.0,8.0,8.0
IPL_2020_028,1,DC,Khaleel Ahmed,4.0,24,0,26,1,6.5,26.0,24.0
IPL_2020_028,1,DC,Mukesh Kumar,4.0,24,0,12,1,3.0,12.0,24.0
IPL_2020_028,1,DC,Ishant Sharma,4.0,24,0,71,2,17.75,35.5,12.0
IPL_2020_028,2,RR,Rovman Powell,4.0,24,0,28,2,7.0,14.0,12.0
IPL_2020_028,2,RR,Ravichandran Ashwin,4.0,24,0,35,2,8.75,17.5,12.0
IPL_2020_028,2,RR,Trent Boult,4.0,24,0,17,2,4.25,8.5,12.0
IPL_2020_028,2,RR,Avesh Khan,4.0,24,0,14,2,3.5,7.0,12.0
IPL_2020_028,2,RR,Sandeep Sharma,4.0,24,0,82,0,20.5,,
IPL_2020_029,1,GT,Azmatullah Omarzai,4.0,24,0,34,1,8.5,34.0,24.0
IPL_2020_029,1,GT,Rahul Tewatia,4.0,24,0,28,2,7.0,14.0,12.0
IPL_2020_029,1,GT,Rashid Khan,4.0,24,0,14,2,3.5,7.0,12.0
IPL_2020_029,1,GT,Mohit Sharma,4.0,24,0,17,2,4.25,8.5,12.0
IPL_2020_029,1,GT,Noor Ahmad,4.0,24,0,67,3,16.75,22.33,8.0
IPL_2020_029,2,LSG,Marcus Stoinis,4.0,24,0,38,0,9.5,,
IPL_2020_029,2,LSG,Deepak Hooda,4.0,24,0,38,1,9.5,38.0,24.0
IPL_2020_029,2,LSG,Krunal Pandya,4.0,24,0,18,1,4.5,18.0,24.0
IPL_2020_029,2,LSG,Ravi Bishnoi,4.0,24,0,20,2,5.0,10.0,12.0
IPL_2020_029,2,LSG,Mohsin Khan,4.0,24,0,75,3,18.75,25.0,8.0
IPL_2020_030,1,KKR,Sunil Narine,4.0,24,0,28,1,7.0,28.0,24.0
IPL_2020_030,1,KKR,Andre Russell,4.0,24,0,31,3,7.75,10.33,8.0
IPL_2020_030,1,KKR,Ramandeep Singh,4.0,24,0,14,2,3.5,7.0,12.0
IPL_2020_030,1,KKR,Mitchell Starc,4.0,24,0,22,0,5.5,,
IPL_2020_030,1,KKR,Harshit Rana,4.0,24,0,70,2,17.5,35.0,12.0
IPL_2020_030,2,RR,Rovman Powell,4.0,24,0,35,2,8.75,17.5,12.0
IPL_2020_030,2,RR,Ravichandran Ashwin,4.0,24,0,30,1,7.5,30.0,24.0
IPL_2020_030,2,RR,Trent Boult,4.0,24,0,16,1,4.0,16.0,24.0
IPL_2020_030,2,RR,Avesh Khan,4.0,24,0,13,1,3.25,13.0,24.0
IPL_2020_030,2,RR,Sandeep Sharma,4.0,24,0,65,1,16.25,65.0,24.0
IPL_2020_031,1,DC,Axar Patel,4.0,24,0,25,0,6.25,,
IPL_2020_031,1,DC,Kuldeep Yadav,4.0,24,0,21,2,5.25,10.5,12.0
IPL_2020_031,1,DC,Khaleel Ahmed,4.0,24,0,28,1,7.0,28.0,24.0
IPL_2020_031,1,DC,Mukesh Kumar,4.0,24,0,14,3,3.5,4.67,8.0
IPL_2020_031,1,DC,Ishant Sharma,4.0,24,0,88,1,22.0,88.0,24.0
IPL_2020_031,2,GT,Azmatullah Omarzai,4.0,24,0,33,2,8.25,16.5,12.0
IPL_2020_031,2,GT,Rahul Tewatia,4.0,24,0,29,2,7.25,14.5,12.0
IPL_2020_031,2,GT,Rashid Khan,4.0,24,0,29,2,7.25,14.5,12.0
IPL_2020_031,2,GT,Mohit Sharma,4.0,24,0,19,2,4.75,9.5,12.0
IPL_2020_031,2,GT,Noor Ahmad,4.0,24,0,74,3,18.5,24.67,8.0
IPL_2020_032,1,PBKS,Sam Curran,4.0,24,0,39,1,9.75,39.0,24.0
IPL_2020_032,1,PBKS,Harpreet Brar,4.0,24,0,31,2,7.75,15.5,12.0
IPL_2020_032,1,PBKS,Harshal Patel,4.0,24,0,25,2,6.25,12.5,12.0
IPL_2020_032,1,PBKS,Kagiso Rabada,4.0,24,0,11,1,2.75,11.0,24.0
IPL_2020_032,1,PBKS,Arshdeep Singh,4.0,24,0,69,2,17.25,34.5,12.0
IPL_2020_032,2,CSK,Rachin Ravindra,4.0,24,0,43,1,10.75,43.0,24.0
IPL_2020_032,2,CSK,Daryl Mitchell,4.0,24,0,26,1,6.5,26.0,24.0
IPL_2020_032,2,CSK,Shivam Dube,4.0,24,0,24,1,6.0,24.0,24.0
IPL_2020_032,2,CSK,Ravindra Jadeja,4.0,24,0,22,1,5.5,22.0,24.0
IPL_2020_032,2,CSK,Mitchell Santner,4.0,24,0,66,1,16.5,66.0,24.0
IPL_2020_033,1,GT,Azmatullah Omarzai,4.0,24,0,34,1,8.5,34.0,24.0
IPL_2020_033,1,GT,Rahul Tewatia,4.0,24,0,20,2,5.0,10.0,12.0
IPL_2020_033,1,GT,Rashid Khan,4.0,24,1,22,3,5.5,7.33,8.0
IPL_2020_033,1,GT,Mohit Sharma,4.0,24,0,18,3,4.5,6.0,8.0
IPL_2020_033,1,GT,Noor Ahmad,4.0,24,0,77,0,19.25,,
IPL_2020_033,2,RCB,Will Jacks,4.0,24,0,44,2,11.0,22.0,12.0
IPL_2020_033,2,RCB,Glenn Maxwell,4.0,24,0,26,0,6.5,,
IPL_2020_033,2,RCB,Cameron Green,4.0,24,0,15,3,3.75,5.0,8.0
IPL_2020_033,2,RCB,Karn Sharma,4.0,24,1,19,1,4.75,19.0,24.0
IPL_2020_033,2,RCB,Lockie Ferguson,4.0,24,0,67,0,16.75,,
IPL_2020_034,1,PBKS,Sam Curran,4.0,24,0,37,2,9.25,18.5,12.0
IPL_2020_034,1,PBKS,Harpreet Brar,4.0,24,0,30,2,7.5,15.0,12.0
IPL_2020_034,1,PBKS,Harshal Patel,4.0,24,0,18,1,4.5,18.0,24.0
IPL_2020_034,1,PBKS,Kagiso Rabada,4.0,24,0,26,3,6.5,8.67,8.0
IPL_2020_034,1,PBKS,Arshdeep Singh,4.0,24,0,87,0,21.75,,
IPL_2020_034,2,RR,Rovman Powell,4.0,24,0,39,2,9.75,19.5,12.0
IPL_2020_034,2,RR,Ravichandran Ashwin,4.0,24,0,31,1,7.75,31.0,24.0
IPL_2020_034,2,RR,Trent Boult,4.0,24,0,28,2,7.0,14.0,12.0
IPL_2020_034,2,RR,Avesh Khan,4.0,24,0,13,3,3.25,4.33,8.0
IPL_2020_034,2,RR,Sandeep Sharma,4.0,24,0,80,1,20.0,80.0,24.0
IPL_2020_035,1,MI,Hardik Pandya,4.0,24,0,43,1,10.75,43.0,24.0
IPL_2020_035,1,MI,Romario Shepherd,4.0,24,0,19,0,4.75,,
IPL_2020_035,1,MI,Mohammad Nabi,4.0,24,0,18,1,4.5,18.0,24.0
IPL_2020_035,1,MI,Gerald Coetzee,4.0,24,0,14,1,3.5,14.0,24.0
IPL_2020_035,1,MI,Piyush Chawla,4.0,24,0,84,1,21.0,84.0,24.0
IPL_2020_035,2,RR,Rovman Powell,4.0,24,0,42,0,10.5,,
IPL_2020_035,2,RR,Ravichandran Ashwin,4.0,24,0,19,2,4.75,9.5,12.0
IPL_2020_035,2,RR,Trent Boult,4.0,24,0,26,2,6.5,13.0,12.0
IPL_2020_035,2,RR,Avesh Khan,4.0,24,0,16,1,4.0,16.0,24.0
IPL_2020_035,2,RR,Sandeep Sharma,4.0,24,0,67,1,16.75,67.0,24.0
IPL_2020_036,1,GT,Azmatullah Omarzai,4.0,24,0,29,0,7.25,,
IPL_2020_036,1,GT,Rahul Tewatia,4.0,24,0,26,2,6.5,13.0,12.0
IPL_2020_036,1,GT,Rashid Khan,4.0,24,0,32,3,8.0,10.67,8.0
IPL_2020_036,1,GT,Mohit Sharma,4.0,24,1,21,3,5.25,7.0,8.0
IPL_2020_036,1,GT,Noor Ahmad,4.0,24,0,74,2,18.5,37.0,12.0
IPL_2020_036,2,MI,Hardik Pandya,4.0,24,0,36,3,9.0,12.0,8.0
IPL_2020_036,2,MI,Romario Shepherd,4.0,24,0,32,3,8.0,10.67,8.0
IPL_2020_036,2,MI,Mohammad Nabi,4.0,24,1,15,2,3.75,7.5,12.0
IPL_2020_036,2,MI,Gerald Coetzee,4.0,24,0,13,0,3.25,,
IPL_2020_036,2,MI,Piyush Chawla,4.0,24,0,77,0,19.25,,
IPL_2020_037,1,CSK,Rachin Ravindra,4.0,24,0,26,3,6.5,8.67,8.0
IPL_2020_037,1,CSK,Daryl Mitchell,4.0,24,0,22,3,5.5,7.33,8.0
IPL_2020_037,1,CSK,Shivam Dube,4.0,24,1,19,0,4.75,,
IPL_2020_037,1,CSK,Ravindra Jadeja,4.0,24,0,15,1,3.75,15.0,24.0
IPL_2020_037,1,CSK,Mitchell Santner,4.0,24,0,92,1,23.0,92.0,24.0
IPL_2020_037,2,DC,Axar Patel,4.0,24,0,27,1,6.75,27.0,24.0
IPL_2020_037,2,DC,Kuldeep Yadav,4.0,24,0,25,3,6.25,8.33,8.0
IPL_2020_037,2,DC,Khaleel Ahmed,4.0,24,0,24,3,6.0,8.0,8.0
IPL_2020_037,2,DC,Mukesh Kumar,4.0,24,0,14,1,3.5,14.0,24.0
IPL_2020_037,2,DC,Ishant Sharma,4.0,24,0,72,3,18.0,24.0,8.0
IPL_2020_038,1,SRH,Abhishek Sharma,4.0,24,0,42,1,10.5,42.0,24.0
IPL_2020_038,1,SRH,Nitish Kumar Reddy,4.0,24,0,32,2,8.0,16.0,12.0
IPL_2020_038,1,SRH,Shahbaz Ahmed,4.0,24,0,15,0,3.75,,
IPL_2020_038,1,SRH,Pat Cummins,4.0,24,0,23,1,5.75,23.0,24.0
IPL_2020_038,1,SRH,Bhuvneshwar Kumar,4.0,24,0,69,2,17.25,34.5,12.0
IPL_2020_038,2,DC,Axar Patel,4.0,24,0,37,3,9.25,12.33,8.0
IPL_2020_038,2,DC,Kuldeep Yadav,4.0,24,0,22,2,5.5,11.0,12.0
IPL_2020_038,2,DC,Khaleel Ahmed,4.0,24,0,18,0,4.5,,
IPL_2020_038,2,DC,Mukesh Kumar,4.0,24,0,21,2,5.25,10.5,12.0
IPL_2020_038,2,DC,Ishant Sharma,4.0,24,0,70,2,17.5,35.0,12.0
IPL_2020_039,1,RCB,Will Jacks,4.0,24,0,37,0,9.25,,
IPL_2020_039,1,RCB,Glenn Maxwell,4.0,24,0,30,1,7.5,30.0,24.0
IPL_2020_039,1,RCB,Cameron Green,4.0,24,0,28,1,7.0,28.0,24.0
IPL_2020_039,1,RCB,Karn Sharma,4.0,24,0,22,3,5.5,7.33,8.0
IPL_2020_039,1,RCB,Lockie Ferguson,4.0,24,0,71,2,17.75,35.5,12.0
IPL_2020_039,2,RR,Rovman Powell,4.0,24,0,25,1,6.25,25.0,24.0
IPL_2020_039,2,RR,Ravichandran Ashwin,4.0,24,0,28,2,7.0,14.0,12.0
IPL_2020_039,2,RR,Trent Boult,4.0,24,0,29,3,7.25,9.67,8.0
IPL_2020_039,2,RR,Avesh Khan,4.0,24,0,14,1,3.5,14.0,24.0
IPL_2020_039,2,RR,Sandeep Sharma,4.0,24,0,85,3,21.25,28.33,8.0
IPL_2020_040,1,CSK,Rachin Ravindra,4.0,24,0,39,3,9.75,13.0,8.0
IPL_2020_040,1,CSK,Daryl Mitchell,4.0,24,0,28,2,7.0,14.0,12.0
IPL_2020_040,1,CSK,Shivam Dube,4.0,24,0,20,3,5.0,6.67,8.0
IPL_2020_040,1,CSK,Ravindra Jadeja,4.0,24,0,20,3,5.0,6.67,8.0
IPL_2020_040,1,CSK,Mitchell Santner,4.0,24,0,62,2,15.5,31.0,12.0
IPL_2020_040,2,PBKS,Sam Curran,4.0,24,0,44,2,11.0,22.0,12.0
IPL_2020_040,2,PBKS,Harpreet Brar,4.0,24,0,23,0,5.75,,
IPL_2020_040,2,PBKS,Harshal Patel,4.0,24,0,15,1,3.75,15.0,24.0
IPL_2020_040,2,PBKS,Kagiso Rabada,4.0,24,0,19,2,4.75,9.5,12.0
IPL_2020_040,2,PBKS,Arshdeep Singh,4.0,24,0,73,0,18.25,,
IPL_2020_041,1,KKR,Sunil Narine,4.0,24,0,34,1,8.5,34.0,24.0
IPL_2020_041,1,KKR,Andre Russell,4.0,24,0,22,3,5.5,7.33,8.0
IPL_2020_041,1,KKR,Ramandeep Singh,4.0,24,0,23,1,5.75,23.0,24.0
IPL_2020_041,1,KKR,Mitchell Starc,4.0,24,0,20,3,5.0,6.67,8.0
IPL_2020_041,1,KKR,Harshit Rana,4.0,24,0,80,3,20.0,26.67,8.0
IPL_2020_041,2,RCB,Will Jacks,4.0,24,0,26,1,6.5,26.0,24.0
IPL_2020_041,2,RCB,Glenn Maxwell,4.0,24,0,23,0,5.75,,
IPL_2020_041,2,RCB,Cameron Green,4.0,24,0,18,1,4.5,18.0,24.0
IPL_2020_041,2,RCB,Karn Sharma,4.0,24,0,18,0,4.5,,
IPL_2020_041,2,RCB,Lockie Ferguson,4.0,24,0,90,1,22.5,90.0,24.0
IPL_2020_042,1,SRH,Abhishek Sharma,4.0,24,0,37,1,9.25,37.0,24.0
IPL_2020_042,1,SRH,Nitish Kumar Reddy,4.0,24,0,24,1,6.0,24.0,24.0
IPL_2020_042,1,SRH,Shahbaz Ahmed,4.0,24,1,18,2,4.5,9.0,12.0
IPL_2020_042,1,SRH,Pat Cummins,4.0,24,0,15,2,3.75,7.5,12.0
IPL_2020_042,1,SRH,Bhuvneshwar Kumar,4.0,24,0,80,1,20.0,80.0,24.0
IPL_2020_042,2,DC,Axar Patel,4.0,24,0,37,2,9.25,18.5,12.0
IPL_2020_042,2,DC,Kuldeep Yadav,4.0,24,0,27,3,6.75,9.0,8.0
IPL_2020_042,2,DC,Khaleel Ahmed,4.0,24,0,22,3,5.5,7.33,8.0
IPL_2020_042,2,DC,Mukesh Kumar,4.0,24,0,20,1,5.0,20.0,24.0
IPL_2020_042,2,DC,Ishant Sharma,4.0,24,0,63,2,15.75,31.5,12.0
IPL_2020_043,1,GT,Azmatullah Omarzai,4.0,24,0,41,1,10.25,41.0,24.0
IPL_2020_043,1,GT,Rahul Tewatia,4.0,24,0,30,1,7.5,30.0,24.0
IPL_2020_043,1,GT,Rashid Khan,4.0,24,0,20,0,5.0,,
IPL_2020_043,1,GT,Mohit Sharma,4.0,24,0,15,3,3.75,5.0,8.0
IPL_2020_043,1,GT,Noor Ahmad,4.0,24,0,74,0,18.5,,
IPL_2020_043,2,KKR,Sunil Narine,4.0,24,0,30,0,7.5,,
IPL_2020_043,2,KKR,Andre Russell,4.0,24,0,38,1,9.5,38.0,24.0
IPL_2020_043,2,KKR,Ramandeep Singh,4.0,24,0,17,2,4.25,8.5,12.0
IPL_2020_043,2,KKR,Mitchell Starc,4.0,24,1,22,3,5.5,7.33,8.0
IPL_2020_043,2,KKR,Harshit Rana,4.0,24,0,80,1,20.0,80.0,24.0
IPL_2020_044,1,PBKS,Sam Curran,4.0,24,0,41,1,10.25,41.0,24.0
IPL_2020_044,1,PBKS,Harpreet Brar,4.0,24,0,23,2,5.75,11.5,12.0
IPL_2020_044,1,PBKS,Harshal Patel,4.0,24,0,21,2,5.25,10.5,12.0
IPL_2020_044,1,PBKS,Kagiso Rabada,4.0,24,0,13,2,3.25,6.5,12.0
IPL_2020_044,1,PBKS,Arshdeep Singh,4.0,24,0,63,1,15.75,63.0,24.0
IPL_2020_044,2,RCB,Will Jacks,4.0,24,0,23,2,5.75,11.5,12.0
IPL_2020_044,2,RCB,Glenn Maxwell,4.0,24,0,27,0,6.75,,
IPL_2020_044,2,RCB,Cameron Green,4.0,24,0,22,0,5.5,,
IPL_2020_044,2,RCB,Karn Sharma,4.0,24,0,12,2,3.0,6.0,12.0
IPL_2020_044,2,RCB,Lockie Ferguson,4.0,24,0,76,1,19.0,76.0,24.0
IPL_2020_045,1,DC,Axar Patel,4.0,24,0,28,2,7.0,14.0,12.0
IPL_2020_045,1,DC,Kuldeep Yadav,4.0,24,0,21,2,5.25,10.5,12.0
IPL_2020_045,1,DC,Khaleel Ahmed,4.0,24,0,21,0,5.25,,
IPL_2020_045,1,DC,Mukesh Kumar,4.0,24,0,18,2,4.5,9.0,12.0
IPL_2020_045,1,DC,Ishant Sharma,4.0,24,0,89,3,22.25,29.67,8.0
IPL_2020_045,2,LSG,Marcus Stoinis,4.0,24,0,42,2,10.5,21.0,12.0
IPL_2020_045,2,LSG,Deepak Hooda,4.0,24,0,25,2,6.25,12.5,12.0
IPL_2020_045,2,LSG,Krunal Pandya,4.0,24,0,21,1,5.25,21.0,24.0
IPL_2020_045,2,LSG,Ravi Bishnoi,4.0,24,0,20,1,5.0,20.0,24.0
IPL_2020_045,2,LSG,Mohsin Khan,4.0,24,0,66,0,16.5,,
IPL_2020_046,1,PBKS,Sam Curran,4.0,24,0,27,0,6.75,,
IPL_2020_046,1,PBKS,Harpreet Brar,4.0,24,0,30,0,7.5,,
IPL_2020_046,1,PBKS,Harshal Patel,4.0,24,0,27,0,6.75,,
IPL_2020_046,1,PBKS,Kagiso Rabada,4.0,24,1,19,1,4.75,19.0,24.0
IPL_2020_046,1,PBKS,Arshdeep Singh,4.0,24,0,76,2,19.0,38.0,12.0
IPL_2020_046,2,CSK,Rachin Ravindra,4.0,24,0,35,2,8.75,17.5,12.0
IPL_2020_046,2,CSK,Daryl Mitchell,4.0,24,0,20,3,5.0,6.67,8.0
IPL_2020_046,2,CSK,Shivam Dube,4.0,24,0,21,1,5.25,21.0,24.0
IPL_2020_046,2,CSK,Ravindra Jadeja,4.0,24,0,22,1,5.5,22.0,24.0
IPL_2020_046,2,CSK,Mitchell Santner,4.0,24,0,84,2,21.0,42.0,12.0
IPL_2020_047,1,PBKS,Sam Curran,4.0,24,0,45,2,11.25,22.5,12.0
IPL_2020_047,1,PBKS,Harpreet Brar,4.0,24,0,28,1,7.0,28.0,24.0
IPL_2020_047,1,PBKS,Harshal Patel,4.0,24,0,27,0,6.75,,
IPL_2020_047,1,PBKS,Kagiso Rabada,4.0,24,0,20,2,5.0,10.0,12.0
IPL_2020_047,1,PBKS,Arshdeep Singh,4.0,24,0,77,3,19.25,25.67,8.0
IPL_2020_047,2,GT,Azmatullah Omarzai,4.0,24,0,36,1,9.0,36.0,24.0
IPL_2020_047,2,GT,Rahul Tewatia,4.0,24,0,32,1,8.0,32.0,24.0
IPL_2020_047,2,GT,Rashid Khan,4.0,24,0,27,2,6.75,13.5,12.0
IPL_2020_047,2,GT,Mohit Sharma,4.0,24,0,19,3,4.75,6.33,8.0
IPL_2020_047,2,GT,Noor Ahmad,4.0,24,0,71,3,17.75,23.67,8.0
IPL_2020_048,1,CSK,Rachin Ravindra,4.0,24,0,32,1,8.0,32.0,24.0
IPL_2020_048,1,CSK,Daryl Mitchell,4.0,24,0,26,3,6.5,8.67,8.0
IPL_2020_048,1,CSK,Shivam Dube,4.0,24,0,28,3,7.0,9.33,8.0
IPL_2020_048,1,CSK,Ravindra Jadeja,4.0,24,0,23,0,5.75,,
IPL_2020_048,1,CSK,Mitchell Santner,4.0,24,0,78,1,19.5,78.0,24.0
IPL_2020_048,2,RR,Rovman Powell,4.0,24,0,37,1,9.25,37.0,24.0
IPL_2020_048,2,RR,Ravichandran Ashwin,4.0,24,0,37,2,9.25,18.5,12.0
IPL_2020_048,2,RR,Trent Boult,4.0,24,0,27,0,6.75,,
IPL_2020_048,2,RR,Avesh Khan,4.0,24,1,17,3,4.25,5.67,8.0
IPL_2020_048,2,RR,Sandeep Sharma,4.0,24,0,68,2,17.0,34.0,12.0
IPL_2020_049,1,RR,Rovman Powell,4.0,24,0,39,2,9.75,19.5,12.0
IPL_2020_049,1,RR,Ravichandran Ashwin,4.0,24,0,28,0,7.0,,
IPL_2020_049,1,RR,Trent Boult,4.0,24,0,25,1,6.25,25.0,24.0
IPL_2020_049,1,RR,Avesh Khan,4.0,24,0,19,2,4.75,9.5,12.0
IPL_2020_049,1,RR,Sandeep Sharma,4.0,24,0,73,1,18.25,73.0,24.0
IPL_2020_049,2,LSG,Marcus Stoinis,4.0,24,0,29,1,7.25,29.0,24.0
IPL_2020_049,2,LSG,Deepak Hooda,4.0,24,0,34,2,8.5,17.0,12.0
IPL_2020_049,2,LSG,Krunal Pandya,4.0,24,0,20,2,5.0,10.0,12.0
IPL_2020_049,2,LSG,Ravi Bishnoi,4.0,24,0,17,0,4.25,,
IPL_2020_049,2,LSG,Mohsin Khan,4.0,24,0,82,3,20.5,27.33,8.0
IPL_2020_050,1,LSG,Marcus Stoinis,4.0,24,0,45,0,11.25,,
IPL_2020_050,1,LSG,Deepak Hooda,4.0,24,0,33,2,8.25,16.5,12.0
IPL_2020_050,1,LSG,Krunal Pandya,4.0,24,0,18,2,4.5,9.0,12.0
IPL_2020_050,1,LSG,Ravi Bishnoi,4.0,24,0,17,3,4.25,5.67,8.0
IPL_2020_050,1,LSG,Mohsin Khan,4.0,24,0,69,3,17.25,23.0,8.0
IPL_2020_050,2,GT,Azmatullah Omarzai,4.0,24,0,47,1,11.75,47.0,24.0
IPL_2020_050,2,GT,Rahul Tewatia,4.0,24,0,22,2,5.5,11.0,12.0
IPL_2020_050,2,GT,Rashid Khan,4.0,24,0,20,1,5.0,20.0,24.0
IPL_2020_050,2,GT,Mohit Sharma,4.0,24,0,21,3,5.25,7.0,8.0
IPL_2020_050,2,GT,Noor Ahmad,4.0,24,0,85,1,21.25,85.0,24.0
IPL_2020_051,1,CSK,Rachin Ravindra,4.0,24,0,38,1,9.5,38.0,24.0
IPL_2020_051,1,CSK,Daryl Mitchell,4.0,24,0,23,1,5.75,23.0,24.0
IPL_2020_051,1,CSK,Shivam Dube,4.0,24,0,20,2,5.0,10.0,12.0
IPL_2020_051,1,CSK,Ravindra Jadeja,4.0,24,0,15,3,3.75,5.0,8.0
IPL_2020_051,1,CSK,Mitchell Santner,4.0,24,0,71,1,17.75,71.0,24.0
IPL_2020_051,2,DC,Axar Patel,4.0,24,0,42,3,10.5,14.0,8.0
IPL_2020_051,2,DC,Kuldeep Yadav,4.0,24,0,33,1,8.25,33.0,24.0
IPL_2020_051,2,DC,Khaleel Ahmed,4.0,24,0,27,3,6.75,9.0,8.0
IPL_2020_051,2,DC,Mukesh Kumar,4.0,24,0,16,2,4.0,8.0,12.0
IPL_2020_051,2,DC,Ishant Sharma,4.0,24,0,67,1,16.75,67.0,24.0
IPL_2020_052,1,RR,Rovman Powell,4.0,24,0,40,0,10.0,,
IPL_2020_052,1,RR,Ravichandran Ashwin,4.0,24,0,18,2,4.5,9.0,12.0
IPL_2020_052,1,RR,Trent Boult,4.0,24,0,14,2,3.5,7.0,12.0
IPL_2020_052,1,RR,Avesh Khan,4.0,24,0,20,2,5.0,10.0,12.0
IPL_2020_052,1,RR,Sandeep Sharma,4.0,24,0,65,0,16.25,,
IPL_2020_052,2,LSG,Marcus Stoinis,4.0,24,0,34,3,8.5,11.33,8.0
IPL_2020_052,2,LSG,Deepak Hooda,4.0,24,0,28,2,7.0,14.0,12.0
IPL_2020_052,2,LSG,Krunal Pandya,4.0,24,0,18,2,4.5,9.0,12.0
IPL_2020_052,2,LSG,Ravi Bishnoi,4.0,24,0,15,3,3.75,5.0,8.0
IPL_2020_052,2,LSG,Mohsin Khan,4.0,24,0,64,3,16.0,21.33,8.0
IPL_2020_053,1,PBKS,Sam Curran,4.0,24,0,35,1,8.75,35.0,24.0
IPL_2020_053,1,PBKS,Harpreet Brar,4.0,24,0,32,3,8.0,10.67,8.0
IPL_2020_053,1,PBKS,Harshal Patel,4.0,24,0,14,3,3.5,4.67,8.0
IPL_2020_053,1,PBKS,Kagiso Rabada,4.0,24,0,11,1,2.75,11.0,24.0
IPL_2020_053,1,PBKS,Arshdeep Singh,4.0,24,0,70,0,17.5,,
IPL_2020_053,2,DC,Axar Patel,4.0,24,0,39,2,9.75,19.5,12.0
IPL_2020_053,2,DC,Kuldeep Yadav,4.0,24,0,26,1,6.5,26.0,24.0
IPL_2020_053,2,DC,Khaleel Ahmed,4.0,24,1,19,2,4.75,9.5,12.0
IPL_2020_053,2,DC,Mukesh Kumar,4.0,24,0,22,3,5.5,7.33,8.0
IPL_2020_053,2,DC,Ishant Sharma,4.0,24,0,64,1,16.0,64.0,24.0
IPL_2020_054,1,RR,Rovman Powell,4.0,24,0,26,3,6.5,8.67,8.0
IPL_2020_054,1,RR,Ravichandran Ashwin,4.0,24,0,23,2,5.75,11.5,12.0
IPL_2020_054,1,RR,Trent Boult,4.0,24,0,21,2,5.25,10.5,12.0
IPL_2020_054,1,RR,Avesh Khan,4.0,24,1,16,3,4.0,5.33,8.0
IPL_2020_054,1,RR,Sandeep Sharma,4.0,24,0,70,1,17.5,70.0,24.0
IPL_2020_054,2,GT,Azmatullah Omarzai,4.0,24,0,24,1,6.0,24.0,24.0
IPL_2020_054,2,GT,Rahul Tewatia,4.0,24,0,25,0,6.25,,
IPL_2020_054,2,GT,Rashid Khan,4.0,24,0,19,3,4.75,6.33,8.0
IPL_2020_054,2,GT,Mohit Sharma,4.0,24,0,16,1,4.0,16.0,24.0
IPL_2020_054,2,GT,Noor Ahmad,4.0,24,0,90,0,22.5,,
IPL_2020_055,1,LSG,Marcus Stoinis,4.0,24,0,33,2,8.25,16.5,12.0
IPL_2020_055,1,LSG,Deepak Hooda,4.0,24,0,21,1,5.25,21.0,24.0
IPL_2020_055,1,LSG,Krunal Pandya,4.0,24,0,18,2,4.5,9.0,12.0
IPL_2020_055,1,LSG,Ravi Bishnoi,4.0,24,0,20,0,5.0,,
IPL_2020_055,1,LSG,Mohsin Khan,4.0,24,0,74,3,18.5,24.67,8.0
IPL_2020_055,2,MI,Hardik Pandya,4.0,24,0,21,1,5.25,21.0,24.0
IPL_2020_055,2,MI,Romario Shepherd,4.0,24,0,26,2,6.5,13.0,12.0
IPL_2020_055,2,MI,Mohammad Nabi,4.0,24,0,26,1,6.5,26.0,24.0
IPL_2020_055,2,MI,Gerald Coetzee,4.0,24,0,11,1,2.75,11.0,24.0
IPL_2020_055,2,MI,Piyush Chawla,4.0,24,0,66,1,16.5,66.0,24.0
IPL_2020_056,1,RCB,Will Jacks,4.0,24,0,32,3,8.0,10.67,8.0
IPL_2020_056,1,RCB,Glenn Maxwell,4.0,24,0,34,0,8.5,,
IPL_2020_056,1,RCB,Cameron Green,4.0,24,0,30,3,7.5,10.0,8.0
IPL_2020_056,1,RCB,Karn Sharma,4.0,24,0,18,2,4.5,9.0,12.0
IPL_2020_056,1,RCB,Lockie Ferguson,4.0,24,0,74,2,18.5,37.0,12.0
IPL_2020_056,2,GT,Azmatullah Omarzai,4.0,24,0,42,2,10.5,21.0,12.0
IPL_2020_056,2,GT,Rahul Tewatia,4.0,24,0,29,2,7.25,14.5,12.0
IPL_2020_056,2,GT,Rashid Khan,4.0,24,0,23,1,5.75,23.0,24.0
IPL_2020_056,2,GT,Mohit Sharma,4.0,24,0,10,3,2.5,3.33,8.0
IPL_2020_056,2,GT,Noor Ahmad,4.0,24,0,62,3,15.5,20.67,8.0
IPL_2020_057,1,LSG,Marcus Stoinis,4.0,24,0,43,0,10.75,,
IPL_2020_057,1,LSG,Deepak Hooda,4.0,24,0,32,3,8.0,10.67,8.0
IPL_2020_057,1,LSG,Krunal Pandya,4.0,24,0,21,3,5.25,7.0,8.0
IPL_2020_057,1,LSG,Ravi Bishnoi,4.0,24,0,21,3,5.25,7.0,8.0
IPL_2020_057,1,LSG,Mohsin Khan,4.0,24,0,66,2,16.5,33.0,12.0
IPL_2020_057,2,SRH,Abhishek Sharma,4.0,24,0,26,1,6.5,26.0,24.0
IPL_2020_057,2,SRH,Nitish Kumar Reddy,4.0,24,0,29,0,7.25,,
IPL_2020_057,2,SRH,Shahbaz Ahmed,4.0,24,0,22,1,5.5,22.0,24.0
IPL_2020_057,2,SRH,Pat Cummins,4.0,24,0,17,1,4.25,17.0,24.0
IPL_2020_057,2,SRH,Bhuvneshwar Kumar,4.0,24,0,90,0,22.5,,
IPL_2020_058,1,RCB,Will Jacks,4.0,24,0,29,1,7.25,29.0,24.0
IPL_2020_058,1,RCB,Glenn Maxwell,4.0,24,0,24,2,6.0,12.0,12.0
IPL_2020_058,1,RCB,Cameron Green,4.0,24,0,29,0,7.25,,
IPL_2020_058,1,RCB,Karn Sharma,4.0,24,0,19,1,4.75,19.0,24.0
IPL_2020_058,1,RCB,Lockie Ferguson,4.0,24,0,75,3,18.75,25.0,8.0
IPL_2020_058,2,PBKS,Sam Curran,4.0,24,0,45,0,11.25,,
IPL_2020_058,2,PBKS,Harpreet Brar,4.0,24,0,31,2,7.75,15.5,12.0
IPL_2020_058,2,PBKS,Harshal Patel,4.0,24,0,19,0,4.75,,
IPL_2020_058,2,PBKS,Kagiso Rabada,4.0,24,0,16,1,4.0,16.0,24.0
IPL_2020_058,2,PBKS,Arshdeep Singh,4.0,24,0,71,2,17.75,35.5,12.0
IPL_2020_059,1,LSG,Marcus Stoinis,4.0,24,0,29,3,7.25,9.67,8.0
IPL_2020_059,1,LSG,Deepak Hooda,4.0,24,0,33,2,8.25,16.5,12.0
IPL_2020_059,1,LSG,Krunal Pandya,4.0,24,0,21,2,5.25,10.5,12.0
IPL_2020_059,1,LSG,Ravi Bishnoi,4.0,24,0,28,1,7.0,28.0,24.0
IPL_2020_059,1,LSG,Mohsin Khan,4.0,24,0,86,2,21.5,43.0,12.0
IPL_2020_059,2,CSK,Rachin Ravindra,4.0,24,0,37,1,9.25,37.0,24.0
IPL_2020_059,2,CSK,Daryl Mitchell,4.0,24,0,32,0,8.0,,
IPL_2020_059,2,CSK,Shivam Dube,4.0,24,0,18,2,4.5,9.0,12.0
IPL_2020_059,2,CSK,Ravindra Jadeja,4.0,24,1,23,2,5.75,11.5,12.0
IPL_2020_059,2,CSK,Mitchell Santner,4.0,24,0,81,2,20.25,40.5,12.0
IPL_2020_060,1,LSG,Marcus Stoinis,4.0,24,0,40,0,10.0,,
IPL_2020_060,1,LSG,Deepak Hooda,4.0,24,0,28,2,7.0,14.0,12.0
IPL_2020_060,1,LSG,Krunal Pandya,4.0,24,0,26,0,6.5,,
IPL_2020_060,1,LSG,Ravi Bishnoi,4.0,24,1,13,0,3.25,,
IPL_2020_060,1,LSG,Mohsin Khan,4.0,24,0,78,1,19.5,78.0,24.0
IPL_2020_060,2,MI,Hardik Pandya,4.0,24,0,37,2,9.25,18.5,12.0
IPL_2020_060,2,MI,Romario Shepherd,4.0,24,0,28,2,7.0,14.0,12.0
IPL_2020_060,2,MI,Mohammad Nabi,4.0,24,0,20,1,5.0,20.0,24.0
IPL_2020_060,2,MI,Gerald Coetzee,4.0,24,0,24,1,6.0,24.0,24.0
IPL_2020_060,2,MI,Piyush Chawla,4.0,24,0,88,1,22.0,88.0,24.0
IPL_2021_001,1,DC,Axar Patel,4.0,24,0,28,1,7.0,28.0,24.0
IPL_2021_001,1,DC,Kuldeep Yadav,4.0,24,0,40,1,10.0,40.0,24.0
IPL_2021_001,1,DC,Khaleel Ahmed,4.0,24,0,17,1,4.25,17.0,24.0
IPL_2021_001,1,DC,Mukesh Kumar,4.0,24,0,23,2,5.75,11.5,12.0
IPL_2021_001,1,DC,Ishant Sharma,4.0,24,0,83,1,20.75,83.0,24.0
IPL_2021_001,2,CSK,Rachin Ravindra,4.0,24,0,29,2,7.25,14.5,12.0
IPL_2021_001,2,CSK,Daryl Mitchell,4.0,24,0,22,1,5.5,22.0,24.0
IPL_2021_001,2,CSK,Shivam Dube,4.0,24,0,23,1,5.75,23.0,24.0
IPL_2021_001,2,CSK,Ravindra Jadeja,4.0,24,0,12,3,3.0,4.0,8.0
IPL_2021_001,2,CSK,Mitchell Santner,4.0,24,0,72,0,18.0,,
IPL_2021_002,1,RR,Rovman Powell,4.0,24,0,43,2,10.75,21.5,12.0
IPL_2021_002,1,RR,Ravichandran Ashwin,4.0,24,0,34,1,8.5,34.0,24.0
IPL_2021_002,1,RR,Trent Boult,4.0,24,1,19,1,4.75,19.0,24.0
IPL_2021_002,1,RR,Avesh Khan,4.0,24,0,16,0,4.0,,
IPL_2021_002,1,RR,Sandeep Sharma,4.0,24,0,68,1,17.0,68.0,24.0
IPL_2021_002,2,CSK,Rachin Ravindra,4.0,24,0,41,2,10.25,20.5,12.0
IPL_2021_002,2,CSK,Daryl Mitchell,4.0,24,0,30,2,7.5,15.0,12.0
IPL_2021_002,2,CSK,Shivam Dube,4.0,24,0,24,1,6.0,24.0,24.0
IPL_2021_002,2,CSK,Ravindra Jadeja,4.0,24,0,19,1,4.75,19.0,24.0
IPL_2021_002,2,CSK,Mitchell Santner,4.0,24,0,62,2,15.5,31.0,12.0
IPL_2021_003,1,PBKS,Sam Curran,4.0,24,0,28,2,7.0,14.0,12.0
IPL_2021_003,1,PBKS,Harpreet Brar,4.0,24,0,30,2,7.5,15.0,12.0
IPL_2021_003,1,PBKS,Harshal Patel,4.0,24,0,22,0,5.5,,
IPL_2021_003,1,PBKS,Kagiso Rabada,4.0,24,0,14,2,3.5,7.0,12.0
IPL_2021_003,1,PBKS,Arshdeep Singh,4.0,24,0,85,2,21.25,42.5,12.0
IPL_2021_003,2,GT,Azmatullah Omarzai,4.0,24,0,22,1,5.5,22.0,24.0
IPL_2021_003,2,GT,Rahul Tewatia,4.0,24,0,25,2,6.25,12.5,12.0
IPL_2021_003,2,GT,Rashid Khan,4.0,24,0,16,2,4.0,8.0,12.0
IPL_2021_003,2,GT,Mohit Sharma,4.0,24,1,19,0,4.75,,
IPL_2021_003,2,GT,Noor Ahmad,4.0,24,0,73,3,18.25,24.33,8.0
IPL_2021_004,1,PBKS,Sam Curran,4.0,24,0,29,1,7.25,29.0,24.0
IPL_2021_004,1,PBKS,Harpreet Brar,4.0,24,0,22,2,5.5,11.0,12.0
IPL_2021_004,1,PBKS,Harshal Patel,4.0,24,0,20,0,5.0,,
IPL_2021_004,1,PBKS,Kagiso Rabada,4.0,24,0,24,1,6.0,24.0,24.0
IPL_2021_004,1,PBKS,Arshdeep Singh,4.0,24,0,79,2,19.75,39.5,12.0
IPL_2021_004,2,LSG,Marcus Stoinis,4.0,24,0,31,1,7.75,31.0,24.0
IPL_2021_004,2,LSG,Deepak Hooda,4.0,24,0,29,1,7.25,29.0,24.0
IPL_2021_004,2,LSG,Krunal Pandya,4.0,24,0,19,0,4.75,,
IPL_2021_004,2,LSG,Ravi Bishnoi,4.0,24,0,15,1,3.75,15.0,24.0
IPL_2021_004,2,LSG,Mohsin Khan,4.0,24,0,74,1,18.5,74.0,24.0
IPL_2021_005,1,RR,Rovman Powell,4.0,24,0,43,1,10.75,43.0,24.0
IPL_2021_005,1,RR,Ravichandran Ashwin,4.0,24,0,22,0,5.5,,
IPL_2021_005,1,RR,Trent Boult,4.0,24,1,19,2,4.75,9.5,12.0
IPL_2021_005,1,RR,Avesh Khan,4.0,24,0,20,3,5.0,6.67,8.0
IPL_2021_005,1,RR,Sandeep Sharma,4.0,24,0,69,2,17.25,34.5,12.0
IPL_2021_005,2,LSG,Marcus Stoinis,4.0,24,0,32,2,8.0,16.0,12.0
IPL_2021_005,2,LSG,Deepak Hooda,4.0,24,0,21,2,5.25,10.5,12.0
IPL_2021_005,2,LSG,Krunal Pandya,4.0,24,0,20,2,5.0,10.0,12.0
IPL_2021_005,2,LSG,Ravi Bishnoi,4.0,24,0,21,2,5.25,10.5,12.0
IPL_2021_005,2,LSG,Mohsin Khan,4.0,24,0,83,0,20.75,,
IPL_2021_006,1,CSK,Rachin Ravindra,4.0,24,0,39,1,9.75,39.0,24.0
IPL_2021_006,1,CSK,Daryl Mitchell,4.0,24,0,29,1,7.25,29.0,24.0
IPL_2021_006,1,CSK,Shivam Dube,4.0,24,0,20,3,5.0,6.67,8.0
IPL_2021_006,1,CSK,Ravindra Jadeja,4.0,24,1,13,2,3.25,6.5,12.0
IPL_2021_006,1,CSK,Mitchell Santner,4.0,24,0,62,2,15.5,31.0,12.0
IPL_2021_006,2,LSG,Marcus Stoinis,4.0,24,0,30,1,7.5,30.0,24.0
IPL_2021_006,2,LSG,Deepak Hooda,4.0,24,0,31,1,7.75,31.0,24.0
IPL_2021_006,2,LSG,Krunal Pandya,4.0,24,0,24,1,6.0,24.0,24.0
IPL_2021_006,2,LSG,Ravi Bishnoi,4.0,24,0,19,3,4.75,6.33,8.0
IPL_2021_006,2,LSG,Mohsin Khan,4.0,24,0,61,0,15.25,,
IPL_2021_007,1,LSG,Marcus Stoinis,4.0,24,0,27,3,6.75,9.0,8.0
IPL_2021_007,1,LSG,Deepak Hooda,4.0,24,1,21,3,5.25,7.0,8.0
IPL_2021_007,1,LSG,Krunal Pandya,4.0,24,0,26,1,6.5,26.0,24.0
IPL_2021_007,1,LSG,Ravi Bishnoi,4.0,24,1,15,2,3.75,7.5,12.0
IPL_2021_007,1,LSG,Mohsin Khan,4.0,24,0,78,1,19.5,78.0,24.0
IPL_2021_007,2,RR,Rovman Powell,4.0,24,0,36,1,9.0,36.0,24.0
IPL_2021_007,2,RR,Ravichandran Ashwin,4.0,24,0,32,1,8.0,32.0,24.0
IPL_2021_007,2,RR,Trent Boult,4.0,24,0,24,2,6.0,12.0,12.0
IPL_2021_007,2,RR,Avesh Khan,4.0,24,0,19,2,4.75,9.5,12.0
IPL_2021_007,2,RR,Sandeep Sharma,4.0,24,0,69,1,17.25,69.0,24.0
IPL_2021_008,1,RCB,Will Jacks,4.0,24,0,37,2,9.25,18.5,12.0
IPL_2021_008,1,RCB,Glenn Maxwell,4.0,24,0,28,1,7.0,28.0,24.0
IPL_2021_008,1,RCB,Cameron Green,4.0,24,0,26,3,6.5,8.67,8.0
IPL_2021_008,1,RCB,Karn Sharma,4.0,24,0,16,2,4.0,8.0,12.0
IPL_2021_008,1,RCB,Lockie Ferguson,4.0,24,0,68,1,17.0,68.0,24.0
IPL_2021_008,2,DC,Axar Patel,4.0,24,0,35,1,8.75,35.0,24.0
IPL_2021_008,2,DC,Kuldeep Yadav,4.0,24,0,34,0,8.5,,
IPL_2021_008,2,DC,Khaleel Ahmed,4.0,24,0,25,2,6.25,12.5,12.0
IPL_2021_008,2,DC,Mukesh Kumar,4.0,24,0,12,1,3.0,12.0,24.0
IPL_2021_008,2,DC,Ishant Sharma,4.0,24,0,67,1,16.75,67.0,24.0
IPL_2021_009,1,RCB,Will Jacks,4.0,24,0,28,3,7.0,9.33,8.0
IPL_2021_009,1,RCB,Glenn Maxwell,4.0,24,0,31,1,7.75,31.0,24.0
IPL_2021_009,1,RCB,Cameron Green,4.0,24,0,27,2,6.75,13.5,12.0
IPL_2021_009,1,RCB,Karn Sharma,4.0,24,1,20,1,5.0,20.0,24.0
IPL_2021_009,1,RCB,Lockie Ferguson,4.0,24,0,61,3,15.25,20.33,8.0
IPL_2021_009,2,PBKS,Sam Curran,4.0,24,0,38,2,9.5,19.0,12.0
IPL_2021_009,2,PBKS,Harpreet Brar,4.0,24,1,21,1,5.25,21.0,24.0
IPL_2021_009,2,PBKS,Harshal Patel,4.0,24,0,16,1,4.0,16.0,24.0
IPL_2021_009,2,PBKS,Kagiso Rabada,4.0,24,0,20,2,5.0,10.0,12.0
IPL_2021_009,2,PBKS,Arshdeep Singh,4.0,24,0,75,2,18.75,37.5,12.0
IPL_2021_010,1,RR,Rovman Powell,4.0,24,0,43,2,10.75,21.5,12.0
IPL_2021_010,1,RR,Ravichandran Ashwin,4.0,24,0,21,1,5.25,21.0,24.0
IPL_2021_010,1,RR,Trent Boult,4.0,24,0,26,1,6.5,26.0,24.0
IPL_2021_010,1,RR,Avesh Khan,4.0,24,0,19,0,4.75,,
IPL_2021_010,1,RR,Sandeep Sharma,4.0,24,0,60,0,15.0,,
IPL_2021_010,2,DC,Axar Patel,4.0,24,0,34,1,8.5,34.0,24.0
IPL_2021_010,2,DC,Kuldeep Yadav,4.0,24,0,21,1,5.25,21.0,24.0
IPL_2021_010,2,DC,Khaleel Ahmed,4.0,24,0,23,1,5.75,23.0,24.0
IPL_2021_010,2,DC,Mukesh Kumar,4.0,24,0,16,0,4.0,,
IPL_2021_010,2,DC,Ishant Sharma,4.0,24,0,89,2,22.25,44.5,12.0
IPL_2021_011,1,CSK,Rachin Ravindra,4.0,24,0,31,2,7.75,15.5,12.0
IPL_2021_011,1,CSK,Daryl Mitchell,4.0,24,0,26,1,6.5,26.0,24.0
IPL_2021_011,1,CSK,Shivam Dube,4.0,24,0,17,1,4.25,17.0,24.0
IPL_2021_011,1,CSK,Ravindra Jadeja,4.0,24,0,13,2,3.25,6.5,12.0
IPL_2021_011,1,CSK,Mitchell Santner,4.0,24,0,80,1,20.0,80.0,24.0
IPL_2021_011,2,SRH,Abhishek Sharma,4.0,24,0,25,0,6.25,,
IPL_2021_011,2,SRH,Nitish Kumar Reddy,4.0,24,0,20,1,5.0,20.0,24.0
IPL_2021_011,2,SRH,Shahbaz Ahmed,4.0,24,1,21,0,5.25,,
IPL_2021_011,2,SRH,Pat Cummins,4.0,24,0,21,1,5.25,21.0,24.0
IPL_2021_011,2,SRH,Bhuvneshwar Kumar,4.0,24,0,85,2,21.25,42.5,12.0
IPL_2021_012,1,KKR,Sunil Narine,4.0,24,0,30,2,7.5,15.0,12.0
IPL_2021_012,1,KKR,Andre Russell,4.0,24,0,30,3,7.5,10.0,8.0
IPL_2021_012,1,KKR,Ramandeep Singh,4.0,24,0,20,3,5.0,6.67,8.0
IPL_2021_012,1,KKR,Mitchell Starc,4.0,24,0,25,0,6.25,,
IPL_2021_012,1,KKR,Harshit Rana,4.0,24,0,87,2,21.75,43.5,12.0
IPL_2021_012,2,DC,Axar Patel,4.0,24,0,36,3,9.0,12.0,8.0
IPL_2021_012,2,DC,Kuldeep Yadav,4.0,24,0,25,0,6.25,,
IPL_2021_012,2,DC,Khaleel Ahmed,4.0,24,0,30,2,7.5,15.0,12.0
IPL_2021_012,2,DC,Mukesh Kumar,4.0,24,0,18,1,4.5,18.0,24.0
IPL_2021_012,2,DC,Ishant Sharma,4.0,24,0,71,1,17.75,71.0,24.0
IPL_2021_013,1,RCB,Will Jacks,4.0,24,0,36,0,9.0,,
IPL_2021_013,1,RCB,Glenn Maxwell,4.0,24,0,23,0,5.75,,
IPL_2021_013,1,RCB,Cameron Green,4.0,24,0,26,2,6.5,13.0,12.0
IPL_2021_013,1,RCB,Karn Sharma,4.0,24,0,17,1,4.25,17.0,24.0
IPL_2021_013,1,RCB,Lockie Ferguson,4.0,24,0,90,2,22.5,45.0,12.0
IPL_2021_013,2,LSG,Marcus Stoinis,4.0,24,0,49,3,12.25,16.33,8.0
IPL_2021_013,2,LSG,Deepak Hooda,4.0,24,0,30,2,7.5,15.0,12.0
IPL_2021_013,2,LSG,Krunal Pandya,4.0,24,0,28,2,7.0,14.0,12.0
IPL_2021_013,2,LSG,Ravi Bishnoi,4.0,24,0,20,2,5.0,10.0,12.0
IPL_2021_013,2,LSG,Mohsin Khan,4.0,24,0,71,2,17.75,35.5,12.0
IPL_2021_014,1,RCB,Will Jacks,4.0,24,0,45,2,11.25,22.5,12.0
IPL_2021_014,1,RCB,Glenn Maxwell,4.0,24,0,31,1,7.75,31.0,24.0
IPL_2021_014,1,RCB,Cameron Green,4.0,24,0,19,2,4.75,9.5,12.0
IPL_2021_014,1,RCB,Karn Sharma,4.0,24,0,14,2,3.5,7.0,12.0
IPL_2021_014,1,RCB,Lockie Ferguson,4.0,24,0,66,0,16.5,,
IPL_2021_014,2,GT,Azmatullah Omarzai,4.0,24,0,34,1,8.5,34.0,24.0
IPL_2021_014,2,GT,Rahul Tewatia,4.0,24,0,25,1,6.25,25.0,24.0
IPL_2021_014,2,GT,Rashid Khan,4.0,24,0,26,2,6.5,13.0,12.0
IPL_2021_014,2,GT,Mohit Sharma,4.0,24,0,13,3,3.25,4.33,8.0
IPL_2021_014,2,GT,Noor Ahmad,4.0,24,0,71,3,17.75,23.67,8.0
IPL_2021_015,1,LSG,Marcus Stoinis,4.0,24,1,21,3,5.25,7.0,8.0
IPL_2021_015,1,LSG,Deepak Hooda,4.0,24,0,26,2,6.5,13.0,12.0
IPL_2021_015,1,LSG,Krunal Pandya,4.0,24,0,23,1,5.75,23.0,24.0
IPL_2021_015,1,LSG,Ravi Bishnoi,4.0,24,0,17,2,4.25,8.5,12.0
IPL_2021_015,1,LSG,Mohsin Khan,4.0,24,0,61,2,15.25,30.5,12.0
IPL_2021_015,2,CSK,Rachin Ravindra,4.0,24,0,40,2,10.0,20.0,12.0
IPL_2021_015,2,CSK,Daryl Mitchell,4.0,24,0,24,2,6.0,12.0,12.0
IPL_2021_015,2,CSK,Shivam Dube,4.0,24,0,27,2,6.75,13.5,12.0
IPL_2021_015,2,CSK,Ravindra Jadeja,4.0,24,1,11,3,2.75,3.67,8.0
IPL_2021_015,2,CSK,Mitchell Santner,4.0,24,0,70,2,17.5,35.0,12.0
IPL_2021_016,1,RR,Rovman Powell,4.0,24,0,38,2,9.5,19.0,12.0
IPL_2021_016,1,RR,Ravichandran Ashwin,4.0,24,0,26,2,6.5,13.0,12.0
IPL_2021_016,1,RR,Trent Boult,4.0,24,0,13,0,3.25,,
IPL_2021_016,1,RR,Avesh Khan,4.0,24,0,12,3,3.0,4.0,8.0
IPL_2021_016,1,RR,Sandeep Sharma,4.0,24,0,67,0,16.75,,
IPL_2021_016,2,SRH,Abhishek Sharma,4.0,24,0,25,2,6.25,12.5,12.0
IPL_2021_016,2,SRH,Nitish Kumar Reddy,4.0,24,0,32,1,8.0,32.0,24.0
IPL_2021_016,2,SRH,Shahbaz Ahmed,4.0,24,0,17,3,4.25,5.67,8.0
IPL_2021_016,2,SRH,Pat Cummins,4.0,24,0,16,2,4.0,8.0,12.0
IPL_2021_016,2,SRH,Bhuvneshwar Kumar,4.0,24,0,74,2,18.5,37.0,12.0
IPL_2021_017,1,DC,Axar Patel,4.0,24,0,31,0,7.75,,
IPL_2021_017,1,DC,Kuldeep Yadav,4.0,24,0,29,3,7.25,9.67,8.0
IPL_2021_017,1,DC,Khaleel Ahmed,4.0,24,0,28,1,7.0,28.0,24.0
IPL_2021_017,1,DC,Mukesh Kumar,4.0,24,0,22,2,5.5,11.0,12.0
IPL_2021_017,1,DC,Ishant Sharma,4.0,24,0,72,2,18.0,36.0,12.0
IPL_2021_017,2,CSK,Rachin Ravindra,4.0,24,0,33,2,8.25,16.5,12.0
IPL_2021_017,2,CSK,Daryl Mitchell,4.0,24,0,34,1,8.5,34.0,24.0
IPL_2021_017,2,CSK,Shivam Dube,4.0,24,0,17,3,4.25,5.67,8.0
IPL_2021_017,2,CSK,Ravindra Jadeja,4.0,24,0,24,1,6.0,24.0,24.0
IPL_2021_017,2,CSK,Mitchell Santner,4.0,24,0,76,1,19.0,76.0,24.0
IPL_2021_018,1,LSG,Marcus Stoinis,4.0,24,0,25,1,6.25,25.0,24.0
IPL_2021_018,1,LSG,Deepak Hooda,4.0,24,0,21,3,5.25,7.0,8.0
IPL_2021_018,1,LSG,Krunal Pandya,4.0,24,0,30,3,7.5,10.0,8.0
IPL_2021_018,1,LSG,Ravi Bishnoi,4.0,24,0,18,1,4.5,18.0,24.0
IPL_2021_018,1,LSG,Mohsin Khan,4.0,24,0,79,2,19.75,39.5,12.0
IPL_2021_018,2,GT,Azmatullah Omarzai,4.0,24,0,46,3,11.5,15.33,8.0
IPL_2021_018,2,GT,Rahul Tewatia,4.0,24,0,20,1,5.0,20.0,24.0
IPL_2021_018,2,GT,Rashid Khan,4.0,24,0,18,3,4.5,6.0,8.0
IPL_2021_018,2,GT,Mohit Sharma,4.0,24,0,21,1,5.25,21.0,24.0
IPL_2021_018,2,GT,Noor Ahmad,4.0,24,0,79,3,19.75,26.33,8.0
IPL_2021_019,1,PBKS,Sam Curran,4.0,24,0,45,2,11.25,22.5,12.0
IPL_2021_019,1,PBKS,Harpreet Brar,4.0,24,0,30,1,7.5,30.0,24.0
IPL_2021_019,1,PBKS,Harshal Patel,4.0,24,0,17,3,4.25,5.67,8.0
IPL_2021_019,1,PBKS,Kagiso Rabada,4.0,24,0,14,2,3.5,7.0,12.0
IPL_2021_019,1,PBKS,Arshdeep Singh,4.0,24,0,81,2,20.25,40.5,12.0
IPL_2021_019,2,LSG,Marcus Stoinis,4.0,24,0,33,3,8.25,11.0,8.0
IPL_2021_019,2,LSG,Deepak Hooda,4.0,24,0,31,1,7.75,31.0,24.0
IPL_2021_019,2,LSG,Krunal Pandya,4.0,24,0,25,0,6.25,,
IPL_2021_019,2,LSG,Ravi Bishnoi,4.0,24,1,16,2,4.0,8.0,12.0
IPL_2021_019,2,LSG,Mohsin Khan,4.0,24,0,65,0,16.25,,
IPL_2021_020,1,PBKS,Sam Curran,4.0,24,0,36,2,9.0,18.0,12.0
IPL_2021_020,1,PBKS,Harpreet Brar,4.0,24,0,27,3,6.75,9.0,8.0
IPL_2021_020,1,PBKS,Harshal Patel,4.0,24,1,21,2,5.25,10.5,12.0
IPL_2021_020,1,PBKS,Kagiso Rabada,4.0,24,1,16,1,4.0,16.0,24.0
IPL_2021_020,1,PBKS,Arshdeep Singh,4.0,24,0,83,1,20.75,83.0,24.0
IPL_2021_020,2,RR,Rovman Powell,4.0,24,0,38,2,9.5,19.0,12.0
IPL_2021_020,2,RR,Ravichandran Ashwin,4.0,24,0,30,1,7.5,30.0,24.0
IPL_2021_020,2,RR,Trent Boult,4.0,24,0,21,0,5.25,,
IPL_2021_020,2,RR,Avesh Khan,4.0,24,0,20,0,5.0,,
IPL_2021_020,2,RR,Sandeep Sharma,4.0,24,0,75,2,18.75,37.5,12.0
IPL_2021_021,1,DC,Axar Patel,4.0,24,0,36,2,9.0,18.0,12.0
IPL_2021_021,1,DC,Kuldeep Yadav,4.0,24,0,35,0,8.75,,
IPL_2021_021,1,DC,Khaleel Ahmed,4.0,24,0,21,3,5.25,7.0,8.0
IPL_2021_021,1,DC,Mukesh Kumar,4.0,24,0,17,1,4.25,17.0,24.0
IPL_2021_021,1,DC,Ishant Sharma,4.0,24,0,86,3,21.5,28.67,8.0
IPL_2021_021,2,PBKS,Sam Curran,4.0,24,0,23,1,5.75,23.0,24.0
IPL_2021_021,2,PBKS,Harpreet Brar,4.0,24,1,22,3,5.5,7.33,8.0
IPL_2021_021,2,PBKS,Harshal Patel,4.0,24,0,26,3,6.5,8.67,8.0
IPL_2021_021,2,PBKS,Kagiso Rabada,4.0,24,0,18,2,4.5,9.0,12.0
IPL_2021_021,2,PBKS,Arshdeep Singh,4.0,24,0,67,1,16.75,67.0,24.0
IPL_2021_022,1,LSG,Marcus Stoinis,4.0,24,0,44,1,11.0,44.0,24.0
IPL_2021_022,1,LSG,Deepak Hooda,4.0,24,0,22,1,5.5,22.0,24.0
IPL_2021_022,1,LSG,Krunal Pandya,4.0,24,0,17,0,4.25,,
IPL_2021_022,1,LSG,Ravi Bishnoi,4.0,24,0,22,0,5.5,,
IPL_2021_022,1,LSG,Mohsin Khan,4.0,24,0,68,1,17.0,68.0,24.0
IPL_2021_022,2,SRH,Abhishek Sharma,4.0,24,0,47,1,11.75,47.0,24.0
IPL_2021_022,2,SRH,Nitish Kumar Reddy,4.0,24,0,36,3,9.0,12.0,8.0
IPL_2021_022,2,SRH,Shahbaz Ahmed,4.0,24,0,15,2,3.75,7.5,12.0
IPL_2021_022,2,SRH,Pat Cummins,4.0,24,0,19,1,4.75,19.0,24.0
IPL_2021_022,2,SRH,Bhuvneshwar Kumar,4.0,24,0,72,3,18.0,24.0,8.0
IPL_2021_023,1,LSG,Marcus Stoinis,4.0,24,0,36,1,9.0,36.0,24.0
IPL_2021_023,1,LSG,Deepak Hooda,4.0,24,0,22,2,5.5,11.0,12.0
IPL_2021_023,1,LSG,Krunal Pandya,4.0,24,0,23,1,5.75,23.0,24.0
IPL_2021_023,1,LSG,Ravi Bishnoi,4.0,24,1,16,3,4.0,5.33,8.0
IPL_2021_023,1,LSG,Mohsin Khan,4.0,24,0,59,0,14.75,,
IPL_2021_023,2,MI,Hardik Pandya,4.0,24,0,23,3,5.75,7.67,8.0
IPL_2021_023,2,MI,Romario Shepherd,4.0,24,0,33,1,8.25,33.0,24.0
IPL_2021_023,2,MI,Mohammad Nabi,4.0,24,0,15,1,3.75,15.0,24.0
IPL_2021_023,2,MI,Gerald Coetzee,4.0,24,0,19,2,4.75,9.5,12.0
IPL_2021_023,2,MI,Piyush Chawla,4.0,24,0,74,2,18.5,37.0,12.0
IPL_2021_024,1,LSG,Marcus Stoinis,4.0,24,0,30,0,7.5,,
IPL_2021_024,1,LSG,Deepak Hooda,4.0,24,0,28,0,7.0,,
IPL_2021_024,1,LSG,Krunal Pandya,4.0,24,0,16,1,4.0,16.0,24.0
IPL_2021_024,1,LSG,Ravi Bishnoi,4.0,24,0,11,2,2.75,5.5,12.0
IPL_2021_024,1,LSG,Mohsin Khan,4.0,24,0,64,1,16.0,64.0,24.0
IPL_2021_024,2,DC,Axar Patel,4.0,24,0,35,1,8.75,35.0,24.0
IPL_2021_024,2,DC,Kuldeep Yadav,4.0,24,0,31,2,7.75,15.5,12.0
IPL_2021_024,2,DC,Khaleel Ahmed,4.0,24,0,17,1,4.25,17.0,24.0
IPL_2021_024,2,DC,Mukesh Kumar,4.0,24,0,22,2,5.5,11.0,12.0
IPL_2021_024,2,DC,Ishant Sharma,4.0,24,0,63,1,15.75,63.0,24.0
IPL_2021_025,1,RR,Rovman Powell,4.0,24,0,40,2,10.0,20.0,12.0
IPL_2021_025,1,RR,Ravichandran Ashwin,4.0,24,0,23,2,5.75,11.5,12.0
IPL_2021_025,1,RR,Trent Boult,4.0,24,0,17,2,4.25,8.5,12.0
IPL_2021_025,1,RR,Avesh Khan,4.0,24,0,20,3,5.0,6.67,8.0
IPL_2021_025,1,RR,Sandeep Sharma,4.0,24,0,73,1,18.25,73.0,24.0
IPL_2021_025,2,KKR,Sunil Narine,4.0,24,0,31,2,7.75,15.5,12.0
IPL_2021_025,2,KKR,Andre Russell,4.0,24,0,25,2,6.25,12.5,12.0
IPL_2021_025,2,KKR,Ramandeep Singh,4.0,24,0,23,1,5.75,23.0,24.0
IPL_2021_025,2,KKR,Mitchell Starc,4.0,24,0,20,2,5.0,10.0,12.0
IPL_2021_025,2,KKR,Harshit Rana,4.0,24,0,77,0,19.25,,
IPL_2021_026,1,LSG,Marcus Stoinis,4.0,24,0,28,2,7.0,14.0,12.0
IPL_2021_026,1,LSG,Deepak Hooda,4.0,24,0,25,2,6.25,12.5,12.0
IPL_2021_026,1,LSG,Krunal Pandya,4.0,24,0,16,0,4.0,,
IPL_2021_026,1,LSG,Ravi Bishnoi,4.0,24,0,18,3,4.5,6.0,8.0
IPL_2021_026,1,LSG,Mohsin Khan,4.0,24,0,69,3,17.25,23.0,8.0
IPL_2021_026,2,SRH,Abhishek Sharma,4.0,24,0,38,3,9.5,12.67,8.0
IPL_2021_026,2,SRH,Nitish Kumar Reddy,4.0,24,0,33,1,8.25,33.0,24.0
IPL_2021_026,2,SRH,Shahbaz Ahmed,4.0,24,0,29,0,7.25,,
IPL_2021_026,2,SRH,Pat Cummins,4.0,24,0,18,0,4.5,,
IPL_2021_026,2,SRH,Bhuvneshwar Kumar,4.0,24,0,69,2,17.25,34.5,12.0
IPL_2021_027,1,PBKS,Sam Curran,4.0,24,0,41,3,10.25,13.67,8.0
IPL_2021_027,1,PBKS,Harpreet Brar,4.0,24,0,19,0,4.75,,
IPL_2021_027,1,PBKS,Harshal Patel,4.0,24,0,24,2,6.0,12.0,12.0
IPL_2021_027,1,PBKS,Kagiso Rabada,4.0,24,0,12,1,3.0,12.0,24.0
IPL_2021_027,1,PBKS,Arshdeep Singh,4.0,24,0,69,0,17.25,,
IPL_2021_027,2,SRH,Abhishek Sharma,4.0,24,0,40,0,10.0,,
IPL_2021_027,2,SRH,Nitish Kumar Reddy,4.0,24,0,30,0,7.5,,
IPL_2021_027,2,SRH,Shahbaz Ahmed,4.0,24,0,16,3,4.0,5.33,8.0
IPL_2021_027,2,SRH,Pat Cummins,4.0,24,0,15,1,3.75,15.0,24.0
IPL_2021_027,2,SRH,Bhuvneshwar Kumar,4.0,24,0,64,3,16.0,21.33,8.0
IPL_2021_028,1,RCB,Will Jacks,4.0,24,0,36,3,9.0,12.0,8.0
IPL_2021_028,1,RCB,Glenn Maxwell,4.0,24,0,26,1,6.5,26.0,24.0
IPL_2021_028,1,RCB,Cameron Green,4.0,24,0,23,1,5.75,23.0,24.0
IPL_2021_028,1,RCB,Karn Sharma,4.0,24,1,13,0,3.25,,
IPL_2021_028,1,RCB,Lockie Ferguson,4.0,24,0,69,1,17.25,69.0,24.0
IPL_2021_028,2,CSK,Rachin Ravindra,4.0,24,0,45,2,11.25,22.5,12.0
IPL_2021_028,2,CSK,Daryl Mitchell,4.0,24,0,25,1,6.25,25.0,24.0
IPL_2021_028,2,CSK,Shivam Dube,4.0,24,0,27,2,6.75,13.5,12.0
IPL_2021_028,2,CSK,Ravindra Jadeja,4.0,24,0,19,1,4.75,19.0,24.0
IPL_2021_028,2,CSK,Mitchell Santner,4.0,24,0,68,1,17.0,68.0,24.0
IPL_2021_029,1,CSK,Rachin Ravindra,4.0,24,0,43,1,10.75,43.0,24.0
IPL_2021_029,1,CSK,Daryl Mitchell,4.0,24,0,22,3,5.5,7.33,8.0
IPL_2021_029,1,CSK,Shivam Dube,4.0,24,0,21,1,5.25,21.0,24.0
IPL_2021_029,1,CSK,Ravindra Jadeja,4.0,24,0,23,2,5.75,11.5,12.0
IPL_2021_029,1,CSK,Mitchell Santner,4.0,24,0,75,1,18.75,75.0,24.0
IPL_2021_029,2,SRH,Abhishek Sharma,4.0,24,0,29,0,7.25,,
IPL_2021_029,2,SRH,Nitish Kumar Reddy,4.0,24,0,28,2,7.0,14.0,12.0
IPL_2021_029,2,SRH,Shahbaz Ahmed,4.0,24,1,16,2,4.0,8.0,12.0
IPL_2021_029,2,SRH,Pat Cummins,4.0,24,0,17,0,4.25,,
IPL_2021_029,2,SRH,Bhuvneshwar Kumar,4.0,24,0,67,2,16.75,33.5,12.0
IPL_2021_030,1,KKR,Sunil Narine,4.0,24,0,44,0,11.0,,
IPL_2021_030,1,KKR,Andre Russell,4.0,24,1,24,0,6.0,,
IPL_2021_030,1,KKR,Ramandeep Singh,4.0,24,0,31,1,7.75,31.0,24.0
IPL_2021_030,1,KKR,Mitchell Starc,4.0,24,0,24,2,6.0,12.0,12.0
IPL_2021_030,1,KKR,Harshit Rana,4.0,24,0,71,2,17.75,35.5,12.0
IPL_2021_030,2,RCB,Will Jacks,4.0,24,0,39,1,9.75,39.0,24.0
IPL_2021_030,2,RCB,Glenn Maxwell,4.0,24,0,29,3,7.25,9.67,8.0
IPL_2021_030,2,RCB,Cameron Green,4.0,24,0,23,0,5.75,,
IPL_2021_030,2,RCB,Karn Sharma,4.0,24,0,16,2,4.0,8.0,12.0
IPL_2021_030,2,RCB,Lockie Ferguson,4.0,24,0,67,1,16.75,67.0,24.0
IPL_2021_031,1,PBKS,Sam Curran,4.0,24,0,29,2,7.25,14.5,12.0
IPL_2021_031,1,PBKS,Harpreet Brar,4.0,24,0,32,3,8.0,10.67,8.0
IPL_2021_031,1,PBKS,Harshal Patel,4.0,24,0,22,2,5.5,11.0,12.0
IPL_2021_031,1,PBKS,Kagiso Rabada,4.0,24,0,16,3,4.0,5.33,8.0
IPL_2021_031,1,PBKS,Arshdeep Singh,4.0,24,0,87,2,21.75,43.5,12.0
IPL_2021_031,2,RR,Rovman Powell,4.0,24,0,38,2,9.5,19.0,12.0
IPL_2021_031,2,RR,Ravichandran Ashwin,4.0,24,0,35,0,8.75,,
IPL_2021_031,2,RR,Trent Boult,4.0,24,0,20,1,5.0,20.0,24.0
IPL_2021_031,2,RR,Avesh Khan,4.0,24,0,13,1,3.25,13.0,24.0
IPL_2021_031,2,RR,Sandeep Sharma,4.0,24,0,72,1,18.0,72.0,24.0
IPL_2021_032,1,RCB,Will Jacks,4.0,24,0,35,0,8.75,,
IPL_2021_032,1,RCB,Glenn Maxwell,4.0,24,0,24,0,6.0,,
IPL_2021_032,1,RCB,Cameron Green,4.0,24,0,19,2,4.75,9.5,12.0
IPL_2021_032,1,RCB,Karn Sharma,4.0,24,0,17,0,4.25,,
IPL_2021_032,1,RCB,Lockie Ferguson,4.0,24,0,67,2,16.75,33.5,12.0
IPL_2021_032,2,RR,Rovman Powell,4.0,24,0,44,2,11.0,22.0,12.0
IPL_2021_032,2,RR,Ravichandran Ashwin,4.0,24,1,20,0,5.0,,
IPL_2021_032,2,RR,Trent Boult,4.0,24,0,21,1,5.25,21.0,24.0
IPL_2021_032,2,RR,Avesh Khan,4.0,24,0,18,0,4.5,,
IPL_2021_032,2,RR,Sandeep Sharma,4.0,24,0,70,3,17.5,23.33,8.0
IPL_2021_033,1,RR,Rovman Powell,4.0,24,0,31,3,7.75,10.33,8.0
IPL_2021_033,1,RR,Ravichandran Ashwin,4.0,24,0,25,3,6.25,8.33,8.0
IPL_2021_033,1,RR,Trent Boult,4.0,24,0,26,1,6.5,26.0,24.0
IPL_2021_033,1,RR,Avesh Khan,4.0,24,0,16,1,4.0,16.0,24.0
IPL_2021_033,1,RR,Sandeep Sharma,4.0,24,0,73,0,18.25,,
IPL_2021_033,2,PBKS,Sam Curran,4.0,24,0,33,3,8.25,11.0,8.0
IPL_2021_033,2,PBKS,Harpreet Brar,4.0,24,0,28,1,7.0,28.0,24.0
IPL_2021_033,2,PBKS,Harshal Patel,4.0,24,0,34,1,8.5,34.0,24.0
IPL_2021_033,2,PBKS,Kagiso Rabada,4.0,24,0,23,3,5.75,7.67,8.0
IPL_2021_033,2,PBKS,Arshdeep Singh,4.0,24,0,77,1,19.25,77.0,24.0
IPL_2021_034,1,DC,Axar Patel,4.0,24,0,42,3,10.5,14.0,8.0
IPL_2021_034,1,DC,Kuldeep Yadav,4.0,24,0,26,1,6.5,26.0,24.0
IPL_2021_034,1,DC,Khaleel Ahmed,4.0,24,1,22,3,5.5,7.33,8.0
IPL_2021_034,1,DC,Mukesh Kumar,4.0,24,0,18,2,4.5,9.0,12.0
IPL_2021_034,1,DC,Ishant Sharma,4.0,24,0,66,2,16.5,33.0,12.0
IPL_2021_034,2,SRH,Abhishek Sharma,4.0,24,0,43,3,10.75,14.33,8.0
IPL_2021_034,2,SRH,Nitish Kumar Reddy,4.0,24,0,23,1,5.75,23.0,24.0
IPL_2021_034,2,SRH,Shahbaz Ahmed,4.0,24,0,24,2,6.0,12.0,12.0
IPL_2021_034,2,SRH,Pat Cummins,4.0,24,0,12,0,3.0,,
IPL_2021_034,2,SRH,Bhuvneshwar Kumar,4.0,24,0,74,2,18.5,37.0,12.0
IPL_2021_035,1,KKR,Sunil Narine,4.0,24,0,28,2,7.0,14.0,12.0
IPL_2021_035,1,KKR,Andre Russell,4.0,24,0,37,3,9.25,12.33,8.0
IPL_2021_035,1,KKR,Ramandeep Singh,4.0,24,0,19,0,4.75,,
IPL_2021_035,1,KKR,Mitchell Starc,4.0,24,0,15,3,3.75,5.0,8.0
IPL_2021_035,1,KKR,Harshit Rana,4.0,24,0,85,1,21.25,85.0,24.0
IPL_2021_035,2,GT,Azmatullah Omarzai,4.0,24,0,31,2,7.75,15.5,12.0
IPL_2021_035,2,GT,Rahul Tewatia,4.0,24,0,28,0,7.0,,
IPL_2021_035,2,GT,Rashid Khan,4.0,24,0,25,2,6.25,12.5,12.0
IPL_2021_035,2,GT,Mohit Sharma,4.0,24,0,20,0,5.0,,
IPL_2021_035,2,GT,Noor Ahmad,4.0,24,0,71,2,17.75,35.5,12.0
IPL_2021_036,1,LSG,Marcus Stoinis,4.0,24,0,39,1,9.75,39.0,24.0
IPL_2021_036,1,LSG,Deepak Hooda,4.0,24,0,32,3,8.0,10.67,8.0
IPL_2021_036,1,LSG,Krunal Pandya,4.0,24,0,27,1,6.75,27.0,24.0
IPL_2021_036,1,LSG,Ravi Bishnoi,4.0,24,0,20,1,5.0,20.0,24.0
IPL_2021_036,1,LSG,Mohsin Khan,4.0,24,0,63,2,15.75,31.5,12.0
IPL_2021_036,2,RCB,Will Jacks,4.0,24,0,34,1,8.5,34.0,24.0
IPL_2021_036,2,RCB,Glenn Maxwell,4.0,24,0,33,1,8.25,33.0,24.0
IPL_2021_036,2,RCB,Cameron Green,4.0,24,0,27,1,6.75,27.0,24.0
IPL_2021_036,2,RCB,Karn Sharma,4.0,24,0,15,0,3.75,,
IPL_2021_036,2,RCB,Lockie Ferguson,4.0,24,0,84,2,21.0,42.0,12.0
IPL_2021_037,1,DC,Axar Patel,4.0,24,0,44,1,11.0,44.0,24.0
IPL_2021_037,1,DC,Kuldeep Yadav,4.0,24,0,22,0,5.5,,
IPL_2021_037,1,DC,Khaleel Ahmed,4.0,24,0,30,0,7.5,,
IPL_2021_037,1,DC,Mukesh Kumar,4.0,24,0,17,2,4.25,8.5,12.0
IPL_2021_037,1,DC,Ishant Sharma,4.0,24,0,83,2,20.75,41.5,12.0
IPL_2021_037,2,GT,Azmatullah Omarzai,4.0,24,0,35,2,8.75,17.5,12.0
IPL_2021_037,2,GT,Rahul Tewatia,4.0,24,0,25,2,6.25,12.5,12.0
IPL_2021_037,2,GT,Rashid Khan,4.0,24,0,26,1,6.5,26.0,24.0
IPL_2021_037,2,GT,Mohit Sharma,4.0,24,0,18,0,4.5,,
IPL_2021_037,2,GT,Noor Ahmad,4.0,24,0,70,3,17.5,23.33,8.0
IPL_2021_038,1,PBKS,Sam Curran,4.0,24,0,33,0,8.25,,
IPL_2021_038,1,PBKS,Harpreet Brar,4.0,24,0,28,1,7.0,28.0,24.0
IPL_2021_038,1,PBKS,Harshal Patel,4.0,24,1,18,1,4.5,18.0,24.0
IPL_2021_038,1,PBKS,Kagiso Rabada,4.0,24,0,20,2,5.0,10.0,12.0
IPL_2021_038,1,PBKS,Arshdeep Singh,4.0,24,0,79,0,19.75,,
IPL_2021_038,2,GT,Azmatullah Omarzai,4.0,24,0,41,1,10.25,41.0,24.0
IPL_2021_038,2,GT,Rahul Tewatia,4.0,24,0,32,2,8.0,16.0,12.0
IPL_2021_038,2,GT,Rashid Khan,4.0,24,0,19,2,4.75,9.5,12.0
IPL_2021_038,2,GT,Mohit Sharma,4.0,24,0,11,2,2.75,5.5,12.0
IPL_2021_038,2,GT,Noor Ahmad,4.0,24,0,65,1,16.25,65.0,24.0
IPL_2021_039,1,LSG,Marcus Stoinis,4.0,24,0,36,2,9.0,18.0,12.0
IPL_2021_039,1,LSG,Deepak Hooda,4.0,24,0,38,2,9.5,19.0,12.0
IPL_2021_039,1,LSG,Krunal Pandya,4.0,24,0,26,3,6.5,8.67,8.0
IPL_2021_039,1,LSG,Ravi Bishnoi,4.0,24,0,14,3,3.5,4.67,8.0
IPL_2021_039,1,LSG,Mohsin Khan,4.0,24,0,75,1,18.75,75.0,24.0
IPL_2021_039,2,GT,Azmatullah Omarzai,4.0,24,0,25,1,6.25,25.0,24.0
IPL_2021_039,2,GT,Rahul Tewatia,4.0,24,0,36,3,9.0,12.0,8.0
IPL_2021_039,2,GT,Rashid Khan,4.0,24,0,18,2,4.5,9.0,12.0
IPL_2021_039,2,GT,Mohit Sharma,4.0,24,0,15,2,3.75,7.5,12.0
IPL_2021_039,2,GT,Noor Ahmad,4.0,24,0,74,2,18.5,37.0,12.0
IPL_2021_040,1,RCB,Will Jacks,4.0,24,0,41,1,10.25,41.0,24.0
IPL_2021_040,1,RCB,Glenn Maxwell,4.0,24,0,29,0,7.25,,
IPL_2021_040,1,RCB,Cameron Green,4.0,24,1,22,0,5.5,,
IPL_2021_040,1,RCB,Karn Sharma,4.0,24,0,10,1,2.5,10.0,24.0
IPL_2021_040,1,RCB,Lockie Ferguson,4.0,24,0,63,1,15.75,63.0,24.0
IPL_2021_040,2,SRH,Abhishek Sharma,4.0,24,0,30,2,7.5,15.0,12.0
IPL_2021_040,2,SRH,Nitish Kumar Reddy,4.0,24,0,24,1,6.0,24.0,24.0
IPL_2021_040,2,SRH,Shahbaz Ahmed,4.0,24,0,21,3,5.25,7.0,8.0
IPL_2021_040,2,SRH,Pat Cummins,4.0,24,0,23,0,5.75,,
IPL_2021_040,2,SRH,Bhuvneshwar Kumar,4.0,24,0,83,3,20.75,27.67,8.0
IPL_2021_041,1,RR,Rovman Powell,4.0,24,0,26,2,6.5,13.0,12.0
IPL_2021_041,1,RR,Ravichandran Ashwin,4.0,24,0,27,1,6.75,27.0,24.0
IPL_2021_041,1,RR,Trent Boult,4.0,24,0,18,2,4.5,9.0,12.0
IPL_2021_041,1,RR,Avesh Khan,4.0,24,0,20,1,5.0,20.0,24.0
IPL_2021_041,1,RR,Sandeep Sharma,4.0,24,0,88,2,22.0,44.0,12.0
IPL_2021_041,2,SRH,Abhishek Sharma,4.0,24,0,36,2,9.0,18.0,12.0
IPL_2021_041,2,SRH,Nitish Kumar Reddy,4.0,24,0,34,2,8.5,17.0,12.0
IPL_2021_041,2,SRH,Shahbaz Ahmed,4.0,24,0,25,1,6.25,25.0,24.0
IPL_2021_041,2,SRH,Pat Cummins,4.0,24,0,21,3,5.25,7.0,8.0
IPL_2021_041,2,SRH,Bhuvneshwar Kumar,4.0,24,0,70,1,17.5,70.0,24.0
IPL_2021_042,1,SRH,Abhishek Sharma,4.0,24,0,24,3,6.0,8.0,8.0
IPL_2021_042,1,SRH,Nitish Kumar Reddy,4.0,24,0,25,1,6.25,25.0,24.0
IPL_2021_042,1,SRH,Shahbaz Ahmed,4.0,24,0,23,0,5.75,,
IPL_2021_042,1,SRH,Pat Cummins,4.0,24,0,20,2,5.0,10.0,12.0
IPL_2021_042,1,SRH,Bhuvneshwar Kumar,4.0,24,0,69,1,17.25,69.0,24.0
IPL_2021_042,2,DC,Axar Patel,4.0,24,0,26,1,6.5,26.0,24.0
IPL_2021_042,2,DC,Kuldeep Yadav,4.0,24,0,29,1,7.25,29.0,24.0
IPL_2021_042,2,DC,Khaleel Ahmed,4.0,24,0,26,2,6.5,13.0,12.0
IPL_2021_042,2,DC,Mukesh Kumar,4.0,24,0,13,2,3.25,6.5,12.0
IPL_2021_042,2,DC,Ishant Sharma,4.0,24,0,71,1,17.75,71.0,24.0
IPL_2021_043,1,CSK,Rachin Ravindra,4.0,24,0,44,3,11.0,14.67,8.0
IPL_2021_043,1,CSK,Daryl Mitchell,4.0,24,0,23,3,5.75,7.67,8.0
IPL_2021_043,1,CSK,Shivam Dube,4.0,24,0,27,1,6.75,27.0,24.0
IPL_2021_043,1,CSK,Ravindra Jadeja,4.0,24,0,21,0,5.25,,
IPL_2021_043,1,CSK,Mitchell Santner,4.0,24,0,65,3,16.25,21.67,8.0
IPL_2021_043,2,PBKS,Sam Curran,4.0,24,0,41,1,10.25,41.0,24.0
IPL_2021_043,2,PBKS,Harpreet Brar,4.0,24,0,17,1,4.25,17.0,24.0
IPL_2021_043,2,PBKS,Harshal Patel,4.0,24,0,18,2,4.5,9.0,12.0
IPL_2021_043,2,PBKS,Kagiso Rabada,4.0,24,0,14,2,3.5,7.0,12.0
IPL_2021_043,2,PBKS,Arshdeep Singh,4.0,24,0,75,1,18.75,75.0,24.0
IPL_2021_044,1,RR,Rovman Powell,4.0,24,0,36,0,9.0,,
IPL_2021_044,1,RR,Ravichandran Ashwin,4.0,24,0,35,3,8.75,11.67,8.0
IPL_2021_044,1,RR,Trent Boult,4.0,24,0,16,0,4.0,,
IPL_2021_044,1,RR,Avesh Khan,4.0,24,0,14,2,3.5,7.0,12.0
IPL_2021_044,1,RR,Sandeep Sharma,4.0,24,0,75,1,18.75,75.0,24.0
IPL_2021_044,2,CSK,Rachin Ravindra,4.0,24,0,28,2,7.0,14.0,12.0
IPL_2021_044,2,CSK,Daryl Mitchell,4.0,24,0,26,1,6.5,26.0,24.0
IPL_2021_044,2,CSK,Shivam Dube,4.0,24,0,28,2,7.0,14.0,12.0
IPL_2021_044,2,CSK,Ravindra Jadeja,4.0,24,0,17,0,4.25,,
IPL_2021_044,2,CSK,Mitchell Santner,4.0,24,0,78,3,19.5,26.0,8.0
IPL_2021_045,1,SRH,Abhishek Sharma,4.0,24,0,36,0,9.0,,
IPL_2021_045,1,SRH,Nitish Kumar Reddy,4.0,24,0,26,3,6.5,8.67,8.0
IPL_2021_045,1,SRH,Shahbaz Ahmed,4.0,24,0,18,1,4.5,18.0,24.0
IPL_2021_045,1,SRH,Pat Cummins,4.0,24,0,18,3,4.5,6.0,8.0
IPL_2021_045,1,SRH,Bhuvneshwar Kumar,4.0,24,0,86,2,21.5,43.0,12.0
IPL_2021_045,2,CSK,Rachin Ravindra,4.0,24,0,38,1,9.5,38.0,24.0
IPL_2021_045,2,CSK,Daryl Mitchell,4.0,24,0,27,3,6.75,9.0,8.0
IPL_2021_045,2,CSK,Shivam Dube,4.0,24,0,23,1,5.75,23.0,24.0
IPL_2021_045,2,CSK,Ravindra Jadeja,4.0,24,0,18,0,4.5,,
IPL_2021_045,2,CSK,Mitchell Santner,4.0,24,0,67,0,16.75,,
IPL_2021_046,1,RR,Rovman Powell,4.0,24,0,38,2,9.5,19.0,12.0
IPL_2021_046,1,RR,Ravichandran Ashwin,4.0,24,0,32,1,8.0,32.0,24.0
IPL_2021_046,1,RR,Trent Boult,4.0,24,0,19,1,4.75,19.0,24.0
IPL_2021_046,1,RR,Avesh Khan,4.0,24,0,23,0,5.75,,
IPL_2021_046,1,RR,Sandeep Sharma,4.0,24,0,75,2,18.75,37.5,12.0
IPL_2021_046,2,CSK,Rachin Ravindra,4.0,24,0,36,1,9.0,36.0,24.0
IPL_2021_046,2,CSK,Daryl Mitchell,4.0,24,0,28,1,7.0,28.0,24.0
IPL_2021_046,2,CSK,Shivam Dube,4.0,24,0,13,1,3.25,13.0,24.0
IPL_2021_046,2,CSK,Ravindra Jadeja,4.0,24,0,14,1,3.5,14.0,24.0
IPL_2021_046,2,CSK,Mitchell Santner,4.0,24,0,61,2,15.25,30.5,12.0
IPL_2021_047,1,LSG,Marcus Stoinis,4.0,24,0,45,1,11.25,45.0,24.0
IPL_2021_047,1,LSG,Deepak Hooda,4.0,24,0,29,0,7.25,,
IPL_2021_047,1,LSG,Krunal Pandya,4.0,24,0,24,0,6.0,,
IPL_2021_047,1,LSG,Ravi Bishnoi,4.0,24,0,19,1,4.75,19.0,24.0
IPL_2021_047,1,LSG,Mohsin Khan,4.0,24,0,59,3,14.75,19.67,8.0
IPL_2021_047,2,MI,Hardik Pandya,4.0,24,0,43,1,10.75,43.0,24.0
IPL_2021_047,2,MI,Romario Shepherd,4.0,24,0,31,2,7.75,15.5,12.0
IPL_2021_047,2,MI,Mohammad Nabi,4.0,24,0,19,1,4.75,19.0,24.0
IPL_2021_047,2,MI,Gerald Coetzee,4.0,24,0,15,1,3.75,15.0,24.0
IPL_2021_047,2,MI,Piyush Chawla,4.0,24,0,74,0,18.5,,
IPL_2021_048,1,DC,Axar Patel,4.0,24,0,34,1,8.5,34.0,24.0
IPL_2021_048,1,DC,Kuldeep Yadav,4.0,24,1,22,2,5.5,11.0,12.0
IPL_2021_048,1,DC,Khaleel Ahmed,4.0,24,0,24,2,6.0,12.0,12.0
IPL_2021_048,1,DC,Mukesh Kumar,4.0,24,0,23,2,5.75,11.5,12.0
IPL_2021_048,1,DC,Ishant Sharma,4.0,24,0,75,1,18.75,75.0,24.0
IPL_2021_048,2,RCB,Will Jacks,4.0,24,0,33,3,8.25,11.0,8.0
IPL_2021_048,2,RCB,Glenn Maxwell,4.0,24,0,30,2,7.5,15.0,12.0
IPL_2021_048,2,RCB,Cameron Green,4.0,24,1,21,1,5.25,21.0,24.0
IPL_2021_048,2,RCB,Karn Sharma,4.0,24,0,14,2,3.5,7.0,12.0
IPL_2021_048,2,RCB,Lockie Ferguson,4.0,24,0,82,2,20.5,41.0,12.0
IPL_2021_049,1,CSK,Rachin Ravindra,4.0,24,0,46,0,11.5,,
IPL_2021_049,1,CSK,Daryl Mitchell,4.0,24,0,32,1,8.0,32.0,24.0
IPL_2021_049,1,CSK,Shivam Dube,4.0,24,0,18,3,4.5,6.0,8.0
IPL_2021_049,1,CSK,Ravindra Jadeja,4.0,24,0,13,2,3.25,6.5,12.0
IPL_2021_049,1,CSK,Mitchell Santner,4.0,24,0,77,3,19.25,25.67,8.0
IPL_2021_049,2,RCB,Will Jacks,4.0,24,0,30,1,7.5,30.0,24.0
IPL_2021_049,2,RCB,Glenn Maxwell,4.0,24,0,21,2,5.25,10.5,12.0
IPL_2021_049,2,RCB,Cameron Green,4.0,24,0,26,1,6.5,26.0,24.0
IPL_2021_049,2,RCB,Karn Sharma,4.0,24,0,17,1,4.25,17.0,24.0
IPL_2021_049,2,RCB,Lockie Ferguson,4.0,24,0,66,0,16.5,,
IPL_2021_050,1,MI,Hardik Pandya,4.0,24,0,32,0,8.0,,
IPL_2021_050,1,MI,Romario Shepherd,4.0,24,0,32,1,8.0,32.0,24.0
IPL_2021_050,1,MI,Mohammad Nabi,4.0,24,0,26,3,6.5,8.67,8.0
IPL_2021_050,1,MI,Gerald Coetzee,4.0,24,0,18,3,4.5,6.0,8.0
IPL_2021_050,1,MI,Piyush Chawla,4.0,24,0,66,3,16.5,22.0,8.0
IPL_2021_050,2,KKR,Sunil Narine,4.0,24,0,37,2,9.25,18.5,12.0
IPL_2021_050,2,KKR,Andre Russell,4.0,24,0,21,2,5.25,10.5,12.0
IPL_2021_050,2,KKR,Ramandeep Singh,4.0,24,0,19,1,4.75,19.0,24.0
IPL_2021_050,2,KKR,Mitchell Starc,4.0,24,0,12,3,3.0,4.0,8.0
IPL_2021_050,2,KKR,Harshit Rana,4.0,24,0,67,0,16.75,,
IPL_2021_051,1,PBKS,Sam Curran,4.0,24,0,37,1,9.25,37.0,24.0
IPL_2021_051,1,PBKS,Harpreet Brar,4.0,24,0,31,1,7.75,31.0,24.0
IPL_2021_051,1,PBKS,Harshal Patel,4.0,24,0,31,0,7.75,,
IPL_2021_051,1,PBKS,Kagiso Rabada,4.0,24,0,25,1,6.25,25.0,24.0
IPL_2021_051,1,PBKS,Arshdeep Singh,4.0,24,0,90,1,22.5,90.0,24.0
IPL_2021_051,2,RCB,Will Jacks,4.0,24,0,42,1,10.5,42.0,24.0
IPL_2021_051,2,RCB,Glenn Maxwell,4.0,24,0,26,1,6.5,26.0,24.0
IPL_2021_051,2,RCB,Cameron Green,4.0,24,0,20,1,5.0,20.0,24.0
IPL_2021_051,2,RCB,Karn Sharma,4.0,24,0,25,0,6.25,,
IPL_2021_051,2,RCB,Lockie Ferguson,4.0,24,0,75,2,18.75,37.5,12.0
IPL_2021_052,1,KKR,Sunil Narine,4.0,24,0,43,0,10.75,,
IPL_2021_052,1,KKR,Andre Russell,4.0,24,0,36,1,9.0,36.0,24.0
IPL_2021_052,1,KKR,Ramandeep Singh,4.0,24,0,23,2,5.75,11.5,12.0
IPL_2021_052,1,KKR,Mitchell Starc,4.0,24,0,23,1,5.75,23.0,24.0
IPL_2021_052,1,KKR,Harshit Rana,4.0,24,0,72,3,18.0,24.0,8.0
IPL_2021_052,2,GT,Azmatullah Omarzai,4.0,24,0,37,1,9.25,37.0,24.0
IPL_2021_052,2,GT,Rahul Tewatia,4.0,24,0,26,2,6.5,13.0,12.0
IPL_2021_052,2,GT,Rashid Khan,4.0,24,0,20,0,5.0,,
IPL_2021_052,2,GT,Mohit Sharma,4.0,24,0,23,2,5.75,11.5,12.0
IPL_2021_052,2,GT,Noor Ahmad,4.0,24,0,75,0,18.75,,
IPL_2021_053,1,GT,Azmatullah Omarzai,4.0,24,0,36,1,9.0,36.0,24.0
IPL_2021_053,1,GT,Rahul Tewatia,4.0,24,0,21,2,5.25,10.5,12.0
IPL_2021_053,1,GT,Rashid Khan,4.0,24,0,25,2,6.25,12.5,12.0
IPL_2021_053,1,GT,Mohit Sharma,4.0,24,0,25,1,6.25,25.0,24.0
IPL_2021_053,1,GT,Noor Ahmad,4.0,24,0,76,2,19.0,38.0,12.0
IPL_2021_053,2,DC,Axar Patel,4.0,24,0,38,3,9.5,12.67,8.0
IPL_2021_053,2,DC,Kuldeep Yadav,4.0,24,0,28,1,7.0,28.0,24.0
IPL_2021_053,2,DC,Khaleel Ahmed,4.0,24,0,25,1,6.25,25.0,24.0
IPL_2021_053,2,DC,Mukesh Kumar,4.0,24,0,12,1,3.0,12.0,24.0
IPL_2021_053,2,DC,Ishant Sharma,4.0,24,0,66,2,16.5,33.0,12.0
IPL_2021_054,1,MI,Hardik Pandya,4.0,24,0,28,1,7.0,28.0,24.0
IPL_2021_054,1,MI,Romario Shepherd,4.0,24,0,23,0,5.75,,
IPL_2021_054,1,MI,Mohammad Nabi,4.0,24,0,27,1,6.75,27.0,24.0
IPL_2021_054,1,MI,Gerald Coetzee,4.0,24,0,18,3,4.5,6.0,8.0
IPL_2021_054,1,MI,Piyush Chawla,4.0,24,0,90,1,22.5,90.0,24.0
IPL_2021_054,2,GT,Azmatullah Omarzai,4.0,24,0,27,0,6.75,,
IPL_2021_054,2,GT,Rahul Tewatia,4.0,24,0,28,1,7.0,28.0,24.0
IPL_2021_054,2,GT,Rashid Khan,4.0,24,0,30,2,7.5,15.0,12.0
IPL_2021_054,2,GT,Mohit Sharma,4.0,24,1,24,1,6.0,24.0,24.0
IPL_2021_054,2,GT,Noor Ahmad,4.0,24,0,76,3,19.0,25.33,8.0
IPL_2021_055,1,LSG,Marcus Stoinis,4.0,24,0,28,0,7.0,,
IPL_2021_055,1,LSG,Deepak Hooda,4.0,24,0,27,2,6.75,13.5,12.0
IPL_2021_055,1,LSG,Krunal Pandya,4.0,24,0,35,3,8.75,11.67,8.0
IPL_2021_055,1,LSG,Ravi Bishnoi,4.0,24,1,24,2,6.0,12.0,12.0
IPL_2021_055,1,LSG,Mohsin Khan,4.0,24,0,78,1,19.5,78.0,24.0
IPL_2021_055,2,KKR,Sunil Narine,4.0,24,0,25,3,6.25,8.33,8.0
IPL_2021_055,2,KKR,Andre Russell,4.0,24,0,22,2,5.5,11.0,12.0
IPL_2021_055,2,KKR,Ramandeep Singh,4.0,24,0,29,0,7.25,,
IPL_2021_055,2,KKR,Mitchell Starc,4.0,24,0,23,0,5.75,,
IPL_2021_055,2,KKR,Harshit Rana,4.0,24,0,70,2,17.5,35.0,12.0
IPL_2021_056,1,SRH,Abhishek Sharma,4.0,24,0,39,3,9.75,13.0,8.0
IPL_2021_056,1,SRH,Nitish Kumar Reddy,4.0,24,0,38,1,9.5,38.0,24.0
IPL_2021_056,1,SRH,Shahbaz Ahmed,4.0,24,0,16,3,4.0,5.33,8.0
IPL_2021_056,1,SRH,Pat Cummins,4.0,24,0,16,1,4.0,16.0,24.0
IPL_2021_056,1,SRH,Bhuvneshwar Kumar,4.0,24,0,83,2,20.75,41.5,12.0
IPL_2021_056,2,GT,Azmatullah Omarzai,4.0,24,0,36,1,9.0,36.0,24.0
IPL_2021_056,2,GT,Rahul Tewatia,4.0,24,0,31,0,7.75,,
IPL_2021_056,2,GT,Rashid Khan,4.0,24,0,24,3,6.0,8.0,8.0
IPL_2021_056,2,GT,Mohit Sharma,4.0,24,0,16,3,4.0,5.33,8.0
IPL_2021_056,2,GT,Noor Ahmad,4.0,24,0,58,0,14.5,,
IPL_2021_057,1,RCB,Will Jacks,4.0,24,0,43,2,10.75,21.5,12.0
IPL_2021_057,1,RCB,Glenn Maxwell,4.0,24,0,33,2,8.25,16.5,12.0
IPL_2021_057,1,RCB,Cameron Green,4.0,24,0,16,0,4.0,,
IPL_2021_057,1,RCB,Karn Sharma,4.0,24,0,13,3,3.25,4.33,8.0
IPL_2021_057,1,RCB,Lockie Ferguson,4.0,24,0,70,1,17.5,70.0,24.0
IPL_2021_057,2,PBKS,Sam Curran,4.0,24,0,37,0,9.25,,
IPL_2021_057,2,PBKS,Harpreet Brar,4.0,24,0,22,1,5.5,22.0,24.0
IPL_2021_057,2,PBKS,Harshal Patel,4.0,24,0,18,1,4.5,18.0,24.0
IPL_2021_057,2,PBKS,Kagiso Rabada,4.0,24,0,21,1,5.25,21.0,24.0
IPL_2021_057,2,PBKS,Arshdeep Singh,4.0,24,0,73,0,18.25,,
IPL_2021_058,1,GT,Azmatullah Omarzai,4.0,24,0,42,0,10.5,,
IPL_2021_058,1,GT,Rahul Tewatia,4.0,24,0,20,1,5.0,20.0,24.0
IPL_2021_058,1,GT,Rashid Khan,4.0,24,0,19,1,4.75,19.0,24.0
IPL_2021_058,1,GT,Mohit Sharma,4.0,24,0,18,1,4.5,18.0,24.0
IPL_2021_058,1,GT,Noor Ahmad,4.0,24,0,72,0,18.0,,
IPL_2021_058,2,RCB,Will Jacks,4.0,24,0,40,1,10.0,40.0,24.0
IPL_2021_058,2,RCB,Glenn Maxwell,4.0,24,0,35,2,8.75,17.5,12.0
IPL_2021_058,2,RCB,Cameron Green,4.0,24,0,22,1,5.5,22.0,24.0
IPL_2021_058,2,RCB,Karn Sharma,4.0,24,1,19,2,4.75,9.5,12.0
IPL_2021_058,2,RCB,Lockie Ferguson,4.0,24,0,60,1,15.0,60.0,24.0
IPL_2021_059,1,MI,Hardik Pandya,4.0,24,0,25,0,6.25,,
IPL_2021_059,1,MI,Romario Shepherd,4.0,24,0,33,1,8.25,33.0,24.0
IPL_2021_059,1,MI,Mohammad Nabi,4.0,24,0,26,1,6.5,26.0,24.0
IPL_2021_059,1,MI,Gerald Coetzee,4.0,24,0,12,0,3.0,,
IPL_2021_059,1,MI,Piyush Chawla,4.0,24,0,76,1,19.0,76.0,24.0
IPL_2021_059,2,DC,Axar Patel,4.0,24,0,30,0,7.5,,
IPL_2021_059,2,DC,Kuldeep Yadav,4.0,24,0,22,1,5.5,22.0,24.0
IPL_2021_059,2,DC,Khaleel Ahmed,4.0,24,0,23,1,5.75,23.0,24.0
IPL_2021_059,2,DC,Mukesh Kumar,4.0,24,0,14,1,3.5,14.0,24.0
IPL_2021_059,2,DC,Ishant Sharma,4.0,24,0,80,1,20.0,80.0,24.0
IPL_2021_060,1,DC,Axar Patel,4.0,24,0,30,2,7.5,15.0,12.0
IPL_2021_060,1,DC,Kuldeep Yadav,4.0,24,0,23,1,5.75,23.0,24.0
IPL_2021_060,1,DC,Khaleel Ahmed,4.0,24,0,27,3,6.75,9.0,8.0
IPL_2021_060,1,DC,Mukesh Kumar,4.0,24,0,18,2,4.5,9.0,12.0
IPL_2021_060,1,DC,Ishant Sharma,4.0,24,0,87,2,21.75,43.5,12.0
IPL_2021_060,2,MI,Hardik Pandya,4.0,24,0,23,1,5.75,23.0,24.0
IPL_2021_060,2,MI,Romario Shepherd,4.0,24,0,32,1,8.0,32.0,24.0
IPL_2021_060,2,MI,Mohammad Nabi,4.0,24,0,26,3,6.5,8.67,8.0
IPL_2021_060,2,MI,Gerald Coetzee,4.0,24,0,20,1,5.0,20.0,24.0
IPL_2021_060,2,MI,Piyush Chawla,4.0,24,0,64,0,16.0,,
IPL_2022_001,1,PBKS,Sam Curran,4.0,24,0,46,1,11.5,46.0,24.0
IPL_2022_001,1,PBKS,Harpreet Brar,4.0,24,0,21,1,5.25,21.0,24.0
IPL_2022_001,1,PBKS,Harshal Patel,4.0,24,0,17,0,4.25,,
IPL_2022_001,1,PBKS,Kagiso Rabada,4.0,24,0,18,3,4.5,6.0,8.0
IPL_2022_001,1,PBKS,Arshdeep Singh,4.0,24,0,85,1,21.25,85.0,24.0
IPL_2022_001,2,KKR,Sunil Narine,4.0,24,0,31,2,7.75,15.5,12.0
IPL_2022_001,2,KKR,Andre Russell,4.0,24,0,22,0,5.5,,
IPL_2022_001,2,KKR,Ramandeep Singh,4.0,24,0,34,3,8.5,11.33,8.0
IPL_2022_001,2,KKR,Mitchell Starc,4.0,24,0,19,1,4.75,19.0,24.0
IPL_2022_001,2,KKR,Harshit Rana,4.0,24,0,82,2,20.5,41.0,12.0
IPL_2022_002,1,MI,Hardik Pandya,4.0,24,0,40,3,10.0,13.33,8.0
IPL_2022_002,1,MI,Romario Shepherd,4.0,24,0,20,3,5.0,6.67,8.0
IPL_2022_002,1,MI,Mohammad Nabi,4.0,24,0,27,3,6.75,9.0,8.0
IPL_2022_002,1,MI,Gerald Coetzee,4.0,24,0,14,1,3.5,14.0,24.0
IPL_2022_002,1,MI,Piyush Chawla,4.0,24,0,72,0,18.0,,
IPL_2022_002,2,DC,Axar Patel,4.0,24,0,29,3,7.25,9.67,8.0
IPL_2022_002,2,DC,Kuldeep Yadav,4.0,24,1,24,0,6.0,,
IPL_2022_002,2,DC,Khaleel Ahmed,4.0,24,0,23,2,5.75,11.5,12.0
IPL_2022_002,2,DC,Mukesh Kumar,4.0,24,0,18,2,4.5,9.0,12.0
IPL_2022_002,2,DC,Ishant Sharma,4.0,24,0,86,2,21.5,43.0,12.0
IPL_2022_003,1,SRH,Abhishek Sharma,4.0,24,0,31,2,7.75,15.5,12.0
IPL_2022_003,1,SRH,Nitish Kumar Reddy,4.0,24,0,23,3,5.75,7.67,8.0
IPL_2022_003,1,SRH,Shahbaz Ahmed,4.0,24,0,19,3,4.75,6.33,8.0
IPL_2022_003,1,SRH,Pat Cummins,4.0,24,0,22,3,5.5,7.33,8.0
IPL_2022_003,1,SRH,Bhuvneshwar Kumar,4.0,24,0,67,0,16.75,,
IPL_2022_003,2,PBKS,Sam Curran,4.0,24,0,38,2,9.5,19.0,12.0
IPL_2022_003,2,PBKS,Harpreet Brar,4.0,24,0,30,3,7.5,10.0,8.0
IPL_2022_003,2,PBKS,Harshal Patel,4.0,24,0,22,3,5.5,7.33,8.0
IPL_2022_003,2,PBKS,Kagiso Rabada,4.0,24,0,21,0,5.25,,
IPL_2022_003,2,PBKS,Arshdeep Singh,4.0,24,0,67,0,16.75,,
IPL_2022_004,1,GT,Azmatullah Omarzai,4.0,24,0,45,0,11.25,,
IPL_2022_004,1,GT,Rahul Tewatia,4.0,24,0,23,3,5.75,7.67,8.0
IPL_2022_004,1,GT,Rashid Khan,4.0,24,0,23,1,5.75,23.0,24.0
IPL_2022_004,1,GT,Mohit Sharma,4.0,24,0,20,2,5.0,10.0,12.0
IPL_2022_004,1,GT,Noor Ahmad,4.0,24,0,70,1,17.5,70.0,24.0
IPL_2022_004,2,KKR,Sunil Narine,4.0,24,0,36,0,9.0,,
IPL_2022_004,2,KKR,Andre Russell,4.0,24,0,20,1,5.0,20.0,24.0
IPL_2022_004,2,KKR,Ramandeep Singh,4.0,24,0,25,0,6.25,,
IPL_2022_004,2,KKR,Mitchell Starc,4.0,24,0,13,2,3.25,6.5,12.0
IPL_2022_004,2,KKR,Harshit Rana,4.0,24,0,79,1,19.75,79.0,24.0
IPL_2022_005,1,RCB,Will Jacks,4.0,24,0,27,2,6.75,13.5,12.0
IPL_2022_005,1,RCB,Glenn Maxwell,4.0,24,0,23,3,5.75,7.67,8.0
IPL_2022_005,1,RCB,Cameron Green,4.0,24,0,24,1,6.0,24.0,24.0
IPL_2022_005,1,RCB,Karn Sharma,4.0,24,0,15,3,3.75,5.0,8.0
IPL_2022_005,1,RCB,Lockie Ferguson,4.0,24,0,83,0,20.75,,
IPL_2022_005,2,CSK,Rachin Ravindra,4.0,24,0,36,2,9.0,18.0,12.0
IPL_2022_005,2,CSK,Daryl Mitchell,4.0,24,0,21,2,5.25,10.5,12.0
IPL_2022_005,2,CSK,Shivam Dube,4.0,24,1,22,2,5.5,11.0,12.0
IPL_2022_005,2,CSK,Ravindra Jadeja,4.0,24,0,24,2,6.0,12.0,12.0
IPL_2022_005,2,CSK,Mitchell Santner,4.0,24,0,75,0,18.75,,
IPL_2022_006,1,SRH,Abhishek Sharma,4.0,24,0,47,3,11.75,15.67,8.0
IPL_2022_006,1,SRH,Nitish Kumar Reddy,4.0,24,0,20,2,5.0,10.0,12.0
IPL_2022_006,1,SRH,Shahbaz Ahmed,4.0,24,0,21,1,5.25,21.0,24.0
IPL_2022_006,1,SRH,Pat Cummins,4.0,24,0,16,2,4.0,8.0,12.0
IPL_2022_006,1,SRH,Bhuvneshwar Kumar,4.0,24,0,79,1,19.75,79.0,24.0
IPL_2022_006,2,DC,Axar Patel,4.0,24,0,36,3,9.0,12.0,8.0
IPL_2022_006,2,DC,Kuldeep Yadav,4.0,24,0,29,2,7.25,14.5,12.0
IPL_2022_006,2,DC,Khaleel Ahmed,4.0,24,0,21,2,5.25,10.5,12.0
IPL_2022_006,2,DC,Mukesh Kumar,4.0,24,0,21,1,5.25,21.0,24.0
IPL_2022_006,2,DC,Ishant Sharma,4.0,24,0,68,2,17.0,34.0,12.0
IPL_2022_007,1,GT,Azmatullah Omarzai,4.0,24,0,32,2,8.0,16.0,12.0
IPL_2022_007,1,GT,Rahul Tewatia,4.0,24,0,33,0,8.25,,
IPL_2022_007,1,GT,Rashid Khan,4.0,24,0,15,1,3.75,15.0,24.0
IPL_2022_007,1,GT,Mohit Sharma,4.0,24,0,12,2,3.0,6.0,12.0
IPL_2022_007,1,GT,Noor Ahmad,4.0,24,0,70,0,17.5,,
IPL_2022_007,2,DC,Axar Patel,4.0,24,0,32,0,8.0,,
IPL_2022_007,2,DC,Kuldeep Yadav,4.0,24,0,24,2,6.0,12.0,12.0
IPL_2022_007,2,DC,Khaleel Ahmed,4.0,24,0,31,3,7.75,10.33,8.0
IPL_2022_007,2,DC,Mukesh Kumar,4.0,24,0,16,2,4.0,8.0,12.0
IPL_2022_007,2,DC,Ishant Sharma,4.0,24,0,76,1,19.0,76.0,24.0
IPL_2022_008,1,RCB,Will Jacks,4.0,24,0,29,2,7.25,14.5,12.0
IPL_2022_008,1,RCB,Glenn Maxwell,4.0,24,0,33,2,8.25,16.5,12.0
IPL_2022_008,1,RCB,Cameron Green,4.0,24,1,23,1,5.75,23.0,24.0
IPL_2022_008,1,RCB,Karn Sharma,4.0,24,0,12,2,3.0,6.0,12.0
IPL_2022_008,1,RCB,Lockie Ferguson,4.0,24,0,77,0,19.25,,
IPL_2022_008,2,MI,Hardik Pandya,4.0,24,0,36,1,9.0,36.0,24.0
IPL_2022_008,2,MI,Romario Shepherd,4.0,24,0,24,1,6.0,24.0,24.0
IPL_2022_008,2,MI,Mohammad Nabi,4.0,24,0,18,1,4.5,18.0,24.0
IPL_2022_008,2,MI,Gerald Coetzee,4.0,24,0,25,1,6.25,25.0,24.0
IPL_2022_008,2,MI,Piyush Chawla,4.0,24,0,76,1,19.0,76.0,24.0
IPL_2022_009,1,MI,Hardik Pandya,4.0,24,0,29,0,7.25,,
IPL_2022_009,1,MI,Romario Shepherd,4.0,24,0,22,2,5.5,11.0,12.0
IPL_2022_009,1,MI,Mohammad Nabi,4.0,24,1,20,3,5.0,6.67,8.0
IPL_2022_009,1,MI,Gerald Coetzee,4.0,24,0,17,3,4.25,5.67,8.0
IPL_2022_009,1,MI,Piyush Chawla,4.0,24,0,74,1,18.5,74.0,24.0
IPL_2022_009,2,GT,Azmatullah Omarzai,4.0,24,0,38,3,9.5,12.67,8.0
IPL_2022_009,2,GT,Rahul Tewatia,4.0,24,0,29,2,7.25,14.5,12.0
IPL_2022_009,2,GT,Rashid Khan,4.0,24,0,17,0,4.25,,
IPL_2022_009,2,GT,Mohit Sharma,4.0,24,0,19,1,4.75,19.0,24.0
IPL_2022_009,2,GT,Noor Ahmad,4.0,24,0,69,0,17.25,,
IPL_2022_010,1,LSG,Marcus Stoinis,4.0,24,0,35,1,8.75,35.0,24.0
IPL_2022_010,1,LSG,Deepak Hooda,4.0,24,0,22,2,5.5,11.0,12.0
IPL_2022_010,1,LSG,Krunal Pandya,4.0,24,0,28,2,7.0,14.0,12.0
IPL_2022_010,1,LSG,Ravi Bishnoi,4.0,24,0,21,3,5.25,7.0,8.0
IPL_2022_010,1,LSG,Mohsin Khan,4.0,24,0,66,3,16.5,22.0,8.0
IPL_2022_010,2,RCB,Will Jacks,4.0,24,0,30,1,7.5,30.0,24.0
IPL_2022_010,2,RCB,Glenn Maxwell,4.0,24,1,22,1,5.5,22.0,24.0
IPL_2022_010,2,RCB,Cameron Green,4.0,24,0,29,2,7.25,14.5,12.0
IPL_2022_010,2,RCB,Karn Sharma,4.0,24,0,22,2,5.5,11.0,12.0
IPL_2022_010,2,RCB,Lockie Ferguson,4.0,24,0,75,2,18.75,37.5,12.0
IPL_2022_011,1,MI,Hardik Pandya,4.0,24,0,32,1,8.0,32.0,24.0
IPL_2022_011,1,MI,Romario Shepherd,4.0,24,0,32,1,8.0,32.0,24.0
IPL_2022_011,1,MI,Mohammad Nabi,4.0,24,0,18,2,4.5,9.0,12.0
IPL_2022_011,1,MI,Gerald Coetzee,4.0,24,0,23,2,5.75,11.5,12.0
IPL_2022_011,1,MI,Piyush Chawla,4.0,24,0,84,0,21.0,,
IPL_2022_011,2,GT,Azmatullah Omarzai,4.0,24,0,44,0,11.0,,
IPL_2022_011,2,GT,Rahul Tewatia,4.0,24,0,32,2,8.0,16.0,12.0
IPL_2022_011,2,GT,Rashid Khan,4.0,24,0,18,1,4.5,18.0,24.0
IPL_2022_011,2,GT,Mohit Sharma,4.0,24,0,17,0,4.25,,
IPL_2022_011,2,GT,Noor Ahmad,4.0,24,0,74,0,18.5,,
IPL_2022_012,1,GT,Azmatullah Omarzai,4.0,24,0,35,0,8.75,,
IPL_2022_012,1,GT,Rahul Tewatia,4.0,24,0,27,2,6.75,13.5,12.0
IPL_2022_012,1,GT,Rashid Khan,4.0,24,0,16,3,4.0,5.33,8.0
IPL_2022_012,1,GT,Mohit Sharma,4.0,24,0,17,0,4.25,,
IPL_2022_012,1,GT,Noor Ahmad,4.0,24,0,66,1,16.5,66.0,24.0
IPL_2022_012,2,PBKS,Sam Curran,4.0,24,0,43,2,10.75,21.5,12.0
IPL_2022_012,2,PBKS,Harpreet Brar,4.0,24,0,33,0,8.25,,
IPL_2022_012,2,PBKS,Harshal Patel,4.0,24,1,19,0,4.75,,
IPL_2022_012,2,PBKS,Kagiso Rabada,4.0,24,0,14,2,3.5,7.0,12.0
IPL_2022_012,2,PBKS,Arshdeep Singh,4.0,24,0,73,0,18.25,,
IPL_2022_013,1,RCB,Will Jacks,4.0,24,0,31,1,7.75,31.0,24.0
IPL_2022_013,1,RCB,Glenn Maxwell,4.0,24,0,29,1,7.25,29.0,24.0
IPL_2022_013,1,RCB,Cameron Green,4.0,24,0,16,2,4.0,8.0,12.0
IPL_2022_013,1,RCB,Karn Sharma,4.0,24,0,15,1,3.75,15.0,24.0
IPL_2022_013,1,RCB,Lockie Ferguson,4.0,24,0,76,0,19.0,,
IPL_2022_013,2,PBKS,Sam Curran,4.0,24,0,38,0,9.5,,
IPL_2022_013,2,PBKS,Harpreet Brar,4.0,24,0,22,1,5.5,22.0,24.0
IPL_2022_013,2,PBKS,Harshal Patel,4.0,24,0,27,2,6.75,13.5,12.0
IPL_2022_013,2,PBKS,Kagiso Rabada,4.0,24,0,16,1,4.0,16.0,24.0
IPL_2022_013,2,PBKS,Arshdeep Singh,4.0,24,0,63,2,15.75,31.5,12.0
IPL_2022_014,1,CSK,Rachin Ravindra,4.0,24,0,23,1,5.75,23.0,24.0
IPL_2022_014,1,CSK,Daryl Mitchell,4.0,24,0,23,2,5.75,11.5,12.0
IPL_2022_014,1,CSK,Shivam Dube,4.0,24,0,26,1,6.5,26.0,24.0
IPL_2022_014,1,CSK,Ravindra Jadeja,4.0,24,0,25,2,6.25,12.5,12.0
IPL_2022_014,1,CSK,Mitchell Santner,4.0,24,0,74,1,18.5,74.0,24.0
IPL_2022_014,2,RCB,Will Jacks,4.0,24,0,30,2,7.5,15.0,12.0
IPL_2022_014,2,RCB,Glenn Maxwell,4.0,24,0,20,3,5.0,6.67,8.0
IPL_2022_014,2,RCB,Cameron Green,4.0,24,0,25,2,6.25,12.5,12.0
IPL_2022_014,2,RCB,Karn Sharma,4.0,24,0,17,0,4.25,,
IPL_2022_014,2,RCB,Lockie Ferguson,4.0,24,0,80,3,20.0,26.67,8.0
IPL_2022_015,1,RCB,Will Jacks,4.0,24,0,48,2,12.0,24.0,12.0
IPL_2022_015,1,RCB,Glenn Maxwell,4.0,24,0,34,2,8.5,17.0,12.0
IPL_2022_015,1,RCB,Cameron Green,4.0,24,0,26,2,6.5,13.0,12.0
IPL_2022_015,1,RCB,Karn Sharma,4.0,24,0,17,1,4.25,17.0,24.0
IPL_2022_015,1,RCB,Lockie Ferguson,4.0,24,0,62,2,15.5,31.0,12.0
IPL_2022_015,2,PBKS,Sam Curran,4.0,24,0,35,2,8.75,17.5,12.0
IPL_2022_015,2,PBKS,Harpreet Brar,4.0,24,0,23,3,5.75,7.67,8.0
IPL_2022_015,2,PBKS,Harshal Patel,4.0,24,1,19,1,4.75,19.0,24.0
IPL_2022_015,2,PBKS,Kagiso Rabada,4.0,24,0,24,2,6.0,12.0,12.0
IPL_2022_015,2,PBKS,Arshdeep Singh,4.0,24,0,89,1,22.25,89.0,24.0
IPL_2022_016,1,RR,Rovman Powell,4.0,24,0,40,3,10.0,13.33,8.0
IPL_2022_016,1,RR,Ravichandran Ashwin,4.0,24,0,34,3,8.5,11.33,8.0
IPL_2022_016,1,RR,Trent Boult,4.0,24,0,22,0,5.5,,
IPL_2022_016,1,RR,Avesh Khan,4.0,24,1,21,3,5.25,7.0,8.0
IPL_2022_016,1,RR,Sandeep Sharma,4.0,24,0,85,2,21.25,42.5,12.0
IPL_2022_016,2,RCB,Will Jacks,4.0,24,0,29,2,7.25,14.5,12.0
IPL_2022_016,2,RCB,Glenn Maxwell,4.0,24,0,25,2,6.25,12.5,12.0
IPL_2022_016,2,RCB,Cameron Green,4.0,24,0,18,1,4.5,18.0,24.0
IPL_2022_016,2,RCB,Karn Sharma,4.0,24,0,26,2,6.5,13.0,12.0
IPL_2022_016,2,RCB,Lockie Ferguson,4.0,24,0,85,2,21.25,42.5,12.0
IPL_2022_017,1,SRH,Abhishek Sharma,4.0,24,0,51,2,12.75,25.5,12.0
IPL_2022_017,1,SRH,Nitish Kumar Reddy,4.0,24,0,22,1,5.5,22.0,24.0
IPL_2022_017,1,SRH,Shahbaz Ahmed,4.0,24,0,31,1,7.75,31.0,24.0
IPL_2022_017,1,SRH,Pat Cummins,4.0,24,0,19,1,4.75,19.0,24.0
IPL_2022_017,1,SRH,Bhuvneshwar Kumar,4.0,24,0,76,1,19.0,76.0,24.0
IPL_2022_017,2,GT,Azmatullah Omarzai,4.0,24,0,32,1,8.0,32.0,24.0
IPL_2022_017,2,GT,Rahul Tewatia,4.0,24,0,19,1,4.75,19.0,24.0
IPL_2022_017,2,GT,Rashid Khan,4.0,24,0,22,1,5.5,22.0,24.0
IPL_2022_017,2,GT,Mohit Sharma,4.0,24,0,15,0,3.75,,
IPL_2022_017,2,GT,Noor Ahmad,4.0,24,0,74,2,18.5,37.0,12.0
IPL_2022_018,1,RR,Rovman Powell,4.0,24,0,25,2,6.25,12.5,12.0
IPL_2022_018,1,RR,Ravichandran Ashwin,4.0,24,0,37,3,9.25,12.33,8.0
IPL_2022_018,1,RR,Trent Boult,4.0,24,0,27,2,6.75,13.5,12.0
IPL_2022_018,1,RR,Avesh Khan,4.0,24,1,18,1,4.5,18.0,24.0
IPL_2022_018,1,RR,Sandeep Sharma,4.0,24,0,71,2,17.75,35.5,12.0
IPL_2022_018,2,CSK,Rachin Ravindra,4.0,24,0,25,2,6.25,12.5,12.0
IPL_2022_018,2,CSK,Daryl Mitchell,4.0,24,0,35,2,8.75,17.5,12.0
IPL_2022_018,2,CSK,Shivam Dube,4.0,24,0,21,0,5.25,,
IPL_2022_018,2,CSK,Ravindra Jadeja,4.0,24,0,23,2,5.75,11.5,12.0
IPL_2022_018,2,CSK,Mitchell Santner,4.0,24,0,70,0,17.5,,
IPL_2022_019,1,KKR,Sunil Narine,4.0,24,0,42,1,10.5,42.0,24.0
IPL_2022_019,1,KKR,Andre Russell,4.0,24,0,28,1,7.0,28.0,24.0
IPL_2022_019,1,KKR,Ramandeep Singh,4.0,24,0,24,2,6.0,12.0,12.0
IPL_2022_019,1,KKR,Mitchell Starc,4.0,24,0,12,2,3.0,6.0,12.0
IPL_2022_019,1,KKR,Harshit Rana,4.0,24,0,74,2,18.5,37.0,12.0
IPL_2022_019,2,MI,Hardik Pandya,4.0,24,0,37,1,9.25,37.0,24.0
IPL_2022_019,2,MI,Romario Shepherd,4.0,24,0,19,1,4.75,19.0,24.0
IPL_2022_019,2,MI,Mohammad Nabi,4.0,24,0,25,2,6.25,12.5,12.0
IPL_2022_019,2,MI,Gerald Coetzee,4.0,24,0,18,1,4.5,18.0,24.0
IPL_2022_019,2,MI,Piyush Chawla,4.0,24,0,59,0,14.75,,
IPL_2022_020,1,LSG,Marcus Stoinis,4.0,24,0,38,2,9.5,19.0,12.0
IPL_2022_020,1,LSG,Deepak Hooda,4.0,24,0,31,1,7.75,31.0,24.0
IPL_2022_020,1,LSG,Krunal Pandya,4.0,24,0,14,2,3.5,7.0,12.0
IPL_2022_020,1,LSG,Ravi Bishnoi,4.0,24,0,16,1,4.0,16.0,24.0
IPL_2022_020,1,LSG,Mohsin Khan,4.0,24,0,68,1,17.0,68.0,24.0
IPL_2022_020,2,DC,Axar Patel,4.0,24,0,35,2,8.75,17.5,12.0
IPL_2022_020,2,DC,Kuldeep Yadav,4.0,24,0,29,1,7.25,29.0,24.0
IPL_2022_020,2,DC,Khaleel Ahmed,4.0,24,0,21,0,5.25,,
IPL_2022_020,2,DC,Mukesh Kumar,4.0,24,0,13,0,3.25,,
IPL_2022_020,2,DC,Ishant Sharma,4.0,24,0,71,0,17.75,,
IPL_2022_021,1,KKR,Sunil Narine,4.0,24,0,30,0,7.5,,
IPL_2022_021,1,KKR,Andre Russell,4.0,24,0,31,2,7.75,15.5,12.0
IPL_2022_021,1,KKR,Ramandeep Singh,4.0,24,0,18,2,4.5,9.0,12.0
IPL_2022_021,1,KKR,Mitchell Starc,4.0,24,0,14,1,3.5,14.0,24.0
IPL_2022_021,1,KKR,Harshit Rana,4.0,24,0,86,2,21.5,43.0,12.0
IPL_2022_021,2,RCB,Will Jacks,4.0,24,0,41,2,10.25,20.5,12.0
IPL_2022_021,2,RCB,Glenn Maxwell,4.0,24,0,23,2,5.75,11.5,12.0
IPL_2022_021,2,RCB,Cameron Green,4.0,24,0,31,3,7.75,10.33,8.0
IPL_2022_021,2,RCB,Karn Sharma,4.0,24,0,13,0,3.25,,
IPL_2022_021,2,RCB,Lockie Ferguson,4.0,24,0,81,2,20.25,40.5,12.0
IPL_2022_022,1,LSG,Marcus Stoinis,4.0,24,0,26,0,6.5,,
IPL_2022_022,1,LSG,Deepak Hooda,4.0,24,0,24,0,6.0,,
IPL_2022_022,1,LSG,Krunal Pandya,4.0,24,0,22,2,5.5,11.0,12.0
IPL_2022_022,1,LSG,Ravi Bishnoi,4.0,24,0,28,2,7.0,14.0,12.0
IPL_2022_022,1,LSG,Mohsin Khan,4.0,24,0,82,1,20.5,82.0,24.0
IPL_2022_022,2,KKR,Sunil Narine,4.0,24,0,28,2,7.0,14.0,12.0
IPL_2022_022,2,KKR,Andre Russell,4.0,24,0,28,2,7.0,14.0,12.0
IPL_2022_022,2,KKR,Ramandeep Singh,4.0,24,0,21,3,5.25,7.0,8.0
IPL_2022_022,2,KKR,Mitchell Starc,4.0,24,0,12,2,3.0,6.0,12.0
IPL_2022_022,2,KKR,Harshit Rana,4.0,24,0,79,1,19.75,79.0,24.0
IPL_2022_023,1,DC,Axar Patel,4.0,24,0,32,2,8.0,16.0,12.0
IPL_2022_023,1,DC,Kuldeep Yadav,4.0,24,0,27,1,6.75,27.0,24.0
IPL_2022_023,1,DC,Khaleel Ahmed,4.0,24,0,18,2,4.5,9.0,12.0
IPL_2022_023,1,DC,Mukesh Kumar,4.0,24,0,20,1,5.0,20.0,24.0
IPL_2022_023,1,DC,Ishant Sharma,4.0,24,0,70,3,17.5,23.33,8.0
IPL_2022_023,2,CSK,Rachin Ravindra,4.0,24,0,36,0,9.0,,
IPL_2022_023,2,CSK,Daryl Mitchell,4.0,24,0,29,2,7.25,14.5,12.0
IPL_2022_023,2,CSK,Shivam Dube,4.0,24,0,18,1,4.5,18.0,24.0
IPL_2022_023,2,CSK,Ravindra Jadeja,4.0,24,0,11,0,2.75,,
IPL_2022_023,2,CSK,Mitchell Santner,4.0,24,0,66,2,16.5,33.0,12.0
IPL_2022_024,1,CSK,Rachin Ravindra,4.0,24,0,44,1,11.0,44.0,24.0
IPL_2022_024,1,CSK,Daryl Mitchell,4.0,24,0,36,3,9.0,12.0,8.0
IPL_2022_024,1,CSK,Shivam Dube,4.0,24,0,26,3,6.5,8.67,8.0
IPL_2022_024,1,CSK,Ravindra Jadeja,4.0,24,0,17,2,4.25,8.5,12.0
IPL_2022_024,1,CSK,Mitchell Santner,4.0,24,0,71,3,17.75,23.67,8.0
IPL_2022_024,2,GT,Azmatullah Omarzai,4.0,24,0,27,0,6.75,,
IPL_2022_024,2,GT,Rahul Tewatia,4.0,24,0,29,1,7.25,29.0,24.0
IPL_2022_024,2,GT,Rashid Khan,4.0,24,0,24,2,6.0,12.0,12.0
IPL_2022_024,2,GT,Mohit Sharma,4.0,24,0,15,3,3.75,5.0,8.0
IPL_2022_024,2,GT,Noor Ahmad,4.0,24,0,74,1,18.5,74.0,24.0
IPL_2022_025,1,CSK,Rachin Ravindra,4.0,24,0,41,3,10.25,13.67,8.0
IPL_2022_025,1,CSK,Daryl Mitchell,4.0,24,0,26,0,6.5,,
IPL_2022_025,1,CSK,Shivam Dube,4.0,24,0,24,1,6.0,24.0,24.0
IPL_2022_025,1,CSK,Ravindra Jadeja,4.0,24,0,22,2,5.5,11.0,12.0
IPL_2022_025,1,CSK,Mitchell Santner,4.0,24,0,76,2,19.0,38.0,12.0
IPL_2022_025,2,MI,Hardik Pandya,4.0,24,0,28,2,7.0,14.0,12.0
IPL_2022_025,2,MI,Romario Shepherd,4.0,24,0,27,3,6.75,9.0,8.0
IPL_2022_025,2,MI,Mohammad Nabi,4.0,24,0,17,1,4.25,17.0,24.0
IPL_2022_025,2,MI,Gerald Coetzee,4.0,24,0,18,2,4.5,9.0,12.0
IPL_2022_025,2,MI,Piyush Chawla,4.0,24,0,76,3,19.0,25.33,8.0
IPL_2022_026,1,KKR,Sunil Narine,4.0,24,0,47,1,11.75,47.0,24.0
IPL_2022_026,1,KKR,Andre Russell,4.0,24,0,34,0,8.5,,
IPL_2022_026,1,KKR,Ramandeep Singh,4.0,24,0,20,1,5.0,20.0,24.0
IPL_2022_026,1,KKR,Mitchell Starc,4.0,24,0,21,1,5.25,21.0,24.0
IPL_2022_026,1,KKR,Harshit Rana,4.0,24,0,71,1,17.75,71.0,24.0
IPL_2022_026,2,SRH,Abhishek Sharma,4.0,24,0,27,2,6.75,13.5,12.0
IPL_2022_026,2,SRH,Nitish Kumar Reddy,4.0,24,0,33,2,8.25,16.5,12.0
IPL_2022_026,2,SRH,Shahbaz Ahmed,4.0,24,0,22,2,5.5,11.0,12.0
IPL_2022_026,2,SRH,Pat Cummins,4.0,24,0,15,1,3.75,15.0,24.0
IPL_2022_026,2,SRH,Bhuvneshwar Kumar,4.0,24,0,87,2,21.75,43.5,12.0
IPL_2022_027,1,MI,Hardik Pandya,4.0,24,0,40,1,10.0,40.0,24.0
IPL_2022_027,1,MI,Romario Shepherd,4.0,24,0,26,1,6.5,26.0,24.0
IPL_2022_027,1,MI,Mohammad Nabi,4.0,24,0,29,1,7.25,29.0,24.0
IPL_2022_027,1,MI,Gerald Coetzee,4.0,24,1,20,0,5.0,,
IPL_2022_027,1,MI,Piyush Chawla,4.0,24,0,72,1,18.0,72.0,24.0
IPL_2022_027,2,PBKS,Sam Curran,4.0,24,0,34,0,8.5,,
IPL_2022_027,2,PBKS,Harpreet Brar,4.0,24,0,18,2,4.5,9.0,12.0
IPL_2022_027,2,PBKS,Harshal Patel,4.0,24,0,23,1,5.75,23.0,24.0
IPL_2022_027,2,PBKS,Kagiso Rabada,4.0,24,0,13,0,3.25,,
IPL_2022_027,2,PBKS,Arshdeep Singh,4.0,24,0,78,0,19.5,,
IPL_2022_028,1,SRH,Abhishek Sharma,4.0,24,0,33,2,8.25,16.5,12.0
IPL_2022_028,1,SRH,Nitish Kumar Reddy,4.0,24,0,34,1,8.5,34.0,24.0
IPL_2022_028,1,SRH,Shahbaz Ahmed,4.0,24,0,23,1,5.75,23.0,24.0
IPL_2022_028,1,SRH,Pat Cummins,4.0,24,0,22,2,5.5,11.0,12.0
IPL_2022_028,1,SRH,Bhuvneshwar Kumar,4.0,24,0,65,2,16.25,32.5,12.0
IPL_2022_028,2,PBKS,Sam Curran,4.0,24,0,44,3,11.0,14.67,8.0
IPL_2022_028,2,PBKS,Harpreet Brar,4.0,24,0,30,2,7.5,15.0,12.0
IPL_2022_028,2,PBKS,Harshal Patel,4.0,24,0,15,2,3.75,7.5,12.0
IPL_2022_028,2,PBKS,Kagiso Rabada,4.0,24,0,19,1,4.75,19.0,24.0
IPL_2022_028,2,PBKS,Arshdeep Singh,4.0,24,0,76,2,19.0,38.0,12.0
IPL_2022_029,1,SRH,Abhishek Sharma,4.0,24,0,44,0,11.0,,
IPL_2022_029,1,SRH,Nitish Kumar Reddy,4.0,24,0,24,1,6.0,24.0,24.0
IPL_2022_029,1,SRH,Shahbaz Ahmed,4.0,24,0,23,0,5.75,,
IPL_2022_029,1,SRH,Pat Cummins,4.0,24,0,16,0,4.0,,
IPL_2022_029,1,SRH,Bhuvneshwar Kumar,4.0,24,0,73,1,18.25,73.0,24.0
IPL_2022_029,2,LSG,Marcus Stoinis,4.0,24,0,35,2,8.75,17.5,12.0
IPL_2022_029,2,LSG,Deepak Hooda,4.0,24,0,34,2,8.5,17.0,12.0
IPL_2022_029,2,LSG,Krunal Pandya,4.0,24,0,15,1,3.75,15.0,24.0
IPL_2022_029,2,LSG,Ravi Bishnoi,4.0,24,0,17,1,4.25,17.0,24.0
IPL_2022_029,2,LSG,Mohsin Khan,4.0,24,0,72,2,18.0,36.0,12.0
IPL_2022_030,1,KKR,Sunil Narine,4.0,24,0,33,1,8.25,33.0,24.0
IPL_2022_030,1,KKR,Andre Russell,4.0,24,0,23,1,5.75,23.0,24.0
IPL_2022_030,1,KKR,Ramandeep Singh,4.0,24,0,17,0,4.25,,
IPL_2022_030,1,KKR,Mitchell Starc,4.0,24,0,14,3,3.5,4.67,8.0
IPL_2022_030,1,KKR,Harshit Rana,4.0,24,0,87,1,21.75,87.0,24.0
IPL_2022_030,2,CSK,Rachin Ravindra,4.0,24,0,32,1,8.0,32.0,24.0
IPL_2022_030,2,CSK,Daryl Mitchell,4.0,24,0,31,1,7.75,31.0,24.0
IPL_2022_030,2,CSK,Shivam Dube,4.0,24,0,29,0,7.25,,
IPL_2022_030,2,CSK,Ravindra Jadeja,4.0,24,1,13,2,3.25,6.5,12.0
IPL_2022_030,2,CSK,Mitchell Santner,4.0,24,0,82,1,20.5,82.0,24.0
IPL_2022_031,1,PBKS,Sam Curran,4.0,24,0,29,1,7.25,29.0,24.0
IPL_2022_031,1,PBKS,Harpreet Brar,4.0,24,0,25,1,6.25,25.0,24.0
IPL_2022_031,1,PBKS,Harshal Patel,4.0,24,0,22,2,5.5,11.0,12.0
IPL_2022_031,1,PBKS,Kagiso Rabada,4.0,24,0,22,2,5.5,11.0,12.0
IPL_2022_031,1,PBKS,Arshdeep Singh,4.0,24,0,74,0,18.5,,
IPL_2022_031,2,CSK,Rachin Ravindra,4.0,24,0,32,0,8.0,,
IPL_2022_031,2,CSK,Daryl Mitchell,4.0,24,0,27,3,6.75,9.0,8.0
IPL_2022_031,2,CSK,Shivam Dube,4.0,24,0,27,1,6.75,27.0,24.0
IPL_2022_031,2,CSK,Ravindra Jadeja,4.0,24,0,17,2,4.25,8.5,12.0
IPL_2022_031,2,CSK,Mitchell Santner,4.0,24,0,68,2,17.0,34.0,12.0
IPL_2022_032,1,GT,Azmatullah Omarzai,4.0,24,0,41,1,10.25,41.0,24.0
IPL_2022_032,1,GT,Rahul Tewatia,4.0,24,0,33,2,8.25,16.5,12.0
IPL_2022_032,1,GT,Rashid Khan,4.0,24,0,31,3,7.75,10.33,8.0
IPL_2022_032,1,GT,Mohit Sharma,4.0,24,0,14,1,3.5,14.0,24.0
IPL_2022_032,1,GT,Noor Ahmad,4.0,24,0,77,0,19.25,,
IPL_2022_032,2,LSG,Marcus Stoinis,4.0,24,0,37,1,9.25,37.0,24.0
IPL_2022_032,2,LSG,Deepak Hooda,4.0,24,0,35,2,8.75,17.5,12.0
IPL_2022_032,2,LSG,Krunal Pandya,4.0,24,0,24,0,6.0,,
IPL_2022_032,2,LSG,Ravi Bishnoi,4.0,24,0,21,0,5.25,,
IPL_2022_032,2,LSG,Mohsin Khan,4.0,24,0,65,1,16.25,65.0,24.0
IPL_2022_033,1,MI,Hardik Pandya,4.0,24,0,29,1,7.25,29.0,24.0
IPL_2022_033,1,MI,Romario Shepherd,4.0,24,0,42,3,10.5,14.0,8.0
IPL_2022_033,1,MI,Mohammad Nabi,4.0,24,0,25,1,6.25,25.0,24.0
IPL_2022_033,1,MI,Gerald Coetzee,4.0,24,0,19,1,4.75,19.0,24.0
IPL_2022_033,1,MI,Piyush Chawla,4.0,24,0,79,2,19.75,39.5,12.0
IPL_2022_033,2,PBKS,Sam Curran,4.0,24,0,28,1,7.0,28.0,24.0
IPL_2022_033,2,PBKS,Harpreet Brar,4.0,24,0,28,1,7.0,28.0,24.0
IPL_2022_033,2,PBKS,Harshal Patel,4.0,24,1,21,1,5.25,21.0,24.0
IPL_2022_033,2,PBKS,Kagiso Rabada,4.0,24,0,27,3,6.75,9.0,8.0
IPL_2022_033,2,PBKS,Arshdeep Singh,4.0,24,0,81,2,20.25,40.5,12.0
IPL_2022_034,1,MI,Hardik Pandya,4.0,24,0,27,1,6.75,27.0,24.0
IPL_2022_034,1,MI,Romario Shepherd,4.0,24,0,24,0,6.0,,
IPL_2022_034,1,MI,Mohammad Nabi,4.0,24,0,24,2,6.0,12.0,12.0
IPL_2022_034,1,MI,Gerald Coetzee,4.0,24,0,16,3,4.0,5.33,8.0
IPL_2022_034,1,MI,Piyush Chawla,4.0,24,0,79,1,19.75,79.0,24.0
IPL_2022_034,2,KKR,Sunil Narine,4.0,24,0,38,0,9.5,,
IPL_2022_034,2,KKR,Andre Russell,4.0,24,0,33,1,8.25,33.0,24.0
IPL_2022_034,2,KKR,Ramandeep Singh,4.0,24,0,17,1,4.25,17.0,24.0
IPL_2022_034,2,KKR,Mitchell Starc,4.0,24,0,21,1,5.25,21.0,24.0
IPL_2022_034,2,KKR,Harshit Rana,4.0,24,0,65,2,16.25,32.5,12.0
IPL_2022_035,1,LSG,Marcus Stoinis,4.0,24,0,28,2,7.0,14.0,12.0
IPL_2022_035,1,LSG,Deepak Hooda,4.0,24,0,28,3,7.0,9.33,8.0
IPL_2022_035,1,LSG,Krunal Pandya,4.0,24,0,16,0,4.0,,
IPL_2022_035,1,LSG,Ravi Bishnoi,4.0,24,0,13,1,3.25,13.0,24.0
IPL_2022_035,1,LSG,Mohsin Khan,4.0,24,0,76,0,19.0,,
IPL_2022_035,2,CSK,Rachin Ravindra,4.0,24,0,38,2,9.5,19.0,12.0
IPL_2022_035,2,CSK,Daryl Mitchell,4.0,24,0,23,1,5.75,23.0,24.0
IPL_2022_035,2,CSK,Shivam Dube,4.0,24,0,30,0,7.5,,
IPL_2022_035,2,CSK,Ravindra Jadeja,4.0,24,0,14,2,3.5,7.0,12.0
IPL_2022_035,2,CSK,Mitchell Santner,4.0,24,0,75,2,18.75,37.5,12.0
IPL_2022_036,1,RR,Rovman Powell,4.0,24,0,27,2,6.75,13.5,12.0
IPL_2022_036,1,RR,Ravichandran Ashwin,4.0,24,0,38,3,9.5,12.67,8.0
IPL_2022_036,1,RR,Trent Boult,4.0,24,0,25,2,6.25,12.5,12.0
IPL_2022_036,1,RR,Avesh Khan,4.0,24,0,21,0,5.25,,
IPL_2022_036,1,RR,Sandeep Sharma,4.0,24,0,72,0,18.0,,
IPL_2022_036,2,KKR,Sunil Narine,4.0,24,0,43,2,10.75,21.5,12.0
IPL_2022_036,2,KKR,Andre Russell,4.0,24,0,26,2,6.5,13.0,12.0
IPL_2022_036,2,KKR,Ramandeep Singh,4.0,24,0,18,2,4.5,9.0,12.0
IPL_2022_036,2,KKR,Mitchell Starc,4.0,24,0,22,1,5.5,22.0,24.0
IPL_2022_036,2,KKR,Harshit Rana,4.0,24,0,71,2,17.75,35.5,12.0
IPL_2022_037,1,PBKS,Sam Curran,4.0,24,0,28,0,7.0,,
IPL_2022_037,1,PBKS,Harpreet Brar,4.0,24,0,21,1,5.25,21.0,24.0
IPL_2022_037,1,PBKS,Harshal Patel,4.0,24,0,19,0,4.75,,
IPL_2022_037,1,PBKS,Kagiso Rabada,4.0,24,0,24,1,6.0,24.0,24.0
IPL_2022_037,1,PBKS,Arshdeep Singh,4.0,24,0,86,1,21.5,86.0,24.0
IPL_2022_037,2,MI,Hardik Pandya,4.0,24,0,39,2,9.75,19.5,12.0
IPL_2022_037,2,MI,Romario Shepherd,4.0,24,0,28,1,7.0,28.0,24.0
IPL_2022_037,2,MI,Mohammad Nabi,4.0,24,0,26,2,6.5,13.0,12.0
IPL_2022_037,2,MI,Gerald Coetzee,4.0,24,0,15,3,3.75,5.0,8.0
IPL_2022_037,2,MI,Piyush Chawla,4.0,24,0,67,2,16.75,33.5,12.0
IPL_2022_038,1,PBKS,Sam Curran,4.0,24,0,28,2,7.0,14.0,12.0
IPL_2022_038,1,PBKS,Harpreet Brar,4.0,24,0,25,0,6.25,,
IPL_2022_038,1,PBKS,Harshal Patel,4.0,24,0,25,2,6.25,12.5,12.0
IPL_2022_038,1,PBKS,Kagiso Rabada,4.0,24,0,13,1,3.25,13.0,24.0
IPL_2022_038,1,PBKS,Arshdeep Singh,4.0,24,0,82,0,20.5,,
IPL_2022_038,2,SRH,Abhishek Sharma,4.0,24,0,25,0,6.25,,
IPL_2022_038,2,SRH,Nitish Kumar Reddy,4.0,24,0,38,2,9.5,19.0,12.0
IPL_2022_038,2,SRH,Shahbaz Ahmed,4.0,24,0,16,1,4.0,16.0,24.0
IPL_2022_038,2,SRH,Pat Cummins,4.0,24,0,25,2,6.25,12.5,12.0
IPL_2022_038,2,SRH,Bhuvneshwar Kumar,4.0,24,0,76,1,19.0,76.0,24.0
IPL_2022_039,1,DC,Axar Patel,4.0,24,0,41,2,10.25,20.5,12.0
IPL_2022_039,1,DC,Kuldeep Yadav,4.0,24,0,24,1,6.0,24.0,24.0
IPL_2022_039,1,DC,Khaleel Ahmed,4.0,24,0,22,1,5.5,22.0,24.0
IPL_2022_039,1,DC,Mukesh Kumar,4.0,24,1,23,3,5.75,7.67,8.0
IPL_2022_039,1,DC,Ishant Sharma,4.0,24,0,73,0,18.25,,
IPL_2022_039,2,LSG,Marcus Stoinis,4.0,24,0,35,1,8.75,35.0,24.0
IPL_2022_039,2,LSG,Deepak Hooda,4.0,24,0,25,2,6.25,12.5,12.0
IPL_2022_039,2,LSG,Krunal Pandya,4.0,24,0,20,3,5.0,6.67,8.0
IPL_2022_039,2,LSG,Ravi Bishnoi,4.0,24,0,20,1,5.0,20.0,24.0
IPL_2022_039,2,LSG,Mohsin Khan,4.0,24,0,63,2,15.75,31.5,12.0
IPL_2022_040,1,CSK,Rachin Ravindra,4.0,24,0,39,2,9.75,19.5,12.0
IPL_2022_040,1,CSK,Daryl Mitchell,4.0,24,0,29,3,7.25,9.67,8.0
IPL_2022_040,1,CSK,Shivam Dube,4.0,24,0,18,1,4.5,18.0,24.0
IPL_2022_040,1,CSK,Ravindra Jadeja,4.0,24,0,12,2,3.0,6.0,12.0
IPL_2022_040,1,CSK,Mitchell Santner,4.0,24,0,67,1,16.75,67.0,24.0
IPL_2022_040,2,KKR,Sunil Narine,4.0,24,0,31,1,7.75,31.0,24.0
IPL_2022_040,2,KKR,Andre Russell,4.0,24,0,26,2,6.5,13.0,12.0
IPL_2022_040,2,KKR,Ramandeep Singh,4.0,24,0,31,2,7.75,15.5,12.0
IPL_2022_040,2,KKR,Mitchell Starc,4.0,24,0,19,1,4.75,19.0,24.0
IPL_2022_040,2,KKR,Harshit Rana,4.0,24,0,73,3,18.25,24.33,8.0
IPL_2022_041,1,DC,Axar Patel,4.0,24,0,42,1,10.5,42.0,24.0
IPL_2022_041,1,DC,Kuldeep Yadav,4.0,24,0,23,1,5.75,23.0,24.0
IPL_2022_041,1,DC,Khaleel Ahmed,4.0,24,1,22,2,5.5,11.0,12.0
IPL_2022_041,1,DC,Mukesh Kumar,4.0,24,0,25,2,6.25,12.5,12.0
IPL_2022_041,1,DC,Ishant Sharma,4.0,24,0,77,3,19.25,25.67,8.0
IPL_2022_041,2,CSK,Rachin Ravindra,4.0,24,0,30,2,7.5,15.0,12.0
IPL_2022_041,2,CSK,Daryl Mitchell,4.0,24,0,23,1,5.75,23.0,24.0
IPL_2022_041,2,CSK,Shivam Dube,4.0,24,0,19,1,4.75,19.0,24.0
IPL_2022_041,2,CSK,Ravindra Jadeja,4.0,24,0,14,1,3.5,14.0,24.0
IPL_2022_041,2,CSK,Mitchell Santner,4.0,24,0,77,0,19.25,,
IPL_2022_042,1,GT,Azmatullah Omarzai,4.0,24,0,29,3,7.25,9.67,8.0
IPL_2022_042,1,GT,Rahul Tewatia,4.0,24,0,33,0,8.25,,
IPL_2022_042,1,GT,Rashid Khan,4.0,24,0,20,1,5.0,20.0,24.0
IPL_2022_042,1,GT,Mohit Sharma,4.0,24,0,15,3,3.75,5.0,8.0
IPL_2022_042,1,GT,Noor Ahmad,4.0,24,0,68,0,17.0,,
IPL_2022_042,2,SRH,Abhishek Sharma,4.0,24,0,32,3,8.0,10.67,8.0
IPL_2022_042,2,SRH,Nitish Kumar Reddy,4.0,24,0,28,0,7.0,,
IPL_2022_042,2,SRH,Shahbaz Ahmed,4.0,24,0,19,0,4.75,,
IPL_2022_042,2,SRH,Pat Cummins,4.0,24,1,19,2,4.75,9.5,12.0
IPL_2022_042,2,SRH,Bhuvneshwar Kumar,4.0,24,0,70,2,17.5,35.0,12.0
IPL_2022_043,1,RCB,Will Jacks,4.0,24,0,35,0,8.75,,
IPL_2022_043,1,RCB,Glenn Maxwell,4.0,24,0,32,0,8.0,,
IPL_2022_043,1,RCB,Cameron Green,4.0,24,0,22,3,5.5,7.33,8.0
IPL_2022_043,1,RCB,Karn Sharma,4.0,24,0,13,1,3.25,13.0,24.0
IPL_2022_043,1,RCB,Lockie Ferguson,4.0,24,0,65,2,16.25,32.5,12.0
IPL_2022_043,2,MI,Hardik Pandya,4.0,24,0,35,2,8.75,17.5,12.0
IPL_2022_043,2,MI,Romario Shepherd,4.0,24,0,27,1,6.75,27.0,24.0
IPL_2022_043,2,MI,Mohammad Nabi,4.0,24,0,24,0,6.0,,
IPL_2022_043,2,MI,Gerald Coetzee,4.0,24,0,16,0,4.0,,
IPL_2022_043,2,MI,Piyush Chawla,4.0,24,0,77,2,19.25,38.5,12.0
IPL_2022_044,1,CSK,Rachin Ravindra,4.0,24,0,27,0,6.75,,
IPL_2022_044,1,CSK,Daryl Mitchell,4.0,24,0,30,1,7.5,30.0,24.0
IPL_2022_044,1,CSK,Shivam Dube,4.0,24,0,29,1,7.25,29.0,24.0
IPL_2022_044,1,CSK,Ravindra Jadeja,4.0,24,0,15,2,3.75,7.5,12.0
IPL_2022_044,1,CSK,Mitchell Santner,4.0,24,0,88,2,22.0,44.0,12.0
IPL_2022_044,2,RCB,Will Jacks,4.0,24,0,30,3,7.5,10.0,8.0
IPL_2022_044,2,RCB,Glenn Maxwell,4.0,24,0,36,1,9.0,36.0,24.0
IPL_2022_044,2,RCB,Cameron Green,4.0,24,0,24,1,6.0,24.0,24.0
IPL_2022_044,2,RCB,Karn Sharma,4.0,24,0,16,2,4.0,8.0,12.0
IPL_2022_044,2,RCB,Lockie Ferguson,4.0,24,0,82,0,20.5,,
IPL_2022_045,1,RR,Rovman Powell,4.0,24,0,39,2,9.75,19.5,12.0
IPL_2022_045,1,RR,Ravichandran Ashwin,4.0,24,0,37,0,9.25,,
IPL_2022_045,1,RR,Trent Boult,4.0,24,0,26,2,6.5,13.0,12.0
IPL_2022_045,1,RR,Avesh Khan,4.0,24,0,21,1,5.25,21.0,24.0
IPL_2022_045,1,RR,Sandeep Sharma,4.0,24,0,78,1,19.5,78.0,24.0
IPL_2022_045,2,PBKS,Sam Curran,4.0,24,0,33,0,8.25,,
IPL_2022_045,2,PBKS,Harpreet Brar,4.0,24,0,24,2,6.0,12.0,12.0
IPL_2022_045,2,PBKS,Harshal Patel,4.0,24,0,22,2,5.5,11.0,12.0
IPL_2022_045,2,PBKS,Kagiso Rabada,4.0,24,0,21,3,5.25,7.0,8.0
IPL_2022_045,2,PBKS,Arshdeep Singh,4.0,24,0,66,0,16.5,,
IPL_2022_046,1,RR,Rovman Powell,4.0,24,0,46,1,11.5,46.0,24.0
IPL_2022_046,1,RR,Ravichandran Ashwin,4.0,24,1,21,2,5.25,10.5,12.0
IPL_2022_046,1,RR,Trent Boult,4.0,24,0,17,1,4.25,17.0,24.0
IPL_2022_046,1,RR,Avesh Khan,4.0,24,0,25,2,6.25,12.5,12.0
IPL_2022_046,1,RR,Sandeep Sharma,4.0,24,0,75,0,18.75,,
IPL_2022_046,2,PBKS,Sam Curran,4.0,24,0,43,2,10.75,21.5,12.0
IPL_2022_046,2,PBKS,Harpreet Brar,4.0,24,0,19,0,4.75,,
IPL_2022_046,2,PBKS,Harshal Patel,4.0,24,0,19,0,4.75,,
IPL_2022_046,2,PBKS,Kagiso Rabada,4.0,24,0,20,2,5.0,10.0,12.0
IPL_2022_046,2,PBKS,Arshdeep Singh,4.0,24,0,76,3,19.0,25.33,8.0
IPL_2022_047,1,SRH,Abhishek Sharma,4.0,24,0,34,0,8.5,,
IPL_2022_047,1,SRH,Nitish Kumar Reddy,4.0,24,0,28,3,7.0,9.33,8.0
IPL_2022_047,1,SRH,Shahbaz Ahmed,4.0,24,1,22,0,5.5,,
IPL_2022_047,1,SRH,Pat Cummins,4.0,24,0,21,1,5.25,21.0,24.0
IPL_2022_047,1,SRH,Bhuvneshwar Kumar,4.0,24,0,73,1,18.25,73.0,24.0
IPL_2022_047,2,GT,Azmatullah Omarzai,4.0,24,0,26,2,6.5,13.0,12.0
IPL_2022_047,2,GT,Rahul Tewatia,4.0,24,1,24,1,6.0,24.0,24.0
IPL_2022_047,2,GT,Rashid Khan,4.0,24,0,20,3,5.0,6.67,8.0
IPL_2022_047,2,GT,Mohit Sharma,4.0,24,0,25,1,6.25,25.0,24.0
IPL_2022_047,2,GT,Noor Ahmad,4.0,24,0,77,1,19.25,77.0,24.0
IPL_2022_048,1,MI,Hardik Pandya,4.0,24,0,42,3,10.5,14.0,8.0
IPL_2022_048,1,MI,Romario Shepherd,4.0,24,0,29,1,7.25,29.0,24.0
IPL_2022_048,1,MI,Mohammad Nabi,4.0,24,0,25,0,6.25,,
IPL_2022_048,1,MI,Gerald Coetzee,4.0,24,1,13,2,3.25,6.5,12.0
IPL_2022_048,1,MI,Piyush Chawla,4.0,24,0,67,1,16.75,67.0,24.0
IPL_2022_048,2,RCB,Will Jacks,4.0,24,0,42,1,10.5,42.0,24.0
IPL_2022_048,2,RCB,Glenn Maxwell,4.0,24,0,28,2,7.0,14.0,12.0
IPL_2022_048,2,RCB,Cameron Green,4.0,24,1,17,1,4.25,17.0,24.0
IPL_2022_048,2,RCB,Karn Sharma,4.0,24,0,22,0,5.5,,
IPL_2022_048,2,RCB,Lockie Ferguson,4.0,24,0,73,1,18.25,73.0,24.0
IPL_2022_049,1,RCB,Will Jacks,4.0,24,0,41,2,10.25,20.5,12.0
IPL_2022_049,1,RCB,Glenn Maxwell,4.0,24,0,31,1,7.75,31.0,24.0
IPL_2022_049,1,RCB,Cameron Green,4.0,24,0,16,3,4.0,5.33,8.0
IPL_2022_049,1,RCB,Karn Sharma,4.0,24,0,24,1,6.0,24.0,24.0
IPL_2022_049,1,RCB,Lockie Ferguson,4.0,24,0,70,1,17.5,70.0,24.0
IPL_2022_049,2,KKR,Sunil Narine,4.0,24,0,28,3,7.0,9.33,8.0
IPL_2022_049,2,KKR,Andre Russell,4.0,24,0,35,2,8.75,17.5,12.0
IPL_2022_049,2,KKR,Ramandeep Singh,4.0,24,0,19,1,4.75,19.0,24.0
IPL_2022_049,2,KKR,Mitchell Starc,4.0,24,0,16,0,4.0,,
IPL_2022_049,2,KKR,Harshit Rana,4.0,24,0,83,1,20.75,83.0,24.0
IPL_2022_050,1,DC,Axar Patel,4.0,24,0,30,1,7.5,30.0,24.0
IPL_2022_050,1,DC,Kuldeep Yadav,4.0,24,0,32,3,8.0,10.67,8.0
IPL_2022_050,1,DC,Khaleel Ahmed,4.0,24,0,21,1,5.25,21.0,24.0
IPL_2022_050,1,DC,Mukesh Kumar,4.0,24,0,20,2,5.0,10.0,12.0
IPL_2022_050,1,DC,Ishant Sharma,4.0,24,0,83,3,20.75,27.67,8.0
IPL_2022_050,2,CSK,Rachin Ravindra,4.0,24,0,27,2,6.75,13.5,12.0
IPL_2022_050,2,CSK,Daryl Mitchell,4.0,24,0,32,0,8.0,,
IPL_2022_050,2,CSK,Shivam Dube,4.0,24,0,25,3,6.25,8.33,8.0
IPL_2022_050,2,CSK,Ravindra Jadeja,4.0,24,0,20,2,5.0,10.0,12.0
IPL_2022_050,2,CSK,Mitchell Santner,4.0,24,0,75,0,18.75,,
IPL_2022_051,1,KKR,Sunil Narine,4.0,24,0,33,1,8.25,33.0,24.0
IPL_2022_051,1,KKR,Andre Russell,4.0,24,0,26,3,6.5,8.67,8.0
IPL_2022_051,1,KKR,Ramandeep Singh,4.0,24,0,29,2,7.25,14.5,12.0
IPL_2022_051,1,KKR,Mitchell Starc,4.0,24,0,16,2,4.0,8.0,12.0
IPL_2022_051,1,KKR,Harshit Rana,4.0,24,0,82,0,20.5,,
IPL_2022_051,2,RR,Rovman Powell,4.0,24,0,37,3,9.25,12.33,8.0
IPL_2022_051,2,RR,Ravichandran Ashwin,4.0,24,0,21,0,5.25,,
IPL_2022_051,2,RR,Trent Boult,4.0,24,0,22,1,5.5,22.0,24.0
IPL_2022_051,2,RR,Avesh Khan,4.0,24,0,19,2,4.75,9.5,12.0
IPL_2022_051,2,RR,Sandeep Sharma,4.0,24,0,62,3,15.5,20.67,8.0
IPL_2022_052,1,RCB,Will Jacks,4.0,24,0,34,0,8.5,,
IPL_2022_052,1,RCB,Glenn Maxwell,4.0,24,0,28,0,7.0,,
IPL_2022_052,1,RCB,Cameron Green,4.0,24,0,17,2,4.25,8.5,12.0
IPL_2022_052,1,RCB,Karn Sharma,4.0,24,0,21,2,5.25,10.5,12.0
IPL_2022_052,1,RCB,Lockie Ferguson,4.0,24,0,67,1,16.75,67.0,24.0
IPL_2022_052,2,DC,Axar Patel,4.0,24,0,30,2,7.5,15.0,12.0
IPL_2022_052,2,DC,Kuldeep Yadav,4.0,24,0,20,2,5.0,10.0,12.0
IPL_2022_052,2,DC,Khaleel Ahmed,4.0,24,0,26,2,6.5,13.0,12.0
IPL_2022_052,2,DC,Mukesh Kumar,4.0,24,0,20,2,5.0,10.0,12.0
IPL_2022_052,2,DC,Ishant Sharma,4.0,24,0,73,2,18.25,36.5,12.0
IPL_2022_053,1,GT,Azmatullah Omarzai,4.0,24,0,30,2,7.5,15.0,12.0
IPL_2022_053,1,GT,Rahul Tewatia,4.0,24,0,38,0,9.5,,
IPL_2022_053,1,GT,Rashid Khan,4.0,24,0,28,2,7.0,14.0,12.0
IPL_2022_053,1,GT,Mohit Sharma,4.0,24,0,18,1,4.5,18.0,24.0
IPL_2022_053,1,GT,Noor Ahmad,4.0,24,0,77,3,19.25,25.67,8.0
IPL_2022_053,2,MI,Hardik Pandya,4.0,24,0,45,2,11.25,22.5,12.0
IPL_2022_053,2,MI,Romario Shepherd,4.0,24,0,33,2,8.25,16.5,12.0
IPL_2022_053,2,MI,Mohammad Nabi,4.0,24,0,22,1,5.5,22.0,24.0
IPL_2022_053,2,MI,Gerald Coetzee,4.0,24,0,18,0,4.5,,
IPL_2022_053,2,MI,Piyush Chawla,4.0,24,0,58,1,14.5,58.0,24.0
IPL_2022_054,1,LSG,Marcus Stoinis,4.0,24,0,26,1,6.5,26.0,24.0
IPL_2022_054,1,LSG,Deepak Hooda,4.0,24,0,26,2,6.5,13.0,12.0
IPL_2022_054,1,LSG,Krunal Pandya,4.0,24,0,19,3,4.75,6.33,8.0
IPL_2022_054,1,LSG,Ravi Bishnoi,4.0,24,0,17,3,4.25,5.67,8.0
IPL_2022_054,1,LSG,Mohsin Khan,4.0,24,0,93,1,23.25,93.0,24.0
IPL_2022_054,2,MI,Hardik Pandya,4.0,24,0,27,0,6.75,,
IPL_2022_054,2,MI,Romario Shepherd,4.0,24,0,23,0,5.75,,
IPL_2022_054,2,MI,Mohammad Nabi,4.0,24,0,28,2,7.0,14.0,12.0
IPL_2022_054,2,MI,Gerald Coetzee,4.0,24,0,18,0,4.5,,
IPL_2022_054,2,MI,Piyush Chawla,4.0,24,0,73,1,18.25,73.0,24.0
IPL_2022_055,1,CSK,Rachin Ravindra,4.0,24,0,35,2,8.75,17.5,12.0
IPL_2022_055,1,CSK,Daryl Mitchell,4.0,24,0,33,0,8.25,,
IPL_2022_055,1,CSK,Shivam Dube,4.0,24,0,21,1,5.25,21.0,24.0
IPL_2022_055,1,CSK,Ravindra Jadeja,4.0,24,0,18,1,4.5,18.0,24.0
IPL_2022_055,1,CSK,Mitchell Santner,4.0,24,0,62,0,15.5,,
IPL_2022_055,2,SRH,Abhishek Sharma,4.0,24,0,28,1,7.0,28.0,24.0
IPL_2022_055,2,SRH,Nitish Kumar Reddy,4.0,24,0,30,3,7.5,10.0,8.0
IPL_2022_055,2,SRH,Shahbaz Ahmed,4.0,24,0,25,2,6.25,12.5,12.0
IPL_2022_055,2,SRH,Pat Cummins,4.0,24,0,22,1,5.5,22.0,24.0
IPL_2022_055,2,SRH,Bhuvneshwar Kumar,4.0,24,0,72,0,18.0,,
IPL_2022_056,1,MI,Hardik Pandya,4.0,24,0,27,3,6.75,9.0,8.0
IPL_2022_056,1,MI,Romario Shepherd,4.0,24,0,24,3,6.0,8.0,8.0
IPL_2022_056,1,MI,Mohammad Nabi,4.0,24,0,27,2,6.75,13.5,12.0
IPL_2022_056,1,MI,Gerald Coetzee,4.0,24,0,15,3,3.75,5.0,8.0
IPL_2022_056,1,MI,Piyush Chawla,4.0,24,0,78,3,19.5,26.0,8.0
IPL_2022_056,2,RCB,Will Jacks,4.0,24,0,39,2,9.75,19.5,12.0
IPL_2022_056,2,RCB,Glenn Maxwell,4.0,24,0,34,2,8.5,17.0,12.0
IPL_2022_056,2,RCB,Cameron Green,4.0,24,0,25,0,6.25,,
IPL_2022_056,2,RCB,Karn Sharma,4.0,24,0,21,1,5.25,21.0,24.0
IPL_2022_056,2,RCB,Lockie Ferguson,4.0,24,0,61,2,15.25,30.5,12.0
IPL_2022_057,1,RCB,Will Jacks,4.0,24,0,38,1,9.5,38.0,24.0
IPL_2022_057,1,RCB,Glenn Maxwell,4.0,24,0,29,0,7.25,,
IPL_2022_057,1,RCB,Cameron Green,4.0,24,0,14,2,3.5,7.0,12.0
IPL_2022_057,1,RCB,Karn Sharma,4.0,24,0,15,2,3.75,7.5,12.0
IPL_2022_057,1,RCB,Lockie Ferguson,4.0,24,0,58,2,14.5,29.0,12.0
IPL_2022_057,2,KKR,Sunil Narine,4.0,24,0,29,2,7.25,14.5,12.0
IPL_2022_057,2,KKR,Andre Russell,4.0,24,0,23,3,5.75,7.67,8.0
IPL_2022_057,2,KKR,Ramandeep Singh,4.0,24,0,20,2,5.0,10.0,12.0
IPL_2022_057,2,KKR,Mitchell Starc,4.0,24,0,16,1,4.0,16.0,24.0
IPL_2022_057,2,KKR,Harshit Rana,4.0,24,0,87,3,21.75,29.0,8.0
IPL_2022_058,1,CSK,Rachin Ravindra,4.0,24,0,33,0,8.25,,
IPL_2022_058,1,CSK,Daryl Mitchell,4.0,24,0,24,1,6.0,24.0,24.0
IPL_2022_058,1,CSK,Shivam Dube,4.0,24,0,17,1,4.25,17.0,24.0
IPL_2022_058,1,CSK,Ravindra Jadeja,4.0,24,0,20,2,5.0,10.0,12.0
IPL_2022_058,1,CSK,Mitchell Santner,4.0,24,0,65,2,16.25,32.5,12.0
IPL_2022_058,2,KKR,Sunil Narine,4.0,24,0,43,3,10.75,14.33,8.0
IPL_2022_058,2,KKR,Andre Russell,4.0,24,0,27,1,6.75,27.0,24.0
IPL_2022_058,2,KKR,Ramandeep Singh,4.0,24,0,27,0,6.75,,
IPL_2022_058,2,KKR,Mitchell Starc,4.0,24,0,18,2,4.5,9.0,12.0
IPL_2022_058,2,KKR,Harshit Rana,4.0,24,0,77,0,19.25,,
IPL_2022_059,1,RR,Rovman Powell,4.0,24,0,53,1,13.25,53.0,24.0
IPL_2022_059,1,RR,Ravichandran Ashwin,4.0,24,0,37,2,9.25,18.5,12.0
IPL_2022_059,1,RR,Trent Boult,4.0,24,0,26,1,6.5,26.0,24.0
IPL_2022_059,1,RR,Avesh Khan,4.0,24,0,21,1,5.25,21.0,24.0
IPL_2022_059,1,RR,Sandeep Sharma,4.0,24,0,71,1,17.75,71.0,24.0
IPL_2022_059,2,RCB,Will Jacks,4.0,24,0,40,1,10.0,40.0,24.0
IPL_2022_059,2,RCB,Glenn Maxwell,4.0,24,0,21,2,5.25,10.5,12.0
IPL_2022_059,2,RCB,Cameron Green,4.0,24,0,18,2,4.5,9.0,12.0
IPL_2022_059,2,RCB,Karn Sharma,4.0,24,0,20,2,5.0,10.0,12.0
IPL_2022_059,2,RCB,Lockie Ferguson,4.0,24,0,63,2,15.75,31.5,12.0
IPL_2022_060,1,RR,Rovman Powell,4.0,24,0,31,3,7.75,10.33,8.0
IPL_2022_060,1,RR,Ravichandran Ashwin,4.0,24,0,34,1,8.5,34.0,24.0
IPL_2022_060,1,RR,Trent Boult,4.0,24,0,22,1,5.5,22.0,24.0
IPL_2022_060,1,RR,Avesh Khan,4.0,24,0,10,0,2.5,,
IPL_2022_060,1,RR,Sandeep Sharma,4.0,24,0,66,2,16.5,33.0,12.0
IPL_2022_060,2,RCB,Will Jacks,4.0,24,0,36,0,9.0,,
IPL_2022_060,2,RCB,Glenn Maxwell,4.0,24,0,30,1,7.5,30.0,24.0
IPL_2022_060,2,RCB,Cameron Green,4.0,24,0,19,2,4.75,9.5,12.0
IPL_2022_060,2,RCB,Karn Sharma,4.0,24,0,17,1,4.25,17.0,24.0
IPL_2022_060,2,RCB,Lockie Ferguson,4.0,24,0,66,1,16.5,66.0,24.0
IPL_2022_061,1,MI,Hardik Pandya,4.0,24,0,40,1,10.0,40.0,24.0
IPL_2022_061,1,MI,Romario Shepherd,4.0,24,0,26,0,6.5,,
IPL_2022_061,1,MI,Mohammad Nabi,4.0,24,0,16,3,4.0,5.33,8.0
IPL_2022_061,1,MI,Gerald Coetzee,4.0,24,0,14,0,3.5,,
IPL_2022_061,1,MI,Piyush Chawla,4.0,24,0,67,2,16.75,33.5,12.0
IPL_2022_061,2,DC,Axar Patel,4.0,24,0,41,2,10.25,20.5,12.0
IPL_2022_061,2,DC,Kuldeep Yadav,4.0,24,0,23,1,5.75,23.0,24.0
IPL_2022_061,2,DC,Khaleel Ahmed,4.0,24,0,19,1,4.75,19.0,24.0
IPL_2022_061,2,DC,Mukesh Kumar,4.0,24,0,20,2,5.0,10.0,12.0
IPL_2022_061,2,DC,Ishant Sharma,4.0,24,0,65,3,16.25,21.67,8.0
IPL_2022_062,1,KKR,Sunil Narine,4.0,24,0,36,2,9.0,18.0,12.0
IPL_2022_062,1,KKR,Andre Russell,4.0,24,0,18,0,4.5,,
IPL_2022_062,1,KKR,Ramandeep Singh,4.0,24,0,21,2,5.25,10.5,12.0
IPL_2022_062,1,KKR,Mitchell Starc,4.0,24,0,15,2,3.75,7.5,12.0
IPL_2022_062,1,KKR,Harshit Rana,4.0,24,0,78,3,19.5,26.0,8.0
IPL_2022_062,2,RCB,Will Jacks,4.0,24,0,34,1,8.5,34.0,24.0
IPL_2022_062,2,RCB,Glenn Maxwell,4.0,24,0,23,1,5.75,23.0,24.0
IPL_2022_062,2,RCB,Cameron Green,4.0,24,0,17,2,4.25,8.5,12.0
IPL_2022_062,2,RCB,Karn Sharma,4.0,24,1,16,2,4.0,8.0,12.0
IPL_2022_062,2,RCB,Lockie Ferguson,4.0,24,0,79,1,19.75,79.0,24.0
IPL_2022_063,1,RCB,Will Jacks,4.0,24,0,46,1,11.5,46.0,24.0
IPL_2022_063,1,RCB,Glenn Maxwell,4.0,24,0,20,1,5.0,20.0,24.0
IPL_2022_063,1,RCB,Cameron Green,4.0,24,0,21,1,5.25,21.0,24.0
IPL_2022_063,1,RCB,Karn Sharma,4.0,24,0,21,2,5.25,10.5,12.0
IPL_2022_063,1,RCB,Lockie Ferguson,4.0,24,0,79,2,19.75,39.5,12.0
IPL_2022_063,2,PBKS,Sam Curran,4.0,24,0,43,2,10.75,21.5,12.0
IPL_2022_063,2,PBKS,Harpreet Brar,4.0,24,0,33,3,8.25,11.0,8.0
IPL_2022_063,2,PBKS,Harshal Patel,4.0,24,0,18,1,4.5,18.0,24.0
IPL_2022_063,2,PBKS,Kagiso Rabada,4.0,24,0,19,2,4.75,9.5,12.0
IPL_2022_063,2,PBKS,Arshdeep Singh,4.0,24,0,62,0,15.5,,
IPL_2022_064,1,RCB,Will Jacks,4.0,24,0,27,0,6.75,,
IPL_2022_064,1,RCB,Glenn Maxwell,4.0,24,0,34,1,8.5,34.0,24.0
IPL_2022_064,1,RCB,Cameron Green,4.0,24,0,16,0,4.0,,
IPL_2022_064,1,RCB,Karn Sharma,4.0,24,0,14,1,3.5,14.0,24.0
IPL_2022_064,1,RCB,Lockie Ferguson,4.0,24,0,73,2,18.25,36.5,12.0
IPL_2022_064,2,MI,Hardik Pandya,4.0,24,0,31,2,7.75,15.5,12.0
IPL_2022_064,2,MI,Romario Shepherd,4.0,24,0,32,2,8.0,16.0,12.0
IPL_2022_064,2,MI,Mohammad Nabi,4.0,24,0,17,3,4.25,5.67,8.0
IPL_2022_064,2,MI,Gerald Coetzee,4.0,24,0,14,2,3.5,7.0,12.0
IPL_2022_064,2,MI,Piyush Chawla,4.0,24,0,84,3,21.0,28.0,8.0
IPL_2022_065,1,LSG,Marcus Stoinis,4.0,24,0,47,2,11.75,23.5,12.0
IPL_2022_065,1,LSG,Deepak Hooda,4.0,24,0,29,3,7.25,9.67,8.0
IPL_2022_065,1,LSG,Krunal Pandya,4.0,24,0,23,2,5.75,11.5,12.0
IPL_2022_065,1,LSG,Ravi Bishnoi,4.0,24,0,16,2,4.0,8.0,12.0
IPL_2022_065,1,LSG,Mohsin Khan,4.0,24,0,79,0,19.75,,
IPL_2022_065,2,MI,Hardik Pandya,4.0,24,0,26,2,6.5,13.0,12.0
IPL_2022_065,2,MI,Romario Shepherd,4.0,24,0,23,1,5.75,23.0,24.0
IPL_2022_065,2,MI,Mohammad Nabi,4.0,24,0,22,0,5.5,,
IPL_2022_065,2,MI,Gerald Coetzee,4.0,24,0,21,3,5.25,7.0,8.0
IPL_2022_065,2,MI,Piyush Chawla,4.0,24,0,84,1,21.0,84.0,24.0
IPL_2022_066,1,SRH,Abhishek Sharma,4.0,24,0,41,0,10.25,,
IPL_2022_066,1,SRH,Nitish Kumar Reddy,4.0,24,0,34,1,8.5,34.0,24.0
IPL_2022_066,1,SRH,Shahbaz Ahmed,4.0,24,0,20,1,5.0,20.0,24.0
IPL_2022_066,1,SRH,Pat Cummins,4.0,24,0,21,2,5.25,10.5,12.0
IPL_2022_066,1,SRH,Bhuvneshwar Kumar,4.0,24,0,65,1,16.25,65.0,24.0
IPL_2022_066,2,LSG,Marcus Stoinis,4.0,24,0,24,1,6.0,24.0,24.0
IPL_2022_066,2,LSG,Deepak Hooda,4.0,24,0,29,1,7.25,29.0,24.0
IPL_2022_066,2,LSG,Krunal Pandya,4.0,24,0,18,1,4.5,18.0,24.0
IPL_2022_066,2,LSG,Ravi Bishnoi,4.0,24,0,20,1,5.0,20.0,24.0
IPL_2022_066,2,LSG,Mohsin Khan,4.0,24,0,70,3,17.5,23.33,8.0
IPL_2022_067,1,SRH,Abhishek Sharma,4.0,24,0,26,1,6.5,26.0,24.0
IPL_2022_067,1,SRH,Nitish Kumar Reddy,4.0,24,0,31,1,7.75,31.0,24.0
IPL_2022_067,1,SRH,Shahbaz Ahmed,4.0,24,0,22,3,5.5,7.33,8.0
IPL_2022_067,1,SRH,Pat Cummins,4.0,24,0,15,3,3.75,5.0,8.0
IPL_2022_067,1,SRH,Bhuvneshwar Kumar,4.0,24,0,80,0,20.0,,
IPL_2022_067,2,CSK,Rachin Ravindra,4.0,24,0,37,3,9.25,12.33,8.0
IPL_2022_067,2,CSK,Daryl Mitchell,4.0,24,0,28,1,7.0,28.0,24.0
IPL_2022_067,2,CSK,Shivam Dube,4.0,24,0,20,3,5.0,6.67,8.0
IPL_2022_067,2,CSK,Ravindra Jadeja,4.0,24,0,20,2,5.0,10.0,12.0
IPL_2022_067,2,CSK,Mitchell Santner,4.0,24,0,70,2,17.5,35.0,12.0
IPL_2022_068,1,CSK,Rachin Ravindra,4.0,24,0,38,2,9.5,19.0,12.0
IPL_2022_068,1,CSK,Daryl Mitchell,4.0,24,0,22,2,5.5,11.0,12.0
IPL_2022_068,1,CSK,Shivam Dube,4.0,24,0,13,0,3.25,,
IPL_2022_068,1,CSK,Ravindra Jadeja,4.0,24,0,19,2,4.75,9.5,12.0
IPL_2022_068,1,CSK,Mitchell Santner,4.0,24,0,58,0,14.5,,
IPL_2022_068,2,PBKS,Sam Curran,4.0,24,0,37,2,9.25,18.5,12.0
IPL_2022_068,2,PBKS,Harpreet Brar,4.0,24,0,28,3,7.0,9.33,8.0
IPL_2022_068,2,PBKS,Harshal Patel,4.0,24,0,24,3,6.0,8.0,8.0
IPL_2022_068,2,PBKS,Kagiso Rabada,4.0,24,0,13,3,3.25,4.33,8.0
IPL_2022_068,2,PBKS,Arshdeep Singh,4.0,24,0,79,0,19.75,,
IPL_2022_069,1,PBKS,Sam Curran,4.0,24,0,38,2,9.5,19.0,12.0
IPL_2022_069,1,PBKS,Harpreet Brar,4.0,24,0,24,2,6.0,12.0,12.0
IPL_2022_069,1,PBKS,Harshal Patel,4.0,24,0,23,1,5.75,23.0,24.0
IPL_2022_069,1,PBKS,Kagiso Rabada,4.0,24,0,16,3,4.0,5.33,8.0
IPL_2022_069,1,PBKS,Arshdeep Singh,4.0,24,0,65,0,16.25,,
IPL_2022_069,2,DC,Axar Patel,4.0,24,0,45,1,11.25,45.0,24.0
IPL_2022_069,2,DC,Kuldeep Yadav,4.0,24,0,32,3,8.0,10.67,8.0
IPL_2022_069,2,DC,Khaleel Ahmed,4.0,24,0,21,1,5.25,21.0,24.0
IPL_2022_069,2,DC,Mukesh Kumar,4.0,24,0,13,1,3.25,13.0,24.0
IPL_2022_069,2,DC,Ishant Sharma,4.0,24,0,67,1,16.75,67.0,24.0
IPL_2022_070,1,KKR,Sunil Narine,4.0,24,0,45,3,11.25,15.0,8.0
IPL_2022_070,1,KKR,Andre Russell,4.0,24,0,31,1,7.75,31.0,24.0
IPL_2022_070,1,KKR,Ramandeep Singh,4.0,24,0,20,2,5.0,10.0,12.0
IPL_2022_070,1,KKR,Mitchell Starc,4.0,24,0,20,2,5.0,10.0,12.0
IPL_2022_070,1,KKR,Harshit Rana,4.0,24,0,62,0,15.5,,
IPL_2022_070,2,CSK,Rachin Ravindra,4.0,24,0,45,3,11.25,15.0,8.0
IPL_2022_070,2,CSK,Daryl Mitchell,4.0,24,0,31,1,7.75,31.0,24.0
IPL_2022_070,2,CSK,Shivam Dube,4.0,24,0,18,3,4.5,6.0,8.0
IPL_2022_070,2,CSK,Ravindra Jadeja,4.0,24,0,13,2,3.25,6.5,12.0
IPL_2022_070,2,CSK,Mitchell Santner,4.0,24,0,78,2,19.5,39.0,12.0
IPL_2022_071,1,GT,Azmatullah Omarzai,4.0,24,0,47,1,11.75,47.0,24.0
IPL_2022_071,1,GT,Rahul Tewatia,4.0,24,0,26,0,6.5,,
IPL_2022_071,1,GT,Rashid Khan,4.0,24,0,18,0,4.5,,
IPL_2022_071,1,GT,Mohit Sharma,4.0,24,0,20,1,5.0,20.0,24.0
IPL_2022_071,1,GT,Noor Ahmad,4.0,24,0,74,1,18.5,74.0,24.0
IPL_2022_071,2,SRH,Abhishek Sharma,4.0,24,0,29,0,7.25,,
IPL_2022_071,2,SRH,Nitish Kumar Reddy,4.0,24,0,30,1,7.5,30.0,24.0
IPL_2022_071,2,SRH,Shahbaz Ahmed,4.0,24,0,15,1,3.75,15.0,24.0
IPL_2022_071,2,SRH,Pat Cummins,4.0,24,0,14,2,3.5,7.0,12.0
IPL_2022_071,2,SRH,Bhuvneshwar Kumar,4.0,24,0,70,1,17.5,70.0,24.0
IPL_2022_072,1,KKR,Sunil Narine,4.0,24,0,43,2,10.75,21.5,12.0
IPL_2022_072,1,KKR,Andre Russell,4.0,24,0,26,2,6.5,13.0,12.0
IPL_2022_072,1,KKR,Ramandeep Singh,4.0,24,0,15,2,3.75,7.5,12.0
IPL_2022_072,1,KKR,Mitchell Starc,4.0,24,0,19,2,4.75,9.5,12.0
IPL_2022_072,1,KKR,Harshit Rana,4.0,24,0,74,2,18.5,37.0,12.0
IPL_2022_072,2,LSG,Marcus Stoinis,4.0,24,0,33,1,8.25,33.0,24.0
IPL_2022_072,2,LSG,Deepak Hooda,4.0,24,0,29,1,7.25,29.0,24.0
IPL_2022_072,2,LSG,Krunal Pandya,4.0,24,0,21,0,5.25,,
IPL_2022_072,2,LSG,Ravi Bishnoi,4.0,24,0,24,3,6.0,8.0,8.0
IPL_2022_072,2,LSG,Mohsin Khan,4.0,24,0,78,1,19.5,78.0,24.0
IPL_2022_073,1,PBKS,Sam Curran,4.0,24,0,29,2,7.25,14.5,12.0
IPL_2022_073,1,PBKS,Harpreet Brar,4.0,24,0,33,1,8.25,33.0,24.0
IPL_2022_073,1,PBKS,Harshal Patel,4.0,24,0,30,2,7.5,15.0,12.0
IPL_2022_073,1,PBKS,Kagiso Rabada,4.0,24,0,14,1,3.5,14.0,24.0
IPL_2022_073,1,PBKS,Arshdeep Singh,4.0,24,0,81,2,20.25,40.5,12.0
IPL_2022_073,2,DC,Axar Patel,4.0,24,0,40,0,10.0,,
IPL_2022_073,2,DC,Kuldeep Yadav,4.0,24,0,35,3,8.75,11.67,8.0
IPL_2022_073,2,DC,Khaleel Ahmed,4.0,24,0,21,3,5.25,7.0,8.0
IPL_2022_073,2,DC,Mukesh Kumar,4.0,24,0,17,1,4.25,17.0,24.0
IPL_2022_073,2,DC,Ishant Sharma,4.0,24,0,73,0,18.25,,
IPL_2022_074,1,LSG,Marcus Stoinis,4.0,24,0,29,1,7.25,29.0,24.0
IPL_2022_074,1,LSG,Deepak Hooda,4.0,24,0,27,2,6.75,13.5,12.0
IPL_2022_074,1,LSG,Krunal Pandya,4.0,24,0,20,2,5.0,10.0,12.0
IPL_2022_074,1,LSG,Ravi Bishnoi,4.0,24,0,18,1,4.5,18.0,24.0
IPL_2022_074,1,LSG,Mohsin Khan,4.0,24,0,98,1,24.5,98.0,24.0
IPL_2022_074,2,PBKS,Sam Curran,4.0,24,0,35,3,8.75,11.67,8.0
IPL_2022_074,2,PBKS,Harpreet Brar,4.0,24,0,38,0,9.5,,
IPL_2022_074,2,PBKS,Harshal Patel,4.0,24,1,15,1,3.75,15.0,24.0
IPL_2022_074,2,PBKS,Kagiso Rabada,4.0,24,0,18,0,4.5,,
IPL_2022_074,2,PBKS,Arshdeep Singh,4.0,24,0,79,2,19.75,39.5,12.0
IPL_2023_001,1,CSK,Rachin Ravindra,4.0,24,0,31,1,7.75,31.0,24.0
IPL_2023_001,1,CSK,Daryl Mitchell,4.0,24,0,24,2,6.0,12.0,12.0
IPL_2023_001,1,CSK,Shivam Dube,4.0,24,0,30,2,7.5,15.0,12.0
IPL_2023_001,1,CSK,Ravindra Jadeja,4.0,24,0,14,2,3.5,7.0,12.0
IPL_2023_001,1,CSK,Mitchell Santner,4.0,24,0,83,2,20.75,41.5,12.0
IPL_2023_001,2,SRH,Abhishek Sharma,4.0,24,0,31,0,7.75,,
IPL_2023_001,2,SRH,Nitish Kumar Reddy,4.0,24,0,35,3,8.75,11.67,8.0
IPL_2023_001,2,SRH,Shahbaz Ahmed,4.0,24,0,21,2,5.25,10.5,12.0
IPL_2023_001,2,SRH,Pat Cummins,4.0,24,0,20,1,5.0,20.0,24.0
IPL_2023_001,2,SRH,Bhuvneshwar Kumar,4.0,24,0,84,3,21.0,28.0,8.0
IPL_2023_002,1,DC,Axar Patel,4.0,24,0,42,2,10.5,21.0,12.0
IPL_2023_002,1,DC,Kuldeep Yadav,4.0,24,0,19,0,4.75,,
IPL_2023_002,1,DC,Khaleel Ahmed,4.0,24,0,20,1,5.0,20.0,24.0
IPL_2023_002,1,DC,Mukesh Kumar,4.0,24,0,14,1,3.5,14.0,24.0
IPL_2023_002,1,DC,Ishant Sharma,4.0,24,0,72,1,18.0,72.0,24.0
IPL_2023_002,2,LSG,Marcus Stoinis,4.0,24,0,40,1,10.0,40.0,24.0
IPL_2023_002,2,LSG,Deepak Hooda,4.0,24,0,30,1,7.5,30.0,24.0
IPL_2023_002,2,LSG,Krunal Pandya,4.0,24,0,16,1,4.0,16.0,24.0
IPL_2023_002,2,LSG,Ravi Bishnoi,4.0,24,0,21,2,5.25,10.5,12.0
IPL_2023_002,2,LSG,Mohsin Khan,4.0,24,0,63,1,15.75,63.0,24.0
IPL_2023_003,1,PBKS,Sam Curran,4.0,24,0,32,1,8.0,32.0,24.0
IPL_2023_003,1,PBKS,Harpreet Brar,4.0,24,0,26,1,6.5,26.0,24.0
IPL_2023_003,1,PBKS,Harshal Patel,4.0,24,0,28,3,7.0,9.33,8.0
IPL_2023_003,1,PBKS,Kagiso Rabada,4.0,24,0,22,1,5.5,22.0,24.0
IPL_2023_003,1,PBKS,Arshdeep Singh,4.0,24,0,68,1,17.0,68.0,24.0
IPL_2023_003,2,DC,Axar Patel,4.0,24,0,30,1,7.5,30.0,24.0
IPL_2023_003,2,DC,Kuldeep Yadav,4.0,24,0,32,1,8.0,32.0,24.0
IPL_2023_003,2,DC,Khaleel Ahmed,4.0,24,0,22,2,5.5,11.0,12.0
IPL_2023_003,2,DC,Mukesh Kumar,4.0,24,0,20,1,5.0,20.0,24.0
IPL_2023_003,2,DC,Ishant Sharma,4.0,24,0,76,3,19.0,25.33,8.0
IPL_2023_004,1,CSK,Rachin Ravindra,4.0,24,0,37,2,9.25,18.5,12.0
IPL_2023_004,1,CSK,Daryl Mitchell,4.0,24,0,34,1,8.5,34.0,24.0
IPL_2023_004,1,CSK,Shivam Dube,4.0,24,0,32,0,8.0,,
IPL_2023_004,1,CSK,Ravindra Jadeja,4.0,24,0,17,0,4.25,,
IPL_2023_004,1,CSK,Mitchell Santner,4.0,24,0,84,2,21.0,42.0,12.0
IPL_2023_004,2,SRH,Abhishek Sharma,4.0,24,0,26,1,6.5,26.0,24.0
IPL_2023_004,2,SRH,Nitish Kumar Reddy,4.0,24,0,23,2,5.75,11.5,12.0
IPL_2023_004,2,SRH,Shahbaz Ahmed,4.0,24,0,24,0,6.0,,
IPL_2023_004,2,SRH,Pat Cummins,4.0,24,0,17,0,4.25,,
IPL_2023_004,2,SRH,Bhuvneshwar Kumar,4.0,24,0,67,1,16.75,67.0,24.0
IPL_2023_005,1,MI,Hardik Pandya,4.0,24,0,26,2,6.5,13.0,12.0
IPL_2023_005,1,MI,Romario Shepherd,4.0,24,0,30,2,7.5,15.0,12.0
IPL_2023_005,1,MI,Mohammad Nabi,4.0,24,0,21,1,5.25,21.0,24.0
IPL_2023_005,1,MI,Gerald Coetzee,4.0,24,0,19,3,4.75,6.33,8.0
IPL_2023_005,1,MI,Piyush Chawla,4.0,24,0,73,2,18.25,36.5,12.0
IPL_2023_005,2,LSG,Marcus Stoinis,4.0,24,0,39,3,9.75,13.0,8.0
IPL_2023_005,2,LSG,Deepak Hooda,4.0,24,0,26,0,6.5,,
IPL_2023_005,2,LSG,Krunal Pandya,4.0,24,0,21,1,5.25,21.0,24.0
IPL_2023_005,2,LSG,Ravi Bishnoi,4.0,24,0,18,1,4.5,18.0,24.0
IPL_2023_005,2,LSG,Mohsin Khan,4.0,24,0,60,3,15.0,20.0,8.0
IPL_2023_006,1,KKR,Sunil Narine,4.0,24,0,35,1,8.75,35.0,24.0
IPL_2023_006,1,KKR,Andre Russell,4.0,24,0,33,1,8.25,33.0,24.0
IPL_2023_006,1,KKR,Ramandeep Singh,4.0,24,0,18,2,4.5,9.0,12.0
IPL_2023_006,1,KKR,Mitchell Starc,4.0,24,0,16,2,4.0,8.0,12.0
IPL_2023_006,1,KKR,Harshit Rana,4.0,24,0,85,0,21.25,,
IPL_2023_006,2,SRH,Abhishek Sharma,4.0,24,0,42,1,10.5,42.0,24.0
IPL_2023_006,2,SRH,Nitish Kumar Reddy,4.0,24,0,33,2,8.25,16.5,12.0
IPL_2023_006,2,SRH,Shahbaz Ahmed,4.0,24,0,16,1,4.0,16.0,24.0
IPL_2023_006,2,SRH,Pat Cummins,4.0,24,0,21,2,5.25,10.5,12.0
IPL_2023_006,2,SRH,Bhuvneshwar Kumar,4.0,24,0,70,0,17.5,,
IPL_2023_007,1,DC,Axar Patel,4.0,24,0,29,2,7.25,14.5,12.0
IPL_2023_007,1,DC,Kuldeep Yadav,4.0,24,0,37,3,9.25,12.33,8.0
IPL_2023_007,1,DC,Khaleel Ahmed,4.0,24,0,28,1,7.0,28.0,24.0
IPL_2023_007,1,DC,Mukesh Kumar,4.0,24,0,17,2,4.25,8.5,12.0
IPL_2023_007,1,DC,Ishant Sharma,4.0,24,0,85,2,21.25,42.5,12.0
IPL_2023_007,2,LSG,Marcus Stoinis,4.0,24,0,40,2,10.0,20.0,12.0
IPL_2023_007,2,LSG,Deepak Hooda,4.0,24,1,19,2,4.75,9.5,12.0
IPL_2023_007,2,LSG,Krunal Pandya,4.0,24,0,27,1,6.75,27.0,24.0
IPL_2023_007,2,LSG,Ravi Bishnoi,4.0,24,0,17,2,4.25,8.5,12.0
IPL_2023_007,2,LSG,Mohsin Khan,4.0,24,0,66,1,16.5,66.0,24.0
IPL_2023_008,1,CSK,Rachin Ravindra,4.0,24,0,30,3,7.5,10.0,8.0
IPL_2023_008,1,CSK,Daryl Mitchell,4.0,24,0,22,1,5.5,22.0,24.0
IPL_2023_008,1,CSK,Shivam Dube,4.0,24,0,30,2,7.5,15.0,12.0
IPL_2023_008,1,CSK,Ravindra Jadeja,4.0,24,0,19,1,4.75,19.0,24.0
IPL_2023_008,1,CSK,Mitchell Santner,4.0,24,0,79,1,19.75,79.0,24.0
IPL_2023_008,2,MI,Hardik Pandya,4.0,24,0,35,2,8.75,17.5,12.0
IPL_2023_008,2,MI,Romario Shepherd,4.0,24,0,23,1,5.75,23.0,24.0
IPL_2023_008,2,MI,Mohammad Nabi,4.0,24,0,21,2,5.25,10.5,12.0
IPL_2023_008,2,MI,Gerald Coetzee,4.0,24,0,22,1,5.5,22.0,24.0
IPL_2023_008,2,MI,Piyush Chawla,4.0,24,0,86,0,21.5,,
IPL_2023_009,1,MI,Hardik Pandya,4.0,24,0,42,1,10.5,42.0,24.0
IPL_2023_009,1,MI,Romario Shepherd,4.0,24,0,37,2,9.25,18.5,12.0
IPL_2023_009,1,MI,Mohammad Nabi,4.0,24,0,26,0,6.5,,
IPL_2023_009,1,MI,Gerald Coetzee,4.0,24,1,16,0,4.0,,
IPL_2023_009,1,MI,Piyush Chawla,4.0,24,0,69,0,17.25,,
IPL_2023_009,2,KKR,Sunil Narine,4.0,24,0,33,0,8.25,,
IPL_2023_009,2,KKR,Andre Russell,4.0,24,0,36,1,9.0,36.0,24.0
IPL_2023_009,2,KKR,Ramandeep Singh,4.0,24,0,24,2,6.0,12.0,12.0
IPL_2023_009,2,KKR,Mitchell Starc,4.0,24,0,13,2,3.25,6.5,12.0
IPL_2023_009,2,KKR,Harshit Rana,4.0,24,0,77,1,19.25,77.0,24.0
IPL_2023_010,1,KKR,Sunil Narine,4.0,24,0,34,2,8.5,17.0,12.0
IPL_2023_010,1,KKR,Andre Russell,4.0,24,0,22,1,5.5,22.0,24.0
IPL_2023_010,1,KKR,Ramandeep Singh,4.0,24,1,15,1,3.75,15.0,24.0
IPL_2023_010,1,KKR,Mitchell Starc,4.0,24,0,20,2,5.0,10.0,12.0
IPL_2023_010,1,KKR,Harshit Rana,4.0,24,0,67,1,16.75,67.0,24.0
IPL_2023_010,2,GT,Azmatullah Omarzai,4.0,24,0,30,1,7.5,30.0,24.0
IPL_2023_010,2,GT,Rahul Tewatia,4.0,24,0,25,2,6.25,12.5,12.0
IPL_2023_010,2,GT,Rashid Khan,4.0,24,0,23,2,5.75,11.5,12.0
IPL_2023_010,2,GT,Mohit Sharma,4.0,24,0,21,1,5.25,21.0,24.0
IPL_2023_010,2,GT,Noor Ahmad,4.0,24,0,62,3,15.5,20.67,8.0
IPL_2023_011,1,MI,Hardik Pandya,4.0,24,0,44,2,11.0,22.0,12.0
IPL_2023_011,1,MI,Romario Shepherd,4.0,24,0,30,0,7.5,,
IPL_2023_011,1,MI,Mohammad Nabi,4.0,24,0,25,2,6.25,12.5,12.0
IPL_2023_011,1,MI,Gerald Coetzee,4.0,24,0,19,1,4.75,19.0,24.0
IPL_2023_011,1,MI,Piyush Chawla,4.0,24,0,68,2,17.0,34.0,12.0
IPL_2023_011,2,RR,Rovman Powell,4.0,24,0,26,2,6.5,13.0,12.0
IPL_2023_011,2,RR,Ravichandran Ashwin,4.0,24,0,23,2,5.75,11.5,12.0
IPL_2023_011,2,RR,Trent Boult,4.0,24,0,35,2,8.75,17.5,12.0
IPL_2023_011,2,RR,Avesh Khan,4.0,24,0,20,2,5.0,10.0,12.0
IPL_2023_011,2,RR,Sandeep Sharma,4.0,24,0,81,2,20.25,40.5,12.0
IPL_2023_012,1,CSK,Rachin Ravindra,4.0,24,0,38,2,9.5,19.0,12.0
IPL_2023_012,1,CSK,Daryl Mitchell,4.0,24,0,30,3,7.5,10.0,8.0
IPL_2023_012,1,CSK,Shivam Dube,4.0,24,0,21,2,5.25,10.5,12.0
IPL_2023_012,1,CSK,Ravindra Jadeja,4.0,24,0,13,1,3.25,13.0,24.0
IPL_2023_012,1,CSK,Mitchell Santner,4.0,24,0,81,1,20.25,81.0,24.0
IPL_2023_012,2,LSG,Marcus Stoinis,4.0,24,0,46,3,11.5,15.33,8.0
IPL_2023_012,2,LSG,Deepak Hooda,4.0,24,0,20,2,5.0,10.0,12.0
IPL_2023_012,2,LSG,Krunal Pandya,4.0,24,1,21,1,5.25,21.0,24.0
IPL_2023_012,2,LSG,Ravi Bishnoi,4.0,24,0,17,1,4.25,17.0,24.0
IPL_2023_012,2,LSG,Mohsin Khan,4.0,24,0,81,0,20.25,,
IPL_2023_013,1,SRH,Abhishek Sharma,4.0,24,0,36,3,9.0,12.0,8.0
IPL_2023_013,1,SRH,Nitish Kumar Reddy,4.0,24,0,38,1,9.5,38.0,24.0
IPL_2023_013,1,SRH,Shahbaz Ahmed,4.0,24,0,22,3,5.5,7.33,8.0
IPL_2023_013,1,SRH,Pat Cummins,4.0,24,0,15,2,3.75,7.5,12.0
IPL_2023_013,1,SRH,Bhuvneshwar Kumar,4.0,24,0,80,0,20.0,,
IPL_2023_013,2,RCB,Will Jacks,4.0,24,0,37,3,9.25,12.33,8.0
IPL_2023_013,2,RCB,Glenn Maxwell,4.0,24,0,26,2,6.5,13.0,12.0
IPL_2023_013,2,RCB,Cameron Green,4.0,24,0,25,0,6.25,,
IPL_2023_013,2,RCB,Karn Sharma,4.0,24,0,12,1,3.0,12.0,24.0
IPL_2023_013,2,RCB,Lockie Ferguson,4.0,24,0,68,0,17.0,,
IPL_2023_014,1,MI,Hardik Pandya,4.0,24,0,45,0,11.25,,
IPL_2023_014,1,MI,Romario Shepherd,4.0,24,0,29,2,7.25,14.5,12.0
IPL_2023_014,1,MI,Mohammad Nabi,4.0,24,0,25,1,6.25,25.0,24.0
IPL_2023_014,1,MI,Gerald Coetzee,4.0,24,0,17,1,4.25,17.0,24.0
IPL_2023_014,1,MI,Piyush Chawla,4.0,24,0,63,2,15.75,31.5,12.0
IPL_2023_014,2,PBKS,Sam Curran,4.0,24,0,35,1,8.75,35.0,24.0
IPL_2023_014,2,PBKS,Harpreet Brar,4.0,24,1,19,2,4.75,9.5,12.0
IPL_2023_014,2,PBKS,Harshal Patel,4.0,24,0,21,1,5.25,21.0,24.0
IPL_2023_014,2,PBKS,Kagiso Rabada,4.0,24,0,20,2,5.0,10.0,12.0
IPL_2023_014,2,PBKS,Arshdeep Singh,4.0,24,0,80,1,20.0,80.0,24.0
IPL_2023_015,1,SRH,Abhishek Sharma,4.0,24,0,33,1,8.25,33.0,24.0
IPL_2023_015,1,SRH,Nitish Kumar Reddy,4.0,24,0,24,3,6.0,8.0,8.0
IPL_2023_015,1,SRH,Shahbaz Ahmed,4.0,24,0,16,0,4.0,,
IPL_2023_015,1,SRH,Pat Cummins,4.0,24,0,17,3,4.25,5.67,8.0
IPL_2023_015,1,SRH,Bhuvneshwar Kumar,4.0,24,0,80,0,20.0,,
IPL_2023_015,2,LSG,Marcus Stoinis,4.0,24,0,25,1,6.25,25.0,24.0
IPL_2023_015,2,LSG,Deepak Hooda,4.0,24,0,20,3,5.0,6.67,8.0
IPL_2023_015,2,LSG,Krunal Pandya,4.0,24,1,18,1,4.5,18.0,24.0
IPL_2023_015,2,LSG,Ravi Bishnoi,4.0,24,1,24,1,6.0,24.0,24.0
IPL_2023_015,2,LSG,Mohsin Khan,4.0,24,0,79,1,19.75,79.0,24.0
IPL_2023_016,1,CSK,Rachin Ravindra,4.0,24,0,33,2,8.25,16.5,12.0
IPL_2023_016,1,CSK,Daryl Mitchell,4.0,24,0,31,2,7.75,15.5,12.0
IPL_2023_016,1,CSK,Shivam Dube,4.0,24,0,23,1,5.75,23.0,24.0
IPL_2023_016,1,CSK,Ravindra Jadeja,4.0,24,0,22,2,5.5,11.0,12.0
IPL_2023_016,1,CSK,Mitchell Santner,4.0,24,0,64,1,16.0,64.0,24.0
IPL_2023_016,2,DC,Axar Patel,4.0,24,0,25,2,6.25,12.5,12.0
IPL_2023_016,2,DC,Kuldeep Yadav,4.0,24,0,22,0,5.5,,
IPL_2023_016,2,DC,Khaleel Ahmed,4.0,24,0,31,1,7.75,31.0,24.0
IPL_2023_016,2,DC,Mukesh Kumar,4.0,24,0,19,2,4.75,9.5,12.0
IPL_2023_016,2,DC,Ishant Sharma,4.0,24,0,73,0,18.25,,
IPL_2023_017,1,RCB,Will Jacks,4.0,24,0,32,0,8.0,,
IPL_2023_017,1,RCB,Glenn Maxwell,4.0,24,0,23,0,5.75,,
IPL_2023_017,1,RCB,Cameron Green,4.0,24,0,29,1,7.25,29.0,24.0
IPL_2023_017,1,RCB,Karn Sharma,4.0,24,0,14,1,3.5,14.0,24.0
IPL_2023_017,1,RCB,Lockie Ferguson,4.0,24,0,83,3,20.75,27.67,8.0
IPL_2023_017,2,MI,Hardik Pandya,4.0,24,0,42,2,10.5,21.0,12.0
IPL_2023_017,2,MI,Romario Shepherd,4.0,24,0,26,3,6.5,8.67,8.0
IPL_2023_017,2,MI,Mohammad Nabi,4.0,24,0,15,0,3.75,,
IPL_2023_017,2,MI,Gerald Coetzee,4.0,24,0,12,3,3.0,4.0,8.0
IPL_2023_017,2,MI,Piyush Chawla,4.0,24,0,76,1,19.0,76.0,24.0
IPL_2023_018,1,GT,Azmatullah Omarzai,4.0,24,0,35,2,8.75,17.5,12.0
IPL_2023_018,1,GT,Rahul Tewatia,4.0,24,0,19,2,4.75,9.5,12.0
IPL_2023_018,1,GT,Rashid Khan,4.0,24,0,22,2,5.5,11.0,12.0
IPL_2023_018,1,GT,Mohit Sharma,4.0,24,0,14,2,3.5,7.0,12.0
IPL_2023_018,1,GT,Noor Ahmad,4.0,24,0,78,0,19.5,,
IPL_2023_018,2,LSG,Marcus Stoinis,4.0,24,0,34,3,8.5,11.33,8.0
IPL_2023_018,2,LSG,Deepak Hooda,4.0,24,0,19,0,4.75,,
IPL_2023_018,2,LSG,Krunal Pandya,4.0,24,0,21,1,5.25,21.0,24.0
IPL_2023_018,2,LSG,Ravi Bishnoi,4.0,24,0,15,3,3.75,5.0,8.0
IPL_2023_018,2,LSG,Mohsin Khan,4.0,24,0,82,1,20.5,82.0,24.0
IPL_2023_019,1,KKR,Sunil Narine,4.0,24,0,32,3,8.0,10.67,8.0
IPL_2023_019,1,KKR,Andre Russell,4.0,24,0,29,1,7.25,29.0,24.0
IPL_2023_019,1,KKR,Ramandeep Singh,4.0,24,0,25,2,6.25,12.5,12.0
IPL_2023_019,1,KKR,Mitchell Starc,4.0,24,0,23,3,5.75,7.67,8.0
IPL_2023_019,1,KKR,Harshit Rana,4.0,24,0,75,0,18.75,,
IPL_2023_019,2,RR,Rovman Powell,4.0,24,0,27,0,6.75,,
IPL_2023_019,2,RR,Ravichandran Ashwin,4.0,24,0,30,0,7.5,,
IPL_2023_019,2,RR,Trent Boult,4.0,24,0,17,0,4.25,,
IPL_2023_019,2,RR,Avesh Khan,4.0,24,1,17,1,4.25,17.0,24.0
IPL_2023_019,2,RR,Sandeep Sharma,4.0,24,0,84,1,21.0,84.0,24.0
IPL_2023_020,1,KKR,Sunil Narine,4.0,24,0,38,2,9.5,19.0,12.0
IPL_2023_020,1,KKR,Andre Russell,4.0,24,0,21,3,5.25,7.0,8.0
IPL_2023_020,1,KKR,Ramandeep Singh,4.0,24,0,18,2,4.5,9.0,12.0
IPL_2023_020,1,KKR,Mitchell Starc,4.0,24,1,17,1,4.25,17.0,24.0
IPL_2023_020,1,KKR,Harshit Rana,4.0,24,0,90,3,22.5,30.0,8.0
IPL_2023_020,2,GT,Azmatullah Omarzai,4.0,24,0,32,0,8.0,,
IPL_2023_020,2,GT,Rahul Tewatia,4.0,24,0,22,2,5.5,11.0,12.0
IPL_2023_020,2,GT,Rashid Khan,4.0,24,0,24,1,6.0,24.0,24.0
IPL_2023_020,2,GT,Mohit Sharma,4.0,24,0,20,0,5.0,,
IPL_2023_020,2,GT,Noor Ahmad,4.0,24,0,78,1,19.5,78.0,24.0
IPL_2023_021,1,PBKS,Sam Curran,4.0,24,0,44,2,11.0,22.0,12.0
IPL_2023_021,1,PBKS,Harpreet Brar,4.0,24,1,21,3,5.25,7.0,8.0
IPL_2023_021,1,PBKS,Harshal Patel,4.0,24,0,24,1,6.0,24.0,24.0
IPL_2023_021,1,PBKS,Kagiso Rabada,4.0,24,0,17,1,4.25,17.0,24.0
IPL_2023_021,1,PBKS,Arshdeep Singh,4.0,24,0,65,2,16.25,32.5,12.0
IPL_2023_021,2,KKR,Sunil Narine,4.0,24,0,25,2,6.25,12.5,12.0
IPL_2023_021,2,KKR,Andre Russell,4.0,24,0,26,2,6.5,13.0,12.0
IPL_2023_021,2,KKR,Ramandeep Singh,4.0,24,0,25,2,6.25,12.5,12.0
IPL_2023_021,2,KKR,Mitchell Starc,4.0,24,0,25,1,6.25,25.0,24.0
IPL_2023_021,2,KKR,Harshit Rana,4.0,24,0,79,0,19.75,,
IPL_2023_022,1,MI,Hardik Pandya,4.0,24,0,31,0,7.75,,
IPL_2023_022,1,MI,Romario Shepherd,4.0,24,0,32,1,8.0,32.0,24.0
IPL_2023_022,1,MI,Mohammad Nabi,4.0,24,0,14,3,3.5,4.67,8.0
IPL_2023_022,1,MI,Gerald Coetzee,4.0,24,1,12,2,3.0,6.0,12.0
IPL_2023_022,1,MI,Piyush Chawla,4.0,24,0,75,2,18.75,37.5,12.0
IPL_2023_022,2,CSK,Rachin Ravindra,4.0,24,0,29,2,7.25,14.5,12.0
IPL_2023_022,2,CSK,Daryl Mitchell,4.0,24,0,24,2,6.0,12.0,12.0
IPL_2023_022,2,CSK,Shivam Dube,4.0,24,0,18,2,4.5,9.0,12.0
IPL_2023_022,2,CSK,Ravindra Jadeja,4.0,24,0,11,2,2.75,5.5,12.0
IPL_2023_022,2,CSK,Mitchell Santner,4.0,24,0,67,2,16.75,33.5,12.0
IPL_2023_023,1,PBKS,Sam Curran,4.0,24,0,47,0,11.75,,
IPL_2023_023,1,PBKS,Harpreet Brar,4.0,24,0,23,0,5.75,,
IPL_2023_023,1,PBKS,Harshal Patel,4.0,24,0,28,2,7.0,14.0,12.0
IPL_2023_023,1,PBKS,Kagiso Rabada,4.0,24,1,12,2,3.0,6.0,12.0
IPL_2023_023,1,PBKS,Arshdeep Singh,4.0,24,0,74,2,18.5,37.0,12.0
IPL_2023_023,2,SRH,Abhishek Sharma,4.0,24,0,35,2,8.75,17.5,12.0
IPL_2023_023,2,SRH,Nitish Kumar Reddy,4.0,24,0,21,1,5.25,21.0,24.0
IPL_2023_023,2,SRH,Shahbaz Ahmed,4.0,24,1,22,0,5.5,,
IPL_2023_023,2,SRH,Pat Cummins,4.0,24,0,17,1,4.25,17.0,24.0
IPL_2023_023,2,SRH,Bhuvneshwar Kumar,4.0,24,0,79,1,19.75,79.0,24.0
IPL_2023_024,1,DC,Axar Patel,4.0,24,0,28,0,7.0,,
IPL_2023_024,1,DC,Kuldeep Yadav,4.0,24,0,23,2,5.75,11.5,12.0
IPL_2023_024,1,DC,Khaleel Ahmed,4.0,24,0,33,0,8.25,,
IPL_2023_024,1,DC,Mukesh Kumar,4.0,24,1,24,3,6.0,8.0,8.0
IPL_2023_024,1,DC,Ishant Sharma,4.0,24,0,83,3,20.75,27.67,8.0
IPL_2023_024,2,MI,Hardik Pandya,4.0,24,0,41,3,10.25,13.67,8.0
IPL_2023_024,2,MI,Romario Shepherd,4.0,24,0,31,2,7.75,15.5,12.0
IPL_2023_024,2,MI,Mohammad Nabi,4.0,24,0,26,2,6.5,13.0,12.0
IPL_2023_024,2,MI,Gerald Coetzee,4.0,24,0,20,3,5.0,6.67,8.0
IPL_2023_024,2,MI,Piyush Chawla,4.0,24,0,66,0,16.5,,
IPL_2023_025,1,RCB,Will Jacks,4.0,24,0,36,3,9.0,12.0,8.0
IPL_2023_025,1,RCB,Glenn Maxwell,4.0,24,0,34,3,8.5,11.33,8.0
IPL_2023_025,1,RCB,Cameron Green,4.0,24,0,20,1,5.0,20.0,24.0
IPL_2023_025,1,RCB,Karn Sharma,4.0,24,0,14,1,3.5,14.0,24.0
IPL_2023_025,1,RCB,Lockie Ferguson,4.0,24,0,83,2,20.75,41.5,12.0
IPL_2023_025,2,PBKS,Sam Curran,4.0,24,0,45,2,11.25,22.5,12.0
IPL_2023_025,2,PBKS,Harpreet Brar,4.0,24,0,29,2,7.25,14.5,12.0
IPL_2023_025,2,PBKS,Harshal Patel,4.0,24,0,27,2,6.75,13.5,12.0
IPL_2023_025,2,PBKS,Kagiso Rabada,4.0,24,0,14,2,3.5,7.0,12.0
IPL_2023_025,2,PBKS,Arshdeep Singh,4.0,24,0,66,0,16.5,,
IPL_2023_026,1,CSK,Rachin Ravindra,4.0,24,0,34,3,8.5,11.33,8.0
IPL_2023_026,1,CSK,Daryl Mitchell,4.0,24,0,33,2,8.25,16.5,12.0
IPL_2023_026,1,CSK,Shivam Dube,4.0,24,0,22,3,5.5,7.33,8.0
IPL_2023_026,1,CSK,Ravindra Jadeja,4.0,24,0,11,2,2.75,5.5,12.0
IPL_2023_026,1,CSK,Mitchell Santner,4.0,24,0,63,1,15.75,63.0,24.0
IPL_2023_026,2,GT,Azmatullah Omarzai,4.0,24,0,28,2,7.0,14.0,12.0
IPL_2023_026,2,GT,Rahul Tewatia,4.0,24,0,32,1,8.0,32.0,24.0
IPL_2023_026,2,GT,Rashid Khan,4.0,24,0,17,2,4.25,8.5,12.0
IPL_2023_026,2,GT,Mohit Sharma,4.0,24,0,18,0,4.5,,
IPL_2023_026,2,GT,Noor Ahmad,4.0,24,0,62,3,15.5,20.67,8.0
IPL_2023_027,1,RR,Rovman Powell,4.0,24,0,42,0,10.5,,
IPL_2023_027,1,RR,Ravichandran Ashwin,4.0,24,0,21,2,5.25,10.5,12.0
IPL_2023_027,1,RR,Trent Boult,4.0,24,0,15,3,3.75,5.0,8.0
IPL_2023_027,1,RR,Avesh Khan,4.0,24,0,18,2,4.5,9.0,12.0
IPL_2023_027,1,RR,Sandeep Sharma,4.0,24,0,75,1,18.75,75.0,24.0
IPL_2023_027,2,KKR,Sunil Narine,4.0,24,0,38,1,9.5,38.0,24.0
IPL_2023_027,2,KKR,Andre Russell,4.0,24,0,30,2,7.5,15.0,12.0
IPL_2023_027,2,KKR,Ramandeep Singh,4.0,24,0,17,1,4.25,17.0,24.0
IPL_2023_027,2,KKR,Mitchell Starc,4.0,24,0,14,1,3.5,14.0,24.0
IPL_2023_027,2,KKR,Harshit Rana,4.0,24,0,89,2,22.25,44.5,12.0
IPL_2023_028,1,SRH,Abhishek Sharma,4.0,24,0,29,0,7.25,,
IPL_2023_028,1,SRH,Nitish Kumar Reddy,4.0,24,0,31,0,7.75,,
IPL_2023_028,1,SRH,Shahbaz Ahmed,4.0,24,0,35,2,8.75,17.5,12.0
IPL_2023_028,1,SRH,Pat Cummins,4.0,24,0,14,3,3.5,4.67,8.0
IPL_2023_028,1,SRH,Bhuvneshwar Kumar,4.0,24,0,87,1,21.75,87.0,24.0
IPL_2023_028,2,DC,Axar Patel,4.0,24,0,37,2,9.25,18.5,12.0
IPL_2023_028,2,DC,Kuldeep Yadav,4.0,24,0,21,1,5.25,21.0,24.0
IPL_2023_028,2,DC,Khaleel Ahmed,4.0,24,0,26,0,6.5,,
IPL_2023_028,2,DC,Mukesh Kumar,4.0,24,0,23,1,5.75,23.0,24.0
IPL_2023_028,2,DC,Ishant Sharma,4.0,24,0,77,1,19.25,77.0,24.0
IPL_2023_029,1,MI,Hardik Pandya,4.0,24,0,31,1,7.75,31.0,24.0
IPL_2023_029,1,MI,Romario Shepherd,4.0,24,0,31,1,7.75,31.0,24.0
IPL_2023_029,1,MI,Mohammad Nabi,4.0,24,0,23,2,5.75,11.5,12.0
IPL_2023_029,1,MI,Gerald Coetzee,4.0,24,0,14,1,3.5,14.0,24.0
IPL_2023_029,1,MI,Piyush Chawla,4.0,24,0,75,1,18.75,75.0,24.0
IPL_2023_029,2,DC,Axar Patel,4.0,24,0,26,0,6.5,,
IPL_2023_029,2,DC,Kuldeep Yadav,4.0,24,0,32,0,8.0,,
IPL_2023_029,2,DC,Khaleel Ahmed,4.0,24,1,23,2,5.75,11.5,12.0
IPL_2023_029,2,DC,Mukesh Kumar,4.0,24,0,17,1,4.25,17.0,24.0
IPL_2023_029,2,DC,Ishant Sharma,4.0,24,0,78,2,19.5,39.0,12.0
IPL_2023_030,1,SRH,Abhishek Sharma,4.0,24,0,31,2,7.75,15.5,12.0
IPL_2023_030,1,SRH,Nitish Kumar Reddy,4.0,24,0,34,1,8.5,34.0,24.0
IPL_2023_030,1,SRH,Shahbaz Ahmed,4.0,24,0,24,2,6.0,12.0,12.0
IPL_2023_030,1,SRH,Pat Cummins,4.0,24,1,13,3,3.25,4.33,8.0
IPL_2023_030,1,SRH,Bhuvneshwar Kumar,4.0,24,0,72,2,18.0,36.0,12.0
IPL_2023_030,2,PBKS,Sam Curran,4.0,24,0,31,2,7.75,15.5,12.0
IPL_2023_030,2,PBKS,Harpreet Brar,4.0,24,0,29,0,7.25,,
IPL_2023_030,2,PBKS,Harshal Patel,4.0,24,0,16,0,4.0,,
IPL_2023_030,2,PBKS,Kagiso Rabada,4.0,24,1,13,2,3.25,6.5,12.0
IPL_2023_030,2,PBKS,Arshdeep Singh,4.0,24,0,72,1,18.0,72.0,24.0
IPL_2023_031,1,LSG,Marcus Stoinis,4.0,24,0,31,2,7.75,15.5,12.0
IPL_2023_031,1,LSG,Deepak Hooda,4.0,24,0,34,1,8.5,34.0,24.0
IPL_2023_031,1,LSG,Krunal Pandya,4.0,24,1,16,1,4.0,16.0,24.0
IPL_2023_031,1,LSG,Ravi Bishnoi,4.0,24,0,21,3,5.25,7.0,8.0
IPL_2023_031,1,LSG,Mohsin Khan,4.0,24,0,66,1,16.5,66.0,24.0
IPL_2023_031,2,CSK,Rachin Ravindra,4.0,24,0,41,1,10.25,41.0,24.0
IPL_2023_031,2,CSK,Daryl Mitchell,4.0,24,0,29,1,7.25,29.0,24.0
IPL_2023_031,2,CSK,Shivam Dube,4.0,24,0,23,1,5.75,23.0,24.0
IPL_2023_031,2,CSK,Ravindra Jadeja,4.0,24,0,14,1,3.5,14.0,24.0
IPL_2023_031,2,CSK,Mitchell Santner,4.0,24,0,72,1,18.0,72.0,24.0
IPL_2023_032,1,KKR,Sunil Narine,4.0,24,0,37,0,9.25,,
IPL_2023_032,1,KKR,Andre Russell,4.0,24,0,20,3,5.0,6.67,8.0
IPL_2023_032,1,KKR,Ramandeep Singh,4.0,24,0,21,3,5.25,7.0,8.0
IPL_2023_032,1,KKR,Mitchell Starc,4.0,24,0,22,1,5.5,22.0,24.0
IPL_2023_032,1,KKR,Harshit Rana,4.0,24,0,68,3,17.0,22.67,8.0
IPL_2023_032,2,LSG,Marcus Stoinis,4.0,24,0,41,0,10.25,,
IPL_2023_032,2,LSG,Deepak Hooda,4.0,24,0,20,1,5.0,20.0,24.0
IPL_2023_032,2,LSG,Krunal Pandya,4.0,24,0,28,0,7.0,,
IPL_2023_032,2,LSG,Ravi Bishnoi,4.0,24,0,19,1,4.75,19.0,24.0
IPL_2023_032,2,LSG,Mohsin Khan,4.0,24,0,73,2,18.25,36.5,12.0
IPL_2023_033,1,CSK,Rachin Ravindra,4.0,24,0,38,3,9.5,12.67,8.0
IPL_2023_033,1,CSK,Daryl Mitchell,4.0,24,0,31,1,7.75,31.0,24.0
IPL_2023_033,1,CSK,Shivam Dube,4.0,24,1,16,2,4.0,8.0,12.0
IPL_2023_033,1,CSK,Ravindra Jadeja,4.0,24,0,16,1,4.0,16.0,24.0
IPL_2023_033,1,CSK,Mitchell Santner,4.0,24,0,70,2,17.5,35.0,12.0
IPL_2023_033,2,SRH,Abhishek Sharma,4.0,24,0,42,3,10.5,14.0,8.0
IPL_2023_033,2,SRH,Nitish Kumar Reddy,4.0,24,0,23,0,5.75,,
IPL_2023_033,2,SRH,Shahbaz Ahmed,4.0,24,0,27,0,6.75,,
IPL_2023_033,2,SRH,Pat Cummins,4.0,24,0,16,3,4.0,5.33,8.0
IPL_2023_033,2,SRH,Bhuvneshwar Kumar,4.0,24,0,76,3,19.0,25.33,8.0
IPL_2023_034,1,CSK,Rachin Ravindra,4.0,24,0,43,2,10.75,21.5,12.0
IPL_2023_034,1,CSK,Daryl Mitchell,4.0,24,0,30,2,7.5,15.0,12.0
IPL_2023_034,1,CSK,Shivam Dube,4.0,24,0,21,1,5.25,21.0,24.0
IPL_2023_034,1,CSK,Ravindra Jadeja,4.0,24,0,15,2,3.75,7.5,12.0
IPL_2023_034,1,CSK,Mitchell Santner,4.0,24,0,71,1,17.75,71.0,24.0
IPL_2023_034,2,RCB,Will Jacks,4.0,24,0,37,1,9.25,37.0,24.0
IPL_2023_034,2,RCB,Glenn Maxwell,4.0,24,0,34,2,8.5,17.0,12.0
IPL_2023_034,2,RCB,Cameron Green,4.0,24,0,15,2,3.75,7.5,12.0
IPL_2023_034,2,RCB,Karn Sharma,4.0,24,0,19,2,4.75,9.5,12.0
IPL_2023_034,2,RCB,Lockie Ferguson,4.0,24,0,64,1,16.0,64.0,24.0
IPL_2023_035,1,CSK,Rachin Ravindra,4.0,24,0,25,1,6.25,25.0,24.0
IPL_2023_035,1,CSK,Daryl Mitchell,4.0,24,0,38,1,9.5,38.0,24.0
IPL_2023_035,1,CSK,Shivam Dube,4.0,24,0,17,3,4.25,5.67,8.0
IPL_2023_035,1,CSK,Ravindra Jadeja,4.0,24,0,22,0,5.5,,
IPL_2023_035,1,CSK,Mitchell Santner,4.0,24,0,73,0,18.25,,
IPL_2023_035,2,GT,Azmatullah Omarzai,4.0,24,0,26,3,6.5,8.67,8.0
IPL_2023_035,2,GT,Rahul Tewatia,4.0,24,0,25,2,6.25,12.5,12.0
IPL_2023_035,2,GT,Rashid Khan,4.0,24,0,30,3,7.5,10.0,8.0
IPL_2023_035,2,GT,Mohit Sharma,4.0,24,0,18,1,4.5,18.0,24.0
IPL_2023_035,2,GT,Noor Ahmad,4.0,24,0,77,3,19.25,25.67,8.0
IPL_2023_036,1,CSK,Rachin Ravindra,4.0,24,0,36,3,9.0,12.0,8.0
IPL_2023_036,1,CSK,Daryl Mitchell,4.0,24,0,19,1,4.75,19.0,24.0
IPL_2023_036,1,CSK,Shivam Dube,4.0,24,0,21,2,5.25,10.5,12.0
IPL_2023_036,1,CSK,Ravindra Jadeja,4.0,24,0,18,0,4.5,,
IPL_2023_036,1,CSK,Mitchell Santner,4.0,24,0,74,2,18.5,37.0,12.0
IPL_2023_036,2,GT,Azmatullah Omarzai,4.0,24,0,40,0,10.0,,
IPL_2023_036,2,GT,Rahul Tewatia,4.0,24,0,35,2,8.75,17.5,12.0
IPL_2023_036,2,GT,Rashid Khan,4.0,24,0,26,0,6.5,,
IPL_2023_036,2,GT,Mohit Sharma,4.0,24,0,21,2,5.25,10.5,12.0
IPL_2023_036,2,GT,Noor Ahmad,4.0,24,0,66,2,16.5,33.0,12.0
IPL_2023_037,1,DC,Axar Patel,4.0,24,0,42,0,10.5,,
IPL_2023_037,1,DC,Kuldeep Yadav,4.0,24,0,25,1,6.25,25.0,24.0
IPL_2023_037,1,DC,Khaleel Ahmed,4.0,24,0,23,3,5.75,7.67,8.0
IPL_2023_037,1,DC,Mukesh Kumar,4.0,24,0,19,3,4.75,6.33,8.0
IPL_2023_037,1,DC,Ishant Sharma,4.0,24,0,70,2,17.5,35.0,12.0
IPL_2023_037,2,RCB,Will Jacks,4.0,24,0,47,0,11.75,,
IPL_2023_037,2,RCB,Glenn Maxwell,4.0,24,0,21,1,5.25,21.0,24.0
IPL_2023_037,2,RCB,Cameron Green,4.0,24,0,23,2,5.75,11.5,12.0
IPL_2023_037,2,RCB,Karn Sharma,4.0,24,0,14,0,3.5,,
IPL_2023_037,2,RCB,Lockie Ferguson,4.0,24,0,82,1,20.5,82.0,24.0
IPL_2023_038,1,RR,Rovman Powell,4.0,24,0,34,2,8.5,17.0,12.0
IPL_2023_038,1,RR,Ravichandran Ashwin,4.0,24,0,22,2,5.5,11.0,12.0
IPL_2023_038,1,RR,Trent Boult,4.0,24,0,17,2,4.25,8.5,12.0
IPL_2023_038,1,RR,Avesh Khan,4.0,24,0,26,2,6.5,13.0,12.0
IPL_2023_038,1,RR,Sandeep Sharma,4.0,24,0,79,2,19.75,39.5,12.0
IPL_2023_038,2,PBKS,Sam Curran,4.0,24,0,42,0,10.5,,
IPL_2023_038,2,PBKS,Harpreet Brar,4.0,24,0,35,2,8.75,17.5,12.0
IPL_2023_038,2,PBKS,Harshal Patel,4.0,24,0,15,1,3.75,15.0,24.0
IPL_2023_038,2,PBKS,Kagiso Rabada,4.0,24,0,22,2,5.5,11.0,12.0
IPL_2023_038,2,PBKS,Arshdeep Singh,4.0,24,0,68,1,17.0,68.0,24.0
IPL_2023_039,1,MI,Hardik Pandya,4.0,24,0,43,2,10.75,21.5,12.0
IPL_2023_039,1,MI,Romario Shepherd,4.0,24,0,23,2,5.75,11.5,12.0
IPL_2023_039,1,MI,Mohammad Nabi,4.0,24,0,21,2,5.25,10.5,12.0
IPL_2023_039,1,MI,Gerald Coetzee,4.0,24,1,18,1,4.5,18.0,24.0
IPL_2023_039,1,MI,Piyush Chawla,4.0,24,0,83,2,20.75,41.5,12.0
IPL_2023_039,2,RCB,Will Jacks,4.0,24,0,30,0,7.5,,
IPL_2023_039,2,RCB,Glenn Maxwell,4.0,24,0,26,1,6.5,26.0,24.0
IPL_2023_039,2,RCB,Cameron Green,4.0,24,0,28,2,7.0,14.0,12.0
IPL_2023_039,2,RCB,Karn Sharma,4.0,24,0,22,0,5.5,,
IPL_2023_039,2,RCB,Lockie Ferguson,4.0,24,0,74,2,18.5,37.0,12.0
IPL_2023_040,1,LSG,Marcus Stoinis,4.0,24,0,23,2,5.75,11.5,12.0
IPL_2023_040,1,LSG,Deepak Hooda,4.0,24,0,20,1,5.0,20.0,24.0
IPL_2023_040,1,LSG,Krunal Pandya,4.0,24,0,28,1,7.0,28.0,24.0
IPL_2023_040,1,LSG,Ravi Bishnoi,4.0,24,0,13,1,3.25,13.0,24.0
IPL_2023_040,1,LSG,Mohsin Khan,4.0,24,0,80,3,20.0,26.67,8.0
IPL_2023_040,2,MI,Hardik Pandya,4.0,24,0,29,0,7.25,,
IPL_2023_040,2,MI,Romario Shepherd,4.0,24,0,37,1,9.25,37.0,24.0
IPL_2023_040,2,MI,Mohammad Nabi,4.0,24,1,22,2,5.5,11.0,12.0
IPL_2023_040,2,MI,Gerald Coetzee,4.0,24,0,13,2,3.25,6.5,12.0
IPL_2023_040,2,MI,Piyush Chawla,4.0,24,0,78,1,19.5,78.0,24.0
IPL_2023_041,1,CSK,Rachin Ravindra,4.0,24,0,40,3,10.0,13.33,8.0
IPL_2023_041,1,CSK,Daryl Mitchell,4.0,24,0,30,0,7.5,,
IPL_2023_041,1,CSK,Shivam Dube,4.0,24,1,21,2,5.25,10.5,12.0
IPL_2023_041,1,CSK,Ravindra Jadeja,4.0,24,0,21,1,5.25,21.0,24.0
IPL_2023_041,1,CSK,Mitchell Santner,4.0,24,0,68,2,17.0,34.0,12.0
IPL_2023_041,2,DC,Axar Patel,4.0,24,0,41,3,10.25,13.67,8.0
IPL_2023_041,2,DC,Kuldeep Yadav,4.0,24,0,30,2,7.5,15.0,12.0
IPL_2023_041,2,DC,Khaleel Ahmed,4.0,24,1,24,2,6.0,12.0,12.0
IPL_2023_041,2,DC,Mukesh Kumar,4.0,24,0,17,2,4.25,8.5,12.0
IPL_2023_041,2,DC,Ishant Sharma,4.0,24,0,70,3,17.5,23.33,8.0
IPL_2023_042,1,RR,Rovman Powell,4.0,24,0,35,2,8.75,17.5,12.0
IPL_2023_042,1,RR,Ravichandran Ashwin,4.0,24,0,18,0,4.5,,
IPL_2023_042,1,RR,Trent Boult,4.0,24,0,18,2,4.5,9.0,12.0
IPL_2023_042,1,RR,Avesh Khan,4.0,24,0,21,1,5.25,21.0,24.0
IPL_2023_042,1,RR,Sandeep Sharma,4.0,24,0,64,2,16.0,32.0,12.0
IPL_2023_042,2,GT,Azmatullah Omarzai,4.0,24,0,41,3,10.25,13.67,8.0
IPL_2023_042,2,GT,Rahul Tewatia,4.0,24,0,31,2,7.75,15.5,12.0
IPL_2023_042,2,GT,Rashid Khan,4.0,24,0,22,3,5.5,7.33,8.0
IPL_2023_042,2,GT,Mohit Sharma,4.0,24,1,12,1,3.0,12.0,24.0
IPL_2023_042,2,GT,Noor Ahmad,4.0,24,0,75,1,18.75,75.0,24.0
IPL_2023_043,1,LSG,Marcus Stoinis,4.0,24,0,34,3,8.5,11.33,8.0
IPL_2023_043,1,LSG,Deepak Hooda,4.0,24,0,19,1,4.75,19.0,24.0
IPL_2023_043,1,LSG,Krunal Pandya,4.0,24,0,23,1,5.75,23.0,24.0
IPL_2023_043,1,LSG,Ravi Bishnoi,4.0,24,0,23,2,5.75,11.5,12.0
IPL_2023_043,1,LSG,Mohsin Khan,4.0,24,0,68,2,17.0,34.0,12.0
IPL_2023_043,2,PBKS,Sam Curran,4.0,24,0,27,0,6.75,,
IPL_2023_043,2,PBKS,Harpreet Brar,4.0,24,0,32,2,8.0,16.0,12.0
IPL_2023_043,2,PBKS,Harshal Patel,4.0,24,0,29,2,7.25,14.5,12.0
IPL_2023_043,2,PBKS,Kagiso Rabada,4.0,24,1,18,0,4.5,,
IPL_2023_043,2,PBKS,Arshdeep Singh,4.0,24,0,77,1,19.25,77.0,24.0
IPL_2023_044,1,SRH,Abhishek Sharma,4.0,24,0,38,1,9.5,38.0,24.0
IPL_2023_044,1,SRH,Nitish Kumar Reddy,4.0,24,1,20,1,5.0,20.0,24.0
IPL_2023_044,1,SRH,Shahbaz Ahmed,4.0,24,0,19,1,4.75,19.0,24.0
IPL_2023_044,1,SRH,Pat Cummins,4.0,24,0,19,2,4.75,9.5,12.0
IPL_2023_044,1,SRH,Bhuvneshwar Kumar,4.0,24,0,83,0,20.75,,
IPL_2023_044,2,DC,Axar Patel,4.0,24,0,25,1,6.25,25.0,24.0
IPL_2023_044,2,DC,Kuldeep Yadav,4.0,24,0,32,1,8.0,32.0,24.0
IPL_2023_044,2,DC,Khaleel Ahmed,4.0,24,0,27,1,6.75,27.0,24.0
IPL_2023_044,2,DC,Mukesh Kumar,4.0,24,0,16,3,4.0,5.33,8.0
IPL_2023_044,2,DC,Ishant Sharma,4.0,24,0,77,2,19.25,38.5,12.0
IPL_2023_045,1,CSK,Rachin Ravindra,4.0,24,0,44,3,11.0,14.67,8.0
IPL_2023_045,1,CSK,Daryl Mitchell,4.0,24,0,24,0,6.0,,
IPL_2023_045,1,CSK,Shivam Dube,4.0,24,1,19,2,4.75,9.5,12.0
IPL_2023_045,1,CSK,Ravindra Jadeja,4.0,24,0,16,1,4.0,16.0,24.0
IPL_2023_045,1,CSK,Mitchell Santner,4.0,24,0,72,1,18.0,72.0,24.0
IPL_2023_045,2,RCB,Will Jacks,4.0,24,0,26,3,6.5,8.67,8.0
IPL_2023_045,2,RCB,Glenn Maxwell,4.0,24,1,23,3,5.75,7.67,8.0
IPL_2023_045,2,RCB,Cameron Green,4.0,24,0,17,3,4.25,5.67,8.0
IPL_2023_045,2,RCB,Karn Sharma,4.0,24,0,21,2,5.25,10.5,12.0
IPL_2023_045,2,RCB,Lockie Ferguson,4.0,24,0,86,2,21.5,43.0,12.0
IPL_2023_046,1,DC,Axar Patel,4.0,24,0,30,1,7.5,30.0,24.0
IPL_2023_046,1,DC,Kuldeep Yadav,4.0,24,0,37,1,9.25,37.0,24.0
IPL_2023_046,1,DC,Khaleel Ahmed,4.0,24,0,19,2,4.75,9.5,12.0
IPL_2023_046,1,DC,Mukesh Kumar,4.0,24,0,19,0,4.75,,
IPL_2023_046,1,DC,Ishant Sharma,4.0,24,0,79,1,19.75,79.0,24.0
IPL_2023_046,2,CSK,Rachin Ravindra,4.0,24,0,35,1,8.75,35.0,24.0
IPL_2023_046,2,CSK,Daryl Mitchell,4.0,24,0,29,2,7.25,14.5,12.0
IPL_2023_046,2,CSK,Shivam Dube,4.0,24,0,16,3,4.0,5.33,8.0
IPL_2023_046,2,CSK,Ravindra Jadeja,4.0,24,0,17,3,4.25,5.67,8.0
IPL_2023_046,2,CSK,Mitchell Santner,4.0,24,0,69,0,17.25,,
IPL_2023_047,1,RCB,Will Jacks,4.0,24,0,24,0,6.0,,
IPL_2023_047,1,RCB,Glenn Maxwell,4.0,24,0,26,3,6.5,8.67,8.0
IPL_2023_047,1,RCB,Cameron Green,4.0,24,0,21,0,5.25,,
IPL_2023_047,1,RCB,Karn Sharma,4.0,24,0,20,2,5.0,10.0,12.0
IPL_2023_047,1,RCB,Lockie Ferguson,4.0,24,0,75,3,18.75,25.0,8.0
IPL_2023_047,2,DC,Axar Patel,4.0,24,0,36,0,9.0,,
IPL_2023_047,2,DC,Kuldeep Yadav,4.0,24,0,29,3,7.25,9.67,8.0
IPL_2023_047,2,DC,Khaleel Ahmed,4.0,24,0,19,0,4.75,,
IPL_2023_047,2,DC,Mukesh Kumar,4.0,24,0,11,3,2.75,3.67,8.0
IPL_2023_047,2,DC,Ishant Sharma,4.0,24,0,73,1,18.25,73.0,24.0
IPL_2023_048,1,GT,Azmatullah Omarzai,4.0,24,0,42,0,10.5,,
IPL_2023_048,1,GT,Rahul Tewatia,4.0,24,0,30,3,7.5,10.0,8.0
IPL_2023_048,1,GT,Rashid Khan,4.0,24,0,18,1,4.5,18.0,24.0
IPL_2023_048,1,GT,Mohit Sharma,4.0,24,0,17,1,4.25,17.0,24.0
IPL_2023_048,1,GT,Noor Ahmad,4.0,24,0,70,3,17.5,23.33,8.0
IPL_2023_048,2,RR,Rovman Powell,4.0,24,0,34,1,8.5,34.0,24.0
IPL_2023_048,2,RR,Ravichandran Ashwin,4.0,24,0,22,1,5.5,22.0,24.0
IPL_2023_048,2,RR,Trent Boult,4.0,24,0,25,2,6.25,12.5,12.0
IPL_2023_048,2,RR,Avesh Khan,4.0,24,0,16,1,4.0,16.0,24.0
IPL_2023_048,2,RR,Sandeep Sharma,4.0,24,0,87,2,21.75,43.5,12.0
IPL_2023_049,1,KKR,Sunil Narine,4.0,24,0,31,2,7.75,15.5,12.0
IPL_2023_049,1,KKR,Andre Russell,4.0,24,0,27,0,6.75,,
IPL_2023_049,1,KKR,Ramandeep Singh,4.0,24,0,19,1,4.75,19.0,24.0
IPL_2023_049,1,KKR,Mitchell Starc,4.0,24,0,15,2,3.75,7.5,12.0
IPL_2023_049,1,KKR,Harshit Rana,4.0,24,0,61,1,15.25,61.0,24.0
IPL_2023_049,2,DC,Axar Patel,4.0,24,0,25,2,6.25,12.5,12.0
IPL_2023_049,2,DC,Kuldeep Yadav,4.0,24,0,22,1,5.5,22.0,24.0
IPL_2023_049,2,DC,Khaleel Ahmed,4.0,24,0,24,2,6.0,12.0,12.0
IPL_2023_049,2,DC,Mukesh Kumar,4.0,24,0,20,3,5.0,6.67,8.0
IPL_2023_049,2,DC,Ishant Sharma,4.0,24,0,92,2,23.0,46.0,12.0
IPL_2023_050,1,RCB,Will Jacks,4.0,24,0,36,2,9.0,18.0,12.0
IPL_2023_050,1,RCB,Glenn Maxwell,4.0,24,0,32,2,8.0,16.0,12.0
IPL_2023_050,1,RCB,Cameron Green,4.0,24,0,25,2,6.25,12.5,12.0
IPL_2023_050,1,RCB,Karn Sharma,4.0,24,0,11,2,2.75,5.5,12.0
IPL_2023_050,1,RCB,Lockie Ferguson,4.0,24,0,68,3,17.0,22.67,8.0
IPL_2023_050,2,GT,Azmatullah Omarzai,4.0,24,0,43,1,10.75,43.0,24.0
IPL_2023_050,2,GT,Rahul Tewatia,4.0,24,0,19,2,4.75,9.5,12.0
IPL_2023_050,2,GT,Rashid Khan,4.0,24,0,20,1,5.0,20.0,24.0
IPL_2023_050,2,GT,Mohit Sharma,4.0,24,0,15,1,3.75,15.0,24.0
IPL_2023_050,2,GT,Noor Ahmad,4.0,24,0,72,1,18.0,72.0,24.0
IPL_2023_051,1,RR,Rovman Powell,4.0,24,0,29,3,7.25,9.67,8.0
IPL_2023_051,1,RR,Ravichandran Ashwin,4.0,24,0,30,1,7.5,30.0,24.0
IPL_2023_051,1,RR,Trent Boult,4.0,24,0,28,1,7.0,28.0,24.0
IPL_2023_051,1,RR,Avesh Khan,4.0,24,0,19,1,4.75,19.0,24.0
IPL_2023_051,1,RR,Sandeep Sharma,4.0,24,0,78,3,19.5,26.0,8.0
IPL_2023_051,2,DC,Axar Patel,4.0,24,0,42,2,10.5,21.0,12.0
IPL_2023_051,2,DC,Kuldeep Yadav,4.0,24,0,25,1,6.25,25.0,24.0
IPL_2023_051,2,DC,Khaleel Ahmed,4.0,24,0,23,3,5.75,7.67,8.0
IPL_2023_051,2,DC,Mukesh Kumar,4.0,24,1,12,3,3.0,4.0,8.0
IPL_2023_051,2,DC,Ishant Sharma,4.0,24,0,65,3,16.25,21.67,8.0
IPL_2023_052,1,SRH,Abhishek Sharma,4.0,24,0,35,1,8.75,35.0,24.0
IPL_2023_052,1,SRH,Nitish Kumar Reddy,4.0,24,0,35,3,8.75,11.67,8.0
IPL_2023_052,1,SRH,Shahbaz Ahmed,4.0,24,0,24,0,6.0,,
IPL_2023_052,1,SRH,Pat Cummins,4.0,24,0,22,1,5.5,22.0,24.0
IPL_2023_052,1,SRH,Bhuvneshwar Kumar,4.0,24,0,69,2,17.25,34.5,12.0
IPL_2023_052,2,LSG,Marcus Stoinis,4.0,24,0,38,1,9.5,38.0,24.0
IPL_2023_052,2,LSG,Deepak Hooda,4.0,24,0,28,0,7.0,,
IPL_2023_052,2,LSG,Krunal Pandya,4.0,24,1,19,2,4.75,9.5,12.0
IPL_2023_052,2,LSG,Ravi Bishnoi,4.0,24,0,13,1,3.25,13.0,24.0
IPL_2023_052,2,LSG,Mohsin Khan,4.0,24,0,74,1,18.5,74.0,24.0
IPL_2023_053,1,CSK,Rachin Ravindra,4.0,24,0,40,0,10.0,,
IPL_2023_053,1,CSK,Daryl Mitchell,4.0,24,0,23,1,5.75,23.0,24.0
IPL_2023_053,1,CSK,Shivam Dube,4.0,24,0,24,1,6.0,24.0,24.0
IPL_2023_053,1,CSK,Ravindra Jadeja,4.0,24,0,18,0,4.5,,
IPL_2023_053,1,CSK,Mitchell Santner,4.0,24,0,82,1,20.5,82.0,24.0
IPL_2023_053,2,PBKS,Sam Curran,4.0,24,0,31,2,7.75,15.5,12.0
IPL_2023_053,2,PBKS,Harpreet Brar,4.0,24,1,24,1,6.0,24.0,24.0
IPL_2023_053,2,PBKS,Harshal Patel,4.0,24,0,18,1,4.5,18.0,24.0
IPL_2023_053,2,PBKS,Kagiso Rabada,4.0,24,0,15,1,3.75,15.0,24.0
IPL_2023_053,2,PBKS,Arshdeep Singh,4.0,24,0,85,0,21.25,,
IPL_2023_054,1,KKR,Sunil Narine,4.0,24,0,46,3,11.5,15.33,8.0
IPL_2023_054,1,KKR,Andre Russell,4.0,24,0,30,1,7.5,30.0,24.0
IPL_2023_054,1,KKR,Ramandeep Singh,4.0,24,0,25,2,6.25,12.5,12.0
IPL_2023_054,1,KKR,Mitchell Starc,4.0,24,0,20,2,5.0,10.0,12.0
IPL_2023_054,1,KKR,Harshit Rana,4.0,24,0,78,1,19.5,78.0,24.0
IPL_2023_054,2,GT,Azmatullah Omarzai,4.0,24,0,32,0,8.0,,
IPL_2023_054,2,GT,Rahul Tewatia,4.0,24,0,25,0,6.25,,
IPL_2023_054,2,GT,Rashid Khan,4.0,24,0,32,2,8.0,16.0,12.0
IPL_2023_054,2,GT,Mohit Sharma,4.0,24,0,19,2,4.75,9.5,12.0
IPL_2023_054,2,GT,Noor Ahmad,4.0,24,0,81,0,20.25,,
IPL_2023_055,1,GT,Azmatullah Omarzai,4.0,24,0,37,1,9.25,37.0,24.0
IPL_2023_055,1,GT,Rahul Tewatia,4.0,24,0,23,2,5.75,11.5,12.0
IPL_2023_055,1,GT,Rashid Khan,4.0,24,0,18,3,4.5,6.0,8.0
IPL_2023_055,1,GT,Mohit Sharma,4.0,24,0,18,2,4.5,9.0,12.0
IPL_2023_055,1,GT,Noor Ahmad,4.0,24,0,89,1,22.25,89.0,24.0
IPL_2023_055,2,MI,Hardik Pandya,4.0,24,0,33,2,8.25,16.5,12.0
IPL_2023_055,2,MI,Romario Shepherd,4.0,24,0,34,1,8.5,34.0,24.0
IPL_2023_055,2,MI,Mohammad Nabi,4.0,24,0,28,2,7.0,14.0,12.0
IPL_2023_055,2,MI,Gerald Coetzee,4.0,24,0,12,1,3.0,12.0,24.0
IPL_2023_055,2,MI,Piyush Chawla,4.0,24,0,72,2,18.0,36.0,12.0
IPL_2023_056,1,RR,Rovman Powell,4.0,24,0,44,0,11.0,,
IPL_2023_056,1,RR,Ravichandran Ashwin,4.0,24,0,35,2,8.75,17.5,12.0
IPL_2023_056,1,RR,Trent Boult,4.0,24,0,24,1,6.0,24.0,24.0
IPL_2023_056,1,RR,Avesh Khan,4.0,24,0,18,2,4.5,9.0,12.0
IPL_2023_056,1,RR,Sandeep Sharma,4.0,24,0,79,1,19.75,79.0,24.0
IPL_2023_056,2,CSK,Rachin Ravindra,4.0,24,0,40,2,10.0,20.0,12.0
IPL_2023_056,2,CSK,Daryl Mitchell,4.0,24,0,24,1,6.0,24.0,24.0
IPL_2023_056,2,CSK,Shivam Dube,4.0,24,0,18,0,4.5,,
IPL_2023_056,2,CSK,Ravindra Jadeja,4.0,24,0,15,3,3.75,5.0,8.0
IPL_2023_056,2,CSK,Mitchell Santner,4.0,24,0,73,2,18.25,36.5,12.0
IPL_2023_057,1,KKR,Sunil Narine,4.0,24,0,33,0,8.25,,
IPL_2023_057,1,KKR,Andre Russell,4.0,24,0,22,1,5.5,22.0,24.0
IPL_2023_057,1,KKR,Ramandeep Singh,4.0,24,0,16,2,4.0,8.0,12.0
IPL_2023_057,1,KKR,Mitchell Starc,4.0,24,0,25,1,6.25,25.0,24.0
IPL_2023_057,1,KKR,Harshit Rana,4.0,24,0,73,2,18.25,36.5,12.0
IPL_2023_057,2,LSG,Marcus Stoinis,4.0,24,0,37,0,9.25,,
IPL_2023_057,2,LSG,Deepak Hooda,4.0,24,0,26,2,6.5,13.0,12.0
IPL_2023_057,2,LSG,Krunal Pandya,4.0,24,0,22,0,5.5,,
IPL_2023_057,2,LSG,Ravi Bishnoi,4.0,24,0,11,2,2.75,5.5,12.0
IPL_2023_057,2,LSG,Mohsin Khan,4.0,24,0,67,2,16.75,33.5,12.0
IPL_2023_058,1,SRH,Abhishek Sharma,4.0,24,0,34,3,8.5,11.33,8.0
IPL_2023_058,1,SRH,Nitish Kumar Reddy,4.0,24,0,27,1,6.75,27.0,24.0
IPL_2023_058,1,SRH,Shahbaz Ahmed,4.0,24,0,24,0,6.0,,
IPL_2023_058,1,SRH,Pat Cummins,4.0,24,0,13,1,3.25,13.0,24.0
IPL_2023_058,1,SRH,Bhuvneshwar Kumar,4.0,24,0,81,3,20.25,27.0,8.0
IPL_2023_058,2,CSK,Rachin Ravindra,4.0,24,0,42,3,10.5,14.0,8.0
IPL_2023_058,2,CSK,Daryl Mitchell,4.0,24,0,21,3,5.25,7.0,8.0
IPL_2023_058,2,CSK,Shivam Dube,4.0,24,0,29,0,7.25,,
IPL_2023_058,2,CSK,Ravindra Jadeja,4.0,24,1,22,3,5.5,7.33,8.0
IPL_2023_058,2,CSK,Mitchell Santner,4.0,24,0,78,1,19.5,78.0,24.0
IPL_2023_059,1,RCB,Will Jacks,4.0,24,0,34,0,8.5,,
IPL_2023_059,1,RCB,Glenn Maxwell,4.0,24,0,38,3,9.5,12.67,8.0
IPL_2023_059,1,RCB,Cameron Green,4.0,24,0,18,2,4.5,9.0,12.0
IPL_2023_059,1,RCB,Karn Sharma,4.0,24,1,13,3,3.25,4.33,8.0
IPL_2023_059,1,RCB,Lockie Ferguson,4.0,24,0,79,0,19.75,,
IPL_2023_059,2,KKR,Sunil Narine,4.0,24,0,33,3,8.25,11.0,8.0
IPL_2023_059,2,KKR,Andre Russell,4.0,24,0,22,2,5.5,11.0,12.0
IPL_2023_059,2,KKR,Ramandeep Singh,4.0,24,1,16,2,4.0,8.0,12.0
IPL_2023_059,2,KKR,Mitchell Starc,4.0,24,0,20,1,5.0,20.0,24.0
IPL_2023_059,2,KKR,Harshit Rana,4.0,24,0,77,3,19.25,25.67,8.0
IPL_2023_060,1,MI,Hardik Pandya,4.0,24,0,29,3,7.25,9.67,8.0
IPL_2023_060,1,MI,Romario Shepherd,4.0,24,0,27,2,6.75,13.5,12.0
IPL_2023_060,1,MI,Mohammad Nabi,4.0,24,0,26,2,6.5,13.0,12.0
IPL_2023_060,1,MI,Gerald Coetzee,4.0,24,0,18,2,4.5,9.0,12.0
IPL_2023_060,1,MI,Piyush Chawla,4.0,24,0,97,2,24.25,48.5,12.0
IPL_2023_060,2,DC,Axar Patel,4.0,24,0,39,2,9.75,19.5,12.0
IPL_2023_060,2,DC,Kuldeep Yadav,4.0,24,0,17,2,4.25,8.5,12.0
IPL_2023_060,2,DC,Khaleel Ahmed,4.0,24,0,15,3,3.75,5.0,8.0
IPL_2023_060,2,DC,Mukesh Kumar,4.0,24,0,12,3,3.0,4.0,8.0
IPL_2023_060,2,DC,Ishant Sharma,4.0,24,0,77,1,19.25,77.0,24.0
IPL_2023_061,1,PBKS,Sam Curran,4.0,24,0,48,3,12.0,16.0,8.0
IPL_2023_061,1,PBKS,Harpreet Brar,4.0,24,0,35,1,8.75,35.0,24.0
IPL_2023_061,1,PBKS,Harshal Patel,4.0,24,0,23,2,5.75,11.5,12.0
IPL_2023_061,1,PBKS,Kagiso Rabada,4.0,24,0,12,1,3.0,12.0,24.0
IPL_2023_061,1,PBKS,Arshdeep Singh,4.0,24,0,73,2,18.25,36.5,12.0
IPL_2023_061,2,LSG,Marcus Stoinis,4.0,24,0,40,1,10.0,40.0,24.0
IPL_2023_061,2,LSG,Deepak Hooda,4.0,24,0,33,3,8.25,11.0,8.0
IPL_2023_061,2,LSG,Krunal Pandya,4.0,24,0,16,1,4.0,16.0,24.0
IPL_2023_061,2,LSG,Ravi Bishnoi,4.0,24,0,13,0,3.25,,
IPL_2023_061,2,LSG,Mohsin Khan,4.0,24,0,68,3,17.0,22.67,8.0
IPL_2023_062,1,KKR,Sunil Narine,4.0,24,0,36,3,9.0,12.0,8.0
IPL_2023_062,1,KKR,Andre Russell,4.0,24,0,28,2,7.0,14.0,12.0
IPL_2023_062,1,KKR,Ramandeep Singh,4.0,24,0,21,1,5.25,21.0,24.0
IPL_2023_062,1,KKR,Mitchell Starc,4.0,24,0,17,2,4.25,8.5,12.0
IPL_2023_062,1,KKR,Harshit Rana,4.0,24,0,58,2,14.5,29.0,12.0
IPL_2023_062,2,DC,Axar Patel,4.0,24,0,29,1,7.25,29.0,24.0
IPL_2023_062,2,DC,Kuldeep Yadav,4.0,24,0,36,1,9.0,36.0,24.0
IPL_2023_062,2,DC,Khaleel Ahmed,4.0,24,0,20,1,5.0,20.0,24.0
IPL_2023_062,2,DC,Mukesh Kumar,4.0,24,0,12,2,3.0,6.0,12.0
IPL_2023_062,2,DC,Ishant Sharma,4.0,24,0,76,2,19.0,38.0,12.0
IPL_2023_063,1,SRH,Abhishek Sharma,4.0,24,0,43,1,10.75,43.0,24.0
IPL_2023_063,1,SRH,Nitish Kumar Reddy,4.0,24,0,27,2,6.75,13.5,12.0
IPL_2023_063,1,SRH,Shahbaz Ahmed,4.0,24,0,24,1,6.0,24.0,24.0
IPL_2023_063,1,SRH,Pat Cummins,4.0,24,0,19,2,4.75,9.5,12.0
IPL_2023_063,1,SRH,Bhuvneshwar Kumar,4.0,24,0,58,1,14.5,58.0,24.0
IPL_2023_063,2,KKR,Sunil Narine,4.0,24,0,40,1,10.0,40.0,24.0
IPL_2023_063,2,KKR,Andre Russell,4.0,24,0,18,1,4.5,18.0,24.0
IPL_2023_063,2,KKR,Ramandeep Singh,4.0,24,0,25,3,6.25,8.33,8.0
IPL_2023_063,2,KKR,Mitchell Starc,4.0,24,0,13,2,3.25,6.5,12.0
IPL_2023_063,2,KKR,Harshit Rana,4.0,24,0,75,2,18.75,37.5,12.0
IPL_2023_064,1,RCB,Will Jacks,4.0,24,0,33,0,8.25,,
IPL_2023_064,1,RCB,Glenn Maxwell,4.0,24,0,28,3,7.0,9.33,8.0
IPL_2023_064,1,RCB,Cameron Green,4.0,24,0,19,0,4.75,,
IPL_2023_064,1,RCB,Karn Sharma,4.0,24,0,21,0,5.25,,
IPL_2023_064,1,RCB,Lockie Ferguson,4.0,24,0,87,2,21.75,43.5,12.0
IPL_2023_064,2,DC,Axar Patel,4.0,24,0,23,2,5.75,11.5,12.0
IPL_2023_064,2,DC,Kuldeep Yadav,4.0,24,0,35,2,8.75,17.5,12.0
IPL_2023_064,2,DC,Khaleel Ahmed,4.0,24,0,20,1,5.0,20.0,24.0
IPL_2023_064,2,DC,Mukesh Kumar,4.0,24,0,20,3,5.0,6.67,8.0
IPL_2023_064,2,DC,Ishant Sharma,4.0,24,0,61,1,15.25,61.0,24.0
IPL_2023_065,1,KKR,Sunil Narine,4.0,24,0,38,1,9.5,38.0,24.0
IPL_2023_065,1,KKR,Andre Russell,4.0,24,0,29,0,7.25,,
IPL_2023_065,1,KKR,Ramandeep Singh,4.0,24,0,23,1,5.75,23.0,24.0
IPL_2023_065,1,KKR,Mitchell Starc,4.0,24,0,19,2,4.75,9.5,12.0
IPL_2023_065,1,KKR,Harshit Rana,4.0,24,0,64,1,16.0,64.0,24.0
IPL_2023_065,2,RR,Rovman Powell,4.0,24,0,31,2,7.75,15.5,12.0
IPL_2023_065,2,RR,Ravichandran Ashwin,4.0,24,0,29,0,7.25,,
IPL_2023_065,2,RR,Trent Boult,4.0,24,0,27,2,6.75,13.5,12.0
IPL_2023_065,2,RR,Avesh Khan,4.0,24,0,16,2,4.0,8.0,12.0
IPL_2023_065,2,RR,Sandeep Sharma,4.0,24,0,74,2,18.5,37.0,12.0
IPL_2023_066,1,LSG,Marcus Stoinis,4.0,24,0,27,1,6.75,27.0,24.0
IPL_2023_066,1,LSG,Deepak Hooda,4.0,24,0,30,2,7.5,15.0,12.0
IPL_2023_066,1,LSG,Krunal Pandya,4.0,24,0,18,1,4.5,18.0,24.0
IPL_2023_066,1,LSG,Ravi Bishnoi,4.0,24,0,20,2,5.0,10.0,12.0
IPL_2023_066,1,LSG,Mohsin Khan,4.0,24,0,73,1,18.25,73.0,24.0
IPL_2023_066,2,KKR,Sunil Narine,4.0,24,0,42,1,10.5,42.0,24.0
IPL_2023_066,2,KKR,Andre Russell,4.0,24,0,27,3,6.75,9.0,8.0
IPL_2023_066,2,KKR,Ramandeep Singh,4.0,24,0,19,0,4.75,,
IPL_2023_066,2,KKR,Mitchell Starc,4.0,24,1,17,0,4.25,,
IPL_2023_066,2,KKR,Harshit Rana,4.0,24,0,65,0,16.25,,
IPL_2023_067,1,KKR,Sunil Narine,4.0,24,0,43,2,10.75,21.5,12.0
IPL_2023_067,1,KKR,Andre Russell,4.0,24,0,18,2,4.5,9.0,12.0
IPL_2023_067,1,KKR,Ramandeep Singh,4.0,24,0,22,0,5.5,,
IPL_2023_067,1,KKR,Mitchell Starc,4.0,24,0,19,2,4.75,9.5,12.0
IPL_2023_067,1,KKR,Harshit Rana,4.0,24,0,65,1,16.25,65.0,24.0
IPL_2023_067,2,LSG,Marcus Stoinis,4.0,24,0,45,0,11.25,,
IPL_2023_067,2,LSG,Deepak Hooda,4.0,24,0,32,2,8.0,16.0,12.0
IPL_2023_067,2,LSG,Krunal Pandya,4.0,24,0,22,1,5.5,22.0,24.0
IPL_2023_067,2,LSG,Ravi Bishnoi,4.0,24,0,16,1,4.0,16.0,24.0
IPL_2023_067,2,LSG,Mohsin Khan,4.0,24,0,68,0,17.0,,
IPL_2023_068,1,SRH,Abhishek Sharma,4.0,24,0,43,1,10.75,43.0,24.0
IPL_2023_068,1,SRH,Nitish Kumar Reddy,4.0,24,0,28,3,7.0,9.33,8.0
IPL_2023_068,1,SRH,Shahbaz Ahmed,4.0,24,1,21,2,5.25,10.5,12.0
IPL_2023_068,1,SRH,Pat Cummins,4.0,24,0,17,2,4.25,8.5,12.0
IPL_2023_068,1,SRH,Bhuvneshwar Kumar,4.0,24,0,65,1,16.25,65.0,24.0
IPL_2023_068,2,RCB,Will Jacks,4.0,24,0,37,0,9.25,,
IPL_2023_068,2,RCB,Glenn Maxwell,4.0,24,0,38,3,9.5,12.67,8.0
IPL_2023_068,2,RCB,Cameron Green,4.0,24,0,19,3,4.75,6.33,8.0
IPL_2023_068,2,RCB,Karn Sharma,4.0,24,0,24,2,6.0,12.0,12.0
IPL_2023_068,2,RCB,Lockie Ferguson,4.0,24,0,74,3,18.5,24.67,8.0
IPL_2023_069,1,CSK,Rachin Ravindra,4.0,24,0,27,1,6.75,27.0,24.0
IPL_2023_069,1,CSK,Daryl Mitchell,4.0,24,0,20,1,5.0,20.0,24.0
IPL_2023_069,1,CSK,Shivam Dube,4.0,24,0,29,1,7.25,29.0,24.0
IPL_2023_069,1,CSK,Ravindra Jadeja,4.0,24,0,18,2,4.5,9.0,12.0
IPL_2023_069,1,CSK,Mitchell Santner,4.0,24,0,74,1,18.5,74.0,24.0
IPL_2023_069,2,KKR,Sunil Narine,4.0,24,0,31,2,7.75,15.5,12.0
IPL_2023_069,2,KKR,Andre Russell,4.0,24,0,31,3,7.75,10.33,8.0
IPL_2023_069,2,KKR,Ramandeep Singh,4.0,24,0,17,1,4.25,17.0,24.0
IPL_2023_069,2,KKR,Mitchell Starc,4.0,24,0,23,2,5.75,11.5,12.0
IPL_2023_069,2,KKR,Harshit Rana,4.0,24,0,82,2,20.5,41.0,12.0
IPL_2023_070,1,KKR,Sunil Narine,4.0,24,0,39,1,9.75,39.0,24.0
IPL_2023_070,1,KKR,Andre Russell,4.0,24,0,22,0,5.5,,
IPL_2023_070,1,KKR,Ramandeep Singh,4.0,24,0,27,2,6.75,13.5,12.0
IPL_2023_070,1,KKR,Mitchell Starc,4.0,24,0,22,1,5.5,22.0,24.0
IPL_2023_070,1,KKR,Harshit Rana,4.0,24,0,85,2,21.25,42.5,12.0
IPL_2023_070,2,DC,Axar Patel,4.0,24,0,46,2,11.5,23.0,12.0
IPL_2023_070,2,DC,Kuldeep Yadav,4.0,24,0,27,1,6.75,27.0,24.0
IPL_2023_070,2,DC,Khaleel Ahmed,4.0,24,0,18,1,4.5,18.0,24.0
IPL_2023_070,2,DC,Mukesh Kumar,4.0,24,0,17,0,4.25,,
IPL_2023_070,2,DC,Ishant Sharma,4.0,24,0,78,1,19.5,78.0,24.0
IPL_2023_071,1,SRH,Abhishek Sharma,4.0,24,0,40,2,10.0,20.0,12.0
IPL_2023_071,1,SRH,Nitish Kumar Reddy,4.0,24,0,34,0,8.5,,
IPL_2023_071,1,SRH,Shahbaz Ahmed,4.0,24,0,21,0,5.25,,
IPL_2023_071,1,SRH,Pat Cummins,4.0,24,1,16,3,4.0,5.33,8.0
IPL_2023_071,1,SRH,Bhuvneshwar Kumar,4.0,24,0,67,1,16.75,67.0,24.0
IPL_2023_071,2,KKR,Sunil Narine,4.0,24,0,30,1,7.5,30.0,24.0
IPL_2023_071,2,KKR,Andre Russell,4.0,24,1,21,2,5.25,10.5,12.0
IPL_2023_071,2,KKR,Ramandeep Singh,4.0,24,0,18,0,4.5,,
IPL_2023_071,2,KKR,Mitchell Starc,4.0,24,0,17,0,4.25,,
IPL_2023_071,2,KKR,Harshit Rana,4.0,24,0,73,2,18.25,36.5,12.0
IPL_2023_072,1,KKR,Sunil Narine,4.0,24,0,38,1,9.5,38.0,24.0
IPL_2023_072,1,KKR,Andre Russell,4.0,24,0,32,0,8.0,,
IPL_2023_072,1,KKR,Ramandeep Singh,4.0,24,0,26,1,6.5,26.0,24.0
IPL_2023_072,1,KKR,Mitchell Starc,4.0,24,0,14,1,3.5,14.0,24.0
IPL_2023_072,1,KKR,Harshit Rana,4.0,24,0,66,3,16.5,22.0,8.0
IPL_2023_072,2,MI,Hardik Pandya,4.0,24,0,40,0,10.0,,
IPL_2023_072,2,MI,Romario Shepherd,4.0,24,0,37,2,9.25,18.5,12.0
IPL_2023_072,2,MI,Mohammad Nabi,4.0,24,0,20,1,5.0,20.0,24.0
IPL_2023_072,2,MI,Gerald Coetzee,4.0,24,0,14,2,3.5,7.0,12.0
IPL_2023_072,2,MI,Piyush Chawla,4.0,24,0,77,2,19.25,38.5,12.0
IPL_2023_073,1,GT,Azmatullah Omarzai,4.0,24,0,35,3,8.75,11.67,8.0
IPL_2023_073,1,GT,Rahul Tewatia,4.0,24,0,22,2,5.5,11.0,12.0
IPL_2023_073,1,GT,Rashid Khan,4.0,24,1,24,1,6.0,24.0,24.0
IPL_2023_073,1,GT,Mohit Sharma,4.0,24,0,16,2,4.0,8.0,12.0
IPL_2023_073,1,GT,Noor Ahmad,4.0,24,0,79,2,19.75,39.5,12.0
IPL_2023_073,2,LSG,Marcus Stoinis,4.0,24,0,34,3,8.5,11.33,8.0
IPL_2023_073,2,LSG,Deepak Hooda,4.0,24,0,35,1,8.75,35.0,24.0
IPL_2023_073,2,LSG,Krunal Pandya,4.0,24,0,19,2,4.75,9.5,12.0
IPL_2023_073,2,LSG,Ravi Bishnoi,4.0,24,0,16,2,4.0,8.0,12.0
IPL_2023_073,2,LSG,Mohsin Khan,4.0,24,0,68,3,17.0,22.67,8.0
IPL_2023_074,1,RCB,Will Jacks,4.0,24,0,38,2,9.5,19.0,12.0
IPL_2023_074,1,RCB,Glenn Maxwell,4.0,24,0,26,3,6.5,8.67,8.0
IPL_2023_074,1,RCB,Cameron Green,4.0,24,0,26,2,6.5,13.0,12.0
IPL_2023_074,1,RCB,Karn Sharma,4.0,24,1,21,2,5.25,10.5,12.0
IPL_2023_074,1,RCB,Lockie Ferguson,4.0,24,0,78,2,19.5,39.0,12.0
IPL_2023_074,2,RR,Rovman Powell,4.0,24,0,26,3,6.5,8.67,8.0
IPL_2023_074,2,RR,Ravichandran Ashwin,4.0,24,0,24,2,6.0,12.0,12.0
IPL_2023_074,2,RR,Trent Boult,4.0,24,0,27,2,6.75,13.5,12.0
IPL_2023_074,2,RR,Avesh Khan,4.0,24,0,21,2,5.25,10.5,12.0
IPL_2023_074,2,RR,Sandeep Sharma,4.0,24,0,77,2,19.25,38.5,12.0
IPL_2024_001,1,SRH,Abhishek Sharma,4.0,24,1,22,3,5.5,7.33,8.0
IPL_2024_001,1,SRH,Nitish Kumar Reddy,4.0,24,0,28,2,7.0,14.0,12.0
IPL_2024_001,1,SRH,Shahbaz Ahmed,4.0,24,0,24,2,6.0,12.0,12.0
IPL_2024_001,1,SRH,Pat Cummins,4.0,24,0,17,1,4.25,17.0,24.0
IPL_2024_001,1,SRH,Bhuvneshwar Kumar,4.0,24,0,69,1,17.25,69.0,24.0
IPL_2024_001,2,KKR,Sunil Narine,4.0,24,0,33,0,8.25,,
IPL_2024_001,2,KKR,Andre Russell,4.0,24,0,31,2,7.75,15.5,12.0
IPL_2024_001,2,KKR,Ramandeep Singh,4.0,24,0,20,2,5.0,10.0,12.0
IPL_2024_001,2,KKR,Mitchell Starc,4.0,24,0,22,1,5.5,22.0,24.0
IPL_2024_001,2,KKR,Harshit Rana,4.0,24,0,67,2,16.75,33.5,12.0
IPL_2024_002,1,SRH,Abhishek Sharma,4.0,24,0,42,3,10.5,14.0,8.0
IPL_2024_002,1,SRH,Nitish Kumar Reddy,4.0,24,0,28,1,7.0,28.0,24.0
IPL_2024_002,1,SRH,Shahbaz Ahmed,4.0,24,0,17,2,4.25,8.5,12.0
IPL_2024_002,1,SRH,Pat Cummins,4.0,24,0,19,3,4.75,6.33,8.0
IPL_2024_002,1,SRH,Bhuvneshwar Kumar,4.0,24,0,86,3,21.5,28.67,8.0
IPL_2024_002,2,CSK,Rachin Ravindra,4.0,24,0,36,1,9.0,36.0,24.0
IPL_2024_002,2,CSK,Daryl Mitchell,4.0,24,0,32,1,8.0,32.0,24.0
IPL_2024_002,2,CSK,Shivam Dube,4.0,24,0,22,1,5.5,22.0,24.0
IPL_2024_002,2,CSK,Ravindra Jadeja,4.0,24,0,12,1,3.0,12.0,24.0
IPL_2024_002,2,CSK,Mitchell Santner,4.0,24,0,62,3,15.5,20.67,8.0
IPL_2024_003,1,CSK,Rachin Ravindra,4.0,24,0,36,0,9.0,,
IPL_2024_003,1,CSK,Daryl Mitchell,4.0,24,0,19,2,4.75,9.5,12.0
IPL_2024_003,1,CSK,Shivam Dube,4.0,24,0,22,2,5.5,11.0,12.0
IPL_2024_003,1,CSK,Ravindra Jadeja,4.0,24,0,22,3,5.5,7.33,8.0
IPL_2024_003,1,CSK,Mitchell Santner,4.0,24,0,75,1,18.75,75.0,24.0
IPL_2024_003,2,MI,Hardik Pandya,4.0,24,0,31,1,7.75,31.0,24.0
IPL_2024_003,2,MI,Romario Shepherd,4.0,24,0,33,2,8.25,16.5,12.0
IPL_2024_003,2,MI,Mohammad Nabi,4.0,24,0,18,0,4.5,,
IPL_2024_003,2,MI,Gerald Coetzee,4.0,24,0,13,3,3.25,4.33,8.0
IPL_2024_003,2,MI,Piyush Chawla,4.0,24,0,67,1,16.75,67.0,24.0
IPL_2024_004,1,CSK,Rachin Ravindra,4.0,24,0,27,3,6.75,9.0,8.0
IPL_2024_004,1,CSK,Daryl Mitchell,4.0,24,0,30,3,7.5,10.0,8.0
IPL_2024_004,1,CSK,Shivam Dube,4.0,24,0,24,0,6.0,,
IPL_2024_004,1,CSK,Ravindra Jadeja,4.0,24,0,17,0,4.25,,
IPL_2024_004,1,CSK,Mitchell Santner,4.0,24,0,60,2,15.0,30.0,12.0
IPL_2024_004,2,GT,Azmatullah Omarzai,4.0,24,0,41,2,10.25,20.5,12.0
IPL_2024_004,2,GT,Rahul Tewatia,4.0,24,0,29,2,7.25,14.5,12.0
IPL_2024_004,2,GT,Rashid Khan,4.0,24,0,24,3,6.0,8.0,8.0
IPL_2024_004,2,GT,Mohit Sharma,4.0,24,0,14,1,3.5,14.0,24.0
IPL_2024_004,2,GT,Noor Ahmad,4.0,24,0,65,1,16.25,65.0,24.0
IPL_2024_005,1,PBKS,Sam Curran,4.0,24,0,30,3,7.5,10.0,8.0
IPL_2024_005,1,PBKS,Harpreet Brar,4.0,24,0,25,1,6.25,25.0,24.0
IPL_2024_005,1,PBKS,Harshal Patel,4.0,24,0,22,2,5.5,11.0,12.0
IPL_2024_005,1,PBKS,Kagiso Rabada,4.0,24,0,21,3,5.25,7.0,8.0
IPL_2024_005,1,PBKS,Arshdeep Singh,4.0,24,0,66,1,16.5,66.0,24.0
IPL_2024_005,2,MI,Hardik Pandya,4.0,24,0,37,1,9.25,37.0,24.0
IPL_2024_005,2,MI,Romario Shepherd,4.0,24,0,31,1,7.75,31.0,24.0
IPL_2024_005,2,MI,Mohammad Nabi,4.0,24,0,25,2,6.25,12.5,12.0
IPL_2024_005,2,MI,Gerald Coetzee,4.0,24,0,15,2,3.75,7.5,12.0
IPL_2024_005,2,MI,Piyush Chawla,4.0,24,0,73,1,18.25,73.0,24.0
IPL_2024_006,1,RCB,Will Jacks,4.0,24,0,38,1,9.5,38.0,24.0
IPL_2024_006,1,RCB,Glenn Maxwell,4.0,24,0,33,2,8.25,16.5,12.0
IPL_2024_006,1,RCB,Cameron Green,4.0,24,0,21,3,5.25,7.0,8.0
IPL_2024_006,1,RCB,Karn Sharma,4.0,24,0,21,1,5.25,21.0,24.0
IPL_2024_006,1,RCB,Lockie Ferguson,4.0,24,0,78,1,19.5,78.0,24.0
IPL_2024_006,2,CSK,Rachin Ravindra,4.0,24,0,47,2,11.75,23.5,12.0
IPL_2024_006,2,CSK,Daryl Mitchell,4.0,24,0,36,2,9.0,18.0,12.0
IPL_2024_006,2,CSK,Shivam Dube,4.0,24,0,20,3,5.0,6.67,8.0
IPL_2024_006,2,CSK,Ravindra Jadeja,4.0,24,0,20,2,5.0,10.0,12.0
IPL_2024_006,2,CSK,Mitchell Santner,4.0,24,0,72,2,18.0,36.0,12.0
IPL_2024_007,1,RCB,Will Jacks,4.0,24,0,44,1,11.0,44.0,24.0
IPL_2024_007,1,RCB,Glenn Maxwell,4.0,24,0,33,2,8.25,16.5,12.0
IPL_2024_007,1,RCB,Cameron Green,4.0,24,0,21,1,5.25,21.0,24.0
IPL_2024_007,1,RCB,Karn Sharma,4.0,24,0,17,3,4.25,5.67,8.0
IPL_2024_007,1,RCB,Lockie Ferguson,4.0,24,0,81,2,20.25,40.5,12.0
IPL_2024_007,2,LSG,Marcus Stoinis,4.0,24,0,27,0,6.75,,
IPL_2024_007,2,LSG,Deepak Hooda,4.0,24,0,29,1,7.25,29.0,24.0
IPL_2024_007,2,LSG,Krunal Pandya,4.0,24,0,29,2,7.25,14.5,12.0
IPL_2024_007,2,LSG,Ravi Bishnoi,4.0,24,0,20,2,5.0,10.0,12.0
IPL_2024_007,2,LSG,Mohsin Khan,4.0,24,0,63,1,15.75,63.0,24.0
IPL_2024_008,1,GT,Azmatullah Omarzai,4.0,24,0,43,1,10.75,43.0,24.0
IPL_2024_008,1,GT,Rahul Tewatia,4.0,24,0,24,2,6.0,12.0,12.0
IPL_2024_008,1,GT,Rashid Khan,4.0,24,0,25,0,6.25,,
IPL_2024_008,1,GT,Mohit Sharma,4.0,24,1,14,2,3.5,7.0,12.0
IPL_2024_008,1,GT,Noor Ahmad,4.0,24,0,83,2,20.75,41.5,12.0
IPL_2024_008,2,RCB,Will Jacks,4.0,24,0,25,0,6.25,,
IPL_2024_008,2,RCB,Glenn Maxwell,4.0,24,0,34,1,8.5,34.0,24.0
IPL_2024_008,2,RCB,Cameron Green,4.0,24,0,18,1,4.5,18.0,24.0
IPL_2024_008,2,RCB,Karn Sharma,4.0,24,0,23,2,5.75,11.5,12.0
IPL_2024_008,2,RCB,Lockie Ferguson,4.0,24,0,82,1,20.5,82.0,24.0
IPL_2024_009,1,LSG,Marcus Stoinis,4.0,24,0,25,1,6.25,25.0,24.0
IPL_2024_009,1,LSG,Deepak Hooda,4.0,24,0,28,3,7.0,9.33,8.0
IPL_2024_009,1,LSG,Krunal Pandya,4.0,24,0,29,2,7.25,14.5,12.0
IPL_2024_009,1,LSG,Ravi Bishnoi,4.0,24,0,14,1,3.5,14.0,24.0
IPL_2024_009,1,LSG,Mohsin Khan,4.0,24,0,73,2,18.25,36.5,12.0
IPL_2024_009,2,CSK,Rachin Ravindra,4.0,24,0,34,0,8.5,,
IPL_2024_009,2,CSK,Daryl Mitchell,4.0,24,0,36,2,9.0,18.0,12.0
IPL_2024_009,2,CSK,Shivam Dube,4.0,24,0,24,2,6.0,12.0,12.0
IPL_2024_009,2,CSK,Ravindra Jadeja,4.0,24,0,21,2,5.25,10.5,12.0
IPL_2024_009,2,CSK,Mitchell Santner,4.0,24,0,71,1,17.75,71.0,24.0
IPL_2024_010,1,GT,Azmatullah Omarzai,4.0,24,0,28,2,7.0,14.0,12.0
IPL_2024_010,1,GT,Rahul Tewatia,4.0,24,0,21,2,5.25,10.5,12.0
IPL_2024_010,1,GT,Rashid Khan,4.0,24,0,28,1,7.0,28.0,24.0
IPL_2024_010,1,GT,Mohit Sharma,4.0,24,0,25,1,6.25,25.0,24.0
IPL_2024_010,1,GT,Noor Ahmad,4.0,24,0,82,2,20.5,41.0,12.0
IPL_2024_010,2,KKR,Sunil Narine,4.0,24,0,38,1,9.5,38.0,24.0
IPL_2024_010,2,KKR,Andre Russell,4.0,24,0,34,0,8.5,,
IPL_2024_010,2,KKR,Ramandeep Singh,4.0,24,1,18,2,4.5,9.0,12.0
IPL_2024_010,2,KKR,Mitchell Starc,4.0,24,1,18,1,4.5,18.0,24.0
IPL_2024_010,2,KKR,Harshit Rana,4.0,24,0,65,3,16.25,21.67,8.0
IPL_2024_011,1,SRH,Abhishek Sharma,4.0,24,0,44,2,11.0,22.0,12.0
IPL_2024_011,1,SRH,Nitish Kumar Reddy,4.0,24,0,20,0,5.0,,
IPL_2024_011,1,SRH,Shahbaz Ahmed,4.0,24,0,31,3,7.75,10.33,8.0
IPL_2024_011,1,SRH,Pat Cummins,4.0,24,0,14,3,3.5,4.67,8.0
IPL_2024_011,1,SRH,Bhuvneshwar Kumar,4.0,24,0,77,1,19.25,77.0,24.0
IPL_2024_011,2,RCB,Will Jacks,4.0,24,0,49,1,12.25,49.0,24.0
IPL_2024_011,2,RCB,Glenn Maxwell,4.0,24,1,23,0,5.75,,
IPL_2024_011,2,RCB,Cameron Green,4.0,24,0,25,0,6.25,,
IPL_2024_011,2,RCB,Karn Sharma,4.0,24,0,18,1,4.5,18.0,24.0
IPL_2024_011,2,RCB,Lockie Ferguson,4.0,24,0,77,1,19.25,77.0,24.0
IPL_2024_012,1,KKR,Sunil Narine,4.0,24,0,35,0,8.75,,
IPL_2024_012,1,KKR,Andre Russell,4.0,24,0,22,3,5.5,7.33,8.0
IPL_2024_012,1,KKR,Ramandeep Singh,4.0,24,1,17,2,4.25,8.5,12.0
IPL_2024_012,1,KKR,Mitchell Starc,4.0,24,0,22,0,5.5,,
IPL_2024_012,1,KKR,Harshit Rana,4.0,24,0,79,3,19.75,26.33,8.0
IPL_2024_012,2,RR,Rovman Powell,4.0,24,0,25,0,6.25,,
IPL_2024_012,2,RR,Ravichandran Ashwin,4.0,24,0,36,3,9.0,12.0,8.0
IPL_2024_012,2,RR,Trent Boult,4.0,24,0,19,2,4.75,9.5,12.0
IPL_2024_012,2,RR,Avesh Khan,4.0,24,0,16,2,4.0,8.0,12.0
IPL_2024_012,2,RR,Sandeep Sharma,4.0,24,0,78,0,19.5,,
IPL_2024_013,1,KKR,Sunil Narine,4.0,24,0,27,2,6.75,13.5,12.0
IPL_2024_013,1,KKR,Andre Russell,4.0,24,0,29,1,7.25,29.0,24.0
IPL_2024_013,1,KKR,Ramandeep Singh,4.0,24,0,23,0,5.75,,
IPL_2024_013,1,KKR,Mitchell Starc,4.0,24,0,19,1,4.75,19.0,24.0
IPL_2024_013,1,KKR,Harshit Rana,4.0,24,0,88,3,22.0,29.33,8.0
IPL_2024_013,2,SRH,Abhishek Sharma,4.0,24,0,28,0,7.0,,
IPL_2024_013,2,SRH,Nitish Kumar Reddy,4.0,24,0,20,2,5.0,10.0,12.0
IPL_2024_013,2,SRH,Shahbaz Ahmed,4.0,24,0,22,2,5.5,11.0,12.0
IPL_2024_013,2,SRH,Pat Cummins,4.0,24,0,16,0,4.0,,
IPL_2024_013,2,SRH,Bhuvneshwar Kumar,4.0,24,0,80,1,20.0,80.0,24.0
IPL_2024_014,1,RCB,Will Jacks,4.0,24,0,36,2,9.0,18.0,12.0
IPL_2024_014,1,RCB,Glenn Maxwell,4.0,24,0,32,1,8.0,32.0,24.0
IPL_2024_014,1,RCB,Cameron Green,4.0,24,0,14,0,3.5,,
IPL_2024_014,1,RCB,Karn Sharma,4.0,24,0,13,3,3.25,4.33,8.0
IPL_2024_014,1,RCB,Lockie Ferguson,4.0,24,0,70,2,17.5,35.0,12.0
IPL_2024_014,2,RR,Rovman Powell,4.0,24,0,41,3,10.25,13.67,8.0
IPL_2024_014,2,RR,Ravichandran Ashwin,4.0,24,0,19,1,4.75,19.0,24.0
IPL_2024_014,2,RR,Trent Boult,4.0,24,0,20,2,5.0,10.0,12.0
IPL_2024_014,2,RR,Avesh Khan,4.0,24,0,19,1,4.75,19.0,24.0
IPL_2024_014,2,RR,Sandeep Sharma,4.0,24,0,73,3,18.25,24.33,8.0
IPL_2024_015,1,SRH,Abhishek Sharma,4.0,24,0,45,0,11.25,,
IPL_2024_015,1,SRH,Nitish Kumar Reddy,4.0,24,0,34,1,8.5,34.0,24.0
IPL_2024_015,1,SRH,Shahbaz Ahmed,4.0,24,0,26,0,6.5,,
IPL_2024_015,1,SRH,Pat Cummins,4.0,24,1,18,0,4.5,,
IPL_2024_015,1,SRH,Bhuvneshwar Kumar,4.0,24,0,59,0,14.75,,
IPL_2024_015,2,RCB,Will Jacks,4.0,24,0,28,3,7.0,9.33,8.0
IPL_2024_015,2,RCB,Glenn Maxwell,4.0,24,0,28,2,7.0,14.0,12.0
IPL_2024_015,2,RCB,Cameron Green,4.0,24,0,23,2,5.75,11.5,12.0
IPL_2024_015,2,RCB,Karn Sharma,4.0,24,0,16,0,4.0,,
IPL_2024_015,2,RCB,Lockie Ferguson,4.0,24,0,78,3,19.5,26.0,8.0
IPL_2024_016,1,GT,Azmatullah Omarzai,4.0,24,0,38,0,9.5,,
IPL_2024_016,1,GT,Rahul Tewatia,4.0,24,0,28,3,7.0,9.33,8.0
IPL_2024_016,1,GT,Rashid Khan,4.0,24,0,16,1,4.0,16.0,24.0
IPL_2024_016,1,GT,Mohit Sharma,4.0,24,0,17,1,4.25,17.0,24.0
IPL_2024_016,1,GT,Noor Ahmad,4.0,24,0,71,0,17.75,,
IPL_2024_016,2,RR,Rovman Powell,4.0,24,0,33,1,8.25,33.0,24.0
IPL_2024_016,2,RR,Ravichandran Ashwin,4.0,24,0,39,0,9.75,,
IPL_2024_016,2,RR,Trent Boult,4.0,24,0,25,2,6.25,12.5,12.0
IPL_2024_016,2,RR,Avesh Khan,4.0,24,0,22,1,5.5,22.0,24.0
IPL_2024_016,2,RR,Sandeep Sharma,4.0,24,0,66,0,16.5,,
IPL_2024_017,1,GT,Azmatullah Omarzai,4.0,24,0,28,3,7.0,9.33,8.0
IPL_2024_017,1,GT,Rahul Tewatia,4.0,24,0,34,3,8.5,11.33,8.0
IPL_2024_017,1,GT,Rashid Khan,4.0,24,0,17,0,4.25,,
IPL_2024_017,1,GT,Mohit Sharma,4.0,24,1,17,2,4.25,8.5,12.0
IPL_2024_017,1,GT,Noor Ahmad,4.0,24,0,88,1,22.0,88.0,24.0
IPL_2024_017,2,PBKS,Sam Curran,4.0,24,0,26,1,6.5,26.0,24.0
IPL_2024_017,2,PBKS,Harpreet Brar,4.0,24,0,35,0,8.75,,
IPL_2024_017,2,PBKS,Harshal Patel,4.0,24,0,23,1,5.75,23.0,24.0
IPL_2024_017,2,PBKS,Kagiso Rabada,4.0,24,0,21,2,5.25,10.5,12.0
IPL_2024_017,2,PBKS,Arshdeep Singh,4.0,24,0,70,3,17.5,23.33,8.0
IPL_2024_018,1,LSG,Marcus Stoinis,4.0,24,0,24,1,6.0,24.0,24.0
IPL_2024_018,1,LSG,Deepak Hooda,4.0,24,0,21,0,5.25,,
IPL_2024_018,1,LSG,Krunal Pandya,4.0,24,0,30,2,7.5,15.0,12.0
IPL_2024_018,1,LSG,Ravi Bishnoi,4.0,24,0,16,3,4.0,5.33,8.0
IPL_2024_018,1,LSG,Mohsin Khan,4.0,24,0,78,3,19.5,26.0,8.0
IPL_2024_018,2,MI,Hardik Pandya,4.0,24,0,32,1,8.0,32.0,24.0
IPL_2024_018,2,MI,Romario Shepherd,4.0,24,0,33,1,8.25,33.0,24.0
IPL_2024_018,2,MI,Mohammad Nabi,4.0,24,0,31,3,7.75,10.33,8.0
IPL_2024_018,2,MI,Gerald Coetzee,4.0,24,0,13,0,3.25,,
IPL_2024_018,2,MI,Piyush Chawla,4.0,24,0,86,2,21.5,43.0,12.0
IPL_2024_019,1,GT,Azmatullah Omarzai,4.0,24,0,38,2,9.5,19.0,12.0
IPL_2024_019,1,GT,Rahul Tewatia,4.0,24,0,19,1,4.75,19.0,24.0
IPL_2024_019,1,GT,Rashid Khan,4.0,24,0,26,2,6.5,13.0,12.0
IPL_2024_019,1,GT,Mohit Sharma,4.0,24,0,23,2,5.75,11.5,12.0
IPL_2024_019,1,GT,Noor Ahmad,4.0,24,0,68,2,17.0,34.0,12.0
IPL_2024_019,2,MI,Hardik Pandya,4.0,24,0,48,2,12.0,24.0,12.0
IPL_2024_019,2,MI,Romario Shepherd,4.0,24,0,35,1,8.75,35.0,24.0
IPL_2024_019,2,MI,Mohammad Nabi,4.0,24,0,16,1,4.0,16.0,24.0
IPL_2024_019,2,MI,Gerald Coetzee,4.0,24,0,22,2,5.5,11.0,12.0
IPL_2024_019,2,MI,Piyush Chawla,4.0,24,0,68,2,17.0,34.0,12.0
IPL_2024_020,1,SRH,Abhishek Sharma,4.0,24,0,35,3,8.75,11.67,8.0
IPL_2024_020,1,SRH,Nitish Kumar Reddy,4.0,24,0,32,1,8.0,32.0,24.0
IPL_2024_020,1,SRH,Shahbaz Ahmed,4.0,24,0,28,2,7.0,14.0,12.0
IPL_2024_020,1,SRH,Pat Cummins,4.0,24,0,15,1,3.75,15.0,24.0
IPL_2024_020,1,SRH,Bhuvneshwar Kumar,4.0,24,0,68,2,17.0,34.0,12.0
IPL_2024_020,2,PBKS,Sam Curran,4.0,24,0,37,1,9.25,37.0,24.0
IPL_2024_020,2,PBKS,Harpreet Brar,4.0,24,0,29,2,7.25,14.5,12.0
IPL_2024_020,2,PBKS,Harshal Patel,4.0,24,0,29,2,7.25,14.5,12.0
IPL_2024_020,2,PBKS,Kagiso Rabada,4.0,24,0,20,2,5.0,10.0,12.0
IPL_2024_020,2,PBKS,Arshdeep Singh,4.0,24,0,68,0,17.0,,
IPL_2024_021,1,PBKS,Sam Curran,4.0,24,0,30,2,7.5,15.0,12.0
IPL_2024_021,1,PBKS,Harpreet Brar,4.0,24,0,23,1,5.75,23.0,24.0
IPL_2024_021,1,PBKS,Harshal Patel,4.0,24,0,28,2,7.0,14.0,12.0
IPL_2024_021,1,PBKS,Kagiso Rabada,4.0,24,1,15,3,3.75,5.0,8.0
IPL_2024_021,1,PBKS,Arshdeep Singh,4.0,24,0,74,2,18.5,37.0,12.0
IPL_2024_021,2,KKR,Sunil Narine,4.0,24,0,31,2,7.75,15.5,12.0
IPL_2024_021,2,KKR,Andre Russell,4.0,24,0,22,0,5.5,,
IPL_2024_021,2,KKR,Ramandeep Singh,4.0,24,0,15,2,3.75,7.5,12.0
IPL_2024_021,2,KKR,Mitchell Starc,4.0,24,0,12,2,3.0,6.0,12.0
IPL_2024_021,2,KKR,Harshit Rana,4.0,24,0,76,3,19.0,25.33,8.0
IPL_2024_022,1,SRH,Abhishek Sharma,4.0,24,0,26,2,6.5,13.0,12.0
IPL_2024_022,1,SRH,Nitish Kumar Reddy,4.0,24,0,22,0,5.5,,
IPL_2024_022,1,SRH,Shahbaz Ahmed,4.0,24,0,21,2,5.25,10.5,12.0
IPL_2024_022,1,SRH,Pat Cummins,4.0,24,0,19,2,4.75,9.5,12.0
IPL_2024_022,1,SRH,Bhuvneshwar Kumar,4.0,24,0,93,2,23.25,46.5,12.0
IPL_2024_022,2,MI,Hardik Pandya,4.0,24,0,30,2,7.5,15.0,12.0
IPL_2024_022,2,MI,Romario Shepherd,4.0,24,0,32,0,8.0,,
IPL_2024_022,2,MI,Mohammad Nabi,4.0,24,0,20,1,5.0,20.0,24.0
IPL_2024_022,2,MI,Gerald Coetzee,4.0,24,0,20,1,5.0,20.0,24.0
IPL_2024_022,2,MI,Piyush Chawla,4.0,24,0,68,2,17.0,34.0,12.0
IPL_2024_023,1,MI,Hardik Pandya,4.0,24,0,29,2,7.25,14.5,12.0
IPL_2024_023,1,MI,Romario Shepherd,4.0,24,0,36,0,9.0,,
IPL_2024_023,1,MI,Mohammad Nabi,4.0,24,0,20,1,5.0,20.0,24.0
IPL_2024_023,1,MI,Gerald Coetzee,4.0,24,0,12,2,3.0,6.0,12.0
IPL_2024_023,1,MI,Piyush Chawla,4.0,24,0,79,3,19.75,26.33,8.0
IPL_2024_023,2,SRH,Abhishek Sharma,4.0,24,0,37,0,9.25,,
IPL_2024_023,2,SRH,Nitish Kumar Reddy,4.0,24,0,29,3,7.25,9.67,8.0
IPL_2024_023,2,SRH,Shahbaz Ahmed,4.0,24,0,12,1,3.0,12.0,24.0
IPL_2024_023,2,SRH,Pat Cummins,4.0,24,0,12,1,3.0,12.0,24.0
IPL_2024_023,2,SRH,Bhuvneshwar Kumar,4.0,24,0,66,1,16.5,66.0,24.0
IPL_2024_024,1,PBKS,Sam Curran,4.0,24,0,27,1,6.75,27.0,24.0
IPL_2024_024,1,PBKS,Harpreet Brar,4.0,24,0,26,3,6.5,8.67,8.0
IPL_2024_024,1,PBKS,Harshal Patel,4.0,24,0,20,1,5.0,20.0,24.0
IPL_2024_024,1,PBKS,Kagiso Rabada,4.0,24,0,21,1,5.25,21.0,24.0
IPL_2024_024,1,PBKS,Arshdeep Singh,4.0,24,0,72,2,18.0,36.0,12.0
IPL_2024_024,2,MI,Hardik Pandya,4.0,24,0,29,3,7.25,9.67,8.0
IPL_2024_024,2,MI,Romario Shepherd,4.0,24,0,25,2,6.25,12.5,12.0
IPL_2024_024,2,MI,Mohammad Nabi,4.0,24,0,31,3,7.75,10.33,8.0
IPL_2024_024,2,MI,Gerald Coetzee,4.0,24,0,18,3,4.5,6.0,8.0
IPL_2024_024,2,MI,Piyush Chawla,4.0,24,0,76,1,19.0,76.0,24.0
IPL_2024_025,1,RR,Rovman Powell,4.0,24,0,40,3,10.0,13.33,8.0
IPL_2024_025,1,RR,Ravichandran Ashwin,4.0,24,1,20,2,5.0,10.0,12.0
IPL_2024_025,1,RR,Trent Boult,4.0,24,0,16,1,4.0,16.0,24.0
IPL_2024_025,1,RR,Avesh Khan,4.0,24,0,17,0,4.25,,
IPL_2024_025,1,RR,Sandeep Sharma,4.0,24,0,65,2,16.25,32.5,12.0
IPL_2024_025,2,RCB,Will Jacks,4.0,24,0,28,2,7.0,14.0,12.0
IPL_2024_025,2,RCB,Glenn Maxwell,4.0,24,0,30,0,7.5,,
IPL_2024_025,2,RCB,Cameron Green,4.0,24,0,19,1,4.75,19.0,24.0
IPL_2024_025,2,RCB,Karn Sharma,4.0,24,0,24,0,6.0,,
IPL_2024_025,2,RCB,Lockie Ferguson,4.0,24,0,75,0,18.75,,
IPL_2024_026,1,CSK,Rachin Ravindra,4.0,24,0,37,2,9.25,18.5,12.0
IPL_2024_026,1,CSK,Daryl Mitchell,4.0,24,0,16,2,4.0,8.0,12.0
IPL_2024_026,1,CSK,Shivam Dube,4.0,24,0,24,2,6.0,12.0,12.0
IPL_2024_026,1,CSK,Ravindra Jadeja,4.0,24,0,12,1,3.0,12.0,24.0
IPL_2024_026,1,CSK,Mitchell Santner,4.0,24,0,63,0,15.75,,
IPL_2024_026,2,MI,Hardik Pandya,4.0,24,0,25,1,6.25,25.0,24.0
IPL_2024_026,2,MI,Romario Shepherd,4.0,24,0,21,1,5.25,21.0,24.0
IPL_2024_026,2,MI,Mohammad Nabi,4.0,24,0,21,2,5.25,10.5,12.0
IPL_2024_026,2,MI,Gerald Coetzee,4.0,24,0,18,1,4.5,18.0,24.0
IPL_2024_026,2,MI,Piyush Chawla,4.0,24,0,74,3,18.5,24.67,8.0
IPL_2024_027,1,KKR,Sunil Narine,4.0,24,0,34,1,8.5,34.0,24.0
IPL_2024_027,1,KKR,Andre Russell,4.0,24,0,24,3,6.0,8.0,8.0
IPL_2024_027,1,KKR,Ramandeep Singh,4.0,24,0,27,0,6.75,,
IPL_2024_027,1,KKR,Mitchell Starc,4.0,24,1,20,0,5.0,,
IPL_2024_027,1,KKR,Harshit Rana,4.0,24,0,65,1,16.25,65.0,24.0
IPL_2024_027,2,PBKS,Sam Curran,4.0,24,0,38,2,9.5,19.0,12.0
IPL_2024_027,2,PBKS,Harpreet Brar,4.0,24,0,22,2,5.5,11.0,12.0
IPL_2024_027,2,PBKS,Harshal Patel,4.0,24,0,29,1,7.25,29.0,24.0
IPL_2024_027,2,PBKS,Kagiso Rabada,4.0,24,0,23,0,5.75,,
IPL_2024_027,2,PBKS,Arshdeep Singh,4.0,24,0,72,0,18.0,,
IPL_2024_028,1,CSK,Rachin Ravindra,4.0,24,0,31,3,7.75,10.33,8.0
IPL_2024_028,1,CSK,Daryl Mitchell,4.0,24,0,30,1,7.5,30.0,24.0
IPL_2024_028,1,CSK,Shivam Dube,4.0,24,0,26,3,6.5,8.67,8.0
IPL_2024_028,1,CSK,Ravindra Jadeja,4.0,24,0,20,1,5.0,20.0,24.0
IPL_2024_028,1,CSK,Mitchell Santner,4.0,24,0,79,1,19.75,79.0,24.0
IPL_2024_028,2,RR,Rovman Powell,4.0,24,0,48,2,12.0,24.0,12.0
IPL_2024_028,2,RR,Ravichandran Ashwin,4.0,24,0,35,1,8.75,35.0,24.0
IPL_2024_028,2,RR,Trent Boult,4.0,24,0,16,1,4.0,16.0,24.0
IPL_2024_028,2,RR,Avesh Khan,4.0,24,0,25,2,6.25,12.5,12.0
IPL_2024_028,2,RR,Sandeep Sharma,4.0,24,0,76,3,19.0,25.33,8.0
IPL_2024_029,1,SRH,Abhishek Sharma,4.0,24,0,31,2,7.75,15.5,12.0
IPL_2024_029,1,SRH,Nitish Kumar Reddy,4.0,24,0,28,2,7.0,14.0,12.0
IPL_2024_029,1,SRH,Shahbaz Ahmed,4.0,24,0,20,1,5.0,20.0,24.0
IPL_2024_029,1,SRH,Pat Cummins,4.0,24,0,26,0,6.5,,
IPL_2024_029,1,SRH,Bhuvneshwar Kumar,4.0,24,0,82,2,20.5,41.0,12.0
IPL_2024_029,2,MI,Hardik Pandya,4.0,24,0,32,2,8.0,16.0,12.0
IPL_2024_029,2,MI,Romario Shepherd,4.0,24,0,21,1,5.25,21.0,24.0
IPL_2024_029,2,MI,Mohammad Nabi,4.0,24,0,17,1,4.25,17.0,24.0
IPL_2024_029,2,MI,Gerald Coetzee,4.0,24,0,16,2,4.0,8.0,12.0
IPL_2024_029,2,MI,Piyush Chawla,4.0,24,0,80,1,20.0,80.0,24.0
IPL_2024_030,1,RR,Rovman Powell,4.0,24,0,44,0,11.0,,
IPL_2024_030,1,RR,Ravichandran Ashwin,4.0,24,0,28,2,7.0,14.0,12.0
IPL_2024_030,1,RR,Trent Boult,4.0,24,1,22,1,5.5,22.0,24.0
IPL_2024_030,1,RR,Avesh Khan,4.0,24,0,11,1,2.75,11.0,24.0
IPL_2024_030,1,RR,Sandeep Sharma,4.0,24,0,67,1,16.75,67.0,24.0
IPL_2024_030,2,CSK,Rachin Ravindra,4.0,24,0,34,0,8.5,,
IPL_2024_030,2,CSK,Daryl Mitchell,4.0,24,0,38,1,9.5,38.0,24.0
IPL_2024_030,2,CSK,Shivam Dube,4.0,24,0,21,1,5.25,21.0,24.0
IPL_2024_030,2,CSK,Ravindra Jadeja,4.0,24,0,17,2,4.25,8.5,12.0
IPL_2024_030,2,CSK,Mitchell Santner,4.0,24,0,80,3,20.0,26.67,8.0
IPL_2024_031,1,LSG,Marcus Stoinis,4.0,24,0,30,0,7.5,,
IPL_2024_031,1,LSG,Deepak Hooda,4.0,24,0,21,3,5.25,7.0,8.0
IPL_2024_031,1,LSG,Krunal Pandya,4.0,24,1,21,2,5.25,10.5,12.0
IPL_2024_031,1,LSG,Ravi Bishnoi,4.0,24,0,16,2,4.0,8.0,12.0
IPL_2024_031,1,LSG,Mohsin Khan,4.0,24,0,73,1,18.25,73.0,24.0
IPL_2024_031,2,RR,Rovman Powell,4.0,24,0,34,1,8.5,34.0,24.0
IPL_2024_031,2,RR,Ravichandran Ashwin,4.0,24,0,34,2,8.5,17.0,12.0
IPL_2024_031,2,RR,Trent Boult,4.0,24,0,28,1,7.0,28.0,24.0
IPL_2024_031,2,RR,Avesh Khan,4.0,24,0,17,0,4.25,,
IPL_2024_031,2,RR,Sandeep Sharma,4.0,24,0,71,2,17.75,35.5,12.0
IPL_2024_032,1,RR,Rovman Powell,4.0,24,0,28,3,7.0,9.33,8.0
IPL_2024_032,1,RR,Ravichandran Ashwin,4.0,24,0,26,1,6.5,26.0,24.0
IPL_2024_032,1,RR,Trent Boult,4.0,24,0,34,3,8.5,11.33,8.0
IPL_2024_032,1,RR,Avesh Khan,4.0,24,0,25,2,6.25,12.5,12.0
IPL_2024_032,1,RR,Sandeep Sharma,4.0,24,0,89,2,22.25,44.5,12.0
IPL_2024_032,2,KKR,Sunil Narine,4.0,24,0,40,2,10.0,20.0,12.0
IPL_2024_032,2,KKR,Andre Russell,4.0,24,0,24,3,6.0,8.0,8.0
IPL_2024_032,2,KKR,Ramandeep Singh,4.0,24,0,19,0,4.75,,
IPL_2024_032,2,KKR,Mitchell Starc,4.0,24,0,13,0,3.25,,
IPL_2024_032,2,KKR,Harshit Rana,4.0,24,0,71,2,17.75,35.5,12.0
IPL_2024_033,1,PBKS,Sam Curran,4.0,24,0,36,1,9.0,36.0,24.0
IPL_2024_033,1,PBKS,Harpreet Brar,4.0,24,0,33,3,8.25,11.0,8.0
IPL_2024_033,1,PBKS,Harshal Patel,4.0,24,0,30,0,7.5,,
IPL_2024_033,1,PBKS,Kagiso Rabada,4.0,24,0,19,0,4.75,,
IPL_2024_033,1,PBKS,Arshdeep Singh,4.0,24,0,71,1,17.75,71.0,24.0
IPL_2024_033,2,MI,Hardik Pandya,4.0,24,0,46,3,11.5,15.33,8.0
IPL_2024_033,2,MI,Romario Shepherd,4.0,24,0,28,0,7.0,,
IPL_2024_033,2,MI,Mohammad Nabi,4.0,24,0,23,0,5.75,,
IPL_2024_033,2,MI,Gerald Coetzee,4.0,24,0,26,3,6.5,8.67,8.0
IPL_2024_033,2,MI,Piyush Chawla,4.0,24,0,77,2,19.25,38.5,12.0
IPL_2024_034,1,KKR,Sunil Narine,4.0,24,0,35,3,8.75,11.67,8.0
IPL_2024_034,1,KKR,Andre Russell,4.0,24,0,29,0,7.25,,
IPL_2024_034,1,KKR,Ramandeep Singh,4.0,24,0,13,2,3.25,6.5,12.0
IPL_2024_034,1,KKR,Mitchell Starc,4.0,24,0,16,3,4.0,5.33,8.0
IPL_2024_034,1,KKR,Harshit Rana,4.0,24,0,68,2,17.0,34.0,12.0
IPL_2024_034,2,RR,Rovman Powell,4.0,24,0,33,0,8.25,,
IPL_2024_034,2,RR,Ravichandran Ashwin,4.0,24,0,23,0,5.75,,
IPL_2024_034,2,RR,Trent Boult,4.0,24,0,21,1,5.25,21.0,24.0
IPL_2024_034,2,RR,Avesh Khan,4.0,24,0,16,2,4.0,8.0,12.0
IPL_2024_034,2,RR,Sandeep Sharma,4.0,24,0,65,1,16.25,65.0,24.0
IPL_2024_035,1,PBKS,Sam Curran,4.0,24,0,41,0,10.25,,
IPL_2024_035,1,PBKS,Harpreet Brar,4.0,24,0,27,1,6.75,27.0,24.0
IPL_2024_035,1,PBKS,Harshal Patel,4.0,24,0,18,1,4.5,18.0,24.0
IPL_2024_035,1,PBKS,Kagiso Rabada,4.0,24,0,21,1,5.25,21.0,24.0
IPL_2024_035,1,PBKS,Arshdeep Singh,4.0,24,0,77,2,19.25,38.5,12.0
IPL_2024_035,2,CSK,Rachin Ravindra,4.0,24,0,30,0,7.5,,
IPL_2024_035,2,CSK,Daryl Mitchell,4.0,24,0,28,1,7.0,28.0,24.0
IPL_2024_035,2,CSK,Shivam Dube,4.0,24,0,23,2,5.75,11.5,12.0
IPL_2024_035,2,CSK,Ravindra Jadeja,4.0,24,0,19,0,4.75,,
IPL_2024_035,2,CSK,Mitchell Santner,4.0,24,0,60,1,15.0,60.0,24.0
IPL_2024_036,1,PBKS,Sam Curran,4.0,24,0,28,2,7.0,14.0,12.0
IPL_2024_036,1,PBKS,Harpreet Brar,4.0,24,0,32,0,8.0,,
IPL_2024_036,1,PBKS,Harshal Patel,4.0,24,0,28,2,7.0,14.0,12.0
IPL_2024_036,1,PBKS,Kagiso Rabada,4.0,24,0,14,0,3.5,,
IPL_2024_036,1,PBKS,Arshdeep Singh,4.0,24,0,85,0,21.25,,
IPL_2024_036,2,GT,Azmatullah Omarzai,4.0,24,0,44,2,11.0,22.0,12.0
IPL_2024_036,2,GT,Rahul Tewatia,4.0,24,0,31,0,7.75,,
IPL_2024_036,2,GT,Rashid Khan,4.0,24,0,17,2,4.25,8.5,12.0
IPL_2024_036,2,GT,Mohit Sharma,4.0,24,0,13,1,3.25,13.0,24.0
IPL_2024_036,2,GT,Noor Ahmad,4.0,24,0,77,0,19.25,,
IPL_2024_037,1,RR,Rovman Powell,4.0,24,0,40,1,10.0,40.0,24.0
IPL_2024_037,1,RR,Ravichandran Ashwin,4.0,24,0,31,2,7.75,15.5,12.0
IPL_2024_037,1,RR,Trent Boult,4.0,24,1,19,1,4.75,19.0,24.0
IPL_2024_037,1,RR,Avesh Khan,4.0,24,0,14,2,3.5,7.0,12.0
IPL_2024_037,1,RR,Sandeep Sharma,4.0,24,0,75,2,18.75,37.5,12.0
IPL_2024_037,2,SRH,Abhishek Sharma,4.0,24,0,48,2,12.0,24.0,12.0
IPL_2024_037,2,SRH,Nitish Kumar Reddy,4.0,24,0,28,2,7.0,14.0,12.0
IPL_2024_037,2,SRH,Shahbaz Ahmed,4.0,24,0,18,0,4.5,,
IPL_2024_037,2,SRH,Pat Cummins,4.0,24,0,24,0,6.0,,
IPL_2024_037,2,SRH,Bhuvneshwar Kumar,4.0,24,0,90,2,22.5,45.0,12.0
IPL_2024_038,1,PBKS,Sam Curran,4.0,24,0,31,1,7.75,31.0,24.0
IPL_2024_038,1,PBKS,Harpreet Brar,4.0,24,0,29,2,7.25,14.5,12.0
IPL_2024_038,1,PBKS,Harshal Patel,4.0,24,0,29,1,7.25,29.0,24.0
IPL_2024_038,1,PBKS,Kagiso Rabada,4.0,24,0,15,3,3.75,5.0,8.0
IPL_2024_038,1,PBKS,Arshdeep Singh,4.0,24,0,71,0,17.75,,
IPL_2024_038,2,KKR,Sunil Narine,4.0,24,0,41,1,10.25,41.0,24.0
IPL_2024_038,2,KKR,Andre Russell,4.0,24,0,22,3,5.5,7.33,8.0
IPL_2024_038,2,KKR,Ramandeep Singh,4.0,24,1,22,1,5.5,22.0,24.0
IPL_2024_038,2,KKR,Mitchell Starc,4.0,24,0,12,2,3.0,6.0,12.0
IPL_2024_038,2,KKR,Harshit Rana,4.0,24,0,75,2,18.75,37.5,12.0
IPL_2024_039,1,DC,Axar Patel,4.0,24,0,38,0,9.5,,
IPL_2024_039,1,DC,Kuldeep Yadav,4.0,24,0,25,1,6.25,25.0,24.0
IPL_2024_039,1,DC,Khaleel Ahmed,4.0,24,0,17,3,4.25,5.67,8.0
IPL_2024_039,1,DC,Mukesh Kumar,4.0,24,0,13,2,3.25,6.5,12.0
IPL_2024_039,1,DC,Ishant Sharma,4.0,24,0,81,3,20.25,27.0,8.0
IPL_2024_039,2,MI,Hardik Pandya,4.0,24,0,27,2,6.75,13.5,12.0
IPL_2024_039,2,MI,Romario Shepherd,4.0,24,0,29,1,7.25,29.0,24.0
IPL_2024_039,2,MI,Mohammad Nabi,4.0,24,0,21,3,5.25,7.0,8.0
IPL_2024_039,2,MI,Gerald Coetzee,4.0,24,0,16,1,4.0,16.0,24.0
IPL_2024_039,2,MI,Piyush Chawla,4.0,24,0,67,2,16.75,33.5,12.0
IPL_2024_040,1,LSG,Marcus Stoinis,4.0,24,0,45,2,11.25,22.5,12.0
IPL_2024_040,1,LSG,Deepak Hooda,4.0,24,0,30,2,7.5,15.0,12.0
IPL_2024_040,1,LSG,Krunal Pandya,4.0,24,0,17,2,4.25,8.5,12.0
IPL_2024_040,1,LSG,Ravi Bishnoi,4.0,24,1,22,1,5.5,22.0,24.0
IPL_2024_040,1,LSG,Mohsin Khan,4.0,24,0,79,2,19.75,39.5,12.0
IPL_2024_040,2,RCB,Will Jacks,4.0,24,0,37,0,9.25,,
IPL_2024_040,2,RCB,Glenn Maxwell,4.0,24,0,27,1,6.75,27.0,24.0
IPL_2024_040,2,RCB,Cameron Green,4.0,24,0,22,1,5.5,22.0,24.0
IPL_2024_040,2,RCB,Karn Sharma,4.0,24,0,23,3,5.75,7.67,8.0
IPL_2024_040,2,RCB,Lockie Ferguson,4.0,24,0,70,2,17.5,35.0,12.0
IPL_2024_041,1,LSG,Marcus Stoinis,4.0,24,0,39,2,9.75,19.5,12.0
IPL_2024_041,1,LSG,Deepak Hooda,4.0,24,0,22,3,5.5,7.33,8.0
IPL_2024_041,1,LSG,Krunal Pandya,4.0,24,0,17,1,4.25,17.0,24.0
IPL_2024_041,1,LSG,Ravi Bishnoi,4.0,24,0,14,3,3.5,4.67,8.0
IPL_2024_041,1,LSG,Mohsin Khan,4.0,24,0,69,3,17.25,23.0,8.0
IPL_2024_041,2,PBKS,Sam Curran,4.0,24,0,32,1,8.0,32.0,24.0
IPL_2024_041,2,PBKS,Harpreet Brar,4.0,24,0,35,2,8.75,17.5,12.0
IPL_2024_041,2,PBKS,Harshal Patel,4.0,24,0,19,2,4.75,9.5,12.0
IPL_2024_041,2,PBKS,Kagiso Rabada,4.0,24,0,12,1,3.0,12.0,24.0
IPL_2024_041,2,PBKS,Arshdeep Singh,4.0,24,0,76,0,19.0,,
IPL_2024_042,1,DC,Axar Patel,4.0,24,0,44,0,11.0,,
IPL_2024_042,1,DC,Kuldeep Yadav,4.0,24,0,29,0,7.25,,
IPL_2024_042,1,DC,Khaleel Ahmed,4.0,24,0,18,2,4.5,9.0,12.0
IPL_2024_042,1,DC,Mukesh Kumar,4.0,24,0,17,2,4.25,8.5,12.0
IPL_2024_042,1,DC,Ishant Sharma,4.0,24,0,87,3,21.75,29.0,8.0
IPL_2024_042,2,MI,Hardik Pandya,4.0,24,0,39,2,9.75,19.5,12.0
IPL_2024_042,2,MI,Romario Shepherd,4.0,24,0,25,1,6.25,25.0,24.0
IPL_2024_042,2,MI,Mohammad Nabi,4.0,24,0,14,0,3.5,,
IPL_2024_042,2,MI,Gerald Coetzee,4.0,24,0,13,0,3.25,,
IPL_2024_042,2,MI,Piyush Chawla,4.0,24,0,64,3,16.0,21.33,8.0
IPL_2024_043,1,GT,Azmatullah Omarzai,4.0,24,0,33,2,8.25,16.5,12.0
IPL_2024_043,1,GT,Rahul Tewatia,4.0,24,0,30,1,7.5,30.0,24.0
IPL_2024_043,1,GT,Rashid Khan,4.0,24,0,20,2,5.0,10.0,12.0
IPL_2024_043,1,GT,Mohit Sharma,4.0,24,0,17,3,4.25,5.67,8.0
IPL_2024_043,1,GT,Noor Ahmad,4.0,24,0,74,0,18.5,,
IPL_2024_043,2,DC,Axar Patel,4.0,24,0,29,2,7.25,14.5,12.0
IPL_2024_043,2,DC,Kuldeep Yadav,4.0,24,0,40,3,10.0,13.33,8.0
IPL_2024_043,2,DC,Khaleel Ahmed,4.0,24,0,21,2,5.25,10.5,12.0
IPL_2024_043,2,DC,Mukesh Kumar,4.0,24,0,18,2,4.5,9.0,12.0
IPL_2024_043,2,DC,Ishant Sharma,4.0,24,0,83,3,20.75,27.67,8.0
IPL_2024_044,1,DC,Axar Patel,4.0,24,0,26,3,6.5,8.67,8.0
IPL_2024_044,1,DC,Kuldeep Yadav,4.0,24,0,25,0,6.25,,
IPL_2024_044,1,DC,Khaleel Ahmed,4.0,24,0,22,2,5.5,11.0,12.0
IPL_2024_044,1,DC,Mukesh Kumar,4.0,24,1,15,1,3.75,15.0,24.0
IPL_2024_044,1,DC,Ishant Sharma,4.0,24,0,82,2,20.5,41.0,12.0
IPL_2024_044,2,RR,Rovman Powell,4.0,24,0,32,1,8.0,32.0,24.0
IPL_2024_044,2,RR,Ravichandran Ashwin,4.0,24,0,20,2,5.0,10.0,12.0
IPL_2024_044,2,RR,Trent Boult,4.0,24,0,19,1,4.75,19.0,24.0
IPL_2024_044,2,RR,Avesh Khan,4.0,24,0,19,0,4.75,,
IPL_2024_044,2,RR,Sandeep Sharma,4.0,24,0,61,1,15.25,61.0,24.0
IPL_2024_045,1,PBKS,Sam Curran,4.0,24,0,32,1,8.0,32.0,24.0
IPL_2024_045,1,PBKS,Harpreet Brar,4.0,24,0,18,1,4.5,18.0,24.0
IPL_2024_045,1,PBKS,Harshal Patel,4.0,24,0,22,2,5.5,11.0,12.0
IPL_2024_045,1,PBKS,Kagiso Rabada,4.0,24,0,17,0,4.25,,
IPL_2024_045,1,PBKS,Arshdeep Singh,4.0,24,0,54,0,13.5,,
IPL_2024_045,2,KKR,Sunil Narine,4.0,24,1,22,2,5.5,11.0,12.0
IPL_2024_045,2,KKR,Andre Russell,4.0,24,0,33,2,8.25,16.5,12.0
IPL_2024_045,2,KKR,Ramandeep Singh,4.0,24,0,24,3,6.0,8.0,8.0
IPL_2024_045,2,KKR,Mitchell Starc,4.0,24,0,15,0,3.75,,
IPL_2024_045,2,KKR,Harshit Rana,4.0,24,0,66,0,16.5,,
IPL_2024_046,1,MI,Hardik Pandya,4.0,24,0,35,2,8.75,17.5,12.0
IPL_2024_046,1,MI,Romario Shepherd,4.0,24,0,24,1,6.0,24.0,24.0
IPL_2024_046,1,MI,Mohammad Nabi,4.0,24,0,26,1,6.5,26.0,24.0
IPL_2024_046,1,MI,Gerald Coetzee,4.0,24,0,14,1,3.5,14.0,24.0
IPL_2024_046,1,MI,Piyush Chawla,4.0,24,0,74,0,18.5,,
IPL_2024_046,2,CSK,Rachin Ravindra,4.0,24,0,28,0,7.0,,
IPL_2024_046,2,CSK,Daryl Mitchell,4.0,24,0,25,1,6.25,25.0,24.0
IPL_2024_046,2,CSK,Shivam Dube,4.0,24,0,19,1,4.75,19.0,24.0
IPL_2024_046,2,CSK,Ravindra Jadeja,4.0,24,0,16,1,4.0,16.0,24.0
IPL_2024_046,2,CSK,Mitchell Santner,4.0,24,0,91,1,22.75,91.0,24.0
IPL_2024_047,1,DC,Axar Patel,4.0,24,0,30,0,7.5,,
IPL_2024_047,1,DC,Kuldeep Yadav,4.0,24,0,34,1,8.5,34.0,24.0
IPL_2024_047,1,DC,Khaleel Ahmed,4.0,24,0,20,1,5.0,20.0,24.0
IPL_2024_047,1,DC,Mukesh Kumar,4.0,24,0,22,3,5.5,7.33,8.0
IPL_2024_047,1,DC,Ishant Sharma,4.0,24,0,87,2,21.75,43.5,12.0
IPL_2024_047,2,KKR,Sunil Narine,4.0,24,0,41,1,10.25,41.0,24.0
IPL_2024_047,2,KKR,Andre Russell,4.0,24,0,19,1,4.75,19.0,24.0
IPL_2024_047,2,KKR,Ramandeep Singh,4.0,24,0,25,1,6.25,25.0,24.0
IPL_2024_047,2,KKR,Mitchell Starc,4.0,24,0,14,2,3.5,7.0,12.0
IPL_2024_047,2,KKR,Harshit Rana,4.0,24,0,64,2,16.0,32.0,12.0
IPL_2024_048,1,GT,Azmatullah Omarzai,4.0,24,0,39,1,9.75,39.0,24.0
IPL_2024_048,1,GT,Rahul Tewatia,4.0,24,0,20,1,5.0,20.0,24.0
IPL_2024_048,1,GT,Rashid Khan,4.0,24,0,28,3,7.0,9.33,8.0
IPL_2024_048,1,GT,Mohit Sharma,4.0,24,1,16,2,4.0,8.0,12.0
IPL_2024_048,1,GT,Noor Ahmad,4.0,24,0,68,2,17.0,34.0,12.0
IPL_2024_048,2,RCB,Will Jacks,4.0,24,0,25,0,6.25,,
IPL_2024_048,2,RCB,Glenn Maxwell,4.0,24,0,25,2,6.25,12.5,12.0
IPL_2024_048,2,RCB,Cameron Green,4.0,24,0,18,1,4.5,18.0,24.0
IPL_2024_048,2,RCB,Karn Sharma,4.0,24,0,28,2,7.0,14.0,12.0
IPL_2024_048,2,RCB,Lockie Ferguson,4.0,24,0,82,1,20.5,82.0,24.0
IPL_2024_049,1,RR,Rovman Powell,4.0,24,0,24,3,6.0,8.0,8.0
IPL_2024_049,1,RR,Ravichandran Ashwin,4.0,24,0,29,1,7.25,29.0,24.0
IPL_2024_049,1,RR,Trent Boult,4.0,24,0,26,2,6.5,13.0,12.0
IPL_2024_049,1,RR,Avesh Khan,4.0,24,0,12,3,3.0,4.0,8.0
IPL_2024_049,1,RR,Sandeep Sharma,4.0,24,0,68,2,17.0,34.0,12.0
IPL_2024_049,2,RCB,Will Jacks,4.0,24,0,30,3,7.5,10.0,8.0
IPL_2024_049,2,RCB,Glenn Maxwell,4.0,24,0,34,2,8.5,17.0,12.0
IPL_2024_049,2,RCB,Cameron Green,4.0,24,0,23,1,5.75,23.0,24.0
IPL_2024_049,2,RCB,Karn Sharma,4.0,24,0,25,1,6.25,25.0,24.0
IPL_2024_049,2,RCB,Lockie Ferguson,4.0,24,0,76,1,19.0,76.0,24.0
IPL_2024_050,1,LSG,Marcus Stoinis,4.0,24,0,33,2,8.25,16.5,12.0
IPL_2024_050,1,LSG,Deepak Hooda,4.0,24,1,23,3,5.75,7.67,8.0
IPL_2024_050,1,LSG,Krunal Pandya,4.0,24,1,23,1,5.75,23.0,24.0
IPL_2024_050,1,LSG,Ravi Bishnoi,4.0,24,1,15,1,3.75,15.0,24.0
IPL_2024_050,1,LSG,Mohsin Khan,4.0,24,0,81,0,20.25,,
IPL_2024_050,2,SRH,Abhishek Sharma,4.0,24,0,34,3,8.5,11.33,8.0
IPL_2024_050,2,SRH,Nitish Kumar Reddy,4.0,24,0,33,2,8.25,16.5,12.0
IPL_2024_050,2,SRH,Shahbaz Ahmed,4.0,24,0,27,2,6.75,13.5,12.0
IPL_2024_050,2,SRH,Pat Cummins,4.0,24,0,13,1,3.25,13.0,24.0
IPL_2024_050,2,SRH,Bhuvneshwar Kumar,4.0,24,0,74,1,18.5,74.0,24.0
IPL_2024_051,1,CSK,Rachin Ravindra,4.0,24,0,32,2,8.0,16.0,12.0
IPL_2024_051,1,CSK,Daryl Mitchell,4.0,24,0,27,0,6.75,,
IPL_2024_051,1,CSK,Shivam Dube,4.0,24,0,21,1,5.25,21.0,24.0
IPL_2024_051,1,CSK,Ravindra Jadeja,4.0,24,0,23,1,5.75,23.0,24.0
IPL_2024_051,1,CSK,Mitchell Santner,4.0,24,0,85,2,21.25,42.5,12.0
IPL_2024_051,2,RR,Rovman Powell,4.0,24,0,42,2,10.5,21.0,12.0
IPL_2024_051,2,RR,Ravichandran Ashwin,4.0,24,0,24,1,6.0,24.0,24.0
IPL_2024_051,2,RR,Trent Boult,4.0,24,0,16,1,4.0,16.0,24.0
IPL_2024_051,2,RR,Avesh Khan,4.0,24,0,20,2,5.0,10.0,12.0
IPL_2024_051,2,RR,Sandeep Sharma,4.0,24,0,72,0,18.0,,
IPL_2024_052,1,SRH,Abhishek Sharma,4.0,24,0,43,2,10.75,21.5,12.0
IPL_2024_052,1,SRH,Nitish Kumar Reddy,4.0,24,0,23,3,5.75,7.67,8.0
IPL_2024_052,1,SRH,Shahbaz Ahmed,4.0,24,0,22,2,5.5,11.0,12.0
IPL_2024_052,1,SRH,Pat Cummins,4.0,24,0,20,2,5.0,10.0,12.0
IPL_2024_052,1,SRH,Bhuvneshwar Kumar,4.0,24,0,64,0,16.0,,
IPL_2024_052,2,PBKS,Sam Curran,4.0,24,0,25,1,6.25,25.0,24.0
IPL_2024_052,2,PBKS,Harpreet Brar,4.0,24,0,22,0,5.5,,
IPL_2024_052,2,PBKS,Harshal Patel,4.0,24,0,32,1,8.0,32.0,24.0
IPL_2024_052,2,PBKS,Kagiso Rabada,4.0,24,0,15,1,3.75,15.0,24.0
IPL_2024_052,2,PBKS,Arshdeep Singh,4.0,24,0,81,0,20.25,,
IPL_2024_053,1,RR,Rovman Powell,4.0,24,0,29,0,7.25,,
IPL_2024_053,1,RR,Ravichandran Ashwin,4.0,24,0,28,2,7.0,14.0,12.0
IPL_2024_053,1,RR,Trent Boult,4.0,24,0,15,3,3.75,5.0,8.0
IPL_2024_053,1,RR,Avesh Khan,4.0,24,0,21,1,5.25,21.0,24.0
IPL_2024_053,1,RR,Sandeep Sharma,4.0,24,0,68,2,17.0,34.0,12.0
IPL_2024_053,2,RCB,Will Jacks,4.0,24,0,26,2,6.5,13.0,12.0
IPL_2024_053,2,RCB,Glenn Maxwell,4.0,24,0,29,2,7.25,14.5,12.0
IPL_2024_053,2,RCB,Cameron Green,4.0,24,0,25,1,6.25,25.0,24.0
IPL_2024_053,2,RCB,Karn Sharma,4.0,24,0,15,0,3.75,,
IPL_2024_053,2,RCB,Lockie Ferguson,4.0,24,0,71,3,17.75,23.67,8.0
IPL_2024_054,1,DC,Axar Patel,4.0,24,0,31,0,7.75,,
IPL_2024_054,1,DC,Kuldeep Yadav,4.0,24,0,31,2,7.75,15.5,12.0
IPL_2024_054,1,DC,Khaleel Ahmed,4.0,24,0,24,2,6.0,12.0,12.0
IPL_2024_054,1,DC,Mukesh Kumar,4.0,24,0,11,1,2.75,11.0,24.0
IPL_2024_054,1,DC,Ishant Sharma,4.0,24,0,63,2,15.75,31.5,12.0
IPL_2024_054,2,PBKS,Sam Curran,4.0,24,0,43,3,10.75,14.33,8.0
IPL_2024_054,2,PBKS,Harpreet Brar,4.0,24,0,29,1,7.25,29.0,24.0
IPL_2024_054,2,PBKS,Harshal Patel,4.0,24,0,16,0,4.0,,
IPL_2024_054,2,PBKS,Kagiso Rabada,4.0,24,0,17,2,4.25,8.5,12.0
IPL_2024_054,2,PBKS,Arshdeep Singh,4.0,24,0,73,1,18.25,73.0,24.0
IPL_2024_055,1,PBKS,Sam Curran,4.0,24,0,27,0,6.75,,
IPL_2024_055,1,PBKS,Harpreet Brar,4.0,24,0,20,1,5.0,20.0,24.0
IPL_2024_055,1,PBKS,Harshal Patel,4.0,24,0,18,0,4.5,,
IPL_2024_055,1,PBKS,Kagiso Rabada,4.0,24,0,26,1,6.5,26.0,24.0
IPL_2024_055,1,PBKS,Arshdeep Singh,4.0,24,0,77,0,19.25,,
IPL_2024_055,2,MI,Hardik Pandya,4.0,24,0,29,2,7.25,14.5,12.0
IPL_2024_055,2,MI,Romario Shepherd,4.0,24,0,31,3,7.75,10.33,8.0
IPL_2024_055,2,MI,Mohammad Nabi,4.0,24,0,23,0,5.75,,
IPL_2024_055,2,MI,Gerald Coetzee,4.0,24,0,16,3,4.0,5.33,8.0
IPL_2024_055,2,MI,Piyush Chawla,4.0,24,0,70,1,17.5,70.0,24.0
IPL_2024_056,1,CSK,Rachin Ravindra,4.0,24,0,42,2,10.5,21.0,12.0
IPL_2024_056,1,CSK,Daryl Mitchell,4.0,24,0,33,1,8.25,33.0,24.0
IPL_2024_056,1,CSK,Shivam Dube,4.0,24,0,21,3,5.25,7.0,8.0
IPL_2024_056,1,CSK,Ravindra Jadeja,4.0,24,0,12,0,3.0,,
IPL_2024_056,1,CSK,Mitchell Santner,4.0,24,0,72,1,18.0,72.0,24.0
IPL_2024_056,2,KKR,Sunil Narine,4.0,24,0,35,1,8.75,35.0,24.0
IPL_2024_056,2,KKR,Andre Russell,4.0,24,0,22,2,5.5,11.0,12.0
IPL_2024_056,2,KKR,Ramandeep Singh,4.0,24,0,22,1,5.5,22.0,24.0
IPL_2024_056,2,KKR,Mitchell Starc,4.0,24,0,20,0,5.0,,
IPL_2024_056,2,KKR,Harshit Rana,4.0,24,0,66,1,16.5,66.0,24.0
IPL_2024_057,1,KKR,Sunil Narine,4.0,24,0,26,1,6.5,26.0,24.0
IPL_2024_057,1,KKR,Andre Russell,4.0,24,0,28,1,7.0,28.0,24.0
IPL_2024_057,1,KKR,Ramandeep Singh,4.0,24,0,18,3,4.5,6.0,8.0
IPL_2024_057,1,KKR,Mitchell Starc,4.0,24,0,24,2,6.0,12.0,12.0
IPL_2024_057,1,KKR,Harshit Rana,4.0,24,0,72,1,18.0,72.0,24.0
IPL_2024_057,2,RR,Rovman Powell,4.0,24,0,39,1,9.75,39.0,24.0
IPL_2024_057,2,RR,Ravichandran Ashwin,4.0,24,0,27,1,6.75,27.0,24.0
IPL_2024_057,2,RR,Trent Boult,4.0,24,0,14,2,3.5,7.0,12.0
IPL_2024_057,2,RR,Avesh Khan,4.0,24,0,21,2,5.25,10.5,12.0
IPL_2024_057,2,RR,Sandeep Sharma,4.0,24,0,65,1,16.25,65.0,24.0
IPL_2024_058,1,RR,Rovman Powell,4.0,24,0,39,1,9.75,39.0,24.0
IPL_2024_058,1,RR,Ravichandran Ashwin,4.0,24,0,24,2,6.0,12.0,12.0
IPL_2024_058,1,RR,Trent Boult,4.0,24,0,24,3,6.0,8.0,8.0
IPL_2024_058,1,RR,Avesh Khan,4.0,24,0,20,2,5.0,10.0,12.0
IPL_2024_058,1,RR,Sandeep Sharma,4.0,24,0,69,2,17.25,34.5,12.0
IPL_2024_058,2,CSK,Rachin Ravindra,4.0,24,0,47,2,11.75,23.5,12.0
IPL_2024_058,2,CSK,Daryl Mitchell,4.0,24,0,26,3,6.5,8.67,8.0
IPL_2024_058,2,CSK,Shivam Dube,4.0,24,1,20,1,5.0,20.0,24.0
IPL_2024_058,2,CSK,Ravindra Jadeja,4.0,24,0,17,3,4.25,5.67,8.0
IPL_2024_058,2,CSK,Mitchell Santner,4.0,24,0,77,1,19.25,77.0,24.0
IPL_2024_059,1,RCB,Will Jacks,4.0,24,0,35,0,8.75,,
IPL_2024_059,1,RCB,Glenn Maxwell,4.0,24,0,29,1,7.25,29.0,24.0
IPL_2024_059,1,RCB,Cameron Green,4.0,24,1,13,2,3.25,6.5,12.0
IPL_2024_059,1,RCB,Karn Sharma,4.0,24,0,18,1,4.5,18.0,24.0
IPL_2024_059,1,RCB,Lockie Ferguson,4.0,24,0,65,2,16.25,32.5,12.0
IPL_2024_059,2,KKR,Sunil Narine,4.0,24,0,35,1,8.75,35.0,24.0
IPL_2024_059,2,KKR,Andre Russell,4.0,24,0,28,2,7.0,14.0,12.0
IPL_2024_059,2,KKR,Ramandeep Singh,4.0,24,0,21,1,5.25,21.0,24.0
IPL_2024_059,2,KKR,Mitchell Starc,4.0,24,0,19,2,4.75,9.5,12.0
IPL_2024_059,2,KKR,Harshit Rana,4.0,24,0,77,2,19.25,38.5,12.0
IPL_2024_060,1,LSG,Marcus Stoinis,4.0,24,0,32,0,8.0,,
IPL_2024_060,1,LSG,Deepak Hooda,4.0,24,0,30,0,7.5,,
IPL_2024_060,1,LSG,Krunal Pandya,4.0,24,0,26,1,6.5,26.0,24.0
IPL_2024_060,1,LSG,Ravi Bishnoi,4.0,24,0,19,3,4.75,6.33,8.0
IPL_2024_060,1,LSG,Mohsin Khan,4.0,24,0,66,1,16.5,66.0,24.0
IPL_2024_060,2,MI,Hardik Pandya,4.0,24,0,39,0,9.75,,
IPL_2024_060,2,MI,Romario Shepherd,4.0,24,0,17,1,4.25,17.0,24.0
IPL_2024_060,2,MI,Mohammad Nabi,4.0,24,0,22,2,5.5,11.0,12.0
IPL_2024_060,2,MI,Gerald Coetzee,4.0,24,0,18,2,4.5,9.0,12.0
IPL_2024_060,2,MI,Piyush Chawla,4.0,24,0,68,3,17.0,22.67,8.0
IPL_2024_061,1,PBKS,Sam Curran,4.0,24,0,40,1,10.0,40.0,24.0
IPL_2024_061,1,PBKS,Harpreet Brar,4.0,24,0,28,0,7.0,,
IPL_2024_061,1,PBKS,Harshal Patel,4.0,24,0,22,2,5.5,11.0,12.0
IPL_2024_061,1,PBKS,Kagiso Rabada,4.0,24,0,21,1,5.25,21.0,24.0
IPL_2024_061,1,PBKS,Arshdeep Singh,4.0,24,0,73,3,18.25,24.33,8.0
IPL_2024_061,2,RCB,Will Jacks,4.0,24,0,25,1,6.25,25.0,24.0
IPL_2024_061,2,RCB,Glenn Maxwell,4.0,24,0,23,0,5.75,,
IPL_2024_061,2,RCB,Cameron Green,4.0,24,0,15,0,3.75,,
IPL_2024_061,2,RCB,Karn Sharma,4.0,24,0,20,0,5.0,,
IPL_2024_061,2,RCB,Lockie Ferguson,4.0,24,0,63,3,15.75,21.0,8.0
IPL_2024_062,1,GT,Azmatullah Omarzai,4.0,24,0,41,3,10.25,13.67,8.0
IPL_2024_062,1,GT,Rahul Tewatia,4.0,24,0,19,2,4.75,9.5,12.0
IPL_2024_062,1,GT,Rashid Khan,4.0,24,0,19,1,4.75,19.0,24.0
IPL_2024_062,1,GT,Mohit Sharma,4.0,24,0,17,2,4.25,8.5,12.0
IPL_2024_062,1,GT,Noor Ahmad,4.0,24,0,83,1,20.75,83.0,24.0
IPL_2024_062,2,PBKS,Sam Curran,4.0,24,0,26,2,6.5,13.0,12.0
IPL_2024_062,2,PBKS,Harpreet Brar,4.0,24,0,34,3,8.5,11.33,8.0
IPL_2024_062,2,PBKS,Harshal Patel,4.0,24,0,17,0,4.25,,
IPL_2024_062,2,PBKS,Kagiso Rabada,4.0,24,0,13,3,3.25,4.33,8.0
IPL_2024_062,2,PBKS,Arshdeep Singh,4.0,24,0,84,1,21.0,84.0,24.0
IPL_2024_063,1,CSK,Rachin Ravindra,4.0,24,0,38,3,9.5,12.67,8.0
IPL_2024_063,1,CSK,Daryl Mitchell,4.0,24,0,23,1,5.75,23.0,24.0
IPL_2024_063,1,CSK,Shivam Dube,4.0,24,0,20,1,5.0,20.0,24.0
IPL_2024_063,1,CSK,Ravindra Jadeja,4.0,24,0,24,2,6.0,12.0,12.0
IPL_2024_063,1,CSK,Mitchell Santner,4.0,24,0,70,2,17.5,35.0,12.0
IPL_2024_063,2,GT,Azmatullah Omarzai,4.0,24,0,25,0,6.25,,
IPL_2024_063,2,GT,Rahul Tewatia,4.0,24,0,22,0,5.5,,
IPL_2024_063,2,GT,Rashid Khan,4.0,24,0,24,1,6.0,24.0,24.0
IPL_2024_063,2,GT,Mohit Sharma,4.0,24,0,21,1,5.25,21.0,24.0
IPL_2024_063,2,GT,Noor Ahmad,4.0,24,0,80,2,20.0,40.0,12.0
IPL_2024_064,1,LSG,Marcus Stoinis,4.0,24,0,35,1,8.75,35.0,24.0
IPL_2024_064,1,LSG,Deepak Hooda,4.0,24,0,29,1,7.25,29.0,24.0
IPL_2024_064,1,LSG,Krunal Pandya,4.0,24,0,28,3,7.0,9.33,8.0
IPL_2024_064,1,LSG,Ravi Bishnoi,4.0,24,0,23,3,5.75,7.67,8.0
IPL_2024_064,1,LSG,Mohsin Khan,4.0,24,0,69,2,17.25,34.5,12.0
IPL_2024_064,2,KKR,Sunil Narine,4.0,24,0,38,1,9.5,38.0,24.0
IPL_2024_064,2,KKR,Andre Russell,4.0,24,0,25,1,6.25,25.0,24.0
IPL_2024_064,2,KKR,Ramandeep Singh,4.0,24,0,23,1,5.75,23.0,24.0
IPL_2024_064,2,KKR,Mitchell Starc,4.0,24,0,17,3,4.25,5.67,8.0
IPL_2024_064,2,KKR,Harshit Rana,4.0,24,0,59,3,14.75,19.67,8.0
IPL_2024_065,1,DC,Axar Patel,4.0,24,0,43,1,10.75,43.0,24.0
IPL_2024_065,1,DC,Kuldeep Yadav,4.0,24,0,20,2,5.0,10.0,12.0
IPL_2024_065,1,DC,Khaleel Ahmed,4.0,24,0,26,1,6.5,26.0,24.0
IPL_2024_065,1,DC,Mukesh Kumar,4.0,24,0,22,2,5.5,11.0,12.0
IPL_2024_065,1,DC,Ishant Sharma,4.0,24,0,65,2,16.25,32.5,12.0
IPL_2024_065,2,RR,Rovman Powell,4.0,24,0,48,3,12.0,16.0,8.0
IPL_2024_065,2,RR,Ravichandran Ashwin,4.0,24,0,31,2,7.75,15.5,12.0
IPL_2024_065,2,RR,Trent Boult,4.0,24,0,18,1,4.5,18.0,24.0
IPL_2024_065,2,RR,Avesh Khan,4.0,24,1,23,1,5.75,23.0,24.0
IPL_2024_065,2,RR,Sandeep Sharma,4.0,24,0,67,2,16.75,33.5,12.0
IPL_2024_066,1,DC,Axar Patel,4.0,24,0,43,2,10.75,21.5,12.0
IPL_2024_066,1,DC,Kuldeep Yadav,4.0,24,0,26,3,6.5,8.67,8.0
IPL_2024_066,1,DC,Khaleel Ahmed,4.0,24,0,27,2,6.75,13.5,12.0
IPL_2024_066,1,DC,Mukesh Kumar,4.0,24,0,18,0,4.5,,
IPL_2024_066,1,DC,Ishant Sharma,4.0,24,0,64,0,16.0,,
IPL_2024_066,2,RCB,Will Jacks,4.0,24,0,36,3,9.0,12.0,8.0
IPL_2024_066,2,RCB,Glenn Maxwell,4.0,24,0,23,2,5.75,11.5,12.0
IPL_2024_066,2,RCB,Cameron Green,4.0,24,0,30,1,7.5,30.0,24.0
IPL_2024_066,2,RCB,Karn Sharma,4.0,24,0,16,2,4.0,8.0,12.0
IPL_2024_066,2,RCB,Lockie Ferguson,4.0,24,0,77,1,19.25,77.0,24.0
IPL_2024_067,1,LSG,Marcus Stoinis,4.0,24,0,51,2,12.75,25.5,12.0
IPL_2024_067,1,LSG,Deepak Hooda,4.0,24,0,36,3,9.0,12.0,8.0
IPL_2024_067,1,LSG,Krunal Pandya,4.0,24,0,20,1,5.0,20.0,24.0
IPL_2024_067,1,LSG,Ravi Bishnoi,4.0,24,0,13,2,3.25,6.5,12.0
IPL_2024_067,1,LSG,Mohsin Khan,4.0,24,0,78,3,19.5,26.0,8.0
IPL_2024_067,2,MI,Hardik Pandya,4.0,24,0,28,1,7.0,28.0,24.0
IPL_2024_067,2,MI,Romario Shepherd,4.0,24,0,28,2,7.0,14.0,12.0
IPL_2024_067,2,MI,Mohammad Nabi,4.0,24,0,28,1,7.0,28.0,24.0
IPL_2024_067,2,MI,Gerald Coetzee,4.0,24,0,20,3,5.0,6.67,8.0
IPL_2024_067,2,MI,Piyush Chawla,4.0,24,0,68,3,17.0,22.67,8.0
IPL_2024_068,1,LSG,Marcus Stoinis,4.0,24,0,34,1,8.5,34.0,24.0
IPL_2024_068,1,LSG,Deepak Hooda,4.0,24,0,21,2,5.25,10.5,12.0
IPL_2024_068,1,LSG,Krunal Pandya,4.0,24,1,21,0,5.25,,
IPL_2024_068,1,LSG,Ravi Bishnoi,4.0,24,0,14,1,3.5,14.0,24.0
IPL_2024_068,1,LSG,Mohsin Khan,4.0,24,0,69,3,17.25,23.0,8.0
IPL_2024_068,2,KKR,Sunil Narine,4.0,24,0,30,0,7.5,,
IPL_2024_068,2,KKR,Andre Russell,4.0,24,0,27,2,6.75,13.5,12.0
IPL_2024_068,2,KKR,Ramandeep Singh,4.0,24,0,20,0,5.0,,
IPL_2024_068,2,KKR,Mitchell Starc,4.0,24,0,15,1,3.75,15.0,24.0
IPL_2024_068,2,KKR,Harshit Rana,4.0,24,0,70,2,17.5,35.0,12.0
IPL_2024_069,1,LSG,Marcus Stoinis,4.0,24,0,43,0,10.75,,
IPL_2024_069,1,LSG,Deepak Hooda,4.0,24,0,37,1,9.25,37.0,24.0
IPL_2024_069,1,LSG,Krunal Pandya,4.0,24,0,25,2,6.25,12.5,12.0
IPL_2024_069,1,LSG,Ravi Bishnoi,4.0,24,0,15,0,3.75,,
IPL_2024_069,1,LSG,Mohsin Khan,4.0,24,0,69,1,17.25,69.0,24.0
IPL_2024_069,2,RR,Rovman Powell,4.0,24,0,35,2,8.75,17.5,12.0
IPL_2024_069,2,RR,Ravichandran Ashwin,4.0,24,0,31,1,7.75,31.0,24.0
IPL_2024_069,2,RR,Trent Boult,4.0,24,0,22,0,5.5,,
IPL_2024_069,2,RR,Avesh Khan,4.0,24,0,20,2,5.0,10.0,12.0
IPL_2024_069,2,RR,Sandeep Sharma,4.0,24,0,63,2,15.75,31.5,12.0
IPL_2024_070,1,LSG,Marcus Stoinis,4.0,24,0,33,0,8.25,,
IPL_2024_070,1,LSG,Deepak Hooda,4.0,24,0,27,0,6.75,,
IPL_2024_070,1,LSG,Krunal Pandya,4.0,24,1,23,1,5.75,23.0,24.0
IPL_2024_070,1,LSG,Ravi Bishnoi,4.0,24,0,17,1,4.25,17.0,24.0
IPL_2024_070,1,LSG,Mohsin Khan,4.0,24,0,64,3,16.0,21.33,8.0
IPL_2024_070,2,RR,Rovman Powell,4.0,24,0,38,2,9.5,19.0,12.0
IPL_2024_070,2,RR,Ravichandran Ashwin,4.0,24,0,29,2,7.25,14.5,12.0
IPL_2024_070,2,RR,Trent Boult,4.0,24,0,20,3,5.0,6.67,8.0
IPL_2024_070,2,RR,Avesh Khan,4.0,24,0,15,1,3.75,15.0,24.0
IPL_2024_070,2,RR,Sandeep Sharma,4.0,24,0,73,0,18.25,,
IPL_2024_071,1,LSG,Marcus Stoinis,4.0,24,0,28,1,7.0,28.0,24.0
IPL_2024_071,1,LSG,Deepak Hooda,4.0,24,0,23,2,5.75,11.5,12.0
IPL_2024_071,1,LSG,Krunal Pandya,4.0,24,0,14,3,3.5,4.67,8.0
IPL_2024_071,1,LSG,Ravi Bishnoi,4.0,24,0,19,2,4.75,9.5,12.0
IPL_2024_071,1,LSG,Mohsin Khan,4.0,24,0,68,0,17.0,,
IPL_2024_071,2,KKR,Sunil Narine,4.0,24,0,29,1,7.25,29.0,24.0
IPL_2024_071,2,KKR,Andre Russell,4.0,24,0,21,1,5.25,21.0,24.0
IPL_2024_071,2,KKR,Ramandeep Singh,4.0,24,0,16,1,4.0,16.0,24.0
IPL_2024_071,2,KKR,Mitchell Starc,4.0,24,0,19,0,4.75,,
IPL_2024_071,2,KKR,Harshit Rana,4.0,24,0,81,2,20.25,40.5,12.0
IPL_2024_072,1,SRH,Abhishek Sharma,4.0,24,0,25,0,6.25,,
IPL_2024_072,1,SRH,Nitish Kumar Reddy,4.0,24,0,21,2,5.25,10.5,12.0
IPL_2024_072,1,SRH,Shahbaz Ahmed,4.0,24,0,25,1,6.25,25.0,24.0
IPL_2024_072,1,SRH,Pat Cummins,4.0,24,0,19,2,4.75,9.5,12.0
IPL_2024_072,1,SRH,Bhuvneshwar Kumar,4.0,24,0,80,0,20.0,,
IPL_2024_072,2,KKR,Sunil Narine,4.0,24,0,39,2,9.75,19.5,12.0
IPL_2024_072,2,KKR,Andre Russell,4.0,24,0,28,2,7.0,14.0,12.0
IPL_2024_072,2,KKR,Ramandeep Singh,4.0,24,0,25,3,6.25,8.33,8.0
IPL_2024_072,2,KKR,Mitchell Starc,4.0,24,0,17,2,4.25,8.5,12.0
IPL_2024_072,2,KKR,Harshit Rana,4.0,24,0,71,1,17.75,71.0,24.0
IPL_2024_073,1,SRH,Abhishek Sharma,4.0,24,0,37,2,9.25,18.5,12.0
IPL_2024_073,1,SRH,Nitish Kumar Reddy,4.0,24,0,22,1,5.5,22.0,24.0
IPL_2024_073,1,SRH,Shahbaz Ahmed,4.0,24,0,28,2,7.0,14.0,12.0
IPL_2024_073,1,SRH,Pat Cummins,4.0,24,0,13,1,3.25,13.0,24.0
IPL_2024_073,1,SRH,Bhuvneshwar Kumar,4.0,24,0,71,0,17.75,,
IPL_2024_073,2,GT,Azmatullah Omarzai,4.0,24,0,28,3,7.0,9.33,8.0
IPL_2024_073,2,GT,Rahul Tewatia,4.0,24,0,37,3,9.25,12.33,8.0
IPL_2024_073,2,GT,Rashid Khan,4.0,24,0,21,2,5.25,10.5,12.0
IPL_2024_073,2,GT,Mohit Sharma,4.0,24,0,13,0,3.25,,
IPL_2024_073,2,GT,Noor Ahmad,4.0,24,0,76,2,19.0,38.0,12.0
IPL_2024_074,1,KKR,Sunil Narine,4.0,24,0,32,3,8.0,10.67,8.0
IPL_2024_074,1,KKR,Andre Russell,4.0,24,0,25,3,6.25,8.33,8.0
IPL_2024_074,1,KKR,Ramandeep Singh,4.0,24,0,16,3,4.0,5.33,8.0
IPL_2024_074,1,KKR,Mitchell Starc,4.0,24,0,16,2,4.0,8.0,12.0
IPL_2024_074,1,KKR,Harshit Rana,4.0,24,0,66,0,16.5,,
IPL_2024_074,2,DC,Axar Patel,4.0,24,0,42,0,10.5,,
IPL_2024_074,2,DC,Kuldeep Yadav,4.0,24,0,22,2,5.5,11.0,12.0
IPL_2024_074,2,DC,Khaleel Ahmed,4.0,24,0,25,3,6.25,8.33,8.0
IPL_2024_074,2,DC,Mukesh Kumar,4.0,24,0,15,1,3.75,15.0,24.0
IPL_2024_074,2,DC,Ishant Sharma,4.0,24,0,90,3,22.5,30.0,8.0
IPL_2025_001,1,MI,Hardik Pandya,4.0,24,0,39,2,9.75,19.5,12.0
IPL_2025_001,1,MI,Romario Shepherd,4.0,24,0,27,1,6.75,27.0,24.0
IPL_2025_001,1,MI,Mohammad Nabi,4.0,24,0,17,0,4.25,,
IPL_2025_001,1,MI,Gerald Coetzee,4.0,24,0,17,3,4.25,5.67,8.0
IPL_2025_001,1,MI,Piyush Chawla,4.0,24,0,67,1,16.75,67.0,24.0
IPL_2025_001,2,CSK,Rachin Ravindra,4.0,24,0,39,0,9.75,,
IPL_2025_001,2,CSK,Daryl Mitchell,4.0,24,0,26,0,6.5,,
IPL_2025_001,2,CSK,Shivam Dube,4.0,24,0,23,0,5.75,,
IPL_2025_001,2,CSK,Ravindra Jadeja,4.0,24,0,12,2,3.0,6.0,12.0
IPL_2025_001,2,CSK,Mitchell Santner,4.0,24,0,61,1,15.25,61.0,24.0
IPL_2025_002,1,MI,Hardik Pandya,4.0,24,0,27,0,6.75,,
IPL_2025_002,1,MI,Romario Shepherd,4.0,24,0,23,0,5.75,,
IPL_2025_002,1,MI,Mohammad Nabi,4.0,24,0,29,1,7.25,29.0,24.0
IPL_2025_002,1,MI,Gerald Coetzee,4.0,24,0,16,3,4.0,5.33,8.0
IPL_2025_002,1,MI,Piyush Chawla,4.0,24,0,72,3,18.0,24.0,8.0
IPL_2025_002,2,KKR,Sunil Narine,4.0,24,0,31,1,7.75,31.0,24.0
IPL_2025_002,2,KKR,Andre Russell,4.0,24,0,28,1,7.0,28.0,24.0
IPL_2025_002,2,KKR,Ramandeep Singh,4.0,24,0,28,2,7.0,14.0,12.0
IPL_2025_002,2,KKR,Mitchell Starc,4.0,24,1,24,2,6.0,12.0,12.0
IPL_2025_002,2,KKR,Harshit Rana,4.0,24,0,77,1,19.25,77.0,24.0
IPL_2025_003,1,SRH,Abhishek Sharma,4.0,24,0,37,1,9.25,37.0,24.0
IPL_2025_003,1,SRH,Nitish Kumar Reddy,4.0,24,0,23,3,5.75,7.67,8.0
IPL_2025_003,1,SRH,Shahbaz Ahmed,4.0,24,1,16,2,4.0,8.0,12.0
IPL_2025_003,1,SRH,Pat Cummins,4.0,24,1,14,1,3.5,14.0,24.0
IPL_2025_003,1,SRH,Bhuvneshwar Kumar,4.0,24,0,71,2,17.75,35.5,12.0
IPL_2025_003,2,RR,Rovman Powell,4.0,24,0,37,1,9.25,37.0,24.0
IPL_2025_003,2,RR,Ravichandran Ashwin,4.0,24,0,27,3,6.75,9.0,8.0
IPL_2025_003,2,RR,Trent Boult,4.0,24,0,27,1,6.75,27.0,24.0
IPL_2025_003,2,RR,Avesh Khan,4.0,24,0,22,0,5.5,,
IPL_2025_003,2,RR,Sandeep Sharma,4.0,24,0,66,1,16.5,66.0,24.0
IPL_2025_004,1,MI,Hardik Pandya,4.0,24,0,38,0,9.5,,
IPL_2025_004,1,MI,Romario Shepherd,4.0,24,0,21,3,5.25,7.0,8.0
IPL_2025_004,1,MI,Mohammad Nabi,4.0,24,0,17,1,4.25,17.0,24.0
IPL_2025_004,1,MI,Gerald Coetzee,4.0,24,0,24,0,6.0,,
IPL_2025_004,1,MI,Piyush Chawla,4.0,24,0,77,1,19.25,77.0,24.0
IPL_2025_004,2,DC,Axar Patel,4.0,24,0,32,3,8.0,10.67,8.0
IPL_2025_004,2,DC,Kuldeep Yadav,4.0,24,0,28,2,7.0,14.0,12.0
IPL_2025_004,2,DC,Khaleel Ahmed,4.0,24,0,21,1,5.25,21.0,24.0
IPL_2025_004,2,DC,Mukesh Kumar,4.0,24,0,17,2,4.25,8.5,12.0
IPL_2025_004,2,DC,Ishant Sharma,4.0,24,0,83,0,20.75,,
IPL_2025_005,1,SRH,Abhishek Sharma,4.0,24,0,27,0,6.75,,
IPL_2025_005,1,SRH,Nitish Kumar Reddy,4.0,24,0,24,3,6.0,8.0,8.0
IPL_2025_005,1,SRH,Shahbaz Ahmed,4.0,24,0,35,2,8.75,17.5,12.0
IPL_2025_005,1,SRH,Pat Cummins,4.0,24,0,18,2,4.5,9.0,12.0
IPL_2025_005,1,SRH,Bhuvneshwar Kumar,4.0,24,0,85,1,21.25,85.0,24.0
IPL_2025_005,2,KKR,Sunil Narine,4.0,24,0,29,2,7.25,14.5,12.0
IPL_2025_005,2,KKR,Andre Russell,4.0,24,0,29,1,7.25,29.0,24.0
IPL_2025_005,2,KKR,Ramandeep Singh,4.0,24,0,28,2,7.0,14.0,12.0
IPL_2025_005,2,KKR,Mitchell Starc,4.0,24,0,15,2,3.75,7.5,12.0
IPL_2025_005,2,KKR,Harshit Rana,4.0,24,0,87,0,21.75,,
IPL_2025_006,1,DC,Axar Patel,4.0,24,0,36,1,9.0,36.0,24.0
IPL_2025_006,1,DC,Kuldeep Yadav,4.0,24,1,23,1,5.75,23.0,24.0
IPL_2025_006,1,DC,Khaleel Ahmed,4.0,24,0,20,1,5.0,20.0,24.0
IPL_2025_006,1,DC,Mukesh Kumar,4.0,24,1,21,2,5.25,10.5,12.0
IPL_2025_006,1,DC,Ishant Sharma,4.0,24,0,76,1,19.0,76.0,24.0
IPL_2025_006,2,GT,Azmatullah Omarzai,4.0,24,0,30,1,7.5,30.0,24.0
IPL_2025_006,2,GT,Rahul Tewatia,4.0,24,0,26,1,6.5,26.0,24.0
IPL_2025_006,2,GT,Rashid Khan,4.0,24,0,16,1,4.0,16.0,24.0
IPL_2025_006,2,GT,Mohit Sharma,4.0,24,0,14,0,3.5,,
IPL_2025_006,2,GT,Noor Ahmad,4.0,24,0,82,2,20.5,41.0,12.0
IPL_2025_007,1,DC,Axar Patel,4.0,24,0,42,2,10.5,21.0,12.0
IPL_2025_007,1,DC,Kuldeep Yadav,4.0,24,0,32,0,8.0,,
IPL_2025_007,1,DC,Khaleel Ahmed,4.0,24,0,14,2,3.5,7.0,12.0
IPL_2025_007,1,DC,Mukesh Kumar,4.0,24,0,18,2,4.5,9.0,12.0
IPL_2025_007,1,DC,Ishant Sharma,4.0,24,0,63,2,15.75,31.5,12.0
IPL_2025_007,2,RR,Rovman Powell,4.0,24,0,35,2,8.75,17.5,12.0
IPL_2025_007,2,RR,Ravichandran Ashwin,4.0,24,0,22,2,5.5,11.0,12.0
IPL_2025_007,2,RR,Trent Boult,4.0,24,0,19,0,4.75,,
IPL_2025_007,2,RR,Avesh Khan,4.0,24,0,25,1,6.25,25.0,24.0
IPL_2025_007,2,RR,Sandeep Sharma,4.0,24,0,90,0,22.5,,
IPL_2025_008,1,CSK,Rachin Ravindra,4.0,24,0,44,1,11.0,44.0,24.0
IPL_2025_008,1,CSK,Daryl Mitchell,4.0,24,0,30,2,7.5,15.0,12.0
IPL_2025_008,1,CSK,Shivam Dube,4.0,24,0,17,0,4.25,,
IPL_2025_008,1,CSK,Ravindra Jadeja,4.0,24,0,15,2,3.75,7.5,12.0
IPL_2025_008,1,CSK,Mitchell Santner,4.0,24,0,82,2,20.5,41.0,12.0
IPL_2025_008,2,DC,Axar Patel,4.0,24,0,42,0,10.5,,
IPL_2025_008,2,DC,Kuldeep Yadav,4.0,24,0,27,2,6.75,13.5,12.0
IPL_2025_008,2,DC,Khaleel Ahmed,4.0,24,0,23,3,5.75,7.67,8.0
IPL_2025_008,2,DC,Mukesh Kumar,4.0,24,0,17,1,4.25,17.0,24.0
IPL_2025_008,2,DC,Ishant Sharma,4.0,24,0,80,0,20.0,,
IPL_2025_009,1,DC,Axar Patel,4.0,24,0,30,1,7.5,30.0,24.0
IPL_2025_009,1,DC,Kuldeep Yadav,4.0,24,0,25,2,6.25,12.5,12.0
IPL_2025_009,1,DC,Khaleel Ahmed,4.0,24,0,22,3,5.5,7.33,8.0
IPL_2025_009,1,DC,Mukesh Kumar,4.0,24,0,14,3,3.5,4.67,8.0
IPL_2025_009,1,DC,Ishant Sharma,4.0,24,0,84,2,21.0,42.0,12.0
IPL_2025_009,2,PBKS,Sam Curran,4.0,24,0,28,2,7.0,14.0,12.0
IPL_2025_009,2,PBKS,Harpreet Brar,4.0,24,0,23,2,5.75,11.5,12.0
IPL_2025_009,2,PBKS,Harshal Patel,4.0,24,0,23,1,5.75,23.0,24.0
IPL_2025_009,2,PBKS,Kagiso Rabada,4.0,24,0,21,1,5.25,21.0,24.0
IPL_2025_009,2,PBKS,Arshdeep Singh,4.0,24,0,77,1,19.25,77.0,24.0
IPL_2025_010,1,KKR,Sunil Narine,4.0,24,0,26,0,6.5,,
IPL_2025_010,1,KKR,Andre Russell,4.0,24,0,27,2,6.75,13.5,12.0
IPL_2025_010,1,KKR,Ramandeep Singh,4.0,24,0,25,2,6.25,12.5,12.0
IPL_2025_010,1,KKR,Mitchell Starc,4.0,24,0,12,3,3.0,4.0,8.0
IPL_2025_010,1,KKR,Harshit Rana,4.0,24,0,70,2,17.5,35.0,12.0
IPL_2025_010,2,PBKS,Sam Curran,4.0,24,0,30,0,7.5,,
IPL_2025_010,2,PBKS,Harpreet Brar,4.0,24,0,23,0,5.75,,
IPL_2025_010,2,PBKS,Harshal Patel,4.0,24,0,26,0,6.5,,
IPL_2025_010,2,PBKS,Kagiso Rabada,4.0,24,0,20,0,5.0,,
IPL_2025_010,2,PBKS,Arshdeep Singh,4.0,24,0,63,1,15.75,63.0,24.0
IPL_2025_011,1,MI,Hardik Pandya,4.0,24,0,27,2,6.75,13.5,12.0
IPL_2025_011,1,MI,Romario Shepherd,4.0,24,0,24,2,6.0,12.0,12.0
IPL_2025_011,1,MI,Mohammad Nabi,4.0,24,0,27,1,6.75,27.0,24.0
IPL_2025_011,1,MI,Gerald Coetzee,4.0,24,0,25,2,6.25,12.5,12.0
IPL_2025_011,1,MI,Piyush Chawla,4.0,24,0,75,0,18.75,,
IPL_2025_011,2,GT,Azmatullah Omarzai,4.0,24,0,30,1,7.5,30.0,24.0
IPL_2025_011,2,GT,Rahul Tewatia,4.0,24,0,23,0,5.75,,
IPL_2025_011,2,GT,Rashid Khan,4.0,24,0,28,3,7.0,9.33,8.0
IPL_2025_011,2,GT,Mohit Sharma,4.0,24,0,18,1,4.5,18.0,24.0
IPL_2025_011,2,GT,Noor Ahmad,4.0,24,0,87,3,21.75,29.0,8.0
IPL_2025_012,1,MI,Hardik Pandya,4.0,24,0,39,2,9.75,19.5,12.0
IPL_2025_012,1,MI,Romario Shepherd,4.0,24,0,21,2,5.25,10.5,12.0
IPL_2025_012,1,MI,Mohammad Nabi,4.0,24,0,20,1,5.0,20.0,24.0
IPL_2025_012,1,MI,Gerald Coetzee,4.0,24,0,15,1,3.75,15.0,24.0
IPL_2025_012,1,MI,Piyush Chawla,4.0,24,0,89,0,22.25,,
IPL_2025_012,2,CSK,Rachin Ravindra,4.0,24,0,41,3,10.25,13.67,8.0
IPL_2025_012,2,CSK,Daryl Mitchell,4.0,24,0,32,0,8.0,,
IPL_2025_012,2,CSK,Shivam Dube,4.0,24,0,21,1,5.25,21.0,24.0
IPL_2025_012,2,CSK,Ravindra Jadeja,4.0,24,0,16,2,4.0,8.0,12.0
IPL_2025_012,2,CSK,Mitchell Santner,4.0,24,0,77,2,19.25,38.5,12.0
IPL_2025_013,1,KKR,Sunil Narine,4.0,24,0,44,2,11.0,22.0,12.0
IPL_2025_013,1,KKR,Andre Russell,4.0,24,0,30,3,7.5,10.0,8.0
IPL_2025_013,1,KKR,Ramandeep Singh,4.0,24,0,16,1,4.0,16.0,24.0
IPL_2025_013,1,KKR,Mitchell Starc,4.0,24,0,23,1,5.75,23.0,24.0
IPL_2025_013,1,KKR,Harshit Rana,4.0,24,0,70,2,17.5,35.0,12.0
IPL_2025_013,2,MI,Hardik Pandya,4.0,24,0,29,2,7.25,14.5,12.0
IPL_2025_013,2,MI,Romario Shepherd,4.0,24,0,40,0,10.0,,
IPL_2025_013,2,MI,Mohammad Nabi,4.0,24,0,25,1,6.25,25.0,24.0
IPL_2025_013,2,MI,Gerald Coetzee,4.0,24,0,19,2,4.75,9.5,12.0
IPL_2025_013,2,MI,Piyush Chawla,4.0,24,0,70,1,17.5,70.0,24.0
IPL_2025_014,1,RR,Rovman Powell,4.0,24,0,26,1,6.5,26.0,24.0
IPL_2025_014,1,RR,Ravichandran Ashwin,4.0,24,0,22,1,5.5,22.0,24.0
IPL_2025_014,1,RR,Trent Boult,4.0,24,0,23,2,5.75,11.5,12.0
IPL_2025_014,1,RR,Avesh Khan,4.0,24,0,24,0,6.0,,
IPL_2025_014,1,RR,Sandeep Sharma,4.0,24,0,86,2,21.5,43.0,12.0
IPL_2025_014,2,PBKS,Sam Curran,4.0,24,0,46,1,11.5,46.0,24.0
IPL_2025_014,2,PBKS,Harpreet Brar,4.0,24,0,35,2,8.75,17.5,12.0
IPL_2025_014,2,PBKS,Harshal Patel,4.0,24,0,21,0,5.25,,
IPL_2025_014,2,PBKS,Kagiso Rabada,4.0,24,0,14,3,3.5,4.67,8.0
IPL_2025_014,2,PBKS,Arshdeep Singh,4.0,24,0,72,2,18.0,36.0,12.0
IPL_2025_015,1,CSK,Rachin Ravindra,4.0,24,0,38,0,9.5,,
IPL_2025_015,1,CSK,Daryl Mitchell,4.0,24,0,29,1,7.25,29.0,24.0
IPL_2025_015,1,CSK,Shivam Dube,4.0,24,0,21,2,5.25,10.5,12.0
IPL_2025_015,1,CSK,Ravindra Jadeja,4.0,24,0,18,2,4.5,9.0,12.0
IPL_2025_015,1,CSK,Mitchell Santner,4.0,24,0,70,2,17.5,35.0,12.0
IPL_2025_015,2,RR,Rovman Powell,4.0,24,0,27,2,6.75,13.5,12.0
IPL_2025_015,2,RR,Ravichandran Ashwin,4.0,24,0,33,1,8.25,33.0,24.0
IPL_2025_015,2,RR,Trent Boult,4.0,24,0,17,1,4.25,17.0,24.0
IPL_2025_015,2,RR,Avesh Khan,4.0,24,0,22,0,5.5,,
IPL_2025_015,2,RR,Sandeep Sharma,4.0,24,0,79,2,19.75,39.5,12.0
IPL_2025_016,1,KKR,Sunil Narine,4.0,24,0,33,0,8.25,,
IPL_2025_016,1,KKR,Andre Russell,4.0,24,0,29,0,7.25,,
IPL_2025_016,1,KKR,Ramandeep Singh,4.0,24,0,17,2,4.25,8.5,12.0
IPL_2025_016,1,KKR,Mitchell Starc,4.0,24,0,11,2,2.75,5.5,12.0
IPL_2025_016,1,KKR,Harshit Rana,4.0,24,0,71,2,17.75,35.5,12.0
IPL_2025_016,2,SRH,Abhishek Sharma,4.0,24,0,44,1,11.0,44.0,24.0
IPL_2025_016,2,SRH,Nitish Kumar Reddy,4.0,24,0,33,2,8.25,16.5,12.0
IPL_2025_016,2,SRH,Shahbaz Ahmed,4.0,24,0,17,1,4.25,17.0,24.0
IPL_2025_016,2,SRH,Pat Cummins,4.0,24,0,14,1,3.5,14.0,24.0
IPL_2025_016,2,SRH,Bhuvneshwar Kumar,4.0,24,0,77,3,19.25,25.67,8.0
IPL_2025_017,1,PBKS,Sam Curran,4.0,24,0,33,2,8.25,16.5,12.0
IPL_2025_017,1,PBKS,Harpreet Brar,4.0,24,0,23,3,5.75,7.67,8.0
IPL_2025_017,1,PBKS,Harshal Patel,4.0,24,0,18,2,4.5,9.0,12.0
IPL_2025_017,1,PBKS,Kagiso Rabada,4.0,24,0,24,0,6.0,,
IPL_2025_017,1,PBKS,Arshdeep Singh,4.0,24,0,77,3,19.25,25.67,8.0
IPL_2025_017,2,MI,Hardik Pandya,4.0,24,0,42,3,10.5,14.0,8.0
IPL_2025_017,2,MI,Romario Shepherd,4.0,24,0,31,2,7.75,15.5,12.0
IPL_2025_017,2,MI,Mohammad Nabi,4.0,24,0,27,1,6.75,27.0,24.0
IPL_2025_017,2,MI,Gerald Coetzee,4.0,24,0,15,2,3.75,7.5,12.0
IPL_2025_017,2,MI,Piyush Chawla,4.0,24,0,71,2,17.75,35.5,12.0
IPL_2025_018,1,GT,Azmatullah Omarzai,4.0,24,0,36,3,9.0,12.0,8.0
IPL_2025_018,1,GT,Rahul Tewatia,4.0,24,0,35,2,8.75,17.5,12.0
IPL_2025_018,1,GT,Rashid Khan,4.0,24,0,19,0,4.75,,
IPL_2025_018,1,GT,Mohit Sharma,4.0,24,0,14,3,3.5,4.67,8.0
IPL_2025_018,1,GT,Noor Ahmad,4.0,24,0,77,2,19.25,38.5,12.0
IPL_2025_018,2,MI,Hardik Pandya,4.0,24,0,27,2,6.75,13.5,12.0
IPL_2025_018,2,MI,Romario Shepherd,4.0,24,0,29,0,7.25,,
IPL_2025_018,2,MI,Mohammad Nabi,4.0,24,0,28,2,7.0,14.0,12.0
IPL_2025_018,2,MI,Gerald Coetzee,4.0,24,0,23,2,5.75,11.5,12.0
IPL_2025_018,2,MI,Piyush Chawla,4.0,24,0,79,3,19.75,26.33,8.0
IPL_2025_019,1,MI,Hardik Pandya,4.0,24,0,36,0,9.0,,
IPL_2025_019,1,MI,Romario Shepherd,4.0,24,0,28,1,7.0,28.0,24.0
IPL_2025_019,1,MI,Mohammad Nabi,4.0,24,0,31,2,7.75,15.5,12.0
IPL_2025_019,1,MI,Gerald Coetzee,4.0,24,0,19,0,4.75,,
IPL_2025_019,1,MI,Piyush Chawla,4.0,24,0,71,2,17.75,35.5,12.0
IPL_2025_019,2,LSG,Marcus Stoinis,4.0,24,0,32,0,8.0,,
IPL_2025_019,2,LSG,Deepak Hooda,4.0,24,0,41,2,10.25,20.5,12.0
IPL_2025_019,2,LSG,Krunal Pandya,4.0,24,0,17,3,4.25,5.67,8.0
IPL_2025_019,2,LSG,Ravi Bishnoi,4.0,24,0,24,2,6.0,12.0,12.0
IPL_2025_019,2,LSG,Mohsin Khan,4.0,24,0,76,3,19.0,25.33,8.0
IPL_2025_020,1,SRH,Abhishek Sharma,4.0,24,0,34,1,8.5,34.0,24.0
IPL_2025_020,1,SRH,Nitish Kumar Reddy,4.0,24,0,22,1,5.5,22.0,24.0
IPL_2025_020,1,SRH,Shahbaz Ahmed,4.0,24,0,32,2,8.0,16.0,12.0
IPL_2025_020,1,SRH,Pat Cummins,4.0,24,0,22,1,5.5,22.0,24.0
IPL_2025_020,1,SRH,Bhuvneshwar Kumar,4.0,24,0,81,2,20.25,40.5,12.0
IPL_2025_020,2,MI,Hardik Pandya,4.0,24,0,41,1,10.25,41.0,24.0
IPL_2025_020,2,MI,Romario Shepherd,4.0,24,0,26,3,6.5,8.67,8.0
IPL_2025_020,2,MI,Mohammad Nabi,4.0,24,1,22,0,5.5,,
IPL_2025_020,2,MI,Gerald Coetzee,4.0,24,0,22,0,5.5,,
IPL_2025_020,2,MI,Piyush Chawla,4.0,24,0,77,1,19.25,77.0,24.0
IPL_2025_021,1,RCB,Will Jacks,4.0,24,0,44,2,11.0,22.0,12.0
IPL_2025_021,1,RCB,Glenn Maxwell,4.0,24,0,24,3,6.0,8.0,8.0
IPL_2025_021,1,RCB,Cameron Green,4.0,24,0,22,2,5.5,11.0,12.0
IPL_2025_021,1,RCB,Karn Sharma,4.0,24,0,16,1,4.0,16.0,24.0
IPL_2025_021,1,RCB,Lockie Ferguson,4.0,24,0,79,1,19.75,79.0,24.0
IPL_2025_021,2,SRH,Abhishek Sharma,4.0,24,0,28,3,7.0,9.33,8.0
IPL_2025_021,2,SRH,Nitish Kumar Reddy,4.0,24,0,21,2,5.25,10.5,12.0
IPL_2025_021,2,SRH,Shahbaz Ahmed,4.0,24,0,21,0,5.25,,
IPL_2025_021,2,SRH,Pat Cummins,4.0,24,0,18,1,4.5,18.0,24.0
IPL_2025_021,2,SRH,Bhuvneshwar Kumar,4.0,24,0,88,2,22.0,44.0,12.0
IPL_2025_022,1,PBKS,Sam Curran,4.0,24,0,40,0,10.0,,
IPL_2025_022,1,PBKS,Harpreet Brar,4.0,24,0,24,0,6.0,,
IPL_2025_022,1,PBKS,Harshal Patel,4.0,24,0,30,1,7.5,30.0,24.0
IPL_2025_022,1,PBKS,Kagiso Rabada,4.0,24,0,21,2,5.25,10.5,12.0
IPL_2025_022,1,PBKS,Arshdeep Singh,4.0,24,0,68,2,17.0,34.0,12.0
IPL_2025_022,2,KKR,Sunil Narine,4.0,24,0,26,1,6.5,26.0,24.0
IPL_2025_022,2,KKR,Andre Russell,4.0,24,0,33,2,8.25,16.5,12.0
IPL_2025_022,2,KKR,Ramandeep Singh,4.0,24,0,19,3,4.75,6.33,8.0
IPL_2025_022,2,KKR,Mitchell Starc,4.0,24,0,27,1,6.75,27.0,24.0
IPL_2025_022,2,KKR,Harshit Rana,4.0,24,0,80,1,20.0,80.0,24.0
IPL_2025_023,1,RCB,Will Jacks,4.0,24,0,32,3,8.0,10.67,8.0
IPL_2025_023,1,RCB,Glenn Maxwell,4.0,24,0,43,1,10.75,43.0,24.0
IPL_2025_023,1,RCB,Cameron Green,4.0,24,0,32,2,8.0,16.0,12.0
IPL_2025_023,1,RCB,Karn Sharma,4.0,24,0,19,3,4.75,6.33,8.0
IPL_2025_023,1,RCB,Lockie Ferguson,4.0,24,0,75,2,18.75,37.5,12.0
IPL_2025_023,2,GT,Azmatullah Omarzai,4.0,24,0,31,0,7.75,,
IPL_2025_023,2,GT,Rahul Tewatia,4.0,24,0,25,3,6.25,8.33,8.0
IPL_2025_023,2,GT,Rashid Khan,4.0,24,0,28,2,7.0,14.0,12.0
IPL_2025_023,2,GT,Mohit Sharma,4.0,24,0,26,1,6.5,26.0,24.0
IPL_2025_023,2,GT,Noor Ahmad,4.0,24,0,80,1,20.0,80.0,24.0
IPL_2025_024,1,KKR,Sunil Narine,4.0,24,0,42,0,10.5,,
IPL_2025_024,1,KKR,Andre Russell,4.0,24,0,32,1,8.0,32.0,24.0
IPL_2025_024,1,KKR,Ramandeep Singh,4.0,24,0,15,2,3.75,7.5,12.0
IPL_2025_024,1,KKR,Mitchell Starc,4.0,24,0,15,0,3.75,,
IPL_2025_024,1,KKR,Harshit Rana,4.0,24,0,75,2,18.75,37.5,12.0
IPL_2025_024,2,RR,Rovman Powell,4.0,24,0,32,0,8.0,,
IPL_2025_024,2,RR,Ravichandran Ashwin,4.0,24,0,21,3,5.25,7.0,8.0
IPL_2025_024,2,RR,Trent Boult,4.0,24,0,29,3,7.25,9.67,8.0
IPL_2025_024,2,RR,Avesh Khan,4.0,24,0,24,2,6.0,12.0,12.0
IPL_2025_024,2,RR,Sandeep Sharma,4.0,24,0,72,2,18.0,36.0,12.0
IPL_2025_025,1,RR,Rovman Powell,4.0,24,0,40,2,10.0,20.0,12.0
IPL_2025_025,1,RR,Ravichandran Ashwin,4.0,24,0,21,0,5.25,,
IPL_2025_025,1,RR,Trent Boult,4.0,24,0,27,2,6.75,13.5,12.0
IPL_2025_025,1,RR,Avesh Khan,4.0,24,0,21,1,5.25,21.0,24.0
IPL_2025_025,1,RR,Sandeep Sharma,4.0,24,0,77,2,19.25,38.5,12.0
IPL_2025_025,2,CSK,Rachin Ravindra,4.0,24,0,39,2,9.75,19.5,12.0
IPL_2025_025,2,CSK,Daryl Mitchell,4.0,24,1,18,1,4.5,18.0,24.0
IPL_2025_025,2,CSK,Shivam Dube,4.0,24,0,19,0,4.75,,
IPL_2025_025,2,CSK,Ravindra Jadeja,4.0,24,1,15,3,3.75,5.0,8.0
IPL_2025_025,2,CSK,Mitchell Santner,4.0,24,0,75,2,18.75,37.5,12.0
IPL_2025_026,1,DC,Axar Patel,4.0,24,0,36,1,9.0,36.0,24.0
IPL_2025_026,1,DC,Kuldeep Yadav,4.0,24,0,34,1,8.5,34.0,24.0
IPL_2025_026,1,DC,Khaleel Ahmed,4.0,24,0,21,3,5.25,7.0,8.0
IPL_2025_026,1,DC,Mukesh Kumar,4.0,24,0,13,2,3.25,6.5,12.0
IPL_2025_026,1,DC,Ishant Sharma,4.0,24,0,78,0,19.5,,
IPL_2025_026,2,GT,Azmatullah Omarzai,4.0,24,0,37,0,9.25,,
IPL_2025_026,2,GT,Rahul Tewatia,4.0,24,0,32,0,8.0,,
IPL_2025_026,2,GT,Rashid Khan,4.0,24,0,19,3,4.75,6.33,8.0
IPL_2025_026,2,GT,Mohit Sharma,4.0,24,0,17,3,4.25,5.67,8.0
IPL_2025_026,2,GT,Noor Ahmad,4.0,24,0,72,2,18.0,36.0,12.0
IPL_2025_027,1,LSG,Marcus Stoinis,4.0,24,0,30,2,7.5,15.0,12.0
IPL_2025_027,1,LSG,Deepak Hooda,4.0,24,0,31,0,7.75,,
IPL_2025_027,1,LSG,Krunal Pandya,4.0,24,0,27,3,6.75,9.0,8.0
IPL_2025_027,1,LSG,Ravi Bishnoi,4.0,24,0,19,2,4.75,9.5,12.0
IPL_2025_027,1,LSG,Mohsin Khan,4.0,24,0,76,2,19.0,38.0,12.0
IPL_2025_027,2,RR,Rovman Powell,4.0,24,0,29,1,7.25,29.0,24.0
IPL_2025_027,2,RR,Ravichandran Ashwin,4.0,24,0,26,3,6.5,8.67,8.0
IPL_2025_027,2,RR,Trent Boult,4.0,24,0,17,2,4.25,8.5,12.0
IPL_2025_027,2,RR,Avesh Khan,4.0,24,0,19,2,4.75,9.5,12.0
IPL_2025_027,2,RR,Sandeep Sharma,4.0,24,0,82,1,20.5,82.0,24.0
IPL_2025_028,1,RCB,Will Jacks,4.0,24,0,26,1,6.5,26.0,24.0
IPL_2025_028,1,RCB,Glenn Maxwell,4.0,24,0,30,1,7.5,30.0,24.0
IPL_2025_028,1,RCB,Cameron Green,4.0,24,1,17,3,4.25,5.67,8.0
IPL_2025_028,1,RCB,Karn Sharma,4.0,24,1,17,0,4.25,,
IPL_2025_028,1,RCB,Lockie Ferguson,4.0,24,0,83,3,20.75,27.67,8.0
IPL_2025_028,2,SRH,Abhishek Sharma,4.0,24,0,36,2,9.0,18.0,12.0
IPL_2025_028,2,SRH,Nitish Kumar Reddy,4.0,24,0,36,3,9.0,12.0,8.0
IPL_2025_028,2,SRH,Shahbaz Ahmed,4.0,24,0,26,1,6.5,26.0,24.0
IPL_2025_028,2,SRH,Pat Cummins,4.0,24,0,12,2,3.0,6.0,12.0
IPL_2025_028,2,SRH,Bhuvneshwar Kumar,4.0,24,0,68,2,17.0,34.0,12.0
IPL_2025_029,1,LSG,Marcus Stoinis,4.0,24,0,24,1,6.0,24.0,24.0
IPL_2025_029,1,LSG,Deepak Hooda,4.0,24,0,35,1,8.75,35.0,24.0
IPL_2025_029,1,LSG,Krunal Pandya,4.0,24,0,16,2,4.0,8.0,12.0
IPL_2025_029,1,LSG,Ravi Bishnoi,4.0,24,0,16,1,4.0,16.0,24.0
IPL_2025_029,1,LSG,Mohsin Khan,4.0,24,0,80,1,20.0,80.0,24.0
IPL_2025_029,2,SRH,Abhishek Sharma,4.0,24,0,29,0,7.25,,
IPL_2025_029,2,SRH,Nitish Kumar Reddy,4.0,24,0,38,2,9.5,19.0,12.0
IPL_2025_029,2,SRH,Shahbaz Ahmed,4.0,24,0,18,2,4.5,9.0,12.0
IPL_2025_029,2,SRH,Pat Cummins,4.0,24,0,24,2,6.0,12.0,12.0
IPL_2025_029,2,SRH,Bhuvneshwar Kumar,4.0,24,0,75,2,18.75,37.5,12.0
IPL_2025_030,1,KKR,Sunil Narine,4.0,24,0,30,1,7.5,30.0,24.0
IPL_2025_030,1,KKR,Andre Russell,4.0,24,0,32,1,8.0,32.0,24.0
IPL_2025_030,1,KKR,Ramandeep Singh,4.0,24,0,28,2,7.0,14.0,12.0
IPL_2025_030,1,KKR,Mitchell Starc,4.0,24,0,18,2,4.5,9.0,12.0
IPL_2025_030,1,KKR,Harshit Rana,4.0,24,0,71,1,17.75,71.0,24.0
IPL_2025_030,2,RCB,Will Jacks,4.0,24,0,33,0,8.25,,
IPL_2025_030,2,RCB,Glenn Maxwell,4.0,24,0,32,2,8.0,16.0,12.0
IPL_2025_030,2,RCB,Cameron Green,4.0,24,0,26,1,6.5,26.0,24.0
IPL_2025_030,2,RCB,Karn Sharma,4.0,24,0,19,1,4.75,19.0,24.0
IPL_2025_030,2,RCB,Lockie Ferguson,4.0,24,0,68,3,17.0,22.67,8.0
IPL_2025_031,1,DC,Axar Patel,4.0,24,0,45,1,11.25,45.0,24.0
IPL_2025_031,1,DC,Kuldeep Yadav,4.0,24,0,30,0,7.5,,
IPL_2025_031,1,DC,Khaleel Ahmed,4.0,24,0,23,1,5.75,23.0,24.0
IPL_2025_031,1,DC,Mukesh Kumar,4.0,24,0,23,2,5.75,11.5,12.0
IPL_2025_031,1,DC,Ishant Sharma,4.0,24,0,72,1,18.0,72.0,24.0
IPL_2025_031,2,LSG,Marcus Stoinis,4.0,24,0,40,0,10.0,,
IPL_2025_031,2,LSG,Deepak Hooda,4.0,24,0,31,3,7.75,10.33,8.0
IPL_2025_031,2,LSG,Krunal Pandya,4.0,24,0,20,2,5.0,10.0,12.0
IPL_2025_031,2,LSG,Ravi Bishnoi,4.0,24,0,13,2,3.25,6.5,12.0
IPL_2025_031,2,LSG,Mohsin Khan,4.0,24,0,68,2,17.0,34.0,12.0
IPL_2025_032,1,RR,Rovman Powell,4.0,24,0,41,1,10.25,41.0,24.0
IPL_2025_032,1,RR,Ravichandran Ashwin,4.0,24,0,24,0,6.0,,
IPL_2025_032,1,RR,Trent Boult,4.0,24,0,22,2,5.5,11.0,12.0
IPL_2025_032,1,RR,Avesh Khan,4.0,24,0,15,0,3.75,,
IPL_2025_032,1,RR,Sandeep Sharma,4.0,24,0,62,1,15.5,62.0,24.0
IPL_2025_032,2,KKR,Sunil Narine,4.0,24,0,43,2,10.75,21.5,12.0
IPL_2025_032,2,KKR,Andre Russell,4.0,24,0,28,0,7.0,,
IPL_2025_032,2,KKR,Ramandeep Singh,4.0,24,0,20,2,5.0,10.0,12.0
IPL_2025_032,2,KKR,Mitchell Starc,4.0,24,1,22,0,5.5,,
IPL_2025_032,2,KKR,Harshit Rana,4.0,24,0,66,1,16.5,66.0,24.0
IPL_2025_033,1,KKR,Sunil Narine,4.0,24,0,45,3,11.25,15.0,8.0
IPL_2025_033,1,KKR,Andre Russell,4.0,24,0,27,1,6.75,27.0,24.0
IPL_2025_033,1,KKR,Ramandeep Singh,4.0,24,0,18,1,4.5,18.0,24.0
IPL_2025_033,1,KKR,Mitchell Starc,4.0,24,0,21,2,5.25,10.5,12.0
IPL_2025_033,1,KKR,Harshit Rana,4.0,24,0,75,2,18.75,37.5,12.0
IPL_2025_033,2,MI,Hardik Pandya,4.0,24,0,47,1,11.75,47.0,24.0
IPL_2025_033,2,MI,Romario Shepherd,4.0,24,0,24,2,6.0,12.0,12.0
IPL_2025_033,2,MI,Mohammad Nabi,4.0,24,0,21,1,5.25,21.0,24.0
IPL_2025_033,2,MI,Gerald Coetzee,4.0,24,0,21,1,5.25,21.0,24.0
IPL_2025_033,2,MI,Piyush Chawla,4.0,24,0,93,0,23.25,,
IPL_2025_034,1,DC,Axar Patel,4.0,24,0,42,1,10.5,42.0,24.0
IPL_2025_034,1,DC,Kuldeep Yadav,4.0,24,0,34,0,8.5,,
IPL_2025_034,1,DC,Khaleel Ahmed,4.0,24,0,16,3,4.0,5.33,8.0
IPL_2025_034,1,DC,Mukesh Kumar,4.0,24,0,22,3,5.5,7.33,8.0
IPL_2025_034,1,DC,Ishant Sharma,4.0,24,0,64,1,16.0,64.0,24.0
IPL_2025_034,2,CSK,Rachin Ravindra,4.0,24,0,34,3,8.5,11.33,8.0
IPL_2025_034,2,CSK,Daryl Mitchell,4.0,24,0,19,2,4.75,9.5,12.0
IPL_2025_034,2,CSK,Shivam Dube,4.0,24,1,18,0,4.5,,
IPL_2025_034,2,CSK,Ravindra Jadeja,4.0,24,0,10,2,2.5,5.0,12.0
IPL_2025_034,2,CSK,Mitchell Santner,4.0,24,0,67,1,16.75,67.0,24.0
IPL_2025_035,1,GT,Azmatullah Omarzai,4.0,24,0,30,0,7.5,,
IPL_2025_035,1,GT,Rahul Tewatia,4.0,24,0,34,0,8.5,,
IPL_2025_035,1,GT,Rashid Khan,4.0,24,0,16,1,4.0,16.0,24.0
IPL_2025_035,1,GT,Mohit Sharma,4.0,24,0,21,1,5.25,21.0,24.0
IPL_2025_035,1,GT,Noor Ahmad,4.0,24,0,69,1,17.25,69.0,24.0
IPL_2025_035,2,KKR,Sunil Narine,4.0,24,0,28,3,7.0,9.33,8.0
IPL_2025_035,2,KKR,Andre Russell,4.0,24,0,35,0,8.75,,
IPL_2025_035,2,KKR,Ramandeep Singh,4.0,24,0,18,1,4.5,18.0,24.0
IPL_2025_035,2,KKR,Mitchell Starc,4.0,24,0,21,2,5.25,10.5,12.0
IPL_2025_035,2,KKR,Harshit Rana,4.0,24,0,66,1,16.5,66.0,24.0
IPL_2025_036,1,GT,Azmatullah Omarzai,4.0,24,0,28,2,7.0,14.0,12.0
IPL_2025_036,1,GT,Rahul Tewatia,4.0,24,0,30,0,7.5,,
IPL_2025_036,1,GT,Rashid Khan,4.0,24,0,16,1,4.0,16.0,24.0
IPL_2025_036,1,GT,Mohit Sharma,4.0,24,0,20,1,5.0,20.0,24.0
IPL_2025_036,1,GT,Noor Ahmad,4.0,24,0,70,1,17.5,70.0,24.0
IPL_2025_036,2,DC,Axar Patel,4.0,24,0,42,1,10.5,42.0,24.0
IPL_2025_036,2,DC,Kuldeep Yadav,4.0,24,0,31,3,7.75,10.33,8.0
IPL_2025_036,2,DC,Khaleel Ahmed,4.0,24,0,16,1,4.0,16.0,24.0
IPL_2025_036,2,DC,Mukesh Kumar,4.0,24,0,18,0,4.5,,
IPL_2025_036,2,DC,Ishant Sharma,4.0,24,0,69,1,17.25,69.0,24.0
IPL_2025_037,1,RR,Rovman Powell,4.0,24,0,40,1,10.0,40.0,24.0
IPL_2025_037,1,RR,Ravichandran Ashwin,4.0,24,0,33,0,8.25,,
IPL_2025_037,1,RR,Trent Boult,4.0,24,0,23,1,5.75,23.0,24.0
IPL_2025_037,1,RR,Avesh Khan,4.0,24,0,13,2,3.25,6.5,12.0
IPL_2025_037,1,RR,Sandeep Sharma,4.0,24,0,66,3,16.5,22.0,8.0
IPL_2025_037,2,GT,Azmatullah Omarzai,4.0,24,0,25,2,6.25,12.5,12.0
IPL_2025_037,2,GT,Rahul Tewatia,4.0,24,0,35,0,8.75,,
IPL_2025_037,2,GT,Rashid Khan,4.0,24,0,19,1,4.75,19.0,24.0
IPL_2025_037,2,GT,Mohit Sharma,4.0,24,0,19,1,4.75,19.0,24.0
IPL_2025_037,2,GT,Noor Ahmad,4.0,24,0,81,2,20.25,40.5,12.0
IPL_2025_038,1,PBKS,Sam Curran,4.0,24,0,31,3,7.75,10.33,8.0
IPL_2025_038,1,PBKS,Harpreet Brar,4.0,24,0,22,1,5.5,22.0,24.0
IPL_2025_038,1,PBKS,Harshal Patel,4.0,24,0,21,1,5.25,21.0,24.0
IPL_2025_038,1,PBKS,Kagiso Rabada,4.0,24,0,20,0,5.0,,
IPL_2025_038,1,PBKS,Arshdeep Singh,4.0,24,0,84,2,21.0,42.0,12.0
IPL_2025_038,2,RR,Rovman Powell,4.0,24,0,39,1,9.75,39.0,24.0
IPL_2025_038,2,RR,Ravichandran Ashwin,4.0,24,0,26,2,6.5,13.0,12.0
IPL_2025_038,2,RR,Trent Boult,4.0,24,0,24,1,6.0,24.0,24.0
IPL_2025_038,2,RR,Avesh Khan,4.0,24,0,17,2,4.25,8.5,12.0
IPL_2025_038,2,RR,Sandeep Sharma,4.0,24,0,58,2,14.5,29.0,12.0
IPL_2025_039,1,RR,Rovman Powell,4.0,24,0,39,0,9.75,,
IPL_2025_039,1,RR,Ravichandran Ashwin,4.0,24,0,19,1,4.75,19.0,24.0
IPL_2025_039,1,RR,Trent Boult,4.0,24,0,16,0,4.0,,
IPL_2025_039,1,RR,Avesh Khan,4.0,24,0,17,3,4.25,5.67,8.0
IPL_2025_039,1,RR,Sandeep Sharma,4.0,24,0,78,3,19.5,26.0,8.0
IPL_2025_039,2,DC,Axar Patel,4.0,24,0,38,1,9.5,38.0,24.0
IPL_2025_039,2,DC,Kuldeep Yadav,4.0,24,0,32,1,8.0,32.0,24.0
IPL_2025_039,2,DC,Khaleel Ahmed,4.0,24,0,18,1,4.5,18.0,24.0
IPL_2025_039,2,DC,Mukesh Kumar,4.0,24,0,13,3,3.25,4.33,8.0
IPL_2025_039,2,DC,Ishant Sharma,4.0,24,0,69,0,17.25,,
IPL_2025_040,1,RR,Rovman Powell,4.0,24,0,39,2,9.75,19.5,12.0
IPL_2025_040,1,RR,Ravichandran Ashwin,4.0,24,0,20,2,5.0,10.0,12.0
IPL_2025_040,1,RR,Trent Boult,4.0,24,0,24,3,6.0,8.0,8.0
IPL_2025_040,1,RR,Avesh Khan,4.0,24,1,20,2,5.0,10.0,12.0
IPL_2025_040,1,RR,Sandeep Sharma,4.0,24,0,61,2,15.25,30.5,12.0
IPL_2025_040,2,GT,Azmatullah Omarzai,4.0,24,0,29,2,7.25,14.5,12.0
IPL_2025_040,2,GT,Rahul Tewatia,4.0,24,0,37,1,9.25,37.0,24.0
IPL_2025_040,2,GT,Rashid Khan,4.0,24,0,20,0,5.0,,
IPL_2025_040,2,GT,Mohit Sharma,4.0,24,1,15,1,3.75,15.0,24.0
IPL_2025_040,2,GT,Noor Ahmad,4.0,24,0,78,1,19.5,78.0,24.0
IPL_2025_041,1,RCB,Will Jacks,4.0,24,0,36,2,9.0,18.0,12.0
IPL_2025_041,1,RCB,Glenn Maxwell,4.0,24,0,37,2,9.25,18.5,12.0
IPL_2025_041,1,RCB,Cameron Green,4.0,24,0,25,1,6.25,25.0,24.0
IPL_2025_041,1,RCB,Karn Sharma,4.0,24,0,14,2,3.5,7.0,12.0
IPL_2025_041,1,RCB,Lockie Ferguson,4.0,24,0,74,0,18.5,,
IPL_2025_041,2,KKR,Sunil Narine,4.0,24,0,24,1,6.0,24.0,24.0
IPL_2025_041,2,KKR,Andre Russell,4.0,24,0,22,0,5.5,,
IPL_2025_041,2,KKR,Ramandeep Singh,4.0,24,0,27,2,6.75,13.5,12.0
IPL_2025_041,2,KKR,Mitchell Starc,4.0,24,0,14,1,3.5,14.0,24.0
IPL_2025_041,2,KKR,Harshit Rana,4.0,24,0,86,1,21.5,86.0,24.0
IPL_2025_042,1,CSK,Rachin Ravindra,4.0,24,0,43,0,10.75,,
IPL_2025_042,1,CSK,Daryl Mitchell,4.0,24,0,34,2,8.5,17.0,12.0
IPL_2025_042,1,CSK,Shivam Dube,4.0,24,0,15,0,3.75,,
IPL_2025_042,1,CSK,Ravindra Jadeja,4.0,24,0,15,1,3.75,15.0,24.0
IPL_2025_042,1,CSK,Mitchell Santner,4.0,24,0,77,0,19.25,,
IPL_2025_042,2,LSG,Marcus Stoinis,4.0,24,0,37,2,9.25,18.5,12.0
IPL_2025_042,2,LSG,Deepak Hooda,4.0,24,0,33,3,8.25,11.0,8.0
IPL_2025_042,2,LSG,Krunal Pandya,4.0,24,0,22,1,5.5,22.0,24.0
IPL_2025_042,2,LSG,Ravi Bishnoi,4.0,24,0,22,2,5.5,11.0,12.0
IPL_2025_042,2,LSG,Mohsin Khan,4.0,24,0,64,0,16.0,,
IPL_2025_043,1,GT,Azmatullah Omarzai,4.0,24,0,36,3,9.0,12.0,8.0
IPL_2025_043,1,GT,Rahul Tewatia,4.0,24,0,22,2,5.5,11.0,12.0
IPL_2025_043,1,GT,Rashid Khan,4.0,24,0,26,1,6.5,26.0,24.0
IPL_2025_043,1,GT,Mohit Sharma,4.0,24,0,22,2,5.5,11.0,12.0
IPL_2025_043,1,GT,Noor Ahmad,4.0,24,0,80,3,20.0,26.67,8.0
IPL_2025_043,2,PBKS,Sam Curran,4.0,24,0,32,1,8.0,32.0,24.0
IPL_2025_043,2,PBKS,Harpreet Brar,4.0,24,0,20,1,5.0,20.0,24.0
IPL_2025_043,2,PBKS,Harshal Patel,4.0,24,0,22,0,5.5,,
IPL_2025_043,2,PBKS,Kagiso Rabada,4.0,24,0,25,2,6.25,12.5,12.0
IPL_2025_043,2,PBKS,Arshdeep Singh,4.0,24,0,75,2,18.75,37.5,12.0
IPL_2025_044,1,PBKS,Sam Curran,4.0,24,0,26,2,6.5,13.0,12.0
IPL_2025_044,1,PBKS,Harpreet Brar,4.0,24,0,35,0,8.75,,
IPL_2025_044,1,PBKS,Harshal Patel,4.0,24,0,18,0,4.5,,
IPL_2025_044,1,PBKS,Kagiso Rabada,4.0,24,0,22,1,5.5,22.0,24.0
IPL_2025_044,1,PBKS,Arshdeep Singh,4.0,24,0,70,1,17.5,70.0,24.0
IPL_2025_044,2,GT,Azmatullah Omarzai,4.0,24,0,25,1,6.25,25.0,24.0
IPL_2025_044,2,GT,Rahul Tewatia,4.0,24,0,26,1,6.5,26.0,24.0
IPL_2025_044,2,GT,Rashid Khan,4.0,24,0,24,1,6.0,24.0,24.0
IPL_2025_044,2,GT,Mohit Sharma,4.0,24,0,16,0,4.0,,
IPL_2025_044,2,GT,Noor Ahmad,4.0,24,0,64,1,16.0,64.0,24.0
IPL_2025_045,1,GT,Azmatullah Omarzai,4.0,24,0,39,1,9.75,39.0,24.0
IPL_2025_045,1,GT,Rahul Tewatia,4.0,24,0,34,0,8.5,,
IPL_2025_045,1,GT,Rashid Khan,4.0,24,0,25,1,6.25,25.0,24.0
IPL_2025_045,1,GT,Mohit Sharma,4.0,24,0,21,1,5.25,21.0,24.0
IPL_2025_045,1,GT,Noor Ahmad,4.0,24,0,81,1,20.25,81.0,24.0
IPL_2025_045,2,KKR,Sunil Narine,4.0,24,0,34,3,8.5,11.33,8.0
IPL_2025_045,2,KKR,Andre Russell,4.0,24,0,28,0,7.0,,
IPL_2025_045,2,KKR,Ramandeep Singh,4.0,24,0,24,1,6.0,24.0,24.0
IPL_2025_045,2,KKR,Mitchell Starc,4.0,24,0,17,2,4.25,8.5,12.0
IPL_2025_045,2,KKR,Harshit Rana,4.0,24,0,87,2,21.75,43.5,12.0
IPL_2025_046,1,KKR,Sunil Narine,4.0,24,0,38,2,9.5,19.0,12.0
IPL_2025_046,1,KKR,Andre Russell,4.0,24,0,21,0,5.25,,
IPL_2025_046,1,KKR,Ramandeep Singh,4.0,24,0,18,2,4.5,9.0,12.0
IPL_2025_046,1,KKR,Mitchell Starc,4.0,24,1,19,1,4.75,19.0,24.0
IPL_2025_046,1,KKR,Harshit Rana,4.0,24,0,84,0,21.0,,
IPL_2025_046,2,GT,Azmatullah Omarzai,4.0,24,0,27,3,6.75,9.0,8.0
IPL_2025_046,2,GT,Rahul Tewatia,4.0,24,0,24,1,6.0,24.0,24.0
IPL_2025_046,2,GT,Rashid Khan,4.0,24,0,28,1,7.0,28.0,24.0
IPL_2025_046,2,GT,Mohit Sharma,4.0,24,0,17,3,4.25,5.67,8.0
IPL_2025_046,2,GT,Noor Ahmad,4.0,24,0,78,3,19.5,26.0,8.0
IPL_2025_047,1,CSK,Rachin Ravindra,4.0,24,0,30,1,7.5,30.0,24.0
IPL_2025_047,1,CSK,Daryl Mitchell,4.0,24,0,35,1,8.75,35.0,24.0
IPL_2025_047,1,CSK,Shivam Dube,4.0,24,0,18,1,4.5,18.0,24.0
IPL_2025_047,1,CSK,Ravindra Jadeja,4.0,24,0,18,3,4.5,6.0,8.0
IPL_2025_047,1,CSK,Mitchell Santner,4.0,24,0,67,1,16.75,67.0,24.0
IPL_2025_047,2,KKR,Sunil Narine,4.0,24,0,28,0,7.0,,
IPL_2025_047,2,KKR,Andre Russell,4.0,24,0,31,1,7.75,31.0,24.0
IPL_2025_047,2,KKR,Ramandeep Singh,4.0,24,0,23,3,5.75,7.67,8.0
IPL_2025_047,2,KKR,Mitchell Starc,4.0,24,0,13,1,3.25,13.0,24.0
IPL_2025_047,2,KKR,Harshit Rana,4.0,24,0,72,1,18.0,72.0,24.0
IPL_2025_048,1,KKR,Sunil Narine,4.0,24,0,31,1,7.75,31.0,24.0
IPL_2025_048,1,KKR,Andre Russell,4.0,24,0,31,0,7.75,,
IPL_2025_048,1,KKR,Ramandeep Singh,4.0,24,0,18,3,4.5,6.0,8.0
IPL_2025_048,1,KKR,Mitchell Starc,4.0,24,0,18,3,4.5,6.0,8.0
IPL_2025_048,1,KKR,Harshit Rana,4.0,24,0,72,1,18.0,72.0,24.0
IPL_2025_048,2,LSG,Marcus Stoinis,4.0,24,0,31,1,7.75,31.0,24.0
IPL_2025_048,2,LSG,Deepak Hooda,4.0,24,0,36,3,9.0,12.0,8.0
IPL_2025_048,2,LSG,Krunal Pandya,4.0,24,0,22,0,5.5,,
IPL_2025_048,2,LSG,Ravi Bishnoi,4.0,24,0,15,2,3.75,7.5,12.0
IPL_2025_048,2,LSG,Mohsin Khan,4.0,24,0,79,2,19.75,39.5,12.0
IPL_2025_049,1,KKR,Sunil Narine,4.0,24,0,27,1,6.75,27.0,24.0
IPL_2025_049,1,KKR,Andre Russell,4.0,24,0,35,3,8.75,11.67,8.0
IPL_2025_049,1,KKR,Ramandeep Singh,4.0,24,0,15,2,3.75,7.5,12.0
IPL_2025_049,1,KKR,Mitchell Starc,4.0,24,0,14,3,3.5,4.67,8.0
IPL_2025_049,1,KKR,Harshit Rana,4.0,24,0,79,0,19.75,,
IPL_2025_049,2,CSK,Rachin Ravindra,4.0,24,0,32,0,8.0,,
IPL_2025_049,2,CSK,Daryl Mitchell,4.0,24,0,28,2,7.0,14.0,12.0
IPL_2025_049,2,CSK,Shivam Dube,4.0,24,0,19,3,4.75,6.33,8.0
IPL_2025_049,2,CSK,Ravindra Jadeja,4.0,24,0,22,2,5.5,11.0,12.0
IPL_2025_049,2,CSK,Mitchell Santner,4.0,24,0,79,1,19.75,79.0,24.0
IPL_2025_050,1,DC,Axar Patel,4.0,24,0,38,2,9.5,19.0,12.0
IPL_2025_050,1,DC,Kuldeep Yadav,4.0,24,0,21,2,5.25,10.5,12.0
IPL_2025_050,1,DC,Khaleel Ahmed,4.0,24,0,15,3,3.75,5.0,8.0
IPL_2025_050,1,DC,Mukesh Kumar,4.0,24,0,16,1,4.0,16.0,24.0
IPL_2025_050,1,DC,Ishant Sharma,4.0,24,0,69,1,17.25,69.0,24.0
IPL_2025_050,2,MI,Hardik Pandya,4.0,24,0,27,0,6.75,,
IPL_2025_050,2,MI,Romario Shepherd,4.0,24,0,21,3,5.25,7.0,8.0
IPL_2025_050,2,MI,Mohammad Nabi,4.0,24,1,18,2,4.5,9.0,12.0
IPL_2025_050,2,MI,Gerald Coetzee,4.0,24,0,16,2,4.0,8.0,12.0
IPL_2025_050,2,MI,Piyush Chawla,4.0,24,0,81,0,20.25,,
IPL_2025_051,1,MI,Hardik Pandya,4.0,24,0,29,2,7.25,14.5,12.0
IPL_2025_051,1,MI,Romario Shepherd,4.0,24,0,31,0,7.75,,
IPL_2025_051,1,MI,Mohammad Nabi,4.0,24,1,19,1,4.75,19.0,24.0
IPL_2025_051,1,MI,Gerald Coetzee,4.0,24,0,18,3,4.5,6.0,8.0
IPL_2025_051,1,MI,Piyush Chawla,4.0,24,0,80,1,20.0,80.0,24.0
IPL_2025_051,2,RR,Rovman Powell,4.0,24,0,38,3,9.5,12.67,8.0
IPL_2025_051,2,RR,Ravichandran Ashwin,4.0,24,0,19,1,4.75,19.0,24.0
IPL_2025_051,2,RR,Trent Boult,4.0,24,0,29,2,7.25,14.5,12.0
IPL_2025_051,2,RR,Avesh Khan,4.0,24,0,19,2,4.75,9.5,12.0
IPL_2025_051,2,RR,Sandeep Sharma,4.0,24,0,66,2,16.5,33.0,12.0
IPL_2025_052,1,SRH,Abhishek Sharma,4.0,24,0,31,1,7.75,31.0,24.0
IPL_2025_052,1,SRH,Nitish Kumar Reddy,4.0,24,0,26,3,6.5,8.67,8.0
IPL_2025_052,1,SRH,Shahbaz Ahmed,4.0,24,0,27,3,6.75,9.0,8.0
IPL_2025_052,1,SRH,Pat Cummins,4.0,24,0,14,2,3.5,7.0,12.0
IPL_2025_052,1,SRH,Bhuvneshwar Kumar,4.0,24,0,73,2,18.25,36.5,12.0
IPL_2025_052,2,CSK,Rachin Ravindra,4.0,24,0,30,1,7.5,30.0,24.0
IPL_2025_052,2,CSK,Daryl Mitchell,4.0,24,0,30,0,7.5,,
IPL_2025_052,2,CSK,Shivam Dube,4.0,24,0,17,3,4.25,5.67,8.0
IPL_2025_052,2,CSK,Ravindra Jadeja,4.0,24,0,16,1,4.0,16.0,24.0
IPL_2025_052,2,CSK,Mitchell Santner,4.0,24,0,81,1,20.25,81.0,24.0
IPL_2025_053,1,MI,Hardik Pandya,4.0,24,0,31,3,7.75,10.33,8.0
IPL_2025_053,1,MI,Romario Shepherd,4.0,24,0,26,1,6.5,26.0,24.0
IPL_2025_053,1,MI,Mohammad Nabi,4.0,24,0,31,0,7.75,,
IPL_2025_053,1,MI,Gerald Coetzee,4.0,24,0,18,2,4.5,9.0,12.0
IPL_2025_053,1,MI,Piyush Chawla,4.0,24,0,92,0,23.0,,
IPL_2025_053,2,RR,Rovman Powell,4.0,24,0,42,1,10.5,42.0,24.0
IPL_2025_053,2,RR,Ravichandran Ashwin,4.0,24,0,30,2,7.5,15.0,12.0
IPL_2025_053,2,RR,Trent Boult,4.0,24,0,19,0,4.75,,
IPL_2025_053,2,RR,Avesh Khan,4.0,24,0,13,1,3.25,13.0,24.0
IPL_2025_053,2,RR,Sandeep Sharma,4.0,24,0,76,0,19.0,,
IPL_2025_054,1,RCB,Will Jacks,4.0,24,0,28,2,7.0,14.0,12.0
IPL_2025_054,1,RCB,Glenn Maxwell,4.0,24,0,30,0,7.5,,
IPL_2025_054,1,RCB,Cameron Green,4.0,24,0,29,3,7.25,9.67,8.0
IPL_2025_054,1,RCB,Karn Sharma,4.0,24,0,16,3,4.0,5.33,8.0
IPL_2025_054,1,RCB,Lockie Ferguson,4.0,24,0,70,2,17.5,35.0,12.0
IPL_2025_054,2,SRH,Abhishek Sharma,4.0,24,0,36,0,9.0,,
IPL_2025_054,2,SRH,Nitish Kumar Reddy,4.0,24,0,30,3,7.5,10.0,8.0
IPL_2025_054,2,SRH,Shahbaz Ahmed,4.0,24,0,21,2,5.25,10.5,12.0
IPL_2025_054,2,SRH,Pat Cummins,4.0,24,0,23,2,5.75,11.5,12.0
IPL_2025_054,2,SRH,Bhuvneshwar Kumar,4.0,24,0,70,1,17.5,70.0,24.0
IPL_2025_055,1,RR,Rovman Powell,4.0,24,0,25,1,6.25,25.0,24.0
IPL_2025_055,1,RR,Ravichandran Ashwin,4.0,24,0,21,2,5.25,10.5,12.0
IPL_2025_055,1,RR,Trent Boult,4.0,24,0,21,3,5.25,7.0,8.0
IPL_2025_055,1,RR,Avesh Khan,4.0,24,0,14,2,3.5,7.0,12.0
IPL_2025_055,1,RR,Sandeep Sharma,4.0,24,0,83,1,20.75,83.0,24.0
IPL_2025_055,2,RCB,Will Jacks,4.0,24,0,40,0,10.0,,
IPL_2025_055,2,RCB,Glenn Maxwell,4.0,24,1,21,3,5.25,7.0,8.0
IPL_2025_055,2,RCB,Cameron Green,4.0,24,0,22,2,5.5,11.0,12.0
IPL_2025_055,2,RCB,Karn Sharma,4.0,24,0,19,0,4.75,,
IPL_2025_055,2,RCB,Lockie Ferguson,4.0,24,0,81,1,20.25,81.0,24.0
IPL_2025_056,1,CSK,Rachin Ravindra,4.0,24,0,30,0,7.5,,
IPL_2025_056,1,CSK,Daryl Mitchell,4.0,24,0,29,2,7.25,14.5,12.0
IPL_2025_056,1,CSK,Shivam Dube,4.0,24,1,21,2,5.25,10.5,12.0
IPL_2025_056,1,CSK,Ravindra Jadeja,4.0,24,0,23,0,5.75,,
IPL_2025_056,1,CSK,Mitchell Santner,4.0,24,0,84,1,21.0,84.0,24.0
IPL_2025_056,2,SRH,Abhishek Sharma,4.0,24,0,32,0,8.0,,
IPL_2025_056,2,SRH,Nitish Kumar Reddy,4.0,24,0,21,2,5.25,10.5,12.0
IPL_2025_056,2,SRH,Shahbaz Ahmed,4.0,24,0,30,0,7.5,,
IPL_2025_056,2,SRH,Pat Cummins,4.0,24,0,15,2,3.75,7.5,12.0
IPL_2025_056,2,SRH,Bhuvneshwar Kumar,4.0,24,0,86,1,21.5,86.0,24.0
IPL_2025_057,1,DC,Axar Patel,4.0,24,0,28,1,7.0,28.0,24.0
IPL_2025_057,1,DC,Kuldeep Yadav,4.0,24,0,23,3,5.75,7.67,8.0
IPL_2025_057,1,DC,Khaleel Ahmed,4.0,24,0,26,0,6.5,,
IPL_2025_057,1,DC,Mukesh Kumar,4.0,24,0,23,1,5.75,23.0,24.0
IPL_2025_057,1,DC,Ishant Sharma,4.0,24,0,87,2,21.75,43.5,12.0
IPL_2025_057,2,KKR,Sunil Narine,4.0,24,0,43,1,10.75,43.0,24.0
IPL_2025_057,2,KKR,Andre Russell,4.0,24,0,27,0,6.75,,
IPL_2025_057,2,KKR,Ramandeep Singh,4.0,24,0,17,1,4.25,17.0,24.0
IPL_2025_057,2,KKR,Mitchell Starc,4.0,24,0,14,1,3.5,14.0,24.0
IPL_2025_057,2,KKR,Harshit Rana,4.0,24,0,78,2,19.5,39.0,12.0
IPL_2025_058,1,GT,Azmatullah Omarzai,4.0,24,0,47,2,11.75,23.5,12.0
IPL_2025_058,1,GT,Rahul Tewatia,4.0,24,0,26,0,6.5,,
IPL_2025_058,1,GT,Rashid Khan,4.0,24,0,28,1,7.0,28.0,24.0
IPL_2025_058,1,GT,Mohit Sharma,4.0,24,0,20,3,5.0,6.67,8.0
IPL_2025_058,1,GT,Noor Ahmad,4.0,24,0,66,1,16.5,66.0,24.0
IPL_2025_058,2,CSK,Rachin Ravindra,4.0,24,0,44,0,11.0,,
IPL_2025_058,2,CSK,Daryl Mitchell,4.0,24,0,25,1,6.25,25.0,24.0
IPL_2025_058,2,CSK,Shivam Dube,4.0,24,0,22,2,5.5,11.0,12.0
IPL_2025_058,2,CSK,Ravindra Jadeja,4.0,24,0,18,3,4.5,6.0,8.0
IPL_2025_058,2,CSK,Mitchell Santner,4.0,24,0,62,2,15.5,31.0,12.0
IPL_2025_059,1,DC,Axar Patel,4.0,24,0,25,0,6.25,,
IPL_2025_059,1,DC,Kuldeep Yadav,4.0,24,0,34,1,8.5,34.0,24.0
IPL_2025_059,1,DC,Khaleel Ahmed,4.0,24,0,23,2,5.75,11.5,12.0
IPL_2025_059,1,DC,Mukesh Kumar,4.0,24,1,19,2,4.75,9.5,12.0
IPL_2025_059,1,DC,Ishant Sharma,4.0,24,0,59,0,14.75,,
IPL_2025_059,2,KKR,Sunil Narine,4.0,24,0,27,1,6.75,27.0,24.0
IPL_2025_059,2,KKR,Andre Russell,4.0,24,0,22,1,5.5,22.0,24.0
IPL_2025_059,2,KKR,Ramandeep Singh,4.0,24,0,29,2,7.25,14.5,12.0
IPL_2025_059,2,KKR,Mitchell Starc,4.0,24,0,22,1,5.5,22.0,24.0
IPL_2025_059,2,KKR,Harshit Rana,4.0,24,0,69,1,17.25,69.0,24.0
IPL_2025_060,1,MI,Hardik Pandya,4.0,24,0,27,1,6.75,27.0,24.0
IPL_2025_060,1,MI,Romario Shepherd,4.0,24,0,37,1,9.25,37.0,24.0
IPL_2025_060,1,MI,Mohammad Nabi,4.0,24,0,27,2,6.75,13.5,12.0
IPL_2025_060,1,MI,Gerald Coetzee,4.0,24,0,20,1,5.0,20.0,24.0
IPL_2025_060,1,MI,Piyush Chawla,4.0,24,0,67,2,16.75,33.5,12.0
IPL_2025_060,2,GT,Azmatullah Omarzai,4.0,24,0,29,1,7.25,29.0,24.0
IPL_2025_060,2,GT,Rahul Tewatia,4.0,24,0,28,2,7.0,14.0,12.0
IPL_2025_060,2,GT,Rashid Khan,4.0,24,0,19,1,4.75,19.0,24.0
IPL_2025_060,2,GT,Mohit Sharma,4.0,24,0,18,3,4.5,6.0,8.0
IPL_2025_060,2,GT,Noor Ahmad,4.0,24,0,94,0,23.5,,
IPL_2025_061,1,LSG,Marcus Stoinis,4.0,24,0,34,1,8.5,34.0,24.0
IPL_2025_061,1,LSG,Deepak Hooda,4.0,24,0,25,0,6.25,,
IPL_2025_061,1,LSG,Krunal Pandya,4.0,24,0,34,2,8.5,17.0,12.0
IPL_2025_061,1,LSG,Ravi Bishnoi,4.0,24,0,18,0,4.5,,
IPL_2025_061,1,LSG,Mohsin Khan,4.0,24,0,83,2,20.75,41.5,12.0
IPL_2025_061,2,KKR,Sunil Narine,4.0,24,0,44,1,11.0,44.0,24.0
IPL_2025_061,2,KKR,Andre Russell,4.0,24,0,35,1,8.75,35.0,24.0
IPL_2025_061,2,KKR,Ramandeep Singh,4.0,24,0,17,2,4.25,8.5,12.0
IPL_2025_061,2,KKR,Mitchell Starc,4.0,24,1,13,3,3.25,4.33,8.0
IPL_2025_061,2,KKR,Harshit Rana,4.0,24,0,80,0,20.0,,
IPL_2025_062,1,GT,Azmatullah Omarzai,4.0,24,0,25,1,6.25,25.0,24.0
IPL_2025_062,1,GT,Rahul Tewatia,4.0,24,0,37,1,9.25,37.0,24.0
IPL_2025_062,1,GT,Rashid Khan,4.0,24,0,27,1,6.75,27.0,24.0
IPL_2025_062,1,GT,Mohit Sharma,4.0,24,0,18,2,4.5,9.0,12.0
IPL_2025_062,1,GT,Noor Ahmad,4.0,24,0,73,2,18.25,36.5,12.0
IPL_2025_062,2,KKR,Sunil Narine,4.0,24,0,29,2,7.25,14.5,12.0
IPL_2025_062,2,KKR,Andre Russell,4.0,24,0,28,2,7.0,14.0,12.0
IPL_2025_062,2,KKR,Ramandeep Singh,4.0,24,0,23,1,5.75,23.0,24.0
IPL_2025_062,2,KKR,Mitchell Starc,4.0,24,0,16,1,4.0,16.0,24.0
IPL_2025_062,2,KKR,Harshit Rana,4.0,24,0,87,2,21.75,43.5,12.0
IPL_2025_063,1,LSG,Marcus Stoinis,4.0,24,0,33,2,8.25,16.5,12.0
IPL_2025_063,1,LSG,Deepak Hooda,4.0,24,0,32,1,8.0,32.0,24.0
IPL_2025_063,1,LSG,Krunal Pandya,4.0,24,0,16,2,4.0,8.0,12.0
IPL_2025_063,1,LSG,Ravi Bishnoi,4.0,24,0,13,1,3.25,13.0,24.0
IPL_2025_063,1,LSG,Mohsin Khan,4.0,24,0,77,3,19.25,25.67,8.0
IPL_2025_063,2,SRH,Abhishek Sharma,4.0,24,0,31,0,7.75,,
IPL_2025_063,2,SRH,Nitish Kumar Reddy,4.0,24,1,20,1,5.0,20.0,24.0
IPL_2025_063,2,SRH,Shahbaz Ahmed,4.0,24,0,22,1,5.5,22.0,24.0
IPL_2025_063,2,SRH,Pat Cummins,4.0,24,0,15,3,3.75,5.0,8.0
IPL_2025_063,2,SRH,Bhuvneshwar Kumar,4.0,24,0,77,3,19.25,25.67,8.0
IPL_2025_064,1,RR,Rovman Powell,4.0,24,0,43,3,10.75,14.33,8.0
IPL_2025_064,1,RR,Ravichandran Ashwin,4.0,24,0,27,0,6.75,,
IPL_2025_064,1,RR,Trent Boult,4.0,24,0,23,3,5.75,7.67,8.0
IPL_2025_064,1,RR,Avesh Khan,4.0,24,1,17,0,4.25,,
IPL_2025_064,1,RR,Sandeep Sharma,4.0,24,0,65,3,16.25,21.67,8.0
IPL_2025_064,2,MI,Hardik Pandya,4.0,24,0,26,2,6.5,13.0,12.0
IPL_2025_064,2,MI,Romario Shepherd,4.0,24,0,28,0,7.0,,
IPL_2025_064,2,MI,Mohammad Nabi,4.0,24,0,24,2,6.0,12.0,12.0
IPL_2025_064,2,MI,Gerald Coetzee,4.0,24,0,14,1,3.5,14.0,24.0
IPL_2025_064,2,MI,Piyush Chawla,4.0,24,0,79,0,19.75,,
IPL_2025_065,1,RR,Rovman Powell,4.0,24,0,35,2,8.75,17.5,12.0
IPL_2025_065,1,RR,Ravichandran Ashwin,4.0,24,0,30,0,7.5,,
IPL_2025_065,1,RR,Trent Boult,4.0,24,0,26,2,6.5,13.0,12.0
IPL_2025_065,1,RR,Avesh Khan,4.0,24,0,12,0,3.0,,
IPL_2025_065,1,RR,Sandeep Sharma,4.0,24,0,65,2,16.25,32.5,12.0
IPL_2025_065,2,CSK,Rachin Ravindra,4.0,24,0,43,2,10.75,21.5,12.0
IPL_2025_065,2,CSK,Daryl Mitchell,4.0,24,0,26,3,6.5,8.67,8.0
IPL_2025_065,2,CSK,Shivam Dube,4.0,24,0,20,3,5.0,6.67,8.0
IPL_2025_065,2,CSK,Ravindra Jadeja,4.0,24,0,17,1,4.25,17.0,24.0
IPL_2025_065,2,CSK,Mitchell Santner,4.0,24,0,74,2,18.5,37.0,12.0
IPL_2025_066,1,SRH,Abhishek Sharma,4.0,24,0,45,0,11.25,,
IPL_2025_066,1,SRH,Nitish Kumar Reddy,4.0,24,0,25,3,6.25,8.33,8.0
IPL_2025_066,1,SRH,Shahbaz Ahmed,4.0,24,0,21,2,5.25,10.5,12.0
IPL_2025_066,1,SRH,Pat Cummins,4.0,24,0,22,1,5.5,22.0,24.0
IPL_2025_066,1,SRH,Bhuvneshwar Kumar,4.0,24,0,73,0,18.25,,
IPL_2025_066,2,PBKS,Sam Curran,4.0,24,0,41,0,10.25,,
IPL_2025_066,2,PBKS,Harpreet Brar,4.0,24,0,22,3,5.5,7.33,8.0
IPL_2025_066,2,PBKS,Harshal Patel,4.0,24,0,26,2,6.5,13.0,12.0
IPL_2025_066,2,PBKS,Kagiso Rabada,4.0,24,0,24,0,6.0,,
IPL_2025_066,2,PBKS,Arshdeep Singh,4.0,24,0,74,1,18.5,74.0,24.0
IPL_2025_067,1,RR,Rovman Powell,4.0,24,0,26,1,6.5,26.0,24.0
IPL_2025_067,1,RR,Ravichandran Ashwin,4.0,24,0,23,1,5.75,23.0,24.0
IPL_2025_067,1,RR,Trent Boult,4.0,24,0,21,1,5.25,21.0,24.0
IPL_2025_067,1,RR,Avesh Khan,4.0,24,0,26,1,6.5,26.0,24.0
IPL_2025_067,1,RR,Sandeep Sharma,4.0,24,0,90,2,22.5,45.0,12.0
IPL_2025_067,2,MI,Hardik Pandya,4.0,24,0,33,1,8.25,33.0,24.0
IPL_2025_067,2,MI,Romario Shepherd,4.0,24,0,34,2,8.5,17.0,12.0
IPL_2025_067,2,MI,Mohammad Nabi,4.0,24,0,24,1,6.0,24.0,24.0
IPL_2025_067,2,MI,Gerald Coetzee,4.0,24,0,12,1,3.0,12.0,24.0
IPL_2025_067,2,MI,Piyush Chawla,4.0,24,0,67,3,16.75,22.33,8.0
IPL_2025_068,1,PBKS,Sam Curran,4.0,24,0,32,1,8.0,32.0,24.0
IPL_2025_068,1,PBKS,Harpreet Brar,4.0,24,0,35,3,8.75,11.67,8.0
IPL_2025_068,1,PBKS,Harshal Patel,4.0,24,0,21,2,5.25,10.5,12.0
IPL_2025_068,1,PBKS,Kagiso Rabada,4.0,24,0,17,1,4.25,17.0,24.0
IPL_2025_068,1,PBKS,Arshdeep Singh,4.0,24,0,70,0,17.5,,
IPL_2025_068,2,GT,Azmatullah Omarzai,4.0,24,0,40,2,10.0,20.0,12.0
IPL_2025_068,2,GT,Rahul Tewatia,4.0,24,0,32,3,8.0,10.67,8.0
IPL_2025_068,2,GT,Rashid Khan,4.0,24,0,30,2,7.5,15.0,12.0
IPL_2025_068,2,GT,Mohit Sharma,4.0,24,0,19,2,4.75,9.5,12.0
IPL_2025_068,2,GT,Noor Ahmad,4.0,24,0,74,1,18.5,74.0,24.0
IPL_2025_069,1,RCB,Will Jacks,4.0,24,0,43,1,10.75,43.0,24.0
IPL_2025_069,1,RCB,Glenn Maxwell,4.0,24,0,23,1,5.75,23.0,24.0
IPL_2025_069,1,RCB,Cameron Green,4.0,24,0,30,0,7.5,,
IPL_2025_069,1,RCB,Karn Sharma,4.0,24,1,18,0,4.5,,
IPL_2025_069,1,RCB,Lockie Ferguson,4.0,24,0,69,2,17.25,34.5,12.0
IPL_2025_069,2,MI,Hardik Pandya,4.0,24,0,35,2,8.75,17.5,12.0
IPL_2025_069,2,MI,Romario Shepherd,4.0,24,0,34,1,8.5,34.0,24.0
IPL_2025_069,2,MI,Mohammad Nabi,4.0,24,0,26,0,6.5,,
IPL_2025_069,2,MI,Gerald Coetzee,4.0,24,0,18,2,4.5,9.0,12.0
IPL_2025_069,2,MI,Piyush Chawla,4.0,24,0,60,1,15.0,60.0,24.0
IPL_2025_070,1,CSK,Rachin Ravindra,4.0,24,0,31,2,7.75,15.5,12.0
IPL_2025_070,1,CSK,Daryl Mitchell,4.0,24,0,24,0,6.0,,
IPL_2025_070,1,CSK,Shivam Dube,4.0,24,0,33,2,8.25,16.5,12.0
IPL_2025_070,1,CSK,Ravindra Jadeja,4.0,24,1,20,2,5.0,10.0,12.0
IPL_2025_070,1,CSK,Mitchell Santner,4.0,24,0,82,0,20.5,,
IPL_2025_070,2,LSG,Marcus Stoinis,4.0,24,0,44,2,11.0,22.0,12.0
IPL_2025_070,2,LSG,Deepak Hooda,4.0,24,0,25,2,6.25,12.5,12.0
IPL_2025_070,2,LSG,Krunal Pandya,4.0,24,0,18,0,4.5,,
IPL_2025_070,2,LSG,Ravi Bishnoi,4.0,24,0,15,0,3.75,,
IPL_2025_070,2,LSG,Mohsin Khan,4.0,24,0,80,1,20.0,80.0,24.0
IPL_2025_071,1,GT,Azmatullah Omarzai,4.0,24,0,43,0,10.75,,
IPL_2025_071,1,GT,Rahul Tewatia,4.0,24,0,32,1,8.0,32.0,24.0
IPL_2025_071,1,GT,Rashid Khan,4.0,24,0,15,3,3.75,5.0,8.0
IPL_2025_071,1,GT,Mohit Sharma,4.0,24,0,21,1,5.25,21.0,24.0
IPL_2025_071,1,GT,Noor Ahmad,4.0,24,0,73,2,18.25,36.5,12.0
IPL_2025_071,2,RR,Rovman Powell,4.0,24,0,43,3,10.75,14.33,8.0
IPL_2025_071,2,RR,Ravichandran Ashwin,4.0,24,0,32,3,8.0,10.67,8.0
IPL_2025_071,2,RR,Trent Boult,4.0,24,0,23,0,5.75,,
IPL_2025_071,2,RR,Avesh Khan,4.0,24,0,22,2,5.5,11.0,12.0
IPL_2025_071,2,RR,Sandeep Sharma,4.0,24,0,65,2,16.25,32.5,12.0
IPL_2025_072,1,RCB,Will Jacks,4.0,24,0,33,3,8.25,11.0,8.0
IPL_2025_072,1,RCB,Glenn Maxwell,4.0,24,0,30,3,7.5,10.0,8.0
IPL_2025_072,1,RCB,Cameron Green,4.0,24,0,21,3,5.25,7.0,8.0
IPL_2025_072,1,RCB,Karn Sharma,4.0,24,0,17,3,4.25,5.67,8.0
IPL_2025_072,1,RCB,Lockie Ferguson,4.0,24,0,80,2,20.0,40.0,12.0
IPL_2025_072,2,MI,Hardik Pandya,4.0,24,0,34,0,8.5,,
IPL_2025_072,2,MI,Romario Shepherd,4.0,24,0,34,1,8.5,34.0,24.0
IPL_2025_072,2,MI,Mohammad Nabi,4.0,24,0,25,2,6.25,12.5,12.0
IPL_2025_072,2,MI,Gerald Coetzee,4.0,24,0,14,0,3.5,,
IPL_2025_072,2,MI,Piyush Chawla,4.0,24,0,77,1,19.25,77.0,24.0
IPL_2025_073,1,MI,Hardik Pandya,4.0,24,0,27,2,6.75,13.5,12.0
IPL_2025_073,1,MI,Romario Shepherd,4.0,24,0,34,0,8.5,,
IPL_2025_073,1,MI,Mohammad Nabi,4.0,24,0,19,2,4.75,9.5,12.0
IPL_2025_073,1,MI,Gerald Coetzee,4.0,24,0,17,0,4.25,,
IPL_2025_073,1,MI,Piyush Chawla,4.0,24,0,72,0,18.0,,
IPL_2025_073,2,DC,Axar Patel,4.0,24,0,39,2,9.75,19.5,12.0
IPL_2025_073,2,DC,Kuldeep Yadav,4.0,24,0,34,3,8.5,11.33,8.0
IPL_2025_073,2,DC,Khaleel Ahmed,4.0,24,0,21,0,5.25,,
IPL_2025_073,2,DC,Mukesh Kumar,4.0,24,0,15,1,3.75,15.0,24.0
IPL_2025_073,2,DC,Ishant Sharma,4.0,24,0,63,2,15.75,31.5,12.0
IPL_2025_074,1,KKR,Sunil Narine,4.0,24,0,43,3,10.75,14.33,8.0
IPL_2025_074,1,KKR,Andre Russell,4.0,24,0,21,0,5.25,,
IPL_2025_074,1,KKR,Ramandeep Singh,4.0,24,0,19,2,4.75,9.5,12.0
IPL_2025_074,1,KKR,Mitchell Starc,4.0,24,0,15,1,3.75,15.0,24.0
IPL_2025_074,1,KKR,Harshit Rana,4.0,24,0,80,1,20.0,80.0,24.0
IPL_2025_074,2,RCB,Will Jacks,4.0,24,0,42,1,10.5,42.0,24.0
IPL_2025_074,2,RCB,Glenn Maxwell,4.0,24,0,33,2,8.25,16.5,12.0
IPL_2025_074,2,RCB,Cameron Green,4.0,24,0,23,1,5.75,23.0,24.0
IPL_2025_074,2,RCB,Karn Sharma,4.0,24,0,15,1,3.75,15.0,24.0
IPL_2025_074,2,RCB,Lockie Ferguson,4.0,24,0,69,2,17.25,34.5,12.0
IPL_2026_001,1,SRH,Abhishek Sharma,4.0,24,0,34,1,8.5,34.0,24.0
IPL_2026_001,1,SRH,Nitish Kumar Reddy,4.0,24,0,28,2,7.0,14.0,12.0
IPL_2026_001,1,SRH,Shahbaz Ahmed,4.0,24,0,21,2,5.25,10.5,12.0
IPL_2026_001,1,SRH,Pat Cummins,4.0,24,0,17,0,4.25,,
IPL_2026_001,1,SRH,Bhuvneshwar Kumar,4.0,24,0,80,1,20.0,80.0,24.0
IPL_2026_001,2,RCB,Will Jacks,4.0,24,0,27,2,6.75,13.5,12.0
IPL_2026_001,2,RCB,Glenn Maxwell,4.0,24,0,23,3,5.75,7.67,8.0
IPL_2026_001,2,RCB,Cameron Green,4.0,24,0,23,1,5.75,23.0,24.0
IPL_2026_001,2,RCB,Karn Sharma,4.0,24,1,21,2,5.25,10.5,12.0
IPL_2026_001,2,RCB,Lockie Ferguson,4.0,24,0,92,1,23.0,92.0,24.0
IPL_2026_002,1,GT,Azmatullah Omarzai,4.0,24,0,27,0,6.75,,
IPL_2026_002,1,GT,Rahul Tewatia,4.0,24,0,35,3,8.75,11.67,8.0
IPL_2026_002,1,GT,Rashid Khan,4.0,24,0,19,1,4.75,19.0,24.0
IPL_2026_002,1,GT,Mohit Sharma,4.0,24,0,13,2,3.25,6.5,12.0
IPL_2026_002,1,GT,Noor Ahmad,4.0,24,0,75,0,18.75,,
IPL_2026_002,2,RCB,Will Jacks,4.0,24,0,34,2,8.5,17.0,12.0
IPL_2026_002,2,RCB,Glenn Maxwell,4.0,24,0,25,2,6.25,12.5,12.0
IPL_2026_002,2,RCB,Cameron Green,4.0,24,0,20,3,5.0,6.67,8.0
IPL_2026_002,2,RCB,Karn Sharma,4.0,24,1,23,2,5.75,11.5,12.0
IPL_2026_002,2,RCB,Lockie Ferguson,4.0,24,0,83,2,20.75,41.5,12.0
IPL_2026_003,1,MI,Hardik Pandya,4.0,24,0,44,3,11.0,14.67,8.0
IPL_2026_003,1,MI,Romario Shepherd,4.0,24,0,27,3,6.75,9.0,8.0
IPL_2026_003,1,MI,Mohammad Nabi,4.0,24,0,20,1,5.0,20.0,24.0
IPL_2026_003,1,MI,Gerald Coetzee,4.0,24,1,21,1,5.25,21.0,24.0
IPL_2026_003,1,MI,Piyush Chawla,4.0,24,0,70,2,17.5,35.0,12.0
IPL_2026_003,2,PBKS,Sam Curran,4.0,24,0,45,2,11.25,22.5,12.0
IPL_2026_003,2,PBKS,Harpreet Brar,4.0,24,0,30,2,7.5,15.0,12.0
IPL_2026_003,2,PBKS,Harshal Patel,4.0,24,0,25,2,6.25,12.5,12.0
IPL_2026_003,2,PBKS,Kagiso Rabada,4.0,24,0,11,1,2.75,11.0,24.0
IPL_2026_003,2,PBKS,Arshdeep Singh,4.0,24,0,64,2,16.0,32.0,12.0
IPL_2026_004,1,CSK,Rachin Ravindra,4.0,24,0,38,1,9.5,38.0,24.0
IPL_2026_004,1,CSK,Daryl Mitchell,4.0,24,0,20,2,5.0,10.0,12.0
IPL_2026_004,1,CSK,Shivam Dube,4.0,24,0,29,1,7.25,29.0,24.0
IPL_2026_004,1,CSK,Ravindra Jadeja,4.0,24,0,17,2,4.25,8.5,12.0
IPL_2026_004,1,CSK,Mitchell Santner,4.0,24,0,78,1,19.5,78.0,24.0
IPL_2026_004,2,LSG,Marcus Stoinis,4.0,24,0,46,1,11.5,46.0,24.0
IPL_2026_004,2,LSG,Deepak Hooda,4.0,24,0,28,2,7.0,14.0,12.0
IPL_2026_004,2,LSG,Krunal Pandya,4.0,24,0,19,3,4.75,6.33,8.0
IPL_2026_004,2,LSG,Ravi Bishnoi,4.0,24,0,13,2,3.25,6.5,12.0
IPL_2026_004,2,LSG,Mohsin Khan,4.0,24,0,78,2,19.5,39.0,12.0
IPL_2026_005,1,SRH,Abhishek Sharma,4.0,24,0,38,2,9.5,19.0,12.0
IPL_2026_005,1,SRH,Nitish Kumar Reddy,4.0,24,0,21,2,5.25,10.5,12.0
IPL_2026_005,1,SRH,Shahbaz Ahmed,4.0,24,0,22,1,5.5,22.0,24.0
IPL_2026_005,1,SRH,Pat Cummins,4.0,24,0,25,2,6.25,12.5,12.0
IPL_2026_005,1,SRH,Bhuvneshwar Kumar,4.0,24,0,76,1,19.0,76.0,24.0
IPL_2026_005,2,DC,Axar Patel,4.0,24,0,32,0,8.0,,
IPL_2026_005,2,DC,Kuldeep Yadav,4.0,24,1,23,0,5.75,,
IPL_2026_005,2,DC,Khaleel Ahmed,4.0,24,0,20,1,5.0,20.0,24.0
IPL_2026_005,2,DC,Mukesh Kumar,4.0,24,0,11,1,2.75,11.0,24.0
IPL_2026_005,2,DC,Ishant Sharma,4.0,24,0,69,3,17.25,23.0,8.0
IPL_2026_006,1,SRH,Abhishek Sharma,4.0,24,0,45,0,11.25,,
IPL_2026_006,1,SRH,Nitish Kumar Reddy,4.0,24,0,22,2,5.5,11.0,12.0
IPL_2026_006,1,SRH,Shahbaz Ahmed,4.0,24,0,29,1,7.25,29.0,24.0
IPL_2026_006,1,SRH,Pat Cummins,4.0,24,0,21,0,5.25,,
IPL_2026_006,1,SRH,Bhuvneshwar Kumar,4.0,24,0,65,1,16.25,65.0,24.0
IPL_2026_006,2,GT,Azmatullah Omarzai,4.0,24,0,27,0,6.75,,
IPL_2026_006,2,GT,Rahul Tewatia,4.0,24,0,31,2,7.75,15.5,12.0
IPL_2026_006,2,GT,Rashid Khan,4.0,24,0,28,1,7.0,28.0,24.0
IPL_2026_006,2,GT,Mohit Sharma,4.0,24,0,22,3,5.5,7.33,8.0
IPL_2026_006,2,GT,Noor Ahmad,4.0,24,0,74,2,18.5,37.0,12.0
IPL_2026_007,1,DC,Axar Patel,4.0,24,0,30,0,7.5,,
IPL_2026_007,1,DC,Kuldeep Yadav,4.0,24,0,34,2,8.5,17.0,12.0
IPL_2026_007,1,DC,Khaleel Ahmed,4.0,24,0,27,1,6.75,27.0,24.0
IPL_2026_007,1,DC,Mukesh Kumar,4.0,24,0,17,2,4.25,8.5,12.0
IPL_2026_007,1,DC,Ishant Sharma,4.0,24,0,65,2,16.25,32.5,12.0
IPL_2026_007,2,MI,Hardik Pandya,4.0,24,0,31,2,7.75,15.5,12.0
IPL_2026_007,2,MI,Romario Shepherd,4.0,24,0,22,3,5.5,7.33,8.0
IPL_2026_007,2,MI,Mohammad Nabi,4.0,24,0,22,2,5.5,11.0,12.0
IPL_2026_007,2,MI,Gerald Coetzee,4.0,24,0,16,1,4.0,16.0,24.0
IPL_2026_007,2,MI,Piyush Chawla,4.0,24,0,79,2,19.75,39.5,12.0
IPL_2026_008,1,PBKS,Sam Curran,4.0,24,0,42,2,10.5,21.0,12.0
IPL_2026_008,1,PBKS,Harpreet Brar,4.0,24,0,20,1,5.0,20.0,24.0
IPL_2026_008,1,PBKS,Harshal Patel,4.0,24,0,29,2,7.25,14.5,12.0
IPL_2026_008,1,PBKS,Kagiso Rabada,4.0,24,0,13,3,3.25,4.33,8.0
IPL_2026_008,1,PBKS,Arshdeep Singh,4.0,24,0,80,2,20.0,40.0,12.0
IPL_2026_008,2,DC,Axar Patel,4.0,24,0,41,2,10.25,20.5,12.0
IPL_2026_008,2,DC,Kuldeep Yadav,4.0,24,0,26,2,6.5,13.0,12.0
IPL_2026_008,2,DC,Khaleel Ahmed,4.0,24,0,32,1,8.0,32.0,24.0
IPL_2026_008,2,DC,Mukesh Kumar,4.0,24,0,17,1,4.25,17.0,24.0
IPL_2026_008,2,DC,Ishant Sharma,4.0,24,0,77,1,19.25,77.0,24.0
IPL_2026_009,1,RCB,Will Jacks,4.0,24,0,26,1,6.5,26.0,24.0
IPL_2026_009,1,RCB,Glenn Maxwell,4.0,24,0,22,0,5.5,,
IPL_2026_009,1,RCB,Cameron Green,4.0,24,0,31,2,7.75,15.5,12.0
IPL_2026_009,1,RCB,Karn Sharma,4.0,24,0,21,1,5.25,21.0,24.0
IPL_2026_009,1,RCB,Lockie Ferguson,4.0,24,0,80,3,20.0,26.67,8.0
IPL_2026_009,2,SRH,Abhishek Sharma,4.0,24,0,30,1,7.5,30.0,24.0
IPL_2026_009,2,SRH,Nitish Kumar Reddy,4.0,24,0,33,3,8.25,11.0,8.0
IPL_2026_009,2,SRH,Shahbaz Ahmed,4.0,24,0,17,1,4.25,17.0,24.0
IPL_2026_009,2,SRH,Pat Cummins,4.0,24,0,25,2,6.25,12.5,12.0
IPL_2026_009,2,SRH,Bhuvneshwar Kumar,4.0,24,0,78,2,19.5,39.0,12.0
IPL_2026_010,1,GT,Azmatullah Omarzai,4.0,24,0,35,0,8.75,,
IPL_2026_010,1,GT,Rahul Tewatia,4.0,24,0,29,2,7.25,14.5,12.0
IPL_2026_010,1,GT,Rashid Khan,4.0,24,0,22,1,5.5,22.0,24.0
IPL_2026_010,1,GT,Mohit Sharma,4.0,24,0,15,0,3.75,,
IPL_2026_010,1,GT,Noor Ahmad,4.0,24,0,68,2,17.0,34.0,12.0
IPL_2026_010,2,RR,Rovman Powell,4.0,24,0,38,2,9.5,19.0,12.0
IPL_2026_010,2,RR,Ravichandran Ashwin,4.0,24,0,24,1,6.0,24.0,24.0
IPL_2026_010,2,RR,Trent Boult,4.0,24,0,19,1,4.75,19.0,24.0
IPL_2026_010,2,RR,Avesh Khan,4.0,24,0,12,3,3.0,4.0,8.0
IPL_2026_010,2,RR,Sandeep Sharma,4.0,24,0,76,2,19.0,38.0,12.0
IPL_2026_011,1,GT,Azmatullah Omarzai,4.0,24,0,28,1,7.0,28.0,24.0
IPL_2026_011,1,GT,Rahul Tewatia,4.0,24,0,33,1,8.25,33.0,24.0
IPL_2026_011,1,GT,Rashid Khan,4.0,24,0,30,2,7.5,15.0,12.0
IPL_2026_011,1,GT,Mohit Sharma,4.0,24,0,15,1,3.75,15.0,24.0
IPL_2026_011,1,GT,Noor Ahmad,4.0,24,0,71,2,17.75,35.5,12.0
IPL_2026_011,2,SRH,Abhishek Sharma,4.0,24,0,29,3,7.25,9.67,8.0
IPL_2026_011,2,SRH,Nitish Kumar Reddy,4.0,24,0,25,0,6.25,,
IPL_2026_011,2,SRH,Shahbaz Ahmed,4.0,24,0,26,1,6.5,26.0,24.0
IPL_2026_011,2,SRH,Pat Cummins,4.0,24,0,16,1,4.0,16.0,24.0
IPL_2026_011,2,SRH,Bhuvneshwar Kumar,4.0,24,0,76,3,19.0,25.33,8.0
IPL_2026_012,1,PBKS,Sam Curran,4.0,24,0,37,2,9.25,18.5,12.0
IPL_2026_012,1,PBKS,Harpreet Brar,4.0,24,0,38,1,9.5,38.0,24.0
IPL_2026_012,1,PBKS,Harshal Patel,4.0,24,0,24,1,6.0,24.0,24.0
IPL_2026_012,1,PBKS,Kagiso Rabada,4.0,24,0,24,1,6.0,24.0,24.0
IPL_2026_012,1,PBKS,Arshdeep Singh,4.0,24,0,81,2,20.25,40.5,12.0
IPL_2026_012,2,RR,Rovman Powell,4.0,24,0,26,1,6.5,26.0,24.0
IPL_2026_012,2,RR,Ravichandran Ashwin,4.0,24,0,38,2,9.5,19.0,12.0
IPL_2026_012,2,RR,Trent Boult,4.0,24,0,17,0,4.25,,
IPL_2026_012,2,RR,Avesh Khan,4.0,24,0,22,2,5.5,11.0,12.0
IPL_2026_012,2,RR,Sandeep Sharma,4.0,24,0,79,3,19.75,26.33,8.0
IPL_2026_013,1,DC,Axar Patel,4.0,24,0,33,2,8.25,16.5,12.0
IPL_2026_013,1,DC,Kuldeep Yadav,4.0,24,0,21,0,5.25,,
IPL_2026_013,1,DC,Khaleel Ahmed,4.0,24,0,21,3,5.25,7.0,8.0
IPL_2026_013,1,DC,Mukesh Kumar,4.0,24,0,11,2,2.75,5.5,12.0
IPL_2026_013,1,DC,Ishant Sharma,4.0,24,0,67,1,16.75,67.0,24.0
IPL_2026_013,2,MI,Hardik Pandya,4.0,24,0,26,2,6.5,13.0,12.0
IPL_2026_013,2,MI,Romario Shepherd,4.0,24,0,36,1,9.0,36.0,24.0
IPL_2026_013,2,MI,Mohammad Nabi,4.0,24,0,23,1,5.75,23.0,24.0
IPL_2026_013,2,MI,Gerald Coetzee,4.0,24,1,17,2,4.25,8.5,12.0
IPL_2026_013,2,MI,Piyush Chawla,4.0,24,0,71,0,17.75,,
IPL_2026_014,1,RCB,Will Jacks,4.0,24,0,32,3,8.0,10.67,8.0
IPL_2026_014,1,RCB,Glenn Maxwell,4.0,24,1,22,1,5.5,22.0,24.0
IPL_2026_014,1,RCB,Cameron Green,4.0,24,0,30,2,7.5,15.0,12.0
IPL_2026_014,1,RCB,Karn Sharma,4.0,24,0,17,2,4.25,8.5,12.0
IPL_2026_014,1,RCB,Lockie Ferguson,4.0,24,0,89,0,22.25,,
IPL_2026_014,2,KKR,Sunil Narine,4.0,24,0,35,2,8.75,17.5,12.0
IPL_2026_014,2,KKR,Andre Russell,4.0,24,0,22,1,5.5,22.0,24.0
IPL_2026_014,2,KKR,Ramandeep Singh,4.0,24,0,21,1,5.25,21.0,24.0
IPL_2026_014,2,KKR,Mitchell Starc,4.0,24,0,22,0,5.5,,
IPL_2026_014,2,KKR,Harshit Rana,4.0,24,0,74,2,18.5,37.0,12.0
IPL_2026_015,1,CSK,Rachin Ravindra,4.0,24,0,43,2,10.75,21.5,12.0
IPL_2026_015,1,CSK,Daryl Mitchell,4.0,24,0,20,2,5.0,10.0,12.0
IPL_2026_015,1,CSK,Shivam Dube,4.0,24,0,26,1,6.5,26.0,24.0
IPL_2026_015,1,CSK,Ravindra Jadeja,4.0,24,0,13,1,3.25,13.0,24.0
IPL_2026_015,1,CSK,Mitchell Santner,4.0,24,0,70,2,17.5,35.0,12.0
IPL_2026_015,2,MI,Hardik Pandya,4.0,24,0,37,2,9.25,18.5,12.0
IPL_2026_015,2,MI,Romario Shepherd,4.0,24,0,24,2,6.0,12.0,12.0
IPL_2026_015,2,MI,Mohammad Nabi,4.0,24,0,18,2,4.5,9.0,12.0
IPL_2026_015,2,MI,Gerald Coetzee,4.0,24,0,15,2,3.75,7.5,12.0
IPL_2026_015,2,MI,Piyush Chawla,4.0,24,0,81,2,20.25,40.5,12.0
IPL_2026_016,1,MI,Hardik Pandya,4.0,24,0,40,2,10.0,20.0,12.0
IPL_2026_016,1,MI,Romario Shepherd,4.0,24,0,21,2,5.25,10.5,12.0
IPL_2026_016,1,MI,Mohammad Nabi,4.0,24,0,28,2,7.0,14.0,12.0
IPL_2026_016,1,MI,Gerald Coetzee,4.0,24,0,13,1,3.25,13.0,24.0
IPL_2026_016,1,MI,Piyush Chawla,4.0,24,0,78,2,19.5,39.0,12.0
IPL_2026_016,2,RR,Rovman Powell,4.0,24,0,23,1,5.75,23.0,24.0
IPL_2026_016,2,RR,Ravichandran Ashwin,4.0,24,0,33,1,8.25,33.0,24.0
IPL_2026_016,2,RR,Trent Boult,4.0,24,0,27,2,6.75,13.5,12.0
IPL_2026_016,2,RR,Avesh Khan,4.0,24,0,18,3,4.5,6.0,8.0
IPL_2026_016,2,RR,Sandeep Sharma,4.0,24,0,65,1,16.25,65.0,24.0
IPL_2026_017,1,CSK,Rachin Ravindra,4.0,24,0,40,0,10.0,,
IPL_2026_017,1,CSK,Daryl Mitchell,4.0,24,0,34,1,8.5,34.0,24.0
IPL_2026_017,1,CSK,Shivam Dube,4.0,24,0,17,1,4.25,17.0,24.0
IPL_2026_017,1,CSK,Ravindra Jadeja,4.0,24,0,20,0,5.0,,
IPL_2026_017,1,CSK,Mitchell Santner,4.0,24,0,69,0,17.25,,
IPL_2026_017,2,DC,Axar Patel,4.0,24,0,24,3,6.0,8.0,8.0
IPL_2026_017,2,DC,Kuldeep Yadav,4.0,24,0,30,1,7.5,30.0,24.0
IPL_2026_017,2,DC,Khaleel Ahmed,4.0,24,0,26,0,6.5,,
IPL_2026_017,2,DC,Mukesh Kumar,4.0,24,0,18,0,4.5,,
IPL_2026_017,2,DC,Ishant Sharma,4.0,24,0,71,1,17.75,71.0,24.0
IPL_2026_018,1,MI,Hardik Pandya,4.0,24,0,35,2,8.75,17.5,12.0
IPL_2026_018,1,MI,Romario Shepherd,4.0,24,0,35,0,8.75,,
IPL_2026_018,1,MI,Mohammad Nabi,4.0,24,0,16,2,4.0,8.0,12.0
IPL_2026_018,1,MI,Gerald Coetzee,4.0,24,1,23,0,5.75,,
IPL_2026_018,1,MI,Piyush Chawla,4.0,24,0,74,3,18.5,24.67,8.0
IPL_2026_018,2,RCB,Will Jacks,4.0,24,0,23,0,5.75,,
IPL_2026_018,2,RCB,Glenn Maxwell,4.0,24,0,31,0,7.75,,
IPL_2026_018,2,RCB,Cameron Green,4.0,24,0,24,0,6.0,,
IPL_2026_018,2,RCB,Karn Sharma,4.0,24,0,13,2,3.25,6.5,12.0
IPL_2026_018,2,RCB,Lockie Ferguson,4.0,24,0,61,2,15.25,30.5,12.0
IPL_2026_019,1,PBKS,Sam Curran,4.0,24,0,37,1,9.25,37.0,24.0
IPL_2026_019,1,PBKS,Harpreet Brar,4.0,24,0,21,2,5.25,10.5,12.0
IPL_2026_019,1,PBKS,Harshal Patel,4.0,24,0,14,1,3.5,14.0,24.0
IPL_2026_019,1,PBKS,Kagiso Rabada,4.0,24,0,17,1,4.25,17.0,24.0
IPL_2026_019,1,PBKS,Arshdeep Singh,4.0,24,0,61,0,15.25,,
IPL_2026_019,2,MI,Hardik Pandya,4.0,24,0,33,2,8.25,16.5,12.0
IPL_2026_019,2,MI,Romario Shepherd,4.0,24,0,32,2,8.0,16.0,12.0
IPL_2026_019,2,MI,Mohammad Nabi,4.0,24,0,28,1,7.0,28.0,24.0
IPL_2026_019,2,MI,Gerald Coetzee,4.0,24,0,18,3,4.5,6.0,8.0
IPL_2026_019,2,MI,Piyush Chawla,4.0,24,0,64,2,16.0,32.0,12.0
IPL_2026_020,1,SRH,Abhishek Sharma,4.0,24,0,44,1,11.0,44.0,24.0
IPL_2026_020,1,SRH,Nitish Kumar Reddy,4.0,24,0,39,0,9.75,,
IPL_2026_020,1,SRH,Shahbaz Ahmed,4.0,24,0,28,0,7.0,,
IPL_2026_020,1,SRH,Pat Cummins,4.0,24,0,19,0,4.75,,
IPL_2026_020,1,SRH,Bhuvneshwar Kumar,4.0,24,0,77,2,19.25,38.5,12.0
IPL_2026_020,2,RCB,Will Jacks,4.0,24,0,39,3,9.75,13.0,8.0
IPL_2026_020,2,RCB,Glenn Maxwell,4.0,24,1,19,1,4.75,19.0,24.0
IPL_2026_020,2,RCB,Cameron Green,4.0,24,0,21,1,5.25,21.0,24.0
IPL_2026_020,2,RCB,Karn Sharma,4.0,24,0,15,0,3.75,,
IPL_2026_020,2,RCB,Lockie Ferguson,4.0,24,0,67,2,16.75,33.5,12.0
IPL_2026_021,1,LSG,Marcus Stoinis,4.0,24,0,32,2,8.0,16.0,12.0
IPL_2026_021,1,LSG,Deepak Hooda,4.0,24,0,30,2,7.5,15.0,12.0
IPL_2026_021,1,LSG,Krunal Pandya,4.0,24,0,18,1,4.5,18.0,24.0
IPL_2026_021,1,LSG,Ravi Bishnoi,4.0,24,0,19,2,4.75,9.5,12.0
IPL_2026_021,1,LSG,Mohsin Khan,4.0,24,0,65,2,16.25,32.5,12.0
IPL_2026_021,2,RCB,Will Jacks,4.0,24,0,26,2,6.5,13.0,12.0
IPL_2026_021,2,RCB,Glenn Maxwell,4.0,24,0,23,1,5.75,23.0,24.0
IPL_2026_021,2,RCB,Cameron Green,4.0,24,0,27,0,6.75,,
IPL_2026_021,2,RCB,Karn Sharma,4.0,24,0,13,1,3.25,13.0,24.0
IPL_2026_021,2,RCB,Lockie Ferguson,4.0,24,0,67,0,16.75,,
IPL_2026_022,1,RR,Rovman Powell,4.0,24,0,30,0,7.5,,
IPL_2026_022,1,RR,Ravichandran Ashwin,4.0,24,1,22,0,5.5,,
IPL_2026_022,1,RR,Trent Boult,4.0,24,0,26,1,6.5,26.0,24.0
IPL_2026_022,1,RR,Avesh Khan,4.0,24,0,20,1,5.0,20.0,24.0
IPL_2026_022,1,RR,Sandeep Sharma,4.0,24,0,65,2,16.25,32.5,12.0
IPL_2026_022,2,DC,Axar Patel,4.0,24,0,26,2,6.5,13.0,12.0
IPL_2026_022,2,DC,Kuldeep Yadav,4.0,24,0,37,1,9.25,37.0,24.0
IPL_2026_022,2,DC,Khaleel Ahmed,4.0,24,0,23,1,5.75,23.0,24.0
IPL_2026_022,2,DC,Mukesh Kumar,4.0,24,1,16,2,4.0,8.0,12.0
IPL_2026_022,2,DC,Ishant Sharma,4.0,24,0,83,0,20.75,,
IPL_2026_023,1,DC,Axar Patel,4.0,24,0,38,2,9.5,19.0,12.0
IPL_2026_023,1,DC,Kuldeep Yadav,4.0,24,0,28,1,7.0,28.0,24.0
IPL_2026_023,1,DC,Khaleel Ahmed,4.0,24,0,15,2,3.75,7.5,12.0
IPL_2026_023,1,DC,Mukesh Kumar,4.0,24,0,18,1,4.5,18.0,24.0
IPL_2026_023,1,DC,Ishant Sharma,4.0,24,0,74,2,18.5,37.0,12.0
IPL_2026_023,2,RR,Rovman Powell,4.0,24,0,26,3,6.5,8.67,8.0
IPL_2026_023,2,RR,Ravichandran Ashwin,4.0,24,0,31,2,7.75,15.5,12.0
IPL_2026_023,2,RR,Trent Boult,4.0,24,0,25,1,6.25,25.0,24.0
IPL_2026_023,2,RR,Avesh Khan,4.0,24,0,23,0,5.75,,
IPL_2026_023,2,RR,Sandeep Sharma,4.0,24,0,76,0,19.0,,
IPL_2026_024,1,KKR,Sunil Narine,4.0,24,0,25,2,6.25,12.5,12.0
IPL_2026_024,1,KKR,Andre Russell,4.0,24,0,31,2,7.75,15.5,12.0
IPL_2026_024,1,KKR,Ramandeep Singh,4.0,24,0,26,2,6.5,13.0,12.0
IPL_2026_024,1,KKR,Mitchell Starc,4.0,24,0,17,1,4.25,17.0,24.0
IPL_2026_024,1,KKR,Harshit Rana,4.0,24,0,73,1,18.25,73.0,24.0
IPL_2026_024,2,RCB,Will Jacks,4.0,24,0,35,1,8.75,35.0,24.0
IPL_2026_024,2,RCB,Glenn Maxwell,4.0,24,0,35,2,8.75,17.5,12.0
IPL_2026_024,2,RCB,Cameron Green,4.0,24,0,22,3,5.5,7.33,8.0
IPL_2026_024,2,RCB,Karn Sharma,4.0,24,0,15,2,3.75,7.5,12.0
IPL_2026_024,2,RCB,Lockie Ferguson,4.0,24,0,64,1,16.0,64.0,24.0
IPL_2026_025,1,RR,Rovman Powell,4.0,24,0,37,0,9.25,,
IPL_2026_025,1,RR,Ravichandran Ashwin,4.0,24,0,21,0,5.25,,
IPL_2026_025,1,RR,Trent Boult,4.0,24,0,20,1,5.0,20.0,24.0
IPL_2026_025,1,RR,Avesh Khan,4.0,24,1,13,1,3.25,13.0,24.0
IPL_2026_025,1,RR,Sandeep Sharma,4.0,24,0,78,2,19.5,39.0,12.0
IPL_2026_025,2,KKR,Sunil Narine,4.0,24,0,44,2,11.0,22.0,12.0
IPL_2026_025,2,KKR,Andre Russell,4.0,24,0,32,2,8.0,16.0,12.0
IPL_2026_025,2,KKR,Ramandeep Singh,4.0,24,0,23,2,5.75,11.5,12.0
IPL_2026_025,2,KKR,Mitchell Starc,4.0,24,0,14,2,3.5,7.0,12.0
IPL_2026_025,2,KKR,Harshit Rana,4.0,24,0,60,1,15.0,60.0,24.0
IPL_2026_026,1,PBKS,Sam Curran,4.0,24,0,28,2,7.0,14.0,12.0
IPL_2026_026,1,PBKS,Harpreet Brar,4.0,24,0,31,2,7.75,15.5,12.0
IPL_2026_026,1,PBKS,Harshal Patel,4.0,24,0,29,2,7.25,14.5,12.0
IPL_2026_026,1,PBKS,Kagiso Rabada,4.0,24,0,15,1,3.75,15.0,24.0
IPL_2026_026,1,PBKS,Arshdeep Singh,4.0,24,0,86,2,21.5,43.0,12.0
IPL_2026_026,2,CSK,Rachin Ravindra,4.0,24,0,42,3,10.5,14.0,8.0
IPL_2026_026,2,CSK,Daryl Mitchell,4.0,24,0,28,3,7.0,9.33,8.0
IPL_2026_026,2,CSK,Shivam Dube,4.0,24,0,24,3,6.0,8.0,8.0
IPL_2026_026,2,CSK,Ravindra Jadeja,4.0,24,0,16,2,4.0,8.0,12.0
IPL_2026_026,2,CSK,Mitchell Santner,4.0,24,0,64,2,16.0,32.0,12.0
IPL_2026_027,1,PBKS,Sam Curran,4.0,24,0,27,1,6.75,27.0,24.0
IPL_2026_027,1,PBKS,Harpreet Brar,4.0,24,0,27,2,6.75,13.5,12.0
IPL_2026_027,1,PBKS,Harshal Patel,4.0,24,0,24,2,6.0,12.0,12.0
IPL_2026_027,1,PBKS,Kagiso Rabada,4.0,24,0,27,2,6.75,13.5,12.0
IPL_2026_027,1,PBKS,Arshdeep Singh,4.0,24,0,84,1,21.0,84.0,24.0
IPL_2026_027,2,SRH,Abhishek Sharma,4.0,24,0,38,3,9.5,12.67,8.0
IPL_2026_027,2,SRH,Nitish Kumar Reddy,4.0,24,0,16,0,4.0,,
IPL_2026_027,2,SRH,Shahbaz Ahmed,4.0,24,1,23,1,5.75,23.0,24.0
IPL_2026_027,2,SRH,Pat Cummins,4.0,24,1,17,1,4.25,17.0,24.0
IPL_2026_027,2,SRH,Bhuvneshwar Kumar,4.0,24,0,63,2,15.75,31.5,12.0
IPL_2026_028,1,DC,Axar Patel,4.0,24,0,37,3,9.25,12.33,8.0
IPL_2026_028,1,DC,Kuldeep Yadav,4.0,24,0,32,2,8.0,16.0,12.0
IPL_2026_028,1,DC,Khaleel Ahmed,4.0,24,0,23,2,5.75,11.5,12.0
IPL_2026_028,1,DC,Mukesh Kumar,4.0,24,0,17,3,4.25,5.67,8.0
IPL_2026_028,1,DC,Ishant Sharma,4.0,24,0,78,2,19.5,39.0,12.0
IPL_2026_028,2,CSK,Rachin Ravindra,4.0,24,0,36,1,9.0,36.0,24.0
IPL_2026_028,2,CSK,Daryl Mitchell,4.0,24,0,34,2,8.5,17.0,12.0
IPL_2026_028,2,CSK,Shivam Dube,4.0,24,0,22,2,5.5,11.0,12.0
IPL_2026_028,2,CSK,Ravindra Jadeja,4.0,24,0,13,1,3.25,13.0,24.0
IPL_2026_028,2,CSK,Mitchell Santner,4.0,24,0,72,0,18.0,,
IPL_2026_029,1,GT,Azmatullah Omarzai,4.0,24,0,31,0,7.75,,
IPL_2026_029,1,GT,Rahul Tewatia,4.0,24,0,32,2,8.0,16.0,12.0
IPL_2026_029,1,GT,Rashid Khan,4.0,24,0,17,2,4.25,8.5,12.0
IPL_2026_029,1,GT,Mohit Sharma,4.0,24,1,22,1,5.5,22.0,24.0
IPL_2026_029,1,GT,Noor Ahmad,4.0,24,0,70,2,17.5,35.0,12.0
IPL_2026_029,2,RR,Rovman Powell,4.0,24,0,27,0,6.75,,
IPL_2026_029,2,RR,Ravichandran Ashwin,4.0,24,0,37,1,9.25,37.0,24.0
IPL_2026_029,2,RR,Trent Boult,4.0,24,0,18,1,4.5,18.0,24.0
IPL_2026_029,2,RR,Avesh Khan,4.0,24,0,18,2,4.5,9.0,12.0
IPL_2026_029,2,RR,Sandeep Sharma,4.0,24,0,75,0,18.75,,
IPL_2026_030,1,LSG,Marcus Stoinis,4.0,24,0,24,2,6.0,12.0,12.0
IPL_2026_030,1,LSG,Deepak Hooda,4.0,24,0,35,0,8.75,,
IPL_2026_030,1,LSG,Krunal Pandya,4.0,24,0,16,2,4.0,8.0,12.0
IPL_2026_030,1,LSG,Ravi Bishnoi,4.0,24,1,18,3,4.5,6.0,8.0
IPL_2026_030,1,LSG,Mohsin Khan,4.0,24,0,81,2,20.25,40.5,12.0
IPL_2026_030,2,RR,Rovman Powell,4.0,24,0,31,2,7.75,15.5,12.0
IPL_2026_030,2,RR,Ravichandran Ashwin,4.0,24,0,32,0,8.0,,
IPL_2026_030,2,RR,Trent Boult,4.0,24,0,25,2,6.25,12.5,12.0
IPL_2026_030,2,RR,Avesh Khan,4.0,24,0,16,2,4.0,8.0,12.0
IPL_2026_030,2,RR,Sandeep Sharma,4.0,24,0,65,1,16.25,65.0,24.0
IPL_2026_031,1,MI,Hardik Pandya,4.0,24,0,33,0,8.25,,
IPL_2026_031,1,MI,Romario Shepherd,4.0,24,0,22,1,5.5,22.0,24.0
IPL_2026_031,1,MI,Mohammad Nabi,4.0,24,0,30,0,7.5,,
IPL_2026_031,1,MI,Gerald Coetzee,4.0,24,0,18,3,4.5,6.0,8.0
IPL_2026_031,1,MI,Piyush Chawla,4.0,24,0,72,1,18.0,72.0,24.0
IPL_2026_031,2,GT,Azmatullah Omarzai,4.0,24,0,42,0,10.5,,
IPL_2026_031,2,GT,Rahul Tewatia,4.0,24,0,26,1,6.5,26.0,24.0
IPL_2026_031,2,GT,Rashid Khan,4.0,24,0,28,2,7.0,14.0,12.0
IPL_2026_031,2,GT,Mohit Sharma,4.0,24,0,19,2,4.75,9.5,12.0
IPL_2026_031,2,GT,Noor Ahmad,4.0,24,0,70,1,17.5,70.0,24.0
IPL_2026_032,1,LSG,Marcus Stoinis,4.0,24,0,30,3,7.5,10.0,8.0
IPL_2026_032,1,LSG,Deepak Hooda,4.0,24,0,28,2,7.0,14.0,12.0
IPL_2026_032,1,LSG,Krunal Pandya,4.0,24,0,29,0,7.25,,
IPL_2026_032,1,LSG,Ravi Bishnoi,4.0,24,1,16,2,4.0,8.0,12.0
IPL_2026_032,1,LSG,Mohsin Khan,4.0,24,0,71,2,17.75,35.5,12.0
IPL_2026_032,2,KKR,Sunil Narine,4.0,24,1,22,1,5.5,22.0,24.0
IPL_2026_032,2,KKR,Andre Russell,4.0,24,0,31,1,7.75,31.0,24.0
IPL_2026_032,2,KKR,Ramandeep Singh,4.0,24,0,20,1,5.0,20.0,24.0
IPL_2026_032,2,KKR,Mitchell Starc,4.0,24,0,16,1,4.0,16.0,24.0
IPL_2026_032,2,KKR,Harshit Rana,4.0,24,0,70,1,17.5,70.0,24.0
IPL_2026_033,1,RR,Rovman Powell,4.0,24,0,32,0,8.0,,
IPL_2026_033,1,RR,Ravichandran Ashwin,4.0,24,0,33,0,8.25,,
IPL_2026_033,1,RR,Trent Boult,4.0,24,0,20,0,5.0,,
IPL_2026_033,1,RR,Avesh Khan,4.0,24,0,11,1,2.75,11.0,24.0
IPL_2026_033,1,RR,Sandeep Sharma,4.0,24,0,66,2,16.5,33.0,12.0
IPL_2026_033,2,PBKS,Sam Curran,4.0,24,0,31,0,7.75,,
IPL_2026_033,2,PBKS,Harpreet Brar,4.0,24,0,26,1,6.5,26.0,24.0
IPL_2026_033,2,PBKS,Harshal Patel,4.0,24,0,28,2,7.0,14.0,12.0
IPL_2026_033,2,PBKS,Kagiso Rabada,4.0,24,0,16,0,4.0,,
IPL_2026_033,2,PBKS,Arshdeep Singh,4.0,24,0,71,1,17.75,71.0,24.0
IPL_2026_034,1,SRH,Abhishek Sharma,4.0,24,0,25,2,6.25,12.5,12.0
IPL_2026_034,1,SRH,Nitish Kumar Reddy,4.0,24,0,35,1,8.75,35.0,24.0
IPL_2026_034,1,SRH,Shahbaz Ahmed,4.0,24,0,16,3,4.0,5.33,8.0
IPL_2026_034,1,SRH,Pat Cummins,4.0,24,0,24,2,6.0,12.0,12.0
IPL_2026_034,1,SRH,Bhuvneshwar Kumar,4.0,24,0,76,1,19.0,76.0,24.0
IPL_2026_034,2,LSG,Marcus Stoinis,4.0,24,0,36,3,9.0,12.0,8.0
IPL_2026_034,2,LSG,Deepak Hooda,4.0,24,0,23,3,5.75,7.67,8.0
IPL_2026_034,2,LSG,Krunal Pandya,4.0,24,0,29,1,7.25,29.0,24.0
IPL_2026_034,2,LSG,Ravi Bishnoi,4.0,24,0,21,1,5.25,21.0,24.0
IPL_2026_034,2,LSG,Mohsin Khan,4.0,24,0,80,2,20.0,40.0,12.0
IPL_2026_035,1,LSG,Marcus Stoinis,4.0,24,0,37,1,9.25,37.0,24.0
IPL_2026_035,1,LSG,Deepak Hooda,4.0,24,0,24,1,6.0,24.0,24.0
IPL_2026_035,1,LSG,Krunal Pandya,4.0,24,0,29,1,7.25,29.0,24.0
IPL_2026_035,1,LSG,Ravi Bishnoi,4.0,24,0,23,3,5.75,7.67,8.0
IPL_2026_035,1,LSG,Mohsin Khan,4.0,24,0,70,2,17.5,35.0,12.0
IPL_2026_035,2,KKR,Sunil Narine,4.0,24,0,26,2,6.5,13.0,12.0
IPL_2026_035,2,KKR,Andre Russell,4.0,24,0,24,2,6.0,12.0,12.0
IPL_2026_035,2,KKR,Ramandeep Singh,4.0,24,0,30,3,7.5,10.0,8.0
IPL_2026_035,2,KKR,Mitchell Starc,4.0,24,0,14,1,3.5,14.0,24.0
IPL_2026_035,2,KKR,Harshit Rana,4.0,24,0,89,0,22.25,,
IPL_2026_036,1,LSG,Marcus Stoinis,4.0,24,0,25,2,6.25,12.5,12.0
IPL_2026_036,1,LSG,Deepak Hooda,4.0,24,0,38,2,9.5,19.0,12.0
IPL_2026_036,1,LSG,Krunal Pandya,4.0,24,0,22,1,5.5,22.0,24.0
IPL_2026_036,1,LSG,Ravi Bishnoi,4.0,24,0,20,1,5.0,20.0,24.0
IPL_2026_036,1,LSG,Mohsin Khan,4.0,24,0,74,3,18.5,24.67,8.0
IPL_2026_036,2,SRH,Abhishek Sharma,4.0,24,0,27,0,6.75,,
IPL_2026_036,2,SRH,Nitish Kumar Reddy,4.0,24,0,31,1,7.75,31.0,24.0
IPL_2026_036,2,SRH,Shahbaz Ahmed,4.0,24,0,26,2,6.5,13.0,12.0
IPL_2026_036,2,SRH,Pat Cummins,4.0,24,0,21,1,5.25,21.0,24.0
IPL_2026_036,2,SRH,Bhuvneshwar Kumar,4.0,24,0,82,0,20.5,,
IPL_2026_037,1,CSK,Rachin Ravindra,4.0,24,0,29,2,7.25,14.5,12.0
IPL_2026_037,1,CSK,Daryl Mitchell,4.0,24,0,24,3,6.0,8.0,8.0
IPL_2026_037,1,CSK,Shivam Dube,4.0,24,0,21,2,5.25,10.5,12.0
IPL_2026_037,1,CSK,Ravindra Jadeja,4.0,24,0,19,3,4.75,6.33,8.0
IPL_2026_037,1,CSK,Mitchell Santner,4.0,24,0,68,0,17.0,,
IPL_2026_037,2,RCB,Will Jacks,4.0,24,0,36,1,9.0,36.0,24.0
IPL_2026_037,2,RCB,Glenn Maxwell,4.0,24,0,16,1,4.0,16.0,24.0
IPL_2026_037,2,RCB,Cameron Green,4.0,24,0,25,1,6.25,25.0,24.0
IPL_2026_037,2,RCB,Karn Sharma,4.0,24,0,14,0,3.5,,
IPL_2026_037,2,RCB,Lockie Ferguson,4.0,24,0,62,1,15.5,62.0,24.0
IPL_2026_038,1,LSG,Marcus Stoinis,4.0,24,0,30,2,7.5,15.0,12.0
IPL_2026_038,1,LSG,Deepak Hooda,4.0,24,0,28,3,7.0,9.33,8.0
IPL_2026_038,1,LSG,Krunal Pandya,4.0,24,0,19,1,4.75,19.0,24.0
IPL_2026_038,1,LSG,Ravi Bishnoi,4.0,24,0,24,3,6.0,8.0,8.0
IPL_2026_038,1,LSG,Mohsin Khan,4.0,24,0,77,0,19.25,,
IPL_2026_038,2,GT,Azmatullah Omarzai,4.0,24,0,31,2,7.75,15.5,12.0
IPL_2026_038,2,GT,Rahul Tewatia,4.0,24,0,31,1,7.75,31.0,24.0
IPL_2026_038,2,GT,Rashid Khan,4.0,24,0,26,1,6.5,26.0,24.0
IPL_2026_038,2,GT,Mohit Sharma,4.0,24,0,16,2,4.0,8.0,12.0
IPL_2026_038,2,GT,Noor Ahmad,4.0,24,0,69,2,17.25,34.5,12.0
IPL_2026_039,1,LSG,Marcus Stoinis,4.0,24,0,34,0,8.5,,
IPL_2026_039,1,LSG,Deepak Hooda,4.0,24,0,39,0,9.75,,
IPL_2026_039,1,LSG,Krunal Pandya,4.0,24,0,30,3,7.5,10.0,8.0
IPL_2026_039,1,LSG,Ravi Bishnoi,4.0,24,0,17,3,4.25,5.67,8.0
IPL_2026_039,1,LSG,Mohsin Khan,4.0,24,0,70,2,17.5,35.0,12.0
IPL_2026_039,2,RR,Rovman Powell,4.0,24,0,40,3,10.0,13.33,8.0
IPL_2026_039,2,RR,Ravichandran Ashwin,4.0,24,0,27,1,6.75,27.0,24.0
IPL_2026_039,2,RR,Trent Boult,4.0,24,0,26,1,6.5,26.0,24.0
IPL_2026_039,2,RR,Avesh Khan,4.0,24,0,15,1,3.75,15.0,24.0
IPL_2026_039,2,RR,Sandeep Sharma,4.0,24,0,74,2,18.5,37.0,12.0
IPL_2026_040,1,SRH,Abhishek Sharma,4.0,24,0,37,2,9.25,18.5,12.0
IPL_2026_040,1,SRH,Nitish Kumar Reddy,4.0,24,0,32,3,8.0,10.67,8.0
IPL_2026_040,1,SRH,Shahbaz Ahmed,4.0,24,0,18,2,4.5,9.0,12.0
IPL_2026_040,1,SRH,Pat Cummins,4.0,24,0,22,1,5.5,22.0,24.0
IPL_2026_040,1,SRH,Bhuvneshwar Kumar,4.0,24,0,64,1,16.0,64.0,24.0
IPL_2026_040,2,PBKS,Sam Curran,4.0,24,0,36,2,9.0,18.0,12.0
IPL_2026_040,2,PBKS,Harpreet Brar,4.0,24,0,26,1,6.5,26.0,24.0
IPL_2026_040,2,PBKS,Harshal Patel,4.0,24,0,24,3,6.0,8.0,8.0
IPL_2026_040,2,PBKS,Kagiso Rabada,4.0,24,0,16,1,4.0,16.0,24.0
IPL_2026_040,2,PBKS,Arshdeep Singh,4.0,24,0,71,2,17.75,35.5,12.0
IPL_2026_041,1,DC,Axar Patel,4.0,24,0,26,2,6.5,13.0,12.0
IPL_2026_041,1,DC,Kuldeep Yadav,4.0,24,0,32,1,8.0,32.0,24.0
IPL_2026_041,1,DC,Khaleel Ahmed,4.0,24,0,24,1,6.0,24.0,24.0
IPL_2026_041,1,DC,Mukesh Kumar,4.0,24,0,18,2,4.5,9.0,12.0
IPL_2026_041,1,DC,Ishant Sharma,4.0,24,0,79,1,19.75,79.0,24.0
IPL_2026_041,2,LSG,Marcus Stoinis,4.0,24,0,28,1,7.0,28.0,24.0
IPL_2026_041,2,LSG,Deepak Hooda,4.0,24,0,31,1,7.75,31.0,24.0
IPL_2026_041,2,LSG,Krunal Pandya,4.0,24,0,28,2,7.0,14.0,12.0
IPL_2026_041,2,LSG,Ravi Bishnoi,4.0,24,0,22,3,5.5,7.33,8.0
IPL_2026_041,2,LSG,Mohsin Khan,4.0,24,0,73,3,18.25,24.33,8.0
IPL_2026_042,1,LSG,Marcus Stoinis,4.0,24,0,48,2,12.0,24.0,12.0
IPL_2026_042,1,LSG,Deepak Hooda,4.0,24,0,24,3,6.0,8.0,8.0
IPL_2026_042,1,LSG,Krunal Pandya,4.0,24,0,20,2,5.0,10.0,12.0
IPL_2026_042,1,LSG,Ravi Bishnoi,4.0,24,1,21,1,5.25,21.0,24.0
IPL_2026_042,1,LSG,Mohsin Khan,4.0,24,0,86,2,21.5,43.0,12.0
IPL_2026_042,2,RR,Rovman Powell,4.0,24,0,36,3,9.0,12.0,8.0
IPL_2026_042,2,RR,Ravichandran Ashwin,4.0,24,0,33,2,8.25,16.5,12.0
IPL_2026_042,2,RR,Trent Boult,4.0,24,0,25,0,6.25,,
IPL_2026_042,2,RR,Avesh Khan,4.0,24,0,13,0,3.25,,
IPL_2026_042,2,RR,Sandeep Sharma,4.0,24,0,75,1,18.75,75.0,24.0
IPL_2026_043,1,GT,Azmatullah Omarzai,4.0,24,0,36,1,9.0,36.0,24.0
IPL_2026_043,1,GT,Rahul Tewatia,4.0,24,1,24,1,6.0,24.0,24.0
IPL_2026_043,1,GT,Rashid Khan,4.0,24,0,21,3,5.25,7.0,8.0
IPL_2026_043,1,GT,Mohit Sharma,4.0,24,0,20,3,5.0,6.67,8.0
IPL_2026_043,1,GT,Noor Ahmad,4.0,24,0,72,1,18.0,72.0,24.0
IPL_2026_043,2,LSG,Marcus Stoinis,4.0,24,0,40,2,10.0,20.0,12.0
IPL_2026_043,2,LSG,Deepak Hooda,4.0,24,0,20,2,5.0,10.0,12.0
IPL_2026_043,2,LSG,Krunal Pandya,4.0,24,0,23,3,5.75,7.67,8.0
IPL_2026_043,2,LSG,Ravi Bishnoi,4.0,24,0,18,0,4.5,,
IPL_2026_043,2,LSG,Mohsin Khan,4.0,24,0,77,1,19.25,77.0,24.0
IPL_2026_044,1,RR,Rovman Powell,4.0,24,0,29,2,7.25,14.5,12.0
IPL_2026_044,1,RR,Ravichandran Ashwin,4.0,24,0,40,3,10.0,13.33,8.0
IPL_2026_044,1,RR,Trent Boult,4.0,24,0,26,0,6.5,,
IPL_2026_044,1,RR,Avesh Khan,4.0,24,0,17,0,4.25,,
IPL_2026_044,1,RR,Sandeep Sharma,4.0,24,0,95,2,23.75,47.5,12.0
IPL_2026_044,2,DC,Axar Patel,4.0,24,0,47,1,11.75,47.0,24.0
IPL_2026_044,2,DC,Kuldeep Yadav,4.0,24,0,35,1,8.75,35.0,24.0
IPL_2026_044,2,DC,Khaleel Ahmed,4.0,24,0,22,0,5.5,,
IPL_2026_044,2,DC,Mukesh Kumar,4.0,24,0,16,1,4.0,16.0,24.0
IPL_2026_044,2,DC,Ishant Sharma,4.0,24,0,67,2,16.75,33.5,12.0
IPL_2026_045,1,DC,Axar Patel,4.0,24,0,33,2,8.25,16.5,12.0
IPL_2026_045,1,DC,Kuldeep Yadav,4.0,24,0,26,2,6.5,13.0,12.0
IPL_2026_045,1,DC,Khaleel Ahmed,4.0,24,0,24,2,6.0,12.0,12.0
IPL_2026_045,1,DC,Mukesh Kumar,4.0,24,0,14,2,3.5,7.0,12.0
IPL_2026_045,1,DC,Ishant Sharma,4.0,24,0,73,1,18.25,73.0,24.0
IPL_2026_045,2,PBKS,Sam Curran,4.0,24,0,36,0,9.0,,
IPL_2026_045,2,PBKS,Harpreet Brar,4.0,24,0,21,1,5.25,21.0,24.0
IPL_2026_045,2,PBKS,Harshal Patel,4.0,24,0,26,2,6.5,13.0,12.0
IPL_2026_045,2,PBKS,Kagiso Rabada,4.0,24,0,18,1,4.5,18.0,24.0
IPL_2026_045,2,PBKS,Arshdeep Singh,4.0,24,0,84,1,21.0,84.0,24.0
IPL_2026_046,1,GT,Azmatullah Omarzai,4.0,24,0,33,1,8.25,33.0,24.0
IPL_2026_046,1,GT,Rahul Tewatia,4.0,24,0,37,3,9.25,12.33,8.0
IPL_2026_046,1,GT,Rashid Khan,4.0,24,0,26,1,6.5,26.0,24.0
IPL_2026_046,1,GT,Mohit Sharma,4.0,24,0,23,2,5.75,11.5,12.0
IPL_2026_046,1,GT,Noor Ahmad,4.0,24,0,69,3,17.25,23.0,8.0
IPL_2026_046,2,CSK,Rachin Ravindra,4.0,24,0,41,1,10.25,41.0,24.0
IPL_2026_046,2,CSK,Daryl Mitchell,4.0,24,0,25,1,6.25,25.0,24.0
IPL_2026_046,2,CSK,Shivam Dube,4.0,24,0,21,2,5.25,10.5,12.0
IPL_2026_046,2,CSK,Ravindra Jadeja,4.0,24,1,17,1,4.25,17.0,24.0
IPL_2026_046,2,CSK,Mitchell Santner,4.0,24,0,61,2,15.25,30.5,12.0
IPL_2026_047,1,RR,Rovman Powell,4.0,24,0,25,1,6.25,25.0,24.0
IPL_2026_047,1,RR,Ravichandran Ashwin,4.0,24,0,27,1,6.75,27.0,24.0
IPL_2026_047,1,RR,Trent Boult,4.0,24,0,25,2,6.25,12.5,12.0
IPL_2026_047,1,RR,Avesh Khan,4.0,24,0,22,0,5.5,,
IPL_2026_047,1,RR,Sandeep Sharma,4.0,24,0,72,2,18.0,36.0,12.0
IPL_2026_047,2,CSK,Rachin Ravindra,4.0,24,0,39,1,9.75,39.0,24.0
IPL_2026_047,2,CSK,Daryl Mitchell,4.0,24,0,29,2,7.25,14.5,12.0
IPL_2026_047,2,CSK,Shivam Dube,4.0,24,0,21,0,5.25,,
IPL_2026_047,2,CSK,Ravindra Jadeja,4.0,24,0,21,0,5.25,,
IPL_2026_047,2,CSK,Mitchell Santner,4.0,24,0,68,1,17.0,68.0,24.0
IPL_2026_048,1,CSK,Rachin Ravindra,4.0,24,0,45,3,11.25,15.0,8.0
IPL_2026_048,1,CSK,Daryl Mitchell,4.0,24,0,28,0,7.0,,
IPL_2026_048,1,CSK,Shivam Dube,4.0,24,0,18,2,4.5,9.0,12.0
IPL_2026_048,1,CSK,Ravindra Jadeja,4.0,24,0,18,3,4.5,6.0,8.0
IPL_2026_048,1,CSK,Mitchell Santner,4.0,24,0,65,2,16.25,32.5,12.0
IPL_2026_048,2,MI,Hardik Pandya,4.0,24,0,26,2,6.5,13.0,12.0
IPL_2026_048,2,MI,Romario Shepherd,4.0,24,0,24,3,6.0,8.0,8.0
IPL_2026_048,2,MI,Mohammad Nabi,4.0,24,0,28,3,7.0,9.33,8.0
IPL_2026_048,2,MI,Gerald Coetzee,4.0,24,0,23,1,5.75,23.0,24.0
IPL_2026_048,2,MI,Piyush Chawla,4.0,24,0,73,0,18.25,,
IPL_2026_049,1,GT,Azmatullah Omarzai,4.0,24,0,32,1,8.0,32.0,24.0
IPL_2026_049,1,GT,Rahul Tewatia,4.0,24,0,30,3,7.5,10.0,8.0
IPL_2026_049,1,GT,Rashid Khan,4.0,24,0,23,2,5.75,11.5,12.0
IPL_2026_049,1,GT,Mohit Sharma,4.0,24,1,18,0,4.5,,
IPL_2026_049,1,GT,Noor Ahmad,4.0,24,0,60,3,15.0,20.0,8.0
IPL_2026_049,2,PBKS,Sam Curran,4.0,24,0,33,2,8.25,16.5,12.0
IPL_2026_049,2,PBKS,Harpreet Brar,4.0,24,0,37,1,9.25,37.0,24.0
IPL_2026_049,2,PBKS,Harshal Patel,4.0,24,0,26,1,6.5,26.0,24.0
IPL_2026_049,2,PBKS,Kagiso Rabada,4.0,24,0,20,1,5.0,20.0,24.0
IPL_2026_049,2,PBKS,Arshdeep Singh,4.0,24,0,62,1,15.5,62.0,24.0
IPL_2026_050,1,MI,Hardik Pandya,4.0,24,0,42,3,10.5,14.0,8.0
IPL_2026_050,1,MI,Romario Shepherd,4.0,24,0,31,1,7.75,31.0,24.0
IPL_2026_050,1,MI,Mohammad Nabi,4.0,24,1,23,3,5.75,7.67,8.0
IPL_2026_050,1,MI,Gerald Coetzee,4.0,24,0,12,1,3.0,12.0,24.0
IPL_2026_050,1,MI,Piyush Chawla,4.0,24,0,73,3,18.25,24.33,8.0
IPL_2026_050,2,RCB,Will Jacks,4.0,24,0,31,0,7.75,,
IPL_2026_050,2,RCB,Glenn Maxwell,4.0,24,0,26,0,6.5,,
IPL_2026_050,2,RCB,Cameron Green,4.0,24,0,16,3,4.0,5.33,8.0
IPL_2026_050,2,RCB,Karn Sharma,4.0,24,0,22,2,5.5,11.0,12.0
IPL_2026_050,2,RCB,Lockie Ferguson,4.0,24,0,78,0,19.5,,
IPL_2026_051,1,SRH,Abhishek Sharma,4.0,24,0,26,2,6.5,13.0,12.0
IPL_2026_051,1,SRH,Nitish Kumar Reddy,4.0,24,0,29,1,7.25,29.0,24.0
IPL_2026_051,1,SRH,Shahbaz Ahmed,4.0,24,0,20,0,5.0,,
IPL_2026_051,1,SRH,Pat Cummins,4.0,24,0,20,2,5.0,10.0,12.0
IPL_2026_051,1,SRH,Bhuvneshwar Kumar,4.0,24,0,74,3,18.5,24.67,8.0
IPL_2026_051,2,DC,Axar Patel,4.0,24,0,25,2,6.25,12.5,12.0
IPL_2026_051,2,DC,Kuldeep Yadav,4.0,24,0,23,1,5.75,23.0,24.0
IPL_2026_051,2,DC,Khaleel Ahmed,4.0,24,0,25,3,6.25,8.33,8.0
IPL_2026_051,2,DC,Mukesh Kumar,4.0,24,0,19,1,4.75,19.0,24.0
IPL_2026_051,2,DC,Ishant Sharma,4.0,24,0,78,0,19.5,,
IPL_2026_052,1,LSG,Marcus Stoinis,4.0,24,0,46,2,11.5,23.0,12.0
IPL_2026_052,1,LSG,Deepak Hooda,4.0,24,0,20,3,5.0,6.67,8.0
IPL_2026_052,1,LSG,Krunal Pandya,4.0,24,0,26,2,6.5,13.0,12.0
IPL_2026_052,1,LSG,Ravi Bishnoi,4.0,24,1,13,2,3.25,6.5,12.0
IPL_2026_052,1,LSG,Mohsin Khan,4.0,24,0,74,3,18.5,24.67,8.0
IPL_2026_052,2,MI,Hardik Pandya,4.0,24,0,44,1,11.0,44.0,24.0
IPL_2026_052,2,MI,Romario Shepherd,4.0,24,0,26,1,6.5,26.0,24.0
IPL_2026_052,2,MI,Mohammad Nabi,4.0,24,1,21,0,5.25,,
IPL_2026_052,2,MI,Gerald Coetzee,4.0,24,0,18,3,4.5,6.0,8.0
IPL_2026_052,2,MI,Piyush Chawla,4.0,24,0,72,3,18.0,24.0,8.0
IPL_2026_053,1,KKR,Sunil Narine,4.0,24,0,31,0,7.75,,
IPL_2026_053,1,KKR,Andre Russell,4.0,24,0,24,2,6.0,12.0,12.0
IPL_2026_053,1,KKR,Ramandeep Singh,4.0,24,0,23,1,5.75,23.0,24.0
IPL_2026_053,1,KKR,Mitchell Starc,4.0,24,0,20,3,5.0,6.67,8.0
IPL_2026_053,1,KKR,Harshit Rana,4.0,24,0,66,1,16.5,66.0,24.0
IPL_2026_053,2,RCB,Will Jacks,4.0,24,0,24,0,6.0,,
IPL_2026_053,2,RCB,Glenn Maxwell,4.0,24,0,27,2,6.75,13.5,12.0
IPL_2026_053,2,RCB,Cameron Green,4.0,24,0,23,2,5.75,11.5,12.0
IPL_2026_053,2,RCB,Karn Sharma,4.0,24,0,21,3,5.25,7.0,8.0
IPL_2026_053,2,RCB,Lockie Ferguson,4.0,24,0,66,3,16.5,22.0,8.0
IPL_2026_054,1,LSG,Marcus Stoinis,4.0,24,0,33,1,8.25,33.0,24.0
IPL_2026_054,1,LSG,Deepak Hooda,4.0,24,0,23,0,5.75,,
IPL_2026_054,1,LSG,Krunal Pandya,4.0,24,0,26,0,6.5,,
IPL_2026_054,1,LSG,Ravi Bishnoi,4.0,24,0,25,1,6.25,25.0,24.0
IPL_2026_054,1,LSG,Mohsin Khan,4.0,24,0,75,2,18.75,37.5,12.0
IPL_2026_054,2,RCB,Will Jacks,4.0,24,0,43,0,10.75,,
IPL_2026_054,2,RCB,Glenn Maxwell,4.0,24,0,31,2,7.75,15.5,12.0
IPL_2026_054,2,RCB,Cameron Green,4.0,24,0,16,2,4.0,8.0,12.0
IPL_2026_054,2,RCB,Karn Sharma,4.0,24,0,18,3,4.5,6.0,8.0
IPL_2026_054,2,RCB,Lockie Ferguson,4.0,24,0,80,2,20.0,40.0,12.0
IPL_2026_055,1,CSK,Rachin Ravindra,4.0,24,0,24,1,6.0,24.0,24.0
IPL_2026_055,1,CSK,Daryl Mitchell,4.0,24,1,22,3,5.5,7.33,8.0
IPL_2026_055,1,CSK,Shivam Dube,4.0,24,0,28,1,7.0,28.0,24.0
IPL_2026_055,1,CSK,Ravindra Jadeja,4.0,24,0,14,2,3.5,7.0,12.0
IPL_2026_055,1,CSK,Mitchell Santner,4.0,24,0,71,1,17.75,71.0,24.0
IPL_2026_055,2,MI,Hardik Pandya,4.0,24,0,40,1,10.0,40.0,24.0
IPL_2026_055,2,MI,Romario Shepherd,4.0,24,0,25,0,6.25,,
IPL_2026_055,2,MI,Mohammad Nabi,4.0,24,0,22,0,5.5,,
IPL_2026_055,2,MI,Gerald Coetzee,4.0,24,0,18,3,4.5,6.0,8.0
IPL_2026_055,2,MI,Piyush Chawla,4.0,24,0,60,1,15.0,60.0,24.0
IPL_2026_056,1,RCB,Will Jacks,4.0,24,0,31,3,7.75,10.33,8.0
IPL_2026_056,1,RCB,Glenn Maxwell,4.0,24,0,29,1,7.25,29.0,24.0
IPL_2026_056,1,RCB,Cameron Green,4.0,24,0,15,1,3.75,15.0,24.0
IPL_2026_056,1,RCB,Karn Sharma,4.0,24,0,19,1,4.75,19.0,24.0
IPL_2026_056,1,RCB,Lockie Ferguson,4.0,24,0,74,1,18.5,74.0,24.0
IPL_2026_056,2,RR,Rovman Powell,4.0,24,0,44,3,11.0,14.67,8.0
IPL_2026_056,2,RR,Ravichandran Ashwin,4.0,24,0,36,1,9.0,36.0,24.0
IPL_2026_056,2,RR,Trent Boult,4.0,24,0,18,1,4.5,18.0,24.0
IPL_2026_056,2,RR,Avesh Khan,4.0,24,0,23,1,5.75,23.0,24.0
IPL_2026_056,2,RR,Sandeep Sharma,4.0,24,0,73,1,18.25,73.0,24.0
IPL_2026_057,1,PBKS,Sam Curran,4.0,24,0,41,1,10.25,41.0,24.0
IPL_2026_057,1,PBKS,Harpreet Brar,4.0,24,0,19,0,4.75,,
IPL_2026_057,1,PBKS,Harshal Patel,4.0,24,0,16,1,4.0,16.0,24.0
IPL_2026_057,1,PBKS,Kagiso Rabada,4.0,24,0,18,0,4.5,,
IPL_2026_057,1,PBKS,Arshdeep Singh,4.0,24,0,70,1,17.5,70.0,24.0
IPL_2026_057,2,MI,Hardik Pandya,4.0,24,0,25,0,6.25,,
IPL_2026_057,2,MI,Romario Shepherd,4.0,24,0,24,1,6.0,24.0,24.0
IPL_2026_057,2,MI,Mohammad Nabi,4.0,24,0,22,1,5.5,22.0,24.0
IPL_2026_057,2,MI,Gerald Coetzee,4.0,24,0,17,1,4.25,17.0,24.0
IPL_2026_057,2,MI,Piyush Chawla,4.0,24,0,79,0,19.75,,
IPL_2026_058,1,MI,Hardik Pandya,4.0,24,0,30,2,7.5,15.0,12.0
IPL_2026_058,1,MI,Romario Shepherd,4.0,24,0,35,2,8.75,17.5,12.0
IPL_2026_058,1,MI,Mohammad Nabi,4.0,24,0,17,2,4.25,8.5,12.0
IPL_2026_058,1,MI,Gerald Coetzee,4.0,24,0,16,2,4.0,8.0,12.0
IPL_2026_058,1,MI,Piyush Chawla,4.0,24,0,75,2,18.75,37.5,12.0
IPL_2026_058,2,GT,Azmatullah Omarzai,4.0,24,0,43,1,10.75,43.0,24.0
IPL_2026_058,2,GT,Rahul Tewatia,4.0,24,0,30,1,7.5,30.0,24.0
IPL_2026_058,2,GT,Rashid Khan,4.0,24,0,17,2,4.25,8.5,12.0
IPL_2026_058,2,GT,Mohit Sharma,4.0,24,0,12,0,3.0,,
IPL_2026_058,2,GT,Noor Ahmad,4.0,24,0,71,2,17.75,35.5,12.0
IPL_2026_059,1,RCB,Will Jacks,4.0,24,0,43,1,10.75,43.0,24.0
IPL_2026_059,1,RCB,Glenn Maxwell,4.0,24,0,27,1,6.75,27.0,24.0
IPL_2026_059,1,RCB,Cameron Green,4.0,24,0,24,2,6.0,12.0,12.0
IPL_2026_059,1,RCB,Karn Sharma,4.0,24,0,21,1,5.25,21.0,24.0
IPL_2026_059,1,RCB,Lockie Ferguson,4.0,24,0,69,2,17.25,34.5,12.0
IPL_2026_059,2,DC,Axar Patel,4.0,24,0,37,2,9.25,18.5,12.0
IPL_2026_059,2,DC,Kuldeep Yadav,4.0,24,0,24,1,6.0,24.0,24.0
IPL_2026_059,2,DC,Khaleel Ahmed,4.0,24,0,32,2,8.0,16.0,12.0
IPL_2026_059,2,DC,Mukesh Kumar,4.0,24,0,17,1,4.25,17.0,24.0
IPL_2026_059,2,DC,Ishant Sharma,4.0,24,0,86,0,21.5,,
IPL_2026_060,1,SRH,Abhishek Sharma,4.0,24,0,36,1,9.0,36.0,24.0
IPL_2026_060,1,SRH,Nitish Kumar Reddy,4.0,24,0,27,1,6.75,27.0,24.0
IPL_2026_060,1,SRH,Shahbaz Ahmed,4.0,24,0,22,0,5.5,,
IPL_2026_060,1,SRH,Pat Cummins,4.0,24,0,21,1,5.25,21.0,24.0
IPL_2026_060,1,SRH,Bhuvneshwar Kumar,4.0,24,0,83,2,20.75,41.5,12.0
IPL_2026_060,2,KKR,Sunil Narine,4.0,24,0,29,0,7.25,,
IPL_2026_060,2,KKR,Andre Russell,4.0,24,0,42,2,10.5,21.0,12.0
IPL_2026_060,2,KKR,Ramandeep Singh,4.0,24,0,23,0,5.75,,
IPL_2026_060,2,KKR,Mitchell Starc,4.0,24,0,24,3,6.0,8.0,8.0
IPL_2026_060,2,KKR,Harshit Rana,4.0,24,0,81,2,20.25,40.5,12.0
IPL_2026_061,1,LSG,Marcus Stoinis,4.0,24,0,42,2,10.5,21.0,12.0
IPL_2026_061,1,LSG,Deepak Hooda,4.0,24,0,19,1,4.75,19.0,24.0
IPL_2026_061,1,LSG,Krunal Pandya,4.0,24,0,27,2,6.75,13.5,12.0
IPL_2026_061,1,LSG,Ravi Bishnoi,4.0,24,0,19,2,4.75,9.5,12.0
IPL_2026_061,1,LSG,Mohsin Khan,4.0,24,0,60,2,15.0,30.0,12.0
IPL_2026_061,2,CSK,Rachin Ravindra,4.0,24,0,25,2,6.25,12.5,12.0
IPL_2026_061,2,CSK,Daryl Mitchell,4.0,24,0,21,2,5.25,10.5,12.0
IPL_2026_061,2,CSK,Shivam Dube,4.0,24,0,32,0,8.0,,
IPL_2026_061,2,CSK,Ravindra Jadeja,4.0,24,0,22,2,5.5,11.0,12.0
IPL_2026_061,2,CSK,Mitchell Santner,4.0,24,0,78,1,19.5,78.0,24.0
IPL_2026_062,1,PBKS,Sam Curran,4.0,24,0,38,0,9.5,,
IPL_2026_062,1,PBKS,Harpreet Brar,4.0,24,0,29,1,7.25,29.0,24.0
IPL_2026_062,1,PBKS,Harshal Patel,4.0,24,0,16,3,4.0,5.33,8.0
IPL_2026_062,1,PBKS,Kagiso Rabada,4.0,24,0,19,1,4.75,19.0,24.0
IPL_2026_062,1,PBKS,Arshdeep Singh,4.0,24,0,79,0,19.75,,
IPL_2026_062,2,CSK,Rachin Ravindra,4.0,24,0,44,1,11.0,44.0,24.0
IPL_2026_062,2,CSK,Daryl Mitchell,4.0,24,0,27,0,6.75,,
IPL_2026_062,2,CSK,Shivam Dube,4.0,24,0,17,0,4.25,,
IPL_2026_062,2,CSK,Ravindra Jadeja,4.0,24,0,20,2,5.0,10.0,12.0
IPL_2026_062,2,CSK,Mitchell Santner,4.0,24,0,71,2,17.75,35.5,12.0
IPL_2026_063,1,DC,Axar Patel,4.0,24,0,27,1,6.75,27.0,24.0
IPL_2026_063,1,DC,Kuldeep Yadav,4.0,24,0,38,3,9.5,12.67,8.0
IPL_2026_063,1,DC,Khaleel Ahmed,4.0,24,0,24,2,6.0,12.0,12.0
IPL_2026_063,1,DC,Mukesh Kumar,4.0,24,0,15,2,3.75,7.5,12.0
IPL_2026_063,1,DC,Ishant Sharma,4.0,24,0,89,0,22.25,,
IPL_2026_063,2,PBKS,Sam Curran,4.0,24,0,28,1,7.0,28.0,24.0
IPL_2026_063,2,PBKS,Harpreet Brar,4.0,24,0,20,3,5.0,6.67,8.0
IPL_2026_063,2,PBKS,Harshal Patel,4.0,24,0,17,3,4.25,5.67,8.0
IPL_2026_063,2,PBKS,Kagiso Rabada,4.0,24,0,16,1,4.0,16.0,24.0
IPL_2026_063,2,PBKS,Arshdeep Singh,4.0,24,0,86,1,21.5,86.0,24.0
IPL_2026_064,1,PBKS,Sam Curran,4.0,24,0,26,1,6.5,26.0,24.0
IPL_2026_064,1,PBKS,Harpreet Brar,4.0,24,0,38,0,9.5,,
IPL_2026_064,1,PBKS,Harshal Patel,4.0,24,0,17,3,4.25,5.67,8.0
IPL_2026_064,1,PBKS,Kagiso Rabada,4.0,24,1,20,2,5.0,10.0,12.0
IPL_2026_064,1,PBKS,Arshdeep Singh,4.0,24,0,82,0,20.5,,
IPL_2026_064,2,KKR,Sunil Narine,4.0,24,0,42,2,10.5,21.0,12.0
IPL_2026_064,2,KKR,Andre Russell,4.0,24,0,24,1,6.0,24.0,24.0
IPL_2026_064,2,KKR,Ramandeep Singh,4.0,24,0,17,0,4.25,,
IPL_2026_064,2,KKR,Mitchell Starc,4.0,24,0,19,2,4.75,9.5,12.0
IPL_2026_064,2,KKR,Harshit Rana,4.0,24,0,77,2,19.25,38.5,12.0
IPL_2026_065,1,GT,Azmatullah Omarzai,4.0,24,0,43,3,10.75,14.33,8.0
IPL_2026_065,1,GT,Rahul Tewatia,4.0,24,0,21,1,5.25,21.0,24.0
IPL_2026_065,1,GT,Rashid Khan,4.0,24,0,26,1,6.5,26.0,24.0
IPL_2026_065,1,GT,Mohit Sharma,4.0,24,0,17,1,4.25,17.0,24.0
IPL_2026_065,1,GT,Noor Ahmad,4.0,24,0,62,0,15.5,,
IPL_2026_065,2,LSG,Marcus Stoinis,4.0,24,0,26,3,6.5,8.67,8.0
IPL_2026_065,2,LSG,Deepak Hooda,4.0,24,0,33,1,8.25,33.0,24.0
IPL_2026_065,2,LSG,Krunal Pandya,4.0,24,0,27,1,6.75,27.0,24.0
IPL_2026_065,2,LSG,Ravi Bishnoi,4.0,24,0,12,3,3.0,4.0,8.0
IPL_2026_065,2,LSG,Mohsin Khan,4.0,24,0,71,0,17.75,,
IPL_2026_066,1,DC,Axar Patel,4.0,24,0,30,2,7.5,15.0,12.0
IPL_2026_066,1,DC,Kuldeep Yadav,4.0,24,0,21,1,5.25,21.0,24.0
IPL_2026_066,1,DC,Khaleel Ahmed,4.0,24,0,28,0,7.0,,
IPL_2026_066,1,DC,Mukesh Kumar,4.0,24,0,16,2,4.0,8.0,12.0
IPL_2026_066,1,DC,Ishant Sharma,4.0,24,0,83,1,20.75,83.0,24.0
IPL_2026_066,2,PBKS,Sam Curran,4.0,24,0,41,1,10.25,41.0,24.0
IPL_2026_066,2,PBKS,Harpreet Brar,4.0,24,0,22,3,5.5,7.33,8.0
IPL_2026_066,2,PBKS,Harshal Patel,4.0,24,0,18,2,4.5,9.0,12.0
IPL_2026_066,2,PBKS,Kagiso Rabada,4.0,24,0,20,2,5.0,10.0,12.0
IPL_2026_066,2,PBKS,Arshdeep Singh,4.0,24,0,89,2,22.25,44.5,12.0
IPL_2026_067,1,DC,Axar Patel,4.0,24,0,37,2,9.25,18.5,12.0
IPL_2026_067,1,DC,Kuldeep Yadav,4.0,24,0,19,1,4.75,19.0,24.0
IPL_2026_067,1,DC,Khaleel Ahmed,4.0,24,0,20,3,5.0,6.67,8.0
IPL_2026_067,1,DC,Mukesh Kumar,4.0,24,0,22,1,5.5,22.0,24.0
IPL_2026_067,1,DC,Ishant Sharma,4.0,24,0,68,2,17.0,34.0,12.0
IPL_2026_067,2,RR,Rovman Powell,4.0,24,0,47,3,11.75,15.67,8.0
IPL_2026_067,2,RR,Ravichandran Ashwin,4.0,24,0,27,1,6.75,27.0,24.0
IPL_2026_067,2,RR,Trent Boult,4.0,24,0,17,0,4.25,,
IPL_2026_067,2,RR,Avesh Khan,4.0,24,0,19,2,4.75,9.5,12.0
IPL_2026_067,2,RR,Sandeep Sharma,4.0,24,0,73,0,18.25,,
IPL_2026_068,1,KKR,Sunil Narine,4.0,24,0,32,2,8.0,16.0,12.0
IPL_2026_068,1,KKR,Andre Russell,4.0,24,0,38,1,9.5,38.0,24.0
IPL_2026_068,1,KKR,Ramandeep Singh,4.0,24,0,23,1,5.75,23.0,24.0
IPL_2026_068,1,KKR,Mitchell Starc,4.0,24,0,26,0,6.5,,
IPL_2026_068,1,KKR,Harshit Rana,4.0,24,0,76,0,19.0,,
IPL_2026_068,2,RR,Rovman Powell,4.0,24,0,45,1,11.25,45.0,24.0
IPL_2026_068,2,RR,Ravichandran Ashwin,4.0,24,0,34,2,8.5,17.0,12.0
IPL_2026_068,2,RR,Trent Boult,4.0,24,0,24,0,6.0,,
IPL_2026_068,2,RR,Avesh Khan,4.0,24,0,13,2,3.25,6.5,12.0
IPL_2026_068,2,RR,Sandeep Sharma,4.0,24,0,79,1,19.75,79.0,24.0
IPL_2026_069,1,CSK,Rachin Ravindra,4.0,24,0,29,1,7.25,29.0,24.0
IPL_2026_069,1,CSK,Daryl Mitchell,4.0,24,0,21,1,5.25,21.0,24.0
IPL_2026_069,1,CSK,Shivam Dube,4.0,24,1,19,1,4.75,19.0,24.0
IPL_2026_069,1,CSK,Ravindra Jadeja,4.0,24,0,17,2,4.25,8.5,12.0
IPL_2026_069,1,CSK,Mitchell Santner,4.0,24,0,83,0,20.75,,
IPL_2026_069,2,PBKS,Sam Curran,4.0,24,0,26,2,6.5,13.0,12.0
IPL_2026_069,2,PBKS,Harpreet Brar,4.0,24,0,34,0,8.5,,
IPL_2026_069,2,PBKS,Harshal Patel,4.0,24,0,14,3,3.5,4.67,8.0
IPL_2026_069,2,PBKS,Kagiso Rabada,4.0,24,1,12,2,3.0,6.0,12.0
IPL_2026_069,2,PBKS,Arshdeep Singh,4.0,24,0,73,2,18.25,36.5,12.0
IPL_2026_070,1,CSK,Rachin Ravindra,4.0,24,0,28,2,7.0,14.0,12.0
IPL_2026_070,1,CSK,Daryl Mitchell,4.0,24,0,28,1,7.0,28.0,24.0
IPL_2026_070,1,CSK,Shivam Dube,4.0,24,0,29,1,7.25,29.0,24.0
IPL_2026_070,1,CSK,Ravindra Jadeja,4.0,24,0,17,1,4.25,17.0,24.0
IPL_2026_070,1,CSK,Mitchell Santner,4.0,24,0,76,3,19.0,25.33,8.0
IPL_2026_070,2,GT,Azmatullah Omarzai,4.0,24,0,26,2,6.5,13.0,12.0
IPL_2026_070,2,GT,Rahul Tewatia,4.0,24,0,29,2,7.25,14.5,12.0
IPL_2026_070,2,GT,Rashid Khan,4.0,24,0,23,3,5.75,7.67,8.0
IPL_2026_070,2,GT,Mohit Sharma,4.0,24,0,19,2,4.75,9.5,12.0
IPL_2026_070,2,GT,Noor Ahmad,4.0,24,0,82,0,20.5,,
IPL_2026_071,1,LSG,Marcus Stoinis,4.0,24,0,41,1,10.25,41.0,24.0
IPL_2026_071,1,LSG,Deepak Hooda,4.0,24,0,30,1,7.5,30.0,24.0
IPL_2026_071,1,LSG,Krunal Pandya,4.0,24,0,22,3,5.5,7.33,8.0
IPL_2026_071,1,LSG,Ravi Bishnoi,4.0,24,0,12,1,3.0,12.0,24.0
IPL_2026_071,1,LSG,Mohsin Khan,4.0,24,0,57,3,14.25,19.0,8.0
IPL_2026_071,2,SRH,Abhishek Sharma,4.0,24,0,31,2,7.75,15.5,12.0
IPL_2026_071,2,SRH,Nitish Kumar Reddy,4.0,24,0,23,2,5.75,11.5,12.0
IPL_2026_071,2,SRH,Shahbaz Ahmed,4.0,24,0,25,0,6.25,,
IPL_2026_071,2,SRH,Pat Cummins,4.0,24,0,20,2,5.0,10.0,12.0
IPL_2026_071,2,SRH,Bhuvneshwar Kumar,4.0,24,0,82,2,20.5,41.0,12.0
IPL_2026_072,1,SRH,Abhishek Sharma,4.0,24,0,38,3,9.5,12.67,8.0
IPL_2026_072,1,SRH,Nitish Kumar Reddy,4.0,24,0,31,1,7.75,31.0,24.0
IPL_2026_072,1,SRH,Shahbaz Ahmed,4.0,24,0,19,2,4.75,9.5,12.0
IPL_2026_072,1,SRH,Pat Cummins,4.0,24,1,18,2,4.5,9.0,12.0
IPL_2026_072,1,SRH,Bhuvneshwar Kumar,4.0,24,0,67,1,16.75,67.0,24.0
IPL_2026_072,2,RR,Rovman Powell,4.0,24,0,34,2,8.5,17.0,12.0
IPL_2026_072,2,RR,Ravichandran Ashwin,4.0,24,0,30,3,7.5,10.0,8.0
IPL_2026_072,2,RR,Trent Boult,4.0,24,1,14,1,3.5,14.0,24.0
IPL_2026_072,2,RR,Avesh Khan,4.0,24,0,14,3,3.5,4.67,8.0
IPL_2026_072,2,RR,Sandeep Sharma,4.0,24,0,71,2,17.75,35.5,12.0
IPL_2026_073,1,SRH,Abhishek Sharma,4.0,24,0,37,1,9.25,37.0,24.0
IPL_2026_073,1,SRH,Nitish Kumar Reddy,4.0,24,0,29,3,7.25,9.67,8.0
IPL_2026_073,1,SRH,Shahbaz Ahmed,4.0,24,0,21,0,5.25,,
IPL_2026_073,1,SRH,Pat Cummins,4.0,24,0,15,0,3.75,,
IPL_2026_073,1,SRH,Bhuvneshwar Kumar,4.0,24,0,75,2,18.75,37.5,12.0
IPL_2026_073,2,GT,Azmatullah Omarzai,4.0,24,0,25,2,6.25,12.5,12.0
IPL_2026_073,2,GT,Rahul Tewatia,4.0,24,0,30,3,7.5,10.0,8.0
IPL_2026_073,2,GT,Rashid Khan,4.0,24,0,26,0,6.5,,
IPL_2026_073,2,GT,Mohit Sharma,4.0,24,0,16,1,4.0,16.0,24.0
IPL_2026_073,2,GT,Noor Ahmad,4.0,24,0,64,2,16.0,32.0,12.0
IPL_2026_074,1,SRH,Abhishek Sharma,4.0,24,0,35,2,8.75,17.5,12.0
IPL_2026_074,1,SRH,Nitish Kumar Reddy,4.0,24,0,25,2,6.25,12.5,12.0
IPL_2026_074,1,SRH,Shahbaz Ahmed,4.0,24,1,19,1,4.75,19.0,24.0
IPL_2026_074,1,SRH,Pat Cummins,4.0,24,0,20,2,5.0,10.0,12.0
IPL_2026_074,1,SRH,Bhuvneshwar Kumar,4.0,24,0,79,0,19.75,,
IPL_2026_074,2,RCB,Will Jacks,4.0,24,0,28,3,7.0,9.33,8.0
IPL_2026_074,2,RCB,Glenn Maxwell,4.0,24,0,39,2,9.75,19.5,12.0
IPL_2026_074,2,RCB,Cameron Green,4.0,24,0,24,0,6.0,,
IPL_2026_074,2,RCB,Karn Sharma,4.0,24,1,20,1,5.0,20.0,24.0
IPL_2026_074,2,RCB,Lockie Ferguson,4.0,24,0,71,3,17.75,23.67,8.0
