match_id,innings,team,player,runs,balls,fours,sixes,strike_rate,dismissal,not_out
IPL_2019_001,1,RCB,V Kohli,6,12,0,0,50.0,out,0
IPL_2019_001,1,RCB,PA Patel,29,35,2,0,82.86,out,0
IPL_2019_001,1,RCB,MM Ali,9,8,0,1,112.5,out,0
IPL_2019_001,1,RCB,AB de Villiers,9,10,0,0,90.0,out,0
IPL_2019_001,1,RCB,SO Hetmyer,0,2,0,0,0.0,out,0
IPL_2019_001,1,RCB,S Dube,2,5,0,0,40.0,out,0
IPL_2019_001,1,RCB,C de Grandhomme,4,6,1,0,66.67,out,0
IPL_2019_001,1,RCB,Navdeep Saini,2,3,0,0,66.67,out,0
IPL_2019_001,1,RCB,YS Chahal,4,12,0,0,33.33,out,0
IPL_2019_001,1,RCB,UT Yadav,1,10,0,0,10.0,out,0
IPL_2019_001,1,RCB,Mohammed Siraj,0,1,0,0,0.0,not out,1
IPL_2019_001,2,CSK,SR Watson,0,10,0,0,0.0,out,0
IPL_2019_001,2,CSK,AT Rayudu,28,42,2,1,66.67,out,0
IPL_2019_001,2,CSK,SK Raina,19,21,3,0,90.48,out,0
IPL_2019_001,2,CSK,KM Jadhav,13,19,1,0,68.42,not out,1
IPL_2019_001,2,CSK,RA Jadeja,6,15,0,0,40.0,not out,1
IPL_2019_002,1,SRH,DA Warner,85,53,9,3,160.38,out,0
IPL_2019_002,1,SRH,JM Bairstow,39,35,3,1,111.43,out,0
IPL_2019_002,1,SRH,V Shankar,40,24,2,2,166.67,not out,1
IPL_2019_002,1,SRH,YK Pathan,1,4,0,0,25.0,out,0
IPL_2019_002,1,SRH,MK Pandey,8,5,1,0,160.0,not out,1
IPL_2019_002,2,KKR,CA Lynn,7,11,0,1,63.64,out,0
IPL_2019_002,2,KKR,N Rana,68,47,8,3,144.68,out,0
IPL_2019_002,2,KKR,RV Uthappa,35,27,3,1,129.63,out,0
IPL_2019_002,2,KKR,KD Karthik,2,4,0,0,50.0,out,0
IPL_2019_002,2,KKR,AD Russell,49,19,4,4,257.89,not out,1
IPL_2019_002,2,KKR,Shubman Gill,18,10,0,2,180.0,not out,1
IPL_2019_003,1,DC,PP Shaw,7,6,1,0,116.67,out,0
IPL_2019_003,1,DC,S Dhawan,43,36,4,1,119.44,out,0
IPL_2019_003,1,DC,SS Iyer,16,10,2,1,160.0,out,0
IPL_2019_003,1,DC,CA Ingram,47,32,7,1,146.88,out,0
IPL_2019_003,1,DC,RR Pant,78,27,7,7,288.89,not out,1
IPL_2019_003,1,DC,KMA Paul,3,5,0,0,60.0,out,0
IPL_2019_003,1,DC,AR Patel,4,2,1,0,200.0,out,0
IPL_2019_003,1,DC,R Tewatia,9,4,0,1,225.0,not out,1
IPL_2019_003,2,MI,RG Sharma,14,13,2,0,107.69,out,0
IPL_2019_003,2,MI,Q de Kock,27,16,4,1,168.75,out,0
IPL_2019_003,2,MI,SA Yadav,2,6,0,0,33.33,out,0
IPL_2019_003,2,MI,KA Pollard,21,13,2,1,161.54,out,0
IPL_2019_003,2,MI,Yuvraj Singh,53,35,5,3,151.43,out,0
IPL_2019_003,2,MI,HH Pandya,0,2,0,0,0.0,out,0
IPL_2019_003,2,MI,KH Pandya,32,15,5,1,213.33,out,0
IPL_2019_003,2,MI,BCJ Cutting,3,4,0,0,75.0,out,0
IPL_2019_003,2,MI,MJ McClenaghan,10,8,2,0,125.0,out,0
IPL_2019_003,2,MI,Rasikh Salam,5,4,0,0,125.0,not out,1
IPL_2019_004,1,PBKS,KL Rahul,4,4,1,0,100.0,out,0
IPL_2019_004,1,PBKS,MA Agarwal,22,24,1,2,91.67,out,0
IPL_2019_004,1,PBKS,CH Gayle,79,47,8,4,168.09,out,0
IPL_2019_004,1,PBKS,SN Khan,46,29,6,1,158.62,not out,1
IPL_2019_004,1,PBKS,N Pooran,12,14,1,0,85.71,out,0
IPL_2019_004,1,PBKS,Mandeep Singh,5,2,0,0,250.0,not out,1
IPL_2019_004,2,RR,AM Rahane,27,20,4,0,135.0,out,0
IPL_2019_004,2,RR,JC Buttler,69,43,10,2,160.47,out,0
IPL_2019_004,2,RR,SV Samson,30,25,0,1,120.0,out,0
IPL_2019_004,2,RR,SPD Smith,20,16,1,1,125.0,out,0
IPL_2019_004,2,RR,RA Tripathi,1,4,0,0,25.0,out,0
IPL_2019_004,2,RR,BA Stokes,6,2,0,1,300.0,out,0
IPL_2019_004,2,RR,K Gowtham,3,4,0,0,75.0,out,0
IPL_2019_004,2,RR,JC Archer,2,2,0,0,100.0,out,0
IPL_2019_004,2,RR,JD Unadkat,1,2,0,0,50.0,out,0
IPL_2019_004,2,RR,S Gopal,1,1,0,0,100.0,not out,1
IPL_2019_004,2,RR,DS Kulkarni,5,3,1,0,166.67,not out,1
IPL_2019_005,1,DC,PP Shaw,24,16,5,0,150.0,out,0
IPL_2019_005,1,DC,S Dhawan,51,47,7,0,108.51,out,0
IPL_2019_005,1,DC,SS Iyer,18,20,0,1,90.0,out,0
IPL_2019_005,1,DC,RR Pant,25,13,2,1,192.31,out,0
IPL_2019_005,1,DC,CA Ingram,2,2,0,0,100.0,out,0
IPL_2019_005,1,DC,KMA Paul,0,4,0,0,0.0,out,0
IPL_2019_005,1,DC,AR Patel,9,9,1,0,100.0,not out,1
IPL_2019_005,1,DC,R Tewatia,11,9,1,0,122.22,not out,1
IPL_2019_005,2,CSK,SR Watson,44,26,4,3,169.23,out,0
IPL_2019_005,2,CSK,AT Rayudu,5,5,1,0,100.0,out,0
IPL_2019_005,2,CSK,SK Raina,30,16,4,1,187.5,out,0
IPL_2019_005,2,CSK,KM Jadhav,27,34,2,0,79.41,out,0
IPL_2019_005,2,CSK,MS Dhoni,32,35,2,1,91.43,not out,1
IPL_2019_005,2,CSK,DJ Bravo,4,3,1,0,133.33,not out,1
IPL_2019_006,1,KKR,CA Lynn,10,10,2,0,100.0,out,0
IPL_2019_006,1,KKR,SP Narine,24,9,1,3,266.67,out,0
IPL_2019_006,1,KKR,RV Uthappa,67,50,6,2,134.0,not out,1
IPL_2019_006,1,KKR,N Rana,63,34,2,7,185.29,out,0
IPL_2019_006,1,KKR,AD Russell,48,17,3,5,282.35,out,0
IPL_2019_006,1,KKR,KD Karthik,1,1,0,0,100.0,not out,1
IPL_2019_006,2,PBKS,KL Rahul,1,5,0,0,20.0,out,0
IPL_2019_006,2,PBKS,CH Gayle,20,13,2,2,153.85,out,0
IPL_2019_006,2,PBKS,MA Agarwal,58,34,6,1,170.59,out,0
IPL_2019_006,2,PBKS,SN Khan,13,13,2,0,100.0,out,0
IPL_2019_006,2,PBKS,DA Miller,59,40,5,3,147.5,not out,1
IPL_2019_006,2,PBKS,Mandeep Singh,33,15,4,1,220.0,not out,1
IPL_2019_007,1,MI,Q de Kock,23,20,2,1,115.0,out,0
IPL_2019_007,1,MI,RG Sharma,48,33,8,1,145.45,out,0
IPL_2019_007,1,MI,SA Yadav,38,24,4,1,158.33,out,0
IPL_2019_007,1,MI,Yuvraj Singh,23,12,0,3,191.67,out,0
IPL_2019_007,1,MI,KA Pollard,5,6,0,0,83.33,out,0
IPL_2019_007,1,MI,KH Pandya,1,2,0,0,50.0,out,0
IPL_2019_007,1,MI,HH Pandya,32,14,2,3,228.57,not out,1
IPL_2019_007,1,MI,MJ McClenaghan,1,4,0,0,25.0,out,0
IPL_2019_007,1,MI,M Markande,6,5,1,0,120.0,out,0
IPL_2019_007,1,MI,JJ Bumrah,0,1,0,0,0.0,not out,1
IPL_2019_007,2,RCB,PA Patel,31,22,4,1,140.91,out,0
IPL_2019_007,2,RCB,MM Ali,13,7,1,1,185.71,out,0
IPL_2019_007,2,RCB,V Kohli,46,32,6,0,143.75,out,0
IPL_2019_007,2,RCB,AB de Villiers,70,41,4,6,170.73,not out,1
IPL_2019_007,2,RCB,SO Hetmyer,5,6,0,0,83.33,out,0
IPL_2019_007,2,RCB,C de Grandhomme,2,7,0,0,28.57,out,0
IPL_2019_007,2,RCB,S Dube,9,5,0,1,180.0,not out,1
IPL_2019_008,1,RR,AM Rahane,70,49,4,3,142.86,out,0
IPL_2019_008,1,RR,JC Buttler,5,8,1,0,62.5,out,0
IPL_2019_008,1,RR,SV Samson,102,55,10,4,185.45,not out,1
IPL_2019_008,1,RR,BA Stokes,16,9,3,0,177.78,not out,1
IPL_2019_008,2,SRH,DA Warner,69,37,9,2,186.49,out,0
IPL_2019_008,2,SRH,JM Bairstow,45,28,6,1,160.71,out,0
IPL_2019_008,2,SRH,KS Williamson,14,10,2,0,140.0,out,0
IPL_2019_008,2,SRH,V Shankar,35,15,1,3,233.33,out,0
IPL_2019_008,2,SRH,MK Pandey,1,4,0,0,25.0,out,0
IPL_2019_008,2,SRH,Rashid Khan,15,8,1,1,187.5,not out,1
IPL_2019_008,2,SRH,YK Pathan,16,12,0,1,133.33,not out,1
IPL_2019_009,1,MI,RG Sharma,32,18,5,0,177.78,out,0
IPL_2019_009,1,MI,Q de Kock,60,39,6,2,153.85,out,0
IPL_2019_009,1,MI,SA Yadav,11,6,2,0,183.33,out,0
IPL_2019_009,1,MI,Yuvraj Singh,18,22,2,0,81.82,out,0
IPL_2019_009,1,MI,KA Pollard,7,9,0,0,77.78,out,0
IPL_2019_009,1,MI,HH Pandya,31,19,3,1,163.16,out,0
IPL_2019_009,1,MI,KH Pandya,10,5,2,0,200.0,out,0
IPL_2019_009,1,MI,MJ McClenaghan,0,2,0,0,0.0,not out,1
IPL_2019_009,2,PBKS,KL Rahul,71,57,6,1,124.56,not out,1
IPL_2019_009,2,PBKS,CH Gayle,40,24,3,4,166.67,out,0
IPL_2019_009,2,PBKS,MA Agarwal,43,21,4,2,204.76,out,0
IPL_2019_009,2,PBKS,DA Miller,15,10,2,0,150.0,not out,1
IPL_2019_010,1,KKR,NS Naik,7,16,1,0,43.75,out,0
IPL_2019_010,1,KKR,CA Lynn,20,18,3,0,111.11,out,0
IPL_2019_010,1,KKR,RV Uthappa,11,6,2,0,183.33,out,0
IPL_2019_010,1,KKR,N Rana,1,2,0,0,50.0,out,0
IPL_2019_010,1,KKR,KD Karthik,50,36,5,2,138.89,out,0
IPL_2019_010,1,KKR,Shubman Gill,4,5,0,0,80.0,out,0
IPL_2019_010,1,KKR,AD Russell,62,28,4,6,221.43,out,0
IPL_2019_010,1,KKR,PP Chawla,12,5,1,1,240.0,out,0
IPL_2019_010,1,KKR,Kuldeep Yadav,10,5,1,0,200.0,not out,1
IPL_2019_010,2,DC,PP Shaw,99,55,12,3,180.0,out,0
IPL_2019_010,2,DC,S Dhawan,16,8,2,1,200.0,out,0
IPL_2019_010,2,DC,SS Iyer,43,32,4,2,134.38,out,0
IPL_2019_010,2,DC,RR Pant,11,15,1,0,73.33,out,0
IPL_2019_010,2,DC,CA Ingram,10,7,1,0,142.86,out,0
IPL_2019_010,2,DC,GH Vihari,2,3,0,0,66.67,out,0
IPL_2019_010,3,DC,RR Pant,6,4,0,0,150.0,not out,1
IPL_2019_010,3,DC,SS Iyer,4,2,1,0,200.0,out,0
IPL_2019_010,4,KKR,AD Russell,4,3,1,0,133.33,out,0
IPL_2019_010,4,KKR,RV Uthappa,2,2,0,0,100.0,not out,1
IPL_2019_010,4,KKR,KD Karthik,1,1,0,0,100.0,not out,1
IPL_2019_011,1,SRH,JM Bairstow,114,56,12,7,203.57,out,0
IPL_2019_011,1,SRH,DA Warner,100,55,5,5,181.82,not out,1
IPL_2019_011,1,SRH,V Shankar,9,3,0,1,300.0,out,0
IPL_2019_011,1,SRH,YK Pathan,6,6,0,0,100.0,not out,1
IPL_2019_011,2,RCB,PA Patel,11,8,2,0,137.5,out,0
IPL_2019_011,2,RCB,SO Hetmyer,9,9,0,1,100.0,out,0
IPL_2019_011,2,RCB,V Kohli,3,10,0,0,30.0,out,0
IPL_2019_011,2,RCB,AB de Villiers,1,2,0,0,50.0,out,0
IPL_2019_011,2,RCB,MM Ali,2,8,0,0,25.0,out,0
IPL_2019_011,2,RCB,S Dube,5,7,1,0,71.43,out,0
IPL_2019_011,2,RCB,C de Grandhomme,37,32,3,2,115.62,out,0
IPL_2019_011,2,RCB,P Ray Barman,19,24,2,0,79.17,out,0
IPL_2019_011,2,RCB,UT Yadav,14,9,1,1,155.56,out,0
IPL_2019_011,2,RCB,Mohammed Siraj,3,8,0,0,37.5,not out,1
IPL_2019_011,2,RCB,YS Chahal,1,3,0,0,33.33,out,0
IPL_2019_012,1,CSK,AT Rayudu,1,8,0,0,12.5,out,0
IPL_2019_012,1,CSK,SR Watson,13,13,1,1,100.0,out,0
IPL_2019_012,1,CSK,SK Raina,36,32,4,1,112.5,out,0
IPL_2019_012,1,CSK,KM Jadhav,8,3,2,0,266.67,out,0
IPL_2019_012,1,CSK,MS Dhoni,75,46,4,4,163.04,not out,1
IPL_2019_012,1,CSK,DJ Bravo,27,16,3,1,168.75,out,0
IPL_2019_012,1,CSK,RA Jadeja,8,3,0,1,266.67,not out,1
IPL_2019_012,2,RR,AM Rahane,0,2,0,0,0.0,out,0
IPL_2019_012,2,RR,SV Samson,8,10,1,0,80.0,out,0
IPL_2019_012,2,RR,JC Buttler,6,7,1,0,85.71,out,0
IPL_2019_012,2,RR,RA Tripathi,39,24,5,1,162.5,out,0
IPL_2019_012,2,RR,SPD Smith,28,30,2,0,93.33,out,0
IPL_2019_012,2,RR,BA Stokes,46,26,1,3,176.92,out,0
IPL_2019_012,2,RR,K Gowtham,9,8,0,1,112.5,out,0
IPL_2019_012,2,RR,JC Archer,24,11,1,2,218.18,not out,1
IPL_2019_012,2,RR,S Gopal,0,3,0,0,0.0,out,0
IPL_2019_013,1,PBKS,KL Rahul,15,11,2,1,136.36,out,0
IPL_2019_013,1,PBKS,MA Agarwal,6,9,0,0,66.67,out,0
IPL_2019_013,1,PBKS,SM Curran,20,10,3,1,200.0,out,0
IPL_2019_013,1,PBKS,SN Khan,39,29,6,0,134.48,out,0
IPL_2019_013,1,PBKS,DA Miller,43,30,4,2,143.33,out,0
IPL_2019_013,1,PBKS,Mandeep Singh,29,21,2,1,138.1,not out,1
IPL_2019_013,1,PBKS,GC Viljoen,1,3,0,0,33.33,out,0
IPL_2019_013,1,PBKS,R Ashwin,3,4,0,0,75.0,out,0
IPL_2019_013,1,PBKS,M Ashwin,1,2,0,0,50.0,out,0
IPL_2019_013,1,PBKS,Mohammed Shami,0,1,0,0,0.0,out,0
IPL_2019_013,2,DC,PP Shaw,0,1,0,0,0.0,out,0
IPL_2019_013,2,DC,SS Iyer,28,22,5,0,127.27,out,0
IPL_2019_013,2,DC,S Dhawan,30,25,4,0,120.0,out,0
IPL_2019_013,2,DC,RR Pant,39,26,3,2,150.0,out,0
IPL_2019_013,2,DC,CA Ingram,38,29,4,1,131.03,out,0
IPL_2019_013,2,DC,CH Morris,0,1,0,0,0.0,out,0
IPL_2019_013,2,DC,GH Vihari,2,5,0,0,40.0,out,0
IPL_2019_013,2,DC,HV Patel,0,2,0,0,0.0,out,0
IPL_2019_013,2,DC,Avesh Khan,4,3,1,0,133.33,not out,1
IPL_2019_013,2,DC,K Rabada,0,1,0,0,0.0,out,0
IPL_2019_013,2,DC,S Lamichhane,0,1,0,0,0.0,out,0
IPL_2019_014,1,RCB,V Kohli,23,25,3,0,92.0,out,0
IPL_2019_014,1,RCB,PA Patel,67,41,9,1,163.41,out,0
IPL_2019_014,1,RCB,AB de Villiers,13,9,2,0,144.44,out,0
IPL_2019_014,1,RCB,SO Hetmyer,1,9,0,0,11.11,out,0
IPL_2019_014,1,RCB,MP Stoinis,31,28,2,1,110.71,not out,1
IPL_2019_014,1,RCB,MM Ali,18,9,2,1,200.0,not out,1
IPL_2019_014,2,RR,AM Rahane,22,20,4,0,110.0,out,0
IPL_2019_014,2,RR,JC Buttler,59,43,8,1,137.21,out,0
IPL_2019_014,2,RR,SPD Smith,38,31,2,1,122.58,out,0
IPL_2019_014,2,RR,RA Tripathi,34,23,3,1,147.83,not out,1
IPL_2019_014,2,RR,BA Stokes,1,2,0,0,50.0,not out,1
IPL_2019_015,1,MI,Q de Kock,4,7,1,0,57.14,out,0
IPL_2019_015,1,MI,RG Sharma,13,18,1,0,72.22,out,0
IPL_2019_015,1,MI,SA Yadav,59,43,8,1,137.21,out,0
IPL_2019_015,1,MI,Yuvraj Singh,4,6,0,0,66.67,out,0
IPL_2019_015,1,MI,KH Pandya,42,32,5,1,131.25,out,0
IPL_2019_015,1,MI,HH Pandya,25,8,1,3,312.5,not out,1
IPL_2019_015,1,MI,KA Pollard,17,7,0,2,242.86,not out,1
IPL_2019_015,2,CSK,SR Watson,5,6,1,0,83.33,out,0
IPL_2019_015,2,CSK,AT Rayudu,0,1,0,0,0.0,out,0
IPL_2019_015,2,CSK,SK Raina,16,15,2,1,106.67,out,0
IPL_2019_015,2,CSK,KM Jadhav,58,54,8,1,107.41,out,0
IPL_2019_015,2,CSK,MS Dhoni,12,21,0,0,57.14,out,0
IPL_2019_015,2,CSK,RA Jadeja,1,2,0,0,50.0,out,0
IPL_2019_015,2,CSK,DJ Bravo,8,9,0,1,88.89,out,0
IPL_2019_015,2,CSK,DL Chahar,7,7,1,0,100.0,out,0
IPL_2019_015,2,CSK,SN Thakur,12,5,1,1,240.0,not out,1
IPL_2019_015,2,CSK,MM Sharma,0,2,0,0,0.0,not out,1
IPL_2019_016,1,DC,PP Shaw,11,11,2,0,100.0,out,0
IPL_2019_016,1,DC,S Dhawan,12,14,1,0,85.71,out,0
IPL_2019_016,1,DC,SS Iyer,43,41,3,1,104.88,out,0
IPL_2019_016,1,DC,RR Pant,5,7,0,0,71.43,out,0
IPL_2019_016,1,DC,R Tewatia,5,7,1,0,71.43,out,0
IPL_2019_016,1,DC,CA Ingram,5,8,0,0,62.5,out,0
IPL_2019_016,1,DC,CH Morris,17,15,1,1,113.33,out,0
IPL_2019_016,1,DC,AR Patel,23,13,1,2,176.92,not out,1
IPL_2019_016,1,DC,K Rabada,3,4,0,0,75.0,out,0
IPL_2019_016,2,SRH,DA Warner,10,18,0,0,55.56,out,0
IPL_2019_016,2,SRH,JM Bairstow,48,28,9,1,171.43,out,0
IPL_2019_016,2,SRH,V Shankar,16,21,1,0,76.19,out,0
IPL_2019_016,2,SRH,MK Pandey,10,13,0,0,76.92,out,0
IPL_2019_016,2,SRH,DJ Hooda,10,11,1,0,90.91,out,0
IPL_2019_016,2,SRH,YK Pathan,9,11,1,0,81.82,not out,1
IPL_2019_016,2,SRH,Mohammad Nabi,17,9,2,1,188.89,not out,1
IPL_2019_017,1,RCB,PA Patel,25,24,3,0,104.17,out,0
IPL_2019_017,1,RCB,V Kohli,84,49,9,2,171.43,out,0
IPL_2019_017,1,RCB,AB de Villiers,63,32,5,4,196.88,out,0
IPL_2019_017,1,RCB,MP Stoinis,28,13,3,1,215.38,not out,1
IPL_2019_017,1,RCB,MM Ali,0,2,0,0,0.0,not out,1
IPL_2019_017,2,KKR,CA Lynn,43,31,4,2,138.71,out,0
IPL_2019_017,2,KKR,SP Narine,10,8,2,0,125.0,out,0
IPL_2019_017,2,KKR,RV Uthappa,33,25,6,0,132.0,out,0
IPL_2019_017,2,KKR,N Rana,37,23,1,2,160.87,out,0
IPL_2019_017,2,KKR,KD Karthik,19,15,1,1,126.67,out,0
IPL_2019_017,2,KKR,AD Russell,48,13,1,7,369.23,not out,1
IPL_2019_017,2,KKR,Shubman Gill,3,3,0,0,100.0,not out,1
IPL_2019_018,1,CSK,SR Watson,26,24,3,1,108.33,out,0
IPL_2019_018,1,CSK,F du Plessis,54,38,2,4,142.11,out,0
IPL_2019_018,1,CSK,SK Raina,17,20,1,0,85.0,out,0
IPL_2019_018,1,CSK,AT Rayudu,21,15,1,1,140.0,not out,1
IPL_2019_018,1,CSK,MS Dhoni,37,23,4,1,160.87,not out,1
IPL_2019_018,2,PBKS,KL Rahul,55,47,3,1,117.02,out,0
IPL_2019_018,2,PBKS,CH Gayle,5,7,1,0,71.43,out,0
IPL_2019_018,2,PBKS,MA Agarwal,0,2,0,0,0.0,out,0
IPL_2019_018,2,PBKS,SN Khan,67,59,4,2,113.56,out,0
IPL_2019_018,2,PBKS,DA Miller,6,5,1,0,120.0,out,0
IPL_2019_018,2,PBKS,Mandeep Singh,1,1,0,0,100.0,not out,1
IPL_2019_018,2,PBKS,SM Curran,0,1,0,0,0.0,not out,1
IPL_2019_019,1,MI,RG Sharma,11,14,0,1,78.57,out,0
IPL_2019_019,1,MI,Q de Kock,19,18,1,1,105.56,out,0
IPL_2019_019,1,MI,SA Yadav,7,8,1,0,87.5,out,0
IPL_2019_019,1,MI,Ishan Kishan,17,21,2,0,80.95,out,0
IPL_2019_019,1,MI,KH Pandya,6,13,0,0,46.15,out,0
IPL_2019_019,1,MI,KA Pollard,46,26,2,4,176.92,not out,1
IPL_2019_019,1,MI,HH Pandya,14,14,0,1,100.0,out,0
IPL_2019_019,1,MI,RD Chahar,10,7,2,0,142.86,out,0
IPL_2019_019,2,SRH,DA Warner,15,13,2,0,115.38,out,0
IPL_2019_019,2,SRH,JM Bairstow,16,10,3,0,160.0,out,0
IPL_2019_019,2,SRH,V Shankar,5,10,1,0,50.0,out,0
IPL_2019_019,2,SRH,MK Pandey,16,21,0,0,76.19,out,0
IPL_2019_019,2,SRH,DJ Hooda,20,24,1,0,83.33,out,0
IPL_2019_019,2,SRH,YK Pathan,0,4,0,0,0.0,out,0
IPL_2019_019,2,SRH,Mohammad Nabi,11,14,0,1,78.57,out,0
IPL_2019_019,2,SRH,Rashid Khan,0,1,0,0,0.0,out,0
IPL_2019_019,2,SRH,B Kumar,2,6,0,0,33.33,out,0
IPL_2019_019,2,SRH,Sandeep Sharma,5,2,1,0,250.0,not out,1
IPL_2019_019,2,SRH,S Kaul,0,1,0,0,0.0,out,0
IPL_2019_020,1,RCB,PA Patel,9,9,1,0,100.0,out,0
IPL_2019_020,1,RCB,V Kohli,41,33,1,2,124.24,out,0
IPL_2019_020,1,RCB,AB de Villiers,17,16,1,1,106.25,out,0
IPL_2019_020,1,RCB,MP Stoinis,15,17,0,1,88.24,out,0
IPL_2019_020,1,RCB,MM Ali,32,18,1,3,177.78,out,0
IPL_2019_020,1,RCB,AD Nath,19,12,4,0,158.33,out,0
IPL_2019_020,1,RCB,TG Southee,9,9,0,0,100.0,not out,1
IPL_2019_020,1,RCB,P Negi,0,1,0,0,0.0,out,0
IPL_2019_020,1,RCB,Mohammed Siraj,1,5,0,0,20.0,out,0
IPL_2019_020,1,RCB,YS Chahal,1,1,0,0,100.0,not out,1
IPL_2019_020,2,DC,PP Shaw,28,22,5,0,127.27,out,0
IPL_2019_020,2,DC,S Dhawan,0,1,0,0,0.0,out,0
IPL_2019_020,2,DC,SS Iyer,67,50,8,2,134.0,out,0
IPL_2019_020,2,DC,CA Ingram,22,21,2,1,104.76,out,0
IPL_2019_020,2,DC,RR Pant,18,14,2,0,128.57,out,0
IPL_2019_020,2,DC,CH Morris,0,3,0,0,0.0,out,0
IPL_2019_020,2,DC,R Tewatia,1,2,0,0,50.0,not out,1
IPL_2019_020,2,DC,AR Patel,4,1,1,0,400.0,not out,1
IPL_2019_021,1,RR,AM Rahane,5,7,1,0,71.43,out,0
IPL_2019_021,1,RR,SPD Smith,73,59,7,1,123.73,not out,1
IPL_2019_021,1,RR,JC Buttler,37,34,5,1,108.82,out,0
IPL_2019_021,1,RR,RA Tripathi,6,8,0,0,75.0,out,0
IPL_2019_021,1,RR,BA Stokes,7,14,0,0,50.0,not out,1
IPL_2019_021,2,KKR,CA Lynn,50,32,6,3,156.25,out,0
IPL_2019_021,2,KKR,SP Narine,47,25,6,3,188.0,out,0
IPL_2019_021,2,KKR,RV Uthappa,26,16,1,2,162.5,not out,1
IPL_2019_021,2,KKR,Shubman Gill,6,10,0,0,60.0,not out,1
IPL_2019_022,1,SRH,DA Warner,70,62,6,1,112.9,not out,1
IPL_2019_022,1,SRH,JM Bairstow,1,6,0,0,16.67,out,0
IPL_2019_022,1,SRH,V Shankar,26,27,2,0,96.3,out,0
IPL_2019_022,1,SRH,Mohammad Nabi,12,7,0,0,171.43,out,0
IPL_2019_022,1,SRH,MK Pandey,19,15,2,0,126.67,out,0
IPL_2019_022,1,SRH,DJ Hooda,14,3,2,1,466.67,not out,1
IPL_2019_022,2,PBKS,KL Rahul,71,53,7,1,133.96,not out,1
IPL_2019_022,2,PBKS,CH Gayle,16,14,1,1,114.29,out,0
IPL_2019_022,2,PBKS,MA Agarwal,55,43,3,3,127.91,out,0
IPL_2019_022,2,PBKS,DA Miller,1,3,0,0,33.33,out,0
IPL_2019_022,2,PBKS,Mandeep Singh,2,3,0,0,66.67,out,0
IPL_2019_022,2,PBKS,SM Curran,5,3,0,0,166.67,not out,1
IPL_2019_023,1,KKR,CA Lynn,0,5,0,0,0.0,out,0
IPL_2019_023,1,KKR,SP Narine,6,5,0,0,120.0,out,0
IPL_2019_023,1,KKR,RV Uthappa,11,9,2,0,122.22,out,0
IPL_2019_023,1,KKR,N Rana,0,3,0,0,0.0,out,0
IPL_2019_023,1,KKR,KD Karthik,19,21,3,0,90.48,out,0
IPL_2019_023,1,KKR,Shubman Gill,9,12,0,0,75.0,out,0
IPL_2019_023,1,KKR,AD Russell,50,44,5,3,113.64,not out,1
IPL_2019_023,1,KKR,PP Chawla,8,13,0,1,61.54,out,0
IPL_2019_023,1,KKR,Kuldeep Yadav,0,1,0,0,0.0,out,0
IPL_2019_023,1,KKR,M Prasidh Krishna,0,2,0,0,0.0,out,0
IPL_2019_023,1,KKR,HF Gurney,1,5,0,0,20.0,not out,1
IPL_2019_023,2,CSK,SR Watson,17,9,2,1,188.89,out,0
IPL_2019_023,2,CSK,F du Plessis,43,45,3,0,95.56,not out,1
IPL_2019_023,2,CSK,SK Raina,14,13,1,1,107.69,out,0
IPL_2019_023,2,CSK,AT Rayudu,21,31,2,0,67.74,out,0
IPL_2019_023,2,CSK,KM Jadhav,8,8,1,0,100.0,not out,1
IPL_2019_024,1,PBKS,KL Rahul,100,64,6,6,156.25,not out,1
IPL_2019_024,1,PBKS,CH Gayle,63,36,3,7,175.0,out,0
IPL_2019_024,1,PBKS,DA Miller,7,8,1,0,87.5,out,0
IPL_2019_024,1,PBKS,KK Nair,5,6,0,0,83.33,out,0
IPL_2019_024,1,PBKS,SM Curran,8,3,2,0,266.67,out,0
IPL_2019_024,1,PBKS,Mandeep Singh,7,3,1,0,233.33,not out,1
IPL_2019_024,2,MI,Q de Kock,24,23,2,0,104.35,out,0
IPL_2019_024,2,MI,SD Lad,15,13,1,1,115.38,out,0
IPL_2019_024,2,MI,SA Yadav,21,15,4,0,140.0,out,0
IPL_2019_024,2,MI,KA Pollard,83,31,3,10,267.74,out,0
IPL_2019_024,2,MI,Ishan Kishan,7,10,1,0,70.0,out,0
IPL_2019_024,2,MI,HH Pandya,19,13,2,0,146.15,out,0
IPL_2019_024,2,MI,KH Pandya,1,2,0,0,50.0,out,0
IPL_2019_024,2,MI,AS Joseph,15,13,2,0,115.38,not out,1
IPL_2019_024,2,MI,RD Chahar,1,1,0,0,100.0,not out,1
IPL_2019_025,1,RR,AM Rahane,14,11,3,0,127.27,out,0
IPL_2019_025,1,RR,JC Buttler,23,10,4,1,230.0,out,0
IPL_2019_025,1,RR,SV Samson,6,6,1,0,100.0,out,0
IPL_2019_025,1,RR,SPD Smith,15,22,1,0,68.18,out,0
IPL_2019_025,1,RR,RA Tripathi,10,12,1,0,83.33,out,0
IPL_2019_025,1,RR,BA Stokes,28,26,1,0,107.69,out,0
IPL_2019_025,1,RR,R Parag,16,14,2,0,114.29,out,0
IPL_2019_025,1,RR,JC Archer,13,12,1,0,108.33,not out,1
IPL_2019_025,1,RR,S Gopal,19,7,2,1,271.43,not out,1
IPL_2019_025,2,CSK,SR Watson,0,4,0,0,0.0,out,0
IPL_2019_025,2,CSK,SK Raina,4,4,1,0,100.0,out,0
IPL_2019_025,2,CSK,F du Plessis,7,10,0,0,70.0,out,0
IPL_2019_025,2,CSK,AT Rayudu,57,47,2,3,121.28,out,0
IPL_2019_025,2,CSK,KM Jadhav,1,6,0,0,16.67,out,0
IPL_2019_025,2,CSK,MS Dhoni,58,43,2,3,134.88,out,0
IPL_2019_025,2,CSK,RA Jadeja,9,4,0,1,225.0,not out,1
IPL_2019_025,2,CSK,MJ Santner,10,3,0,1,333.33,not out,1
IPL_2019_026,1,KKR,JL Denly,0,1,0,0,0.0,out,0
IPL_2019_026,1,KKR,RV Uthappa,28,30,4,1,93.33,out,0
IPL_2019_026,1,KKR,Shubman Gill,65,39,7,2,166.67,out,0
IPL_2019_026,1,KKR,N Rana,11,12,0,1,91.67,out,0
IPL_2019_026,1,KKR,AD Russell,45,21,3,4,214.29,out,0
IPL_2019_026,1,KKR,KD Karthik,2,3,0,0,66.67,out,0
IPL_2019_026,1,KKR,CR Brathwaite,6,7,0,0,85.71,out,0
IPL_2019_026,1,KKR,PP Chawla,14,6,2,0,233.33,not out,1
IPL_2019_026,1,KKR,Kuldeep Yadav,2,2,0,0,100.0,not out,1
IPL_2019_026,2,DC,PP Shaw,14,7,0,2,200.0,out,0
IPL_2019_026,2,DC,S Dhawan,97,63,11,2,153.97,not out,1
IPL_2019_026,2,DC,SS Iyer,6,6,1,0,100.0,out,0
IPL_2019_026,2,DC,RR Pant,46,31,4,2,148.39,out,0
IPL_2019_026,2,DC,CA Ingram,14,6,1,1,233.33,not out,1
IPL_2019_027,1,MI,RG Sharma,47,32,6,1,146.88,out,0
IPL_2019_027,1,MI,Q de Kock,81,52,6,4,155.77,out,0
IPL_2019_027,1,MI,SA Yadav,16,10,0,1,160.0,out,0
IPL_2019_027,1,MI,KA Pollard,6,12,0,0,50.0,out,0
IPL_2019_027,1,MI,HH Pandya,28,11,1,3,254.55,not out,1
IPL_2019_027,1,MI,Ishan Kishan,5,3,1,0,166.67,out,0
IPL_2019_027,2,RR,AM Rahane,37,21,6,1,176.19,out,0
IPL_2019_027,2,RR,JC Buttler,89,43,8,7,206.98,out,0
IPL_2019_027,2,RR,SV Samson,31,26,2,1,119.23,out,0
IPL_2019_027,2,RR,SPD Smith,12,15,1,0,80.0,out,0
IPL_2019_027,2,RR,RA Tripathi,1,2,0,0,50.0,out,0
IPL_2019_027,2,RR,LS Livingstone,1,2,0,0,50.0,out,0
IPL_2019_027,2,RR,K Gowtham,0,1,0,0,0.0,not out,1
IPL_2019_027,2,RR,S Gopal,13,7,2,0,185.71,not out,1
IPL_2019_028,1,PBKS,KL Rahul,18,15,2,1,120.0,out,0
IPL_2019_028,1,PBKS,CH Gayle,99,64,10,5,154.69,not out,1
IPL_2019_028,1,PBKS,MA Agarwal,15,9,1,1,166.67,out,0
IPL_2019_028,1,PBKS,SN Khan,15,13,1,1,115.38,out,0
IPL_2019_028,1,PBKS,SM Curran,1,3,0,0,33.33,out,0
IPL_2019_028,1,PBKS,Mandeep Singh,18,16,1,0,112.5,not out,1
IPL_2019_028,2,RCB,PA Patel,19,9,4,0,211.11,out,0
IPL_2019_028,2,RCB,V Kohli,67,53,8,0,126.42,out,0
IPL_2019_028,2,RCB,AB de Villiers,59,38,5,2,155.26,not out,1
IPL_2019_028,2,RCB,MP Stoinis,28,16,4,0,175.0,not out,1
IPL_2019_029,1,KKR,CA Lynn,82,51,7,6,160.78,out,0
IPL_2019_029,1,KKR,SP Narine,2,7,0,0,28.57,out,0
IPL_2019_029,1,KKR,N Rana,21,18,3,0,116.67,out,0
IPL_2019_029,1,KKR,RV Uthappa,0,1,0,0,0.0,out,0
IPL_2019_029,1,KKR,KD Karthik,18,14,2,0,128.57,out,0
IPL_2019_029,1,KKR,AD Russell,10,4,1,1,250.0,out,0
IPL_2019_029,1,KKR,Shubman Gill,15,20,0,0,75.0,out,0
IPL_2019_029,1,KKR,PP Chawla,4,5,0,0,80.0,not out,1
IPL_2019_029,2,CSK,SR Watson,6,7,1,0,85.71,out,0
IPL_2019_029,2,CSK,F du Plessis,24,16,5,0,150.0,out,0
IPL_2019_029,2,CSK,SK Raina,58,42,7,1,138.1,not out,1
IPL_2019_029,2,CSK,AT Rayudu,5,11,0,0,45.45,out,0
IPL_2019_029,2,CSK,KM Jadhav,20,12,3,1,166.67,out,0
IPL_2019_029,2,CSK,MS Dhoni,16,13,0,1,123.08,out,0
IPL_2019_029,2,CSK,RA Jadeja,31,17,5,0,182.35,not out,1
IPL_2019_030,1,DC,PP Shaw,4,5,0,0,80.0,out,0
IPL_2019_030,1,DC,S Dhawan,7,8,1,0,87.5,out,0
IPL_2019_030,1,DC,C Munro,40,24,4,3,166.67,out,0
IPL_2019_030,1,DC,SS Iyer,45,40,5,0,112.5,out,0
IPL_2019_030,1,DC,RR Pant,23,19,3,0,121.05,out,0
IPL_2019_030,1,DC,CH Morris,4,8,0,0,50.0,out,0
IPL_2019_030,1,DC,AR Patel,14,11,1,0,127.27,not out,1
IPL_2019_030,1,DC,KMA Paul,7,4,0,1,175.0,out,0
IPL_2019_030,1,DC,K Rabada,2,2,0,0,100.0,not out,1
IPL_2019_030,2,SRH,DA Warner,51,47,3,1,108.51,out,0
IPL_2019_030,2,SRH,JM Bairstow,41,31,5,1,132.26,out,0
IPL_2019_030,2,SRH,KS Williamson,3,8,0,0,37.5,out,0
IPL_2019_030,2,SRH,RK Bhui,7,12,0,0,58.33,out,0
IPL_2019_030,2,SRH,V Shankar,1,2,0,0,50.0,out,0
IPL_2019_030,2,SRH,Abhishek Sharma,2,3,0,0,66.67,out,0
IPL_2019_030,2,SRH,DJ Hooda,3,4,0,0,75.0,out,0
IPL_2019_030,2,SRH,Rashid Khan,0,1,0,0,0.0,out,0
IPL_2019_030,2,SRH,B Kumar,2,4,0,0,50.0,out,0
IPL_2019_030,2,SRH,Sandeep Sharma,1,1,0,0,100.0,not out,1
IPL_2019_030,2,SRH,KK Ahmed,0,1,0,0,0.0,out,0
IPL_2019_031,1,RCB,PA Patel,28,20,4,1,140.0,out,0
IPL_2019_031,1,RCB,V Kohli,8,9,1,0,88.89,out,0
IPL_2019_031,1,RCB,AB de Villiers,75,51,6,4,147.06,out,0
IPL_2019_031,1,RCB,MM Ali,50,32,1,5,156.25,out,0
IPL_2019_031,1,RCB,MP Stoinis,0,2,0,0,0.0,out,0
IPL_2019_031,1,RCB,AD Nath,2,3,0,0,66.67,out,0
IPL_2019_031,1,RCB,P Negi,0,2,0,0,0.0,out,0
IPL_2019_031,1,RCB,UT Yadav,0,1,0,0,0.0,not out,1
IPL_2019_031,2,MI,Q de Kock,40,26,5,2,153.85,out,0
IPL_2019_031,2,MI,RG Sharma,28,19,2,2,147.37,out,0
IPL_2019_031,2,MI,SA Yadav,29,23,2,1,126.09,out,0
IPL_2019_031,2,MI,Ishan Kishan,21,9,0,3,233.33,out,0
IPL_2019_031,2,MI,KH Pandya,11,21,1,0,52.38,out,0
IPL_2019_031,2,MI,HH Pandya,37,16,5,2,231.25,not out,1
IPL_2019_032,1,PBKS,KL Rahul,52,47,3,2,110.64,out,0
IPL_2019_032,1,PBKS,CH Gayle,30,22,2,3,136.36,out,0
IPL_2019_032,1,PBKS,MA Agarwal,26,12,1,2,216.67,out,0
IPL_2019_032,1,PBKS,DA Miller,40,27,2,2,148.15,out,0
IPL_2019_032,1,PBKS,N Pooran,5,6,0,0,83.33,out,0
IPL_2019_032,1,PBKS,Mandeep Singh,0,2,0,0,0.0,out,0
IPL_2019_032,1,PBKS,R Ashwin,17,4,1,2,425.0,not out,1
IPL_2019_032,1,PBKS,Mujeeb Ur Rahman,0,1,0,0,0.0,not out,1
IPL_2019_032,2,RR,RA Tripathi,50,45,4,0,111.11,out,0
IPL_2019_032,2,RR,JC Buttler,23,17,1,2,135.29,out,0
IPL_2019_032,2,RR,SV Samson,27,21,2,0,128.57,out,0
IPL_2019_032,2,RR,AM Rahane,26,21,1,0,123.81,out,0
IPL_2019_032,2,RR,AJ Turner,0,1,0,0,0.0,out,0
IPL_2019_032,2,RR,JC Archer,1,3,0,0,33.33,out,0
IPL_2019_032,2,RR,STR Binny,33,11,2,3,300.0,not out,1
IPL_2019_032,2,RR,S Gopal,0,1,0,0,0.0,out,0
IPL_2019_033,1,CSK,SR Watson,31,29,4,0,106.9,out,0
IPL_2019_033,1,CSK,F du Plessis,45,31,3,3,145.16,out,0
IPL_2019_033,1,CSK,SK Raina,13,13,2,0,100.0,out,0
IPL_2019_033,1,CSK,AT Rayudu,25,21,2,0,119.05,not out,1
IPL_2019_033,1,CSK,KM Jadhav,1,2,0,0,50.0,out,0
IPL_2019_033,1,CSK,SW Billings,0,4,0,0,0.0,out,0
IPL_2019_033,1,CSK,RA Jadeja,10,20,0,0,50.0,not out,1
IPL_2019_033,2,SRH,DA Warner,50,25,10,0,200.0,out,0
IPL_2019_033,2,SRH,JM Bairstow,61,44,3,3,138.64,not out,1
IPL_2019_033,2,SRH,KS Williamson,3,5,0,0,60.0,out,0
IPL_2019_033,2,SRH,V Shankar,7,11,0,0,63.64,out,0
IPL_2019_033,2,SRH,DJ Hooda,13,16,1,0,81.25,out,0
IPL_2019_034,1,MI,RG Sharma,30,22,3,1,136.36,out,0
IPL_2019_034,1,MI,Q de Kock,35,27,2,2,129.63,out,0
IPL_2019_034,1,MI,BCJ Cutting,2,4,0,0,50.0,out,0
IPL_2019_034,1,MI,SA Yadav,26,27,2,0,96.3,out,0
IPL_2019_034,1,MI,KH Pandya,37,26,5,0,142.31,not out,1
IPL_2019_034,1,MI,HH Pandya,32,15,2,3,213.33,out,0
IPL_2019_034,2,DC,PP Shaw,20,24,2,0,83.33,out,0
IPL_2019_034,2,DC,S Dhawan,35,22,5,1,159.09,out,0
IPL_2019_034,2,DC,C Munro,3,9,0,0,33.33,out,0
IPL_2019_034,2,DC,SS Iyer,3,6,0,0,50.0,out,0
IPL_2019_034,2,DC,RR Pant,7,11,0,0,63.64,out,0
IPL_2019_034,2,DC,AR Patel,26,23,1,1,113.04,out,0
IPL_2019_034,2,DC,CH Morris,11,9,0,1,122.22,out,0
IPL_2019_034,2,DC,A Mishra,6,8,0,0,75.0,not out,1
IPL_2019_034,2,DC,K Rabada,9,8,0,1,112.5,out,0
IPL_2019_035,1,RCB,PA Patel,11,11,2,0,100.0,out,0
IPL_2019_035,1,RCB,V Kohli,100,58,9,4,172.41,out,0
IPL_2019_035,1,RCB,AD Nath,13,15,0,1,86.67,out,0
IPL_2019_035,1,RCB,MM Ali,66,28,5,6,235.71,out,0
IPL_2019_035,1,RCB,MP Stoinis,17,8,2,1,212.5,not out,1
IPL_2019_035,2,KKR,CA Lynn,1,2,0,0,50.0,out,0
IPL_2019_035,2,KKR,SP Narine,18,16,4,0,112.5,out,0
IPL_2019_035,2,KKR,Shubman Gill,9,11,1,0,81.82,out,0
IPL_2019_035,2,KKR,RV Uthappa,9,20,1,0,45.0,out,0
IPL_2019_035,2,KKR,N Rana,85,46,9,5,184.78,not out,1
IPL_2019_035,2,KKR,AD Russell,65,25,2,9,260.0,out,0
IPL_2019_036,1,MI,Q de Kock,65,47,6,2,138.3,out,0
IPL_2019_036,1,MI,RG Sharma,5,7,1,0,71.43,out,0
IPL_2019_036,1,MI,SA Yadav,34,33,1,1,103.03,out,0
IPL_2019_036,1,MI,HH Pandya,23,15,2,1,153.33,out,0
IPL_2019_036,1,MI,KA Pollard,10,7,0,1,142.86,out,0
IPL_2019_036,1,MI,BCJ Cutting,13,9,1,1,144.44,not out,1
IPL_2019_036,1,MI,KH Pandya,2,2,0,0,100.0,not out,1
IPL_2019_036,2,RR,AM Rahane,12,12,2,0,100.0,out,0
IPL_2019_036,2,RR,SV Samson,35,19,6,1,184.21,out,0
IPL_2019_036,2,RR,SPD Smith,59,48,5,1,122.92,not out,1
IPL_2019_036,2,RR,BA Stokes,0,2,0,0,0.0,out,0
IPL_2019_036,2,RR,R Parag,43,29,5,1,148.28,out,0
IPL_2019_036,2,RR,AJ Turner,0,1,0,0,0.0,out,0
IPL_2019_036,2,RR,STR Binny,7,4,1,0,175.0,not out,1
IPL_2019_037,1,PBKS,KL Rahul,12,9,1,1,133.33,out,0
IPL_2019_037,1,PBKS,CH Gayle,69,37,6,5,186.49,out,0
IPL_2019_037,1,PBKS,MA Agarwal,2,9,0,0,22.22,out,0
IPL_2019_037,1,PBKS,DA Miller,7,5,1,0,140.0,out,0
IPL_2019_037,1,PBKS,Mandeep Singh,30,27,1,1,111.11,out,0
IPL_2019_037,1,PBKS,SM Curran,0,4,0,0,0.0,out,0
IPL_2019_037,1,PBKS,R Ashwin,16,14,2,0,114.29,out,0
IPL_2019_037,1,PBKS,Harpreet Brar,20,12,2,1,166.67,not out,1
IPL_2019_037,1,PBKS,GC Viljoen,2,3,0,0,66.67,not out,1
IPL_2019_037,2,DC,PP Shaw,13,11,1,1,118.18,out,0
IPL_2019_037,2,DC,S Dhawan,56,41,7,1,136.59,out,0
IPL_2019_037,2,DC,SS Iyer,58,49,5,1,118.37,not out,1
IPL_2019_037,2,DC,RR Pant,6,7,1,0,85.71,out,0
IPL_2019_037,2,DC,CA Ingram,19,9,4,0,211.11,out,0
IPL_2019_037,2,DC,AR Patel,1,1,0,0,100.0,out,0
IPL_2019_037,2,DC,SE Rutherford,2,2,0,0,100.0,not out,1
IPL_2019_038,1,KKR,CA Lynn,51,47,4,1,108.51,out,0
IPL_2019_038,1,KKR,SP Narine,25,8,3,2,312.5,out,0
IPL_2019_038,1,KKR,Shubman Gill,3,4,0,0,75.0,out,0
IPL_2019_038,1,KKR,N Rana,11,11,1,0,100.0,out,0
IPL_2019_038,1,KKR,KD Karthik,6,4,1,0,150.0,out,0
IPL_2019_038,1,KKR,RK Singh,30,25,1,2,120.0,out,0
IPL_2019_038,1,KKR,AD Russell,15,9,0,2,166.67,out,0
IPL_2019_038,1,KKR,PP Chawla,4,8,1,0,50.0,out,0
IPL_2019_038,1,KKR,Y Prithvi Raj,0,1,0,0,0.0,not out,1
IPL_2019_038,1,KKR,KC Cariappa,9,3,0,1,300.0,not out,1
IPL_2019_038,2,SRH,DA Warner,67,38,3,5,176.32,out,0
IPL_2019_038,2,SRH,JM Bairstow,80,43,7,4,186.05,not out,1
IPL_2019_038,2,SRH,KS Williamson,8,9,0,0,88.89,not out,1
IPL_2019_039,1,RCB,PA Patel,53,37,2,4,143.24,out,0
IPL_2019_039,1,RCB,V Kohli,9,8,2,0,112.5,out,0
IPL_2019_039,1,RCB,AB de Villiers,25,19,3,1,131.58,out,0
IPL_2019_039,1,RCB,AD Nath,24,20,1,1,120.0,out,0
IPL_2019_039,1,RCB,MP Stoinis,14,13,0,1,107.69,out,0
IPL_2019_039,1,RCB,MM Ali,26,16,5,0,162.5,out,0
IPL_2019_039,1,RCB,P Negi,5,6,0,0,83.33,out,0
IPL_2019_039,1,RCB,UT Yadav,1,1,0,0,100.0,not out,1
IPL_2019_039,2,CSK,SR Watson,5,3,1,0,166.67,out,0
IPL_2019_039,2,CSK,F du Plessis,5,15,0,0,33.33,out,0
IPL_2019_039,2,CSK,SK Raina,0,1,0,0,0.0,out,0
IPL_2019_039,2,CSK,AT Rayudu,29,29,2,1,100.0,out,0
IPL_2019_039,2,CSK,KM Jadhav,9,9,2,0,100.0,out,0
IPL_2019_039,2,CSK,MS Dhoni,84,48,5,7,175.0,not out,1
IPL_2019_039,2,CSK,RA Jadeja,11,12,0,0,91.67,out,0
IPL_2019_039,2,CSK,DJ Bravo,5,4,0,0,125.0,out,0
IPL_2019_040,1,RR,AM Rahane,105,63,11,3,166.67,not out,1
IPL_2019_040,1,RR,SPD Smith,50,32,8,0,156.25,out,0
IPL_2019_040,1,RR,BA Stokes,8,8,1,0,100.0,out,0
IPL_2019_040,1,RR,AJ Turner,0,1,0,0,0.0,out,0
IPL_2019_040,1,RR,STR Binny,19,13,2,0,146.15,out,0
IPL_2019_040,1,RR,R Parag,4,3,1,0,133.33,out,0
IPL_2019_040,2,DC,PP Shaw,42,39,4,1,107.69,out,0
IPL_2019_040,2,DC,S Dhawan,54,27,8,2,200.0,out,0
IPL_2019_040,2,DC,SS Iyer,4,5,0,0,80.0,out,0
IPL_2019_040,2,DC,RR Pant,78,36,6,4,216.67,not out,1
IPL_2019_040,2,DC,SE Rutherford,11,5,1,1,220.0,out,0
IPL_2019_040,2,DC,CA Ingram,3,5,0,0,60.0,not out,1
IPL_2019_041,1,SRH,DA Warner,57,45,3,2,126.67,out,0
IPL_2019_041,1,SRH,JM Bairstow,0,2,0,0,0.0,out,0
IPL_2019_041,1,SRH,MK Pandey,83,49,7,3,169.39,not out,1
IPL_2019_041,1,SRH,V Shankar,26,20,2,1,130.0,out,0
IPL_2019_041,1,SRH,YK Pathan,5,4,0,0,125.0,not out,1
IPL_2019_041,2,CSK,SR Watson,96,53,9,6,181.13,out,0
IPL_2019_041,2,CSK,F du Plessis,1,7,0,0,14.29,out,0
IPL_2019_041,2,CSK,SK Raina,38,24,6,1,158.33,out,0
IPL_2019_041,2,CSK,AT Rayudu,21,25,1,0,84.0,out,0
IPL_2019_041,2,CSK,KM Jadhav,11,10,0,1,110.0,not out,1
IPL_2019_042,1,RCB,PA Patel,43,24,7,2,179.17,out,0
IPL_2019_042,1,RCB,V Kohli,13,8,2,0,162.5,out,0
IPL_2019_042,1,RCB,AB de Villiers,82,44,3,7,186.36,not out,1
IPL_2019_042,1,RCB,MM Ali,4,5,1,0,80.0,out,0
IPL_2019_042,1,RCB,AD Nath,3,7,0,0,42.86,out,0
IPL_2019_042,1,RCB,MP Stoinis,46,34,2,3,135.29,not out,1
IPL_2019_042,2,PBKS,KL Rahul,42,27,7,1,155.56,out,0
IPL_2019_042,2,PBKS,CH Gayle,23,10,4,1,230.0,out,0
IPL_2019_042,2,PBKS,MA Agarwal,35,21,5,1,166.67,out,0
IPL_2019_042,2,PBKS,DA Miller,24,25,2,0,96.0,out,0
IPL_2019_042,2,PBKS,N Pooran,46,28,1,5,164.29,out,0
IPL_2019_042,2,PBKS,Mandeep Singh,4,4,0,0,100.0,not out,1
IPL_2019_042,2,PBKS,R Ashwin,6,2,0,1,300.0,out,0
IPL_2019_042,2,PBKS,GC Viljoen,0,1,0,0,0.0,out,0
IPL_2019_042,2,PBKS,M Ashwin,1,2,0,0,50.0,not out,1
IPL_2019_043,1,KKR,CA Lynn,0,3,0,0,0.0,out,0
IPL_2019_043,1,KKR,N Rana,21,26,3,0,80.77,out,0
IPL_2019_043,1,KKR,Shubman Gill,14,14,2,0,100.0,out,0
IPL_2019_043,1,KKR,KD Karthik,97,50,7,9,194.0,not out,1
IPL_2019_043,1,KKR,SP Narine,11,8,1,1,137.5,out,0
IPL_2019_043,1,KKR,AD Russell,14,14,0,1,100.0,out,0
IPL_2019_043,1,KKR,CR Brathwaite,5,3,1,0,166.67,out,0
IPL_2019_043,1,KKR,RK Singh,3,3,0,0,100.0,not out,1
IPL_2019_043,2,RR,AM Rahane,34,21,5,1,161.9,out,0
IPL_2019_043,2,RR,SV Samson,22,15,0,2,146.67,out,0
IPL_2019_043,2,RR,SPD Smith,2,6,0,0,33.33,out,0
IPL_2019_043,2,RR,BA Stokes,11,10,2,0,110.0,out,0
IPL_2019_043,2,RR,R Parag,47,31,5,2,151.61,out,0
IPL_2019_043,2,RR,STR Binny,11,11,0,1,100.0,out,0
IPL_2019_043,2,RR,S Gopal,18,9,4,0,200.0,out,0
IPL_2019_043,2,RR,JC Archer,27,12,2,2,225.0,not out,1
IPL_2019_043,2,RR,JD Unadkat,0,1,0,0,0.0,not out,1
IPL_2019_044,1,MI,RG Sharma,67,48,6,3,139.58,out,0
IPL_2019_044,1,MI,Q de Kock,15,9,1,1,166.67,out,0
IPL_2019_044,1,MI,E Lewis,32,30,3,1,106.67,out,0
IPL_2019_044,1,MI,KH Pandya,1,3,0,0,33.33,out,0
IPL_2019_044,1,MI,HH Pandya,23,18,1,1,127.78,not out,1
IPL_2019_044,1,MI,KA Pollard,13,12,2,0,108.33,not out,1
IPL_2019_044,2,CSK,M Vijay,38,35,3,1,108.57,out,0
IPL_2019_044,2,CSK,SR Watson,8,4,2,0,200.0,out,0
IPL_2019_044,2,CSK,SK Raina,2,4,0,0,50.0,out,0
IPL_2019_044,2,CSK,AT Rayudu,0,3,0,0,0.0,out,0
IPL_2019_044,2,CSK,KM Jadhav,6,11,0,0,54.55,out,0
IPL_2019_044,2,CSK,DR Shorey,5,8,0,0,62.5,out,0
IPL_2019_044,2,CSK,DJ Bravo,20,17,2,0,117.65,out,0
IPL_2019_044,2,CSK,MJ Santner,22,20,0,2,110.0,out,0
IPL_2019_044,2,CSK,DL Chahar,0,2,0,0,0.0,out,0
IPL_2019_044,2,CSK,Harbhajan Singh,1,3,0,0,33.33,out,0
IPL_2019_045,1,SRH,DA Warner,37,32,0,0,115.62,out,0
IPL_2019_045,1,SRH,KS Williamson,13,14,2,0,92.86,out,0
IPL_2019_045,1,SRH,MK Pandey,61,36,9,0,169.44,out,0
IPL_2019_045,1,SRH,V Shankar,8,10,0,0,80.0,out,0
IPL_2019_045,1,SRH,Shakib Al Hasan,9,10,0,0,90.0,out,0
IPL_2019_045,1,SRH,DJ Hooda,0,1,0,0,0.0,out,0
IPL_2019_045,1,SRH,WP Saha,5,5,0,0,100.0,out,0
IPL_2019_045,1,SRH,Rashid Khan,17,8,1,1,212.5,not out,1
IPL_2019_045,1,SRH,B Kumar,1,4,0,0,25.0,out,0
IPL_2019_045,2,RR,AM Rahane,39,34,4,1,114.71,out,0
IPL_2019_045,2,RR,LS Livingstone,44,26,4,3,169.23,out,0
IPL_2019_045,2,RR,SV Samson,48,32,4,1,150.0,not out,1
IPL_2019_045,2,RR,SPD Smith,22,16,3,0,137.5,out,0
IPL_2019_045,2,RR,AJ Turner,3,7,0,0,42.86,not out,1
IPL_2019_046,1,DC,PP Shaw,18,10,4,0,180.0,out,0
IPL_2019_046,1,DC,S Dhawan,50,37,5,2,135.14,out,0
IPL_2019_046,1,DC,SS Iyer,52,37,2,3,140.54,out,0
IPL_2019_046,1,DC,RR Pant,7,7,1,0,100.0,out,0
IPL_2019_046,1,DC,CA Ingram,11,7,1,1,157.14,out,0
IPL_2019_046,1,DC,SE Rutherford,28,13,1,3,215.38,not out,1
IPL_2019_046,1,DC,AR Patel,16,9,3,0,177.78,not out,1
IPL_2019_046,2,RCB,PA Patel,39,20,7,1,195.0,out,0
IPL_2019_046,2,RCB,V Kohli,23,17,2,1,135.29,out,0
IPL_2019_046,2,RCB,AB de Villiers,17,19,0,1,89.47,out,0
IPL_2019_046,2,RCB,S Dube,24,16,0,2,150.0,out,0
IPL_2019_046,2,RCB,H Klaasen,3,3,0,0,100.0,out,0
IPL_2019_046,2,RCB,Gurkeerat Singh,27,19,2,1,142.11,out,0
IPL_2019_046,2,RCB,MP Stoinis,32,24,1,2,133.33,not out,1
IPL_2019_046,2,RCB,Washington Sundar,1,2,0,0,50.0,out,0
IPL_2019_047,1,KKR,Shubman Gill,76,45,6,4,168.89,out,0
IPL_2019_047,1,KKR,CA Lynn,54,29,8,2,186.21,out,0
IPL_2019_047,1,KKR,AD Russell,80,40,6,8,200.0,not out,1
IPL_2019_047,1,KKR,KD Karthik,15,7,1,1,214.29,not out,1
IPL_2019_047,2,MI,Q de Kock,0,4,0,0,0.0,out,0
IPL_2019_047,2,MI,RG Sharma,12,9,3,0,133.33,out,0
IPL_2019_047,2,MI,E Lewis,15,16,1,1,93.75,out,0
IPL_2019_047,2,MI,SA Yadav,26,14,2,2,185.71,out,0
IPL_2019_047,2,MI,KA Pollard,20,21,2,0,95.24,out,0
IPL_2019_047,2,MI,HH Pandya,91,34,6,9,267.65,out,0
IPL_2019_047,2,MI,KH Pandya,24,18,0,2,133.33,out,0
IPL_2019_047,2,MI,BB Sran,3,3,0,0,100.0,not out,1
IPL_2019_047,2,MI,RD Chahar,1,1,0,0,100.0,not out,1
IPL_2019_048,1,SRH,DA Warner,81,56,7,2,144.64,out,0
IPL_2019_048,1,SRH,WP Saha,28,13,3,1,215.38,out,0
IPL_2019_048,1,SRH,MK Pandey,36,25,3,1,144.0,out,0
IPL_2019_048,1,SRH,Mohammad Nabi,20,10,0,2,200.0,out,0
IPL_2019_048,1,SRH,KS Williamson,14,7,1,1,200.0,out,0
IPL_2019_048,1,SRH,Rashid Khan,1,2,0,0,50.0,out,0
IPL_2019_048,1,SRH,V Shankar,7,4,0,0,175.0,not out,1
IPL_2019_048,1,SRH,Abhishek Sharma,5,3,1,0,166.67,not out,1
IPL_2019_048,2,PBKS,KL Rahul,79,56,4,5,141.07,out,0
IPL_2019_048,2,PBKS,CH Gayle,4,3,1,0,133.33,out,0
IPL_2019_048,2,PBKS,MA Agarwal,27,18,2,1,150.0,out,0
IPL_2019_048,2,PBKS,N Pooran,21,10,2,2,210.0,out,0
IPL_2019_048,2,PBKS,DA Miller,11,11,1,0,100.0,out,0
IPL_2019_048,2,PBKS,R Ashwin,0,1,0,0,0.0,out,0
IPL_2019_048,2,PBKS,P Simran Singh,16,17,1,1,94.12,out,0
IPL_2019_048,2,PBKS,Mujeeb Ur Rahman,0,3,0,0,0.0,out,0
IPL_2019_048,2,PBKS,Mohammed Shami,1,1,0,0,100.0,not out,1
IPL_2019_048,2,PBKS,M Ashwin,1,1,0,0,100.0,not out,1
IPL_2019_049,1,RCB,V Kohli,25,7,1,3,357.14,out,0
IPL_2019_049,1,RCB,AB de Villiers,10,4,2,0,250.0,out,0
IPL_2019_049,1,RCB,MP Stoinis,0,1,0,0,0.0,out,0
IPL_2019_049,1,RCB,H Klaasen,6,7,0,0,85.71,out,0
IPL_2019_049,1,RCB,Gurkeerat Singh,6,3,1,0,200.0,out,0
IPL_2019_049,1,RCB,PA Patel,8,5,1,0,160.0,out,0
IPL_2019_049,1,RCB,P Negi,4,3,1,0,133.33,out,0
IPL_2019_049,1,RCB,Navdeep Saini,0,1,0,0,0.0,not out,1
IPL_2019_049,2,RR,SV Samson,28,13,2,3,215.38,out,0
IPL_2019_049,2,RR,LS Livingstone,11,7,1,1,157.14,not out,1
IPL_2019_050,1,CSK,F du Plessis,39,41,2,2,95.12,out,0
IPL_2019_050,1,CSK,SR Watson,0,9,0,0,0.0,out,0
IPL_2019_050,1,CSK,SK Raina,59,37,8,1,159.46,out,0
IPL_2019_050,1,CSK,MS Dhoni,44,22,4,3,200.0,not out,1
IPL_2019_050,1,CSK,RA Jadeja,25,10,2,2,250.0,out,0
IPL_2019_050,1,CSK,AT Rayudu,5,2,1,0,250.0,not out,1
IPL_2019_050,2,DC,PP Shaw,4,5,1,0,80.0,out,0
IPL_2019_050,2,DC,SS Iyer,44,31,4,1,141.94,out,0
IPL_2019_050,2,DC,S Dhawan,19,13,1,1,146.15,out,0
IPL_2019_050,2,DC,RR Pant,5,3,1,0,166.67,out,0
IPL_2019_050,2,DC,CA Ingram,1,5,0,0,20.0,out,0
IPL_2019_050,2,DC,AR Patel,9,9,1,0,100.0,out,0
IPL_2019_050,2,DC,SE Rutherford,2,4,0,0,50.0,out,0
IPL_2019_050,2,DC,CH Morris,0,1,0,0,0.0,out,0
IPL_2019_050,2,DC,J Suchith,6,15,0,0,40.0,out,0
IPL_2019_050,2,DC,A Mishra,8,11,1,0,72.73,out,0
IPL_2019_050,2,DC,TA Boult,1,1,0,0,100.0,not out,1
IPL_2019_051,1,MI,RG Sharma,24,18,5,0,133.33,out,0
IPL_2019_051,1,MI,Q de Kock,69,58,6,2,118.97,not out,1
IPL_2019_051,1,MI,SA Yadav,23,17,3,1,135.29,out,0
IPL_2019_051,1,MI,E Lewis,1,6,0,0,16.67,out,0
IPL_2019_051,1,MI,HH Pandya,18,10,1,1,180.0,out,0
IPL_2019_051,1,MI,KA Pollard,10,9,0,1,111.11,out,0
IPL_2019_051,1,MI,KH Pandya,9,3,0,1,300.0,not out,1
IPL_2019_051,2,SRH,WP Saha,25,15,5,0,166.67,out,0
IPL_2019_051,2,SRH,MJ Guptill,15,11,1,1,136.36,out,0
IPL_2019_051,2,SRH,MK Pandey,71,47,8,2,151.06,not out,1
IPL_2019_051,2,SRH,KS Williamson,3,7,0,0,42.86,out,0
IPL_2019_051,2,SRH,V Shankar,12,17,0,0,70.59,out,0
IPL_2019_051,2,SRH,Abhishek Sharma,2,3,0,0,66.67,out,0
IPL_2019_051,2,SRH,Mohammad Nabi,31,20,2,2,155.0,out,0
IPL_2019_051,3,SRH,MK Pandey,1,1,0,0,100.0,out,0
IPL_2019_051,3,SRH,MJ Guptill,1,1,0,0,100.0,not out,1
IPL_2019_051,3,SRH,Mohammad Nabi,6,2,0,1,300.0,out,0
IPL_2019_051,4,MI,HH Pandya,7,2,0,1,350.0,not out,1
IPL_2019_051,4,MI,KA Pollard,2,1,0,0,200.0,not out,1
IPL_2019_052,1,PBKS,CH Gayle,14,14,2,0,100.0,out,0
IPL_2019_052,1,PBKS,KL Rahul,2,7,0,0,28.57,out,0
IPL_2019_052,1,PBKS,MA Agarwal,36,26,2,1,138.46,out,0
IPL_2019_052,1,PBKS,N Pooran,48,27,3,4,177.78,out,0
IPL_2019_052,1,PBKS,Mandeep Singh,25,17,1,1,147.06,out,0
IPL_2019_052,1,PBKS,SM Curran,55,24,7,2,229.17,not out,1
IPL_2019_052,1,PBKS,R Ashwin,0,3,0,0,0.0,out,0
IPL_2019_052,1,PBKS,AJ Tye,0,2,0,0,0.0,not out,1
IPL_2019_052,2,KKR,Shubman Gill,65,49,5,2,132.65,not out,1
IPL_2019_052,2,KKR,CA Lynn,46,22,5,3,209.09,out,0
IPL_2019_052,2,KKR,RV Uthappa,22,14,2,1,157.14,out,0
IPL_2019_052,2,KKR,AD Russell,24,14,2,2,171.43,out,0
IPL_2019_052,2,KKR,KD Karthik,21,9,2,1,233.33,not out,1
IPL_2019_053,1,RR,AM Rahane,2,4,0,0,50.0,out,0
IPL_2019_053,1,RR,LS Livingstone,14,13,1,1,107.69,out,0
IPL_2019_053,1,RR,SV Samson,5,8,0,0,62.5,out,0
IPL_2019_053,1,RR,MK Lomror,8,3,2,0,266.67,out,0
IPL_2019_053,1,RR,S Gopal,12,18,0,0,66.67,out,0
IPL_2019_053,1,RR,R Parag,50,49,4,2,102.04,out,0
IPL_2019_053,1,RR,STR Binny,0,1,0,0,0.0,out,0
IPL_2019_053,1,RR,K Gowtham,6,6,1,0,100.0,out,0
IPL_2019_053,1,RR,IS Sodhi,6,11,0,0,54.55,out,0
IPL_2019_053,1,RR,VR Aaron,3,7,0,0,42.86,not out,1
IPL_2019_053,2,DC,PP Shaw,8,8,1,0,100.0,out,0
IPL_2019_053,2,DC,S Dhawan,16,12,2,0,133.33,out,0
IPL_2019_053,2,DC,RR Pant,53,38,2,5,139.47,not out,1
IPL_2019_053,2,DC,SS Iyer,15,9,0,2,166.67,out,0
IPL_2019_053,2,DC,CA Ingram,12,23,0,0,52.17,out,0
IPL_2019_053,2,DC,SE Rutherford,11,6,0,1,183.33,out,0
IPL_2019_053,2,DC,AR Patel,1,1,0,0,100.0,not out,1
IPL_2019_054,1,SRH,WP Saha,20,11,4,0,181.82,out,0
IPL_2019_054,1,SRH,MJ Guptill,30,23,2,2,130.43,out,0
IPL_2019_054,1,SRH,MK Pandey,9,12,1,0,75.0,out,0
IPL_2019_054,1,SRH,KS Williamson,70,43,5,4,162.79,not out,1
IPL_2019_054,1,SRH,V Shankar,27,18,0,3,150.0,out,0
IPL_2019_054,1,SRH,YK Pathan,3,4,0,0,75.0,out,0
IPL_2019_054,1,SRH,Mohammad Nabi,4,3,1,0,133.33,out,0
IPL_2019_054,1,SRH,Rashid Khan,1,2,0,0,50.0,out,0
IPL_2019_054,1,SRH,B Kumar,7,5,1,0,140.0,not out,1
IPL_2019_054,2,RCB,PA Patel,0,3,0,0,0.0,out,0
IPL_2019_054,2,RCB,V Kohli,16,7,2,1,228.57,out,0
IPL_2019_054,2,RCB,AB de Villiers,1,2,0,0,50.0,out,0
IPL_2019_054,2,RCB,SO Hetmyer,75,47,4,6,159.57,out,0
IPL_2019_054,2,RCB,Gurkeerat Singh,65,48,8,1,135.42,out,0
IPL_2019_054,2,RCB,C de Grandhomme,3,4,0,0,75.0,not out,1
IPL_2019_054,2,RCB,Washington Sundar,0,1,0,0,0.0,out,0
IPL_2019_054,2,RCB,UT Yadav,9,4,2,0,225.0,not out,1
IPL_2019_055,1,CSK,F du Plessis,96,55,10,4,174.55,out,0
IPL_2019_055,1,CSK,SR Watson,7,11,1,0,63.64,out,0
IPL_2019_055,1,CSK,SK Raina,53,38,5,2,139.47,out,0
IPL_2019_055,1,CSK,MS Dhoni,10,12,0,0,83.33,not out,1
IPL_2019_055,1,CSK,AT Rayudu,1,2,0,0,50.0,out,0
IPL_2019_055,1,CSK,KM Jadhav,0,1,0,0,0.0,out,0
IPL_2019_055,1,CSK,DJ Bravo,1,1,0,0,100.0,not out,1
IPL_2019_055,2,PBKS,KL Rahul,71,36,7,5,197.22,out,0
IPL_2019_055,2,PBKS,CH Gayle,28,28,2,2,100.0,out,0
IPL_2019_055,2,PBKS,MA Agarwal,7,6,1,0,116.67,out,0
IPL_2019_055,2,PBKS,N Pooran,36,22,3,3,163.64,out,0
IPL_2019_055,2,PBKS,Mandeep Singh,11,9,0,0,122.22,not out,1
IPL_2019_055,2,PBKS,SM Curran,6,7,1,0,85.71,not out,1
IPL_2019_056,1,KKR,Shubman Gill,9,16,0,0,56.25,out,0
IPL_2019_056,1,KKR,CA Lynn,41,29,2,4,141.38,out,0
IPL_2019_056,1,KKR,RV Uthappa,40,47,1,3,85.11,out,0
IPL_2019_056,1,KKR,KD Karthik,3,9,0,0,33.33,out,0
IPL_2019_056,1,KKR,AD Russell,0,1,0,0,0.0,out,0
IPL_2019_056,1,KKR,N Rana,26,13,0,3,200.0,out,0
IPL_2019_056,1,KKR,RK Singh,4,6,0,0,66.67,out,0
IPL_2019_056,2,MI,Q de Kock,30,23,1,3,130.43,out,0
IPL_2019_056,2,MI,RG Sharma,55,48,8,0,114.58,not out,1
IPL_2019_056,2,MI,SA Yadav,46,27,5,2,170.37,not out,1
IPL_2019_000,1,CSK,F du Plessis,6,11,1,0,54.55,out,0
IPL_2019_000,1,CSK,SR Watson,10,13,2,0,76.92,out,0
IPL_2019_000,1,CSK,SK Raina,5,7,1,0,71.43,out,0
IPL_2019_000,1,CSK,M Vijay,26,26,3,0,100.0,out,0
IPL_2019_000,1,CSK,AT Rayudu,42,37,3,1,113.51,not out,1
IPL_2019_000,1,CSK,MS Dhoni,37,29,0,3,127.59,not out,1
IPL_2019_000,2,MI,RG Sharma,4,2,1,0,200.0,out,0
IPL_2019_000,2,MI,SA Yadav,71,54,10,0,131.48,not out,1
IPL_2019_000,2,MI,Q de Kock,8,12,2,0,66.67,out,0
IPL_2019_000,2,MI,Ishan Kishan,28,31,1,1,90.32,out,0
IPL_2019_000,2,MI,KH Pandya,0,1,0,0,0.0,out,0
IPL_2019_000,2,MI,HH Pandya,13,11,1,0,118.18,not out,1
IPL_2019_000,1,SRH,WP Saha,8,9,1,0,88.89,out,0
IPL_2019_000,1,SRH,MJ Guptill,36,19,1,4,189.47,out,0
IPL_2019_000,1,SRH,MK Pandey,30,36,3,0,83.33,out,0
IPL_2019_000,1,SRH,KS Williamson,28,27,2,0,103.7,out,0
IPL_2019_000,1,SRH,V Shankar,25,11,2,2,227.27,out,0
IPL_2019_000,1,SRH,Mohammad Nabi,20,13,3,1,153.85,out,0
IPL_2019_000,1,SRH,DJ Hooda,4,4,0,0,100.0,out,0
IPL_2019_000,1,SRH,Rashid Khan,0,1,0,0,0.0,out,0
IPL_2019_000,1,SRH,Basil Thampi,1,1,0,0,100.0,not out,1
IPL_2019_000,2,DC,PP Shaw,56,38,6,2,147.37,out,0
IPL_2019_000,2,DC,S Dhawan,17,16,3,0,106.25,out,0
IPL_2019_000,2,DC,SS Iyer,8,10,1,0,80.0,out,0
IPL_2019_000,2,DC,RR Pant,49,21,2,5,233.33,out,0
IPL_2019_000,2,DC,C Munro,14,13,1,1,107.69,out,0
IPL_2019_000,2,DC,AR Patel,0,3,0,0,0.0,out,0
IPL_2019_000,2,DC,SE Rutherford,9,12,0,1,75.0,out,0
IPL_2019_000,2,DC,KMA Paul,5,4,1,0,125.0,not out,1
IPL_2019_000,2,DC,A Mishra,1,2,0,0,50.0,out,0
IPL_2019_000,1,DC,PP Shaw,5,6,1,0,83.33,out,0
IPL_2019_000,1,DC,S Dhawan,18,14,3,0,128.57,out,0
IPL_2019_000,1,DC,C Munro,27,24,4,0,112.5,out,0
IPL_2019_000,1,DC,SS Iyer,13,18,1,0,72.22,out,0
IPL_2019_000,1,DC,RR Pant,38,25,2,1,152.0,out,0
IPL_2019_000,1,DC,AR Patel,3,6,0,0,50.0,out,0
IPL_2019_000,1,DC,SE Rutherford,10,12,0,1,83.33,out,0
IPL_2019_000,1,DC,KMA Paul,3,7,0,0,42.86,out,0
IPL_2019_000,1,DC,A Mishra,6,3,1,0,200.0,not out,1
IPL_2019_000,1,DC,TA Boult,6,3,0,1,200.0,out,0
IPL_2019_000,1,DC,I Sharma,10,3,1,1,333.33,not out,1
IPL_2019_000,2,CSK,F du Plessis,50,39,7,1,128.21,out,0
IPL_2019_000,2,CSK,SR Watson,50,32,3,4,156.25,out,0
IPL_2019_000,2,CSK,SK Raina,11,13,0,0,84.62,out,0
IPL_2019_000,2,CSK,AT Rayudu,20,20,3,0,100.0,not out,1
IPL_2019_000,2,CSK,MS Dhoni,9,9,1,0,100.0,out,0
IPL_2019_000,2,CSK,DJ Bravo,0,1,0,0,0.0,not out,1
IPL_2019_000,1,MI,Q de Kock,29,17,0,4,170.59,out,0
IPL_2019_000,1,MI,RG Sharma,15,14,1,1,107.14,out,0
IPL_2019_000,1,MI,SA Yadav,15,17,1,0,88.24,out,0
IPL_2019_000,1,MI,Ishan Kishan,23,26,3,0,88.46,out,0
IPL_2019_000,1,MI,KH Pandya,7,7,0,0,100.0,out,0
IPL_2019_000,1,MI,KA Pollard,41,25,3,3,164.0,not out,1
IPL_2019_000,1,MI,HH Pandya,16,10,1,1,160.0,out,0
IPL_2019_000,1,MI,RD Chahar,0,2,0,0,0.0,out,0
IPL_2019_000,1,MI,MJ McClenaghan,0,2,0,0,0.0,out,0
IPL_2019_000,2,CSK,F du Plessis,26,13,3,1,200.0,out,0
IPL_2019_000,2,CSK,SR Watson,80,59,8,4,135.59,out,0
IPL_2019_000,2,CSK,SK Raina,8,14,0,0,57.14,out,0
IPL_2019_000,2,CSK,AT Rayudu,1,4,0,0,25.0,out,0
IPL_2019_000,2,CSK,MS Dhoni,2,8,0,0,25.0,out,0
IPL_2019_000,2,CSK,DJ Bravo,15,15,0,1,100.0,out,0
IPL_2019_000,2,CSK,RA Jadeja,5,5,0,0,100.0,not out,1
IPL_2019_000,2,CSK,SN Thakur,2,2,0,0,100.0,out,0
IPL_2020_001,1,MI,RG Sharma,12,10,2,0,120.0,out,0
IPL_2020_001,1,MI,Q de Kock,33,20,5,0,165.0,out,0
IPL_2020_001,1,MI,SA Yadav,17,16,2,0,106.25,out,0
IPL_2020_001,1,MI,SS Tiwary,42,31,3,1,135.48,out,0
IPL_2020_001,1,MI,HH Pandya,14,10,0,2,140.0,out,0
IPL_2020_001,1,MI,KA Pollard,18,14,1,1,128.57,out,0
IPL_2020_001,1,MI,KH Pandya,3,3,0,0,100.0,out,0
IPL_2020_001,1,MI,JL Pattinson,11,8,2,0,137.5,out,0
IPL_2020_001,1,MI,RD Chahar,2,4,0,0,50.0,not out,1
IPL_2020_001,1,MI,TA Boult,0,1,0,0,0.0,out,0
IPL_2020_001,1,MI,JJ Bumrah,5,3,0,0,166.67,not out,1
IPL_2020_001,2,CSK,M Vijay,1,7,0,0,14.29,out,0
IPL_2020_001,2,CSK,SR Watson,4,5,1,0,80.0,out,0
IPL_2020_001,2,CSK,F du Plessis,58,44,6,0,131.82,not out,1
IPL_2020_001,2,CSK,AT Rayudu,71,48,6,3,147.92,out,0
IPL_2020_001,2,CSK,RA Jadeja,10,5,2,0,200.0,out,0
IPL_2020_001,2,CSK,SM Curran,18,6,1,2,300.0,out,0
IPL_2020_001,2,CSK,MS Dhoni,0,2,0,0,0.0,not out,1
IPL_2020_002,1,DC,PP Shaw,5,9,1,0,55.56,out,0
IPL_2020_002,1,DC,S Dhawan,0,2,0,0,0.0,out,0
IPL_2020_002,1,DC,SO Hetmyer,7,13,1,0,53.85,out,0
IPL_2020_002,1,DC,SS Iyer,39,32,0,3,121.88,out,0
IPL_2020_002,1,DC,RR Pant,31,29,4,0,106.9,out,0
IPL_2020_002,1,DC,AR Patel,6,9,0,0,66.67,out,0
IPL_2020_002,1,DC,MP Stoinis,53,21,7,3,252.38,out,0
IPL_2020_002,1,DC,R Ashwin,4,6,0,0,66.67,out,0
IPL_2020_002,1,DC,A Nortje,3,1,0,0,300.0,not out,1
IPL_2020_002,2,PBKS,KL Rahul,21,19,2,1,110.53,out,0
IPL_2020_002,2,PBKS,MA Agarwal,89,60,7,4,148.33,out,0
IPL_2020_002,2,PBKS,KK Nair,1,3,0,0,33.33,out,0
IPL_2020_002,2,PBKS,N Pooran,0,3,0,0,0.0,out,0
IPL_2020_002,2,PBKS,GJ Maxwell,1,4,0,0,25.0,out,0
IPL_2020_002,2,PBKS,SN Khan,12,12,2,0,100.0,out,0
IPL_2020_002,2,PBKS,K Gowtham,20,14,1,1,142.86,out,0
IPL_2020_002,2,PBKS,CJ Jordan,5,6,0,0,83.33,out,0
IPL_2020_002,3,PBKS,KL Rahul,2,2,0,0,100.0,out,0
IPL_2020_002,3,PBKS,N Pooran,0,1,0,0,0.0,out,0
IPL_2020_002,4,DC,RR Pant,2,2,0,0,100.0,not out,1
IPL_2020_039,1,KKR,Shubman Gill,1,6,0,0,16.67,out,0
IPL_2020_039,1,KKR,RA Tripathi,1,5,0,0,20.0,out,0
IPL_2020_039,1,KKR,N Rana,0,1,0,0,0.0,out,0
IPL_2020_039,1,KKR,T Banton,10,8,1,1,125.0,out,0
IPL_2020_039,1,KKR,KD Karthik,4,14,0,0,28.57,out,0
IPL_2020_039,1,KKR,EJG Morgan,30,34,3,1,88.24,out,0
IPL_2020_039,1,KKR,PJ Cummins,4,17,0,0,23.53,out,0
IPL_2020_039,1,KKR,Kuldeep Yadav,12,19,1,0,63.16,out,0
IPL_2020_039,1,KKR,LH Ferguson,19,16,1,0,118.75,not out,1
IPL_2020_039,2,RCB,D Padikkal,25,17,3,0,147.06,out,0
IPL_2020_039,2,RCB,AJ Finch,16,21,2,0,76.19,out,0
IPL_2020_039,2,RCB,Gurkeerat Singh,21,26,4,0,80.77,not out,1
IPL_2020_039,2,RCB,V Kohli,18,17,2,0,105.88,not out,1
IPL_2020_056,1,MI,RG Sharma,4,7,0,0,57.14,out,0
IPL_2020_056,1,MI,Q de Kock,25,13,2,2,192.31,out,0
IPL_2020_056,1,MI,SA Yadav,36,29,5,0,124.14,out,0
IPL_2020_056,1,MI,Ishan Kishan,33,30,1,2,110.0,out,0
IPL_2020_056,1,MI,KH Pandya,0,3,0,0,0.0,out,0
IPL_2020_056,1,MI,SS Tiwary,1,3,0,0,33.33,out,0
IPL_2020_056,1,MI,KA Pollard,41,25,2,4,164.0,out,0
IPL_2020_056,1,MI,NM Coulter-Nile,1,3,0,0,33.33,out,0
IPL_2020_056,1,MI,JL Pattinson,4,5,0,0,80.0,not out,1
IPL_2020_056,1,MI,DS Kulkarni,3,2,0,0,150.0,not out,1
IPL_2020_056,2,SRH,DA Warner,85,58,10,1,146.55,not out,1
IPL_2020_056,2,SRH,WP Saha,58,45,7,1,128.89,not out,1
IPL_2020_004,1,RR,YBK Jaiswal,6,6,1,0,100.0,out,0
IPL_2020_004,1,RR,SPD Smith,69,47,4,4,146.81,out,0
IPL_2020_004,1,RR,SV Samson,74,32,1,9,231.25,out,0
IPL_2020_004,1,RR,RV Uthappa,5,9,0,0,55.56,out,0
IPL_2020_004,1,RR,R Tewatia,10,8,1,0,125.0,out,0
IPL_2020_004,1,RR,R Parag,6,4,1,0,150.0,out,0
IPL_2020_004,1,RR,TK Curran,10,9,1,0,111.11,not out,1
IPL_2020_004,1,RR,JC Archer,27,8,0,4,337.5,not out,1
IPL_2020_004,2,CSK,M Vijay,21,21,3,0,100.0,out,0
IPL_2020_004,2,CSK,SR Watson,33,21,1,4,157.14,out,0
IPL_2020_004,2,CSK,F du Plessis,72,37,1,7,194.59,out,0
IPL_2020_004,2,CSK,SM Curran,17,6,1,2,283.33,out,0
IPL_2020_004,2,CSK,RD Gaikwad,0,1,0,0,0.0,out,0
IPL_2020_004,2,CSK,KM Jadhav,22,16,3,0,137.5,out,0
IPL_2020_004,2,CSK,MS Dhoni,29,17,0,3,170.59,not out,1
IPL_2020_004,2,CSK,RA Jadeja,1,2,0,0,50.0,not out,1
IPL_2020_042,1,KKR,Shubman Gill,9,8,2,0,112.5,out,0
IPL_2020_042,1,KKR,N Rana,81,53,13,1,152.83,out,0
IPL_2020_042,1,KKR,RA Tripathi,13,12,1,0,108.33,out,0
IPL_2020_042,1,KKR,KD Karthik,3,6,0,0,50.0,out,0
IPL_2020_042,1,KKR,SP Narine,64,32,6,4,200.0,out,0
IPL_2020_042,1,KKR,EJG Morgan,17,9,2,1,188.89,out,0
IPL_2020_042,2,DC,AM Rahane,0,1,0,0,0.0,out,0
IPL_2020_042,2,DC,SS Iyer,47,38,5,0,123.68,out,0
IPL_2020_042,2,DC,S Dhawan,6,6,1,0,100.0,out,0
IPL_2020_042,2,DC,RR Pant,27,33,2,1,81.82,out,0
IPL_2020_042,2,DC,SO Hetmyer,10,5,0,1,200.0,out,0
IPL_2020_042,2,DC,MP Stoinis,6,6,0,0,100.0,out,0
IPL_2020_042,2,DC,AR Patel,9,7,0,1,128.57,out,0
IPL_2020_042,2,DC,K Rabada,9,10,1,0,90.0,out,0
IPL_2020_042,2,DC,R Ashwin,14,13,2,0,107.69,not out,1
IPL_2020_042,2,DC,TU Deshpande,1,3,0,0,33.33,out,0
IPL_2020_043,1,PBKS,KL Rahul,27,27,2,1,100.0,out,0
IPL_2020_043,1,PBKS,Mandeep Singh,17,14,1,0,121.43,out,0
IPL_2020_043,1,PBKS,CH Gayle,20,20,2,1,100.0,out,0
IPL_2020_043,1,PBKS,GJ Maxwell,12,13,0,0,92.31,out,0
IPL_2020_043,1,PBKS,N Pooran,32,28,2,0,114.29,not out,1
IPL_2020_043,1,PBKS,DJ Hooda,0,2,0,0,0.0,out,0
IPL_2020_043,1,PBKS,CJ Jordan,7,12,0,0,58.33,out,0
IPL_2020_043,1,PBKS,M Ashwin,4,4,0,0,100.0,out,0
IPL_2020_043,2,SRH,DA Warner,35,20,3,2,175.0,out,0
IPL_2020_043,2,SRH,JM Bairstow,19,20,4,0,95.0,out,0
IPL_2020_043,2,SRH,MK Pandey,15,29,0,0,51.72,out,0
IPL_2020_043,2,SRH,Abdul Samad,7,5,1,0,140.0,out,0
IPL_2020_043,2,SRH,V Shankar,26,27,4,0,96.3,out,0
IPL_2020_043,2,SRH,JO Holder,5,8,0,0,62.5,out,0
IPL_2020_043,2,SRH,PK Garg,3,5,0,0,60.0,out,0
IPL_2020_043,2,SRH,Rashid Khan,0,1,0,0,0.0,out,0
IPL_2020_043,2,SRH,Sandeep Sharma,0,2,0,0,0.0,out,0
IPL_2020_043,2,SRH,KK Ahmed,0,2,0,0,0.0,out,0
IPL_2020_048,1,RCB,JR Philippe,33,24,4,1,137.5,out,0
IPL_2020_048,1,RCB,D Padikkal,74,45,12,1,164.44,out,0
IPL_2020_048,1,RCB,V Kohli,9,14,0,0,64.29,out,0
IPL_2020_048,1,RCB,AB de Villiers,15,12,1,1,125.0,out,0
IPL_2020_048,1,RCB,S Dube,2,6,0,0,33.33,out,0
IPL_2020_048,1,RCB,Gurkeerat Singh,14,11,2,0,127.27,not out,1
IPL_2020_048,1,RCB,CH Morris,4,2,1,0,200.0,out,0
IPL_2020_048,1,RCB,Washington Sundar,10,6,1,0,166.67,not out,1
IPL_2020_048,2,MI,Q de Kock,18,19,0,1,94.74,out,0
IPL_2020_048,2,MI,Ishan Kishan,25,19,3,1,131.58,out,0
IPL_2020_048,2,MI,SA Yadav,79,43,10,3,183.72,not out,1
IPL_2020_048,2,MI,SS Tiwary,5,8,0,0,62.5,out,0
IPL_2020_048,2,MI,KH Pandya,10,10,1,0,100.0,out,0
IPL_2020_048,2,MI,HH Pandya,17,15,0,2,113.33,out,0
IPL_2020_048,2,MI,KA Pollard,4,1,1,0,400.0,not out,1
IPL_2020_023,1,DC,PP Shaw,19,10,2,1,190.0,out,0
IPL_2020_023,1,DC,S Dhawan,5,4,1,0,125.0,out,0
IPL_2020_023,1,DC,SS Iyer,22,18,4,0,122.22,out,0
IPL_2020_023,1,DC,RR Pant,5,9,0,0,55.56,out,0
IPL_2020_023,1,DC,MP Stoinis,39,30,0,4,130.0,out,0
IPL_2020_023,1,DC,SO Hetmyer,45,24,1,5,187.5,out,0
IPL_2020_023,1,DC,HV Patel,16,15,1,0,106.67,out,0
IPL_2020_023,1,DC,AR Patel,17,8,2,1,212.5,out,0
IPL_2020_023,1,DC,K Rabada,2,3,0,0,66.67,not out,1
IPL_2020_023,1,DC,R Ashwin,0,1,0,0,0.0,not out,1
IPL_2020_023,2,RR,YBK Jaiswal,34,36,1,2,94.44,out,0
IPL_2020_023,2,RR,JC Buttler,13,8,2,0,162.5,out,0
IPL_2020_023,2,RR,SPD Smith,24,17,2,1,141.18,out,0
IPL_2020_023,2,RR,SV Samson,5,9,0,0,55.56,out,0
IPL_2020_023,2,RR,MK Lomror,1,2,0,0,50.0,out,0
IPL_2020_023,2,RR,R Tewatia,38,29,3,2,131.03,out,0
IPL_2020_023,2,RR,AJ Tye,6,6,0,1,100.0,out,0
IPL_2020_023,2,RR,JC Archer,2,4,0,0,50.0,out,0
IPL_2020_023,2,RR,S Gopal,2,3,0,0,66.67,out,0
IPL_2020_023,2,RR,Kartik Tyagi,2,3,0,0,66.67,not out,1
IPL_2020_023,2,RR,VR Aaron,1,2,0,0,50.0,out,0
IPL_2020_021,1,KKR,RA Tripathi,81,51,8,3,158.82,out,0
IPL_2020_021,1,KKR,Shubman Gill,11,12,1,0,91.67,out,0
IPL_2020_021,1,KKR,N Rana,9,10,1,0,90.0,out,0
IPL_2020_021,1,KKR,SP Narine,17,9,1,1,188.89,out,0
IPL_2020_021,1,KKR,EJG Morgan,7,10,1,0,70.0,out,0
IPL_2020_021,1,KKR,AD Russell,2,4,0,0,50.0,out,0
IPL_2020_021,1,KKR,KD Karthik,12,11,1,0,109.09,out,0
IPL_2020_021,1,KKR,PJ Cummins,17,9,1,1,188.89,not out,1
IPL_2020_021,1,KKR,KL Nagarkoti,0,2,0,0,0.0,out,0
IPL_2020_021,1,KKR,Shivam Mavi,0,1,0,0,0.0,out,0
IPL_2020_021,1,KKR,CV Varun,1,1,0,0,100.0,out,0
IPL_2020_021,2,CSK,SR Watson,50,40,6,1,125.0,out,0
IPL_2020_021,2,CSK,F du Plessis,17,10,3,0,170.0,out,0
IPL_2020_021,2,CSK,AT Rayudu,30,27,3,0,111.11,out,0
IPL_2020_021,2,CSK,MS Dhoni,11,12,1,0,91.67,out,0
IPL_2020_021,2,CSK,SM Curran,17,11,1,1,154.55,out,0
IPL_2020_021,2,CSK,KM Jadhav,7,12,1,0,58.33,not out,1
IPL_2020_021,2,CSK,RA Jadeja,21,8,3,1,262.5,not out,1
IPL_2020_052,1,RCB,JR Philippe,32,31,4,0,103.23,out,0
IPL_2020_052,1,RCB,D Padikkal,5,8,1,0,62.5,out,0
IPL_2020_052,1,RCB,V Kohli,7,7,0,0,100.0,out,0
IPL_2020_052,1,RCB,AB de Villiers,24,24,1,1,100.0,out,0
IPL_2020_052,1,RCB,Gurkeerat Singh,15,24,1,0,62.5,not out,1
IPL_2020_052,1,RCB,Washington Sundar,21,18,2,0,116.67,out,0
IPL_2020_052,1,RCB,CH Morris,3,4,0,0,75.0,out,0
IPL_2020_052,1,RCB,I Udana,0,1,0,0,0.0,out,0
IPL_2020_052,1,RCB,Mohammed Siraj,2,3,0,0,66.67,not out,1
IPL_2020_052,2,SRH,DA Warner,8,5,0,1,160.0,out,0
IPL_2020_052,2,SRH,WP Saha,39,32,4,1,121.88,out,0
IPL_2020_052,2,SRH,MK Pandey,26,19,3,1,136.84,out,0
IPL_2020_052,2,SRH,KS Williamson,8,14,0,0,57.14,out,0
IPL_2020_052,2,SRH,Abhishek Sharma,8,5,0,1,160.0,out,0
IPL_2020_052,2,SRH,JO Holder,26,10,1,3,260.0,not out,1
IPL_2020_013,1,MI,Q de Kock,0,5,0,0,0.0,out,0
IPL_2020_013,1,MI,SA Yadav,10,7,2,0,142.86,out,0
IPL_2020_013,1,MI,RG Sharma,70,45,8,3,155.56,out,0
IPL_2020_013,1,MI,Ishan Kishan,28,32,1,1,87.5,out,0
IPL_2020_013,1,MI,KA Pollard,47,20,3,4,235.0,not out,1
IPL_2020_013,1,MI,HH Pandya,30,11,3,2,272.73,not out,1
IPL_2020_013,2,PBKS,KL Rahul,17,19,1,0,89.47,out,0
IPL_2020_013,2,PBKS,MA Agarwal,25,18,3,0,138.89,out,0
IPL_2020_013,2,PBKS,KK Nair,0,3,0,0,0.0,out,0
IPL_2020_013,2,PBKS,N Pooran,44,27,3,2,162.96,out,0
IPL_2020_013,2,PBKS,GJ Maxwell,11,18,0,0,61.11,out,0
IPL_2020_013,2,PBKS,JDS Neesham,7,7,0,0,100.0,out,0
IPL_2020_013,2,PBKS,SN Khan,7,8,1,0,87.5,out,0
IPL_2020_013,2,PBKS,K Gowtham,22,13,2,1,169.23,not out,1
IPL_2020_013,2,PBKS,Ravi Bishnoi,1,5,0,0,20.0,out,0
IPL_2020_013,2,PBKS,Mohammed Shami,2,2,0,0,100.0,not out,1
IPL_2020_012,1,KKR,Shubman Gill,47,34,5,1,138.24,out,0
IPL_2020_012,1,KKR,SP Narine,15,14,2,1,107.14,out,0
IPL_2020_012,1,KKR,N Rana,22,17,2,1,129.41,out,0
IPL_2020_012,1,KKR,AD Russell,24,14,0,3,171.43,out,0
IPL_2020_012,1,KKR,KD Karthik,1,3,0,0,33.33,out,0
IPL_2020_012,1,KKR,EJG Morgan,34,23,1,2,147.83,not out,1
IPL_2020_012,1,KKR,PJ Cummins,12,10,1,0,120.0,out,0
IPL_2020_012,1,KKR,KL Nagarkoti,8,5,1,0,160.0,not out,1
IPL_2020_012,2,RR,JC Buttler,21,16,1,2,131.25,out,0
IPL_2020_012,2,RR,SPD Smith,3,7,0,0,42.86,out,0
IPL_2020_012,2,RR,SV Samson,8,9,1,0,88.89,out,0
IPL_2020_012,2,RR,RV Uthappa,2,7,0,0,28.57,out,0
IPL_2020_012,2,RR,R Parag,1,6,0,0,16.67,out,0
IPL_2020_012,2,RR,R Tewatia,14,10,0,1,140.0,out,0
IPL_2020_012,2,RR,TK Curran,54,36,2,3,150.0,not out,1
IPL_2020_012,2,RR,S Gopal,5,7,0,0,71.43,out,0
IPL_2020_012,2,RR,JC Archer,6,4,0,1,150.0,out,0
IPL_2020_012,2,RR,JD Unadkat,9,13,0,0,69.23,out,0
IPL_2020_012,2,RR,AS Rajpoot,7,5,0,1,140.0,not out,1
IPL_2020_055,1,RCB,JR Philippe,12,17,1,0,70.59,out,0
IPL_2020_055,1,RCB,D Padikkal,50,41,5,0,121.95,out,0
IPL_2020_055,1,RCB,V Kohli,29,24,2,1,120.83,out,0
IPL_2020_055,1,RCB,AB de Villiers,35,21,1,2,166.67,out,0
IPL_2020_055,1,RCB,CH Morris,0,2,0,0,0.0,out,0
IPL_2020_055,1,RCB,S Dube,17,11,2,1,154.55,out,0
IPL_2020_055,1,RCB,I Udana,4,2,1,0,200.0,out,0
IPL_2020_055,1,RCB,Washington Sundar,0,1,0,0,0.0,not out,1
IPL_2020_055,1,RCB,Shahbaz Ahmed,1,1,0,0,100.0,not out,1
IPL_2020_055,2,DC,PP Shaw,9,6,2,0,150.0,out,0
IPL_2020_055,2,DC,S Dhawan,54,41,6,0,131.71,out,0
IPL_2020_055,2,DC,AM Rahane,60,46,5,1,130.43,out,0
IPL_2020_055,2,DC,SS Iyer,7,9,0,0,77.78,out,0
IPL_2020_055,2,DC,RR Pant,8,7,1,0,114.29,not out,1
IPL_2020_055,2,DC,MP Stoinis,10,5,0,1,200.0,not out,1
IPL_2020_053,1,PBKS,KL Rahul,29,27,3,1,107.41,out,0
IPL_2020_053,1,PBKS,MA Agarwal,26,15,5,0,173.33,out,0
IPL_2020_053,1,PBKS,CH Gayle,12,19,0,0,63.16,out,0
IPL_2020_053,1,PBKS,N Pooran,2,6,0,0,33.33,out,0
IPL_2020_053,1,PBKS,Mandeep Singh,14,15,1,0,93.33,out,0
IPL_2020_053,1,PBKS,DJ Hooda,62,30,3,4,206.67,not out,1
IPL_2020_053,1,PBKS,JDS Neesham,2,3,0,0,66.67,out,0
IPL_2020_053,1,PBKS,CJ Jordan,4,5,0,0,80.0,not out,1
IPL_2020_053,2,CSK,RD Gaikwad,62,49,6,1,126.53,not out,1
IPL_2020_053,2,CSK,F du Plessis,48,34,4,2,141.18,out,0
IPL_2020_053,2,CSK,AT Rayudu,30,30,2,0,100.0,not out,1
IPL_2020_026,1,SRH,DA Warner,48,38,3,2,126.32,out,0
IPL_2020_026,1,SRH,JM Bairstow,16,19,0,1,84.21,out,0
IPL_2020_026,1,SRH,MK Pandey,54,44,2,3,122.73,out,0
IPL_2020_026,1,SRH,KS Williamson,22,12,0,2,183.33,not out,1
IPL_2020_026,1,SRH,PK Garg,15,8,1,1,187.5,out,0
IPL_2020_026,2,RR,BA Stokes,5,6,1,0,83.33,out,0
IPL_2020_026,2,RR,JC Buttler,16,13,1,1,123.08,out,0
IPL_2020_026,2,RR,SPD Smith,5,6,0,0,83.33,out,0
IPL_2020_026,2,RR,RV Uthappa,18,15,1,1,120.0,out,0
IPL_2020_026,2,RR,SV Samson,26,25,3,0,104.0,out,0
IPL_2020_026,2,RR,R Parag,42,26,2,2,161.54,not out,1
IPL_2020_026,2,RR,R Tewatia,45,28,4,2,160.71,not out,1
IPL_2020_005,1,MI,Q de Kock,1,3,0,0,33.33,out,0
IPL_2020_005,1,MI,RG Sharma,80,54,3,6,148.15,out,0
IPL_2020_005,1,MI,SA Yadav,47,28,6,1,167.86,out,0
IPL_2020_005,1,MI,SS Tiwary,21,13,1,1,161.54,out,0
IPL_2020_005,1,MI,HH Pandya,18,13,2,1,138.46,out,0
IPL_2020_005,1,MI,KA Pollard,13,7,1,0,185.71,not out,1
IPL_2020_005,1,MI,KH Pandya,1,3,0,0,33.33,not out,1
IPL_2020_005,2,KKR,Shubman Gill,7,11,1,0,63.64,out,0
IPL_2020_005,2,KKR,SP Narine,9,10,0,1,90.0,out,0
IPL_2020_005,2,KKR,KD Karthik,30,23,5,0,130.43,out,0
IPL_2020_005,2,KKR,N Rana,24,18,2,1,133.33,out,0
IPL_2020_005,2,KKR,EJG Morgan,16,20,1,1,80.0,out,0
IPL_2020_005,2,KKR,AD Russell,11,11,2,0,100.0,out,0
IPL_2020_005,2,KKR,NS Naik,1,3,0,0,33.33,out,0
IPL_2020_005,2,KKR,PJ Cummins,33,12,1,4,275.0,out,0
IPL_2020_005,2,KKR,Shivam Mavi,9,10,1,0,90.0,out,0
IPL_2020_005,2,KKR,Kuldeep Yadav,1,2,0,0,50.0,not out,1
IPL_2020_034,1,CSK,SM Curran,0,3,0,0,0.0,out,0
IPL_2020_034,1,CSK,F du Plessis,58,47,6,2,123.4,out,0
IPL_2020_034,1,CSK,SR Watson,36,28,6,0,128.57,out,0
IPL_2020_034,1,CSK,AT Rayudu,45,25,1,4,180.0,not out,1
IPL_2020_034,1,CSK,MS Dhoni,3,5,0,0,60.0,out,0
IPL_2020_034,1,CSK,RA Jadeja,33,13,0,4,253.85,not out,1
IPL_2020_034,2,DC,PP Shaw,0,2,0,0,0.0,out,0
IPL_2020_034,2,DC,AM Rahane,8,10,1,0,80.0,out,0
IPL_2020_034,2,DC,S Dhawan,101,58,14,1,174.14,not out,1
IPL_2020_034,2,DC,SS Iyer,23,23,1,1,100.0,out,0
IPL_2020_034,2,DC,MP Stoinis,24,14,1,2,171.43,out,0
IPL_2020_034,2,DC,AT Carey,4,7,0,0,57.14,out,0
IPL_2020_034,2,DC,AR Patel,21,5,0,3,420.0,not out,1
IPL_2020_006,1,PBKS,KL Rahul,132,69,14,7,191.3,not out,1
IPL_2020_006,1,PBKS,MA Agarwal,26,20,4,0,130.0,out,0
IPL_2020_006,1,PBKS,N Pooran,17,18,1,0,94.44,out,0
IPL_2020_006,1,PBKS,GJ Maxwell,5,6,0,0,83.33,out,0
IPL_2020_006,1,PBKS,KK Nair,15,8,2,0,187.5,not out,1
IPL_2020_006,2,RCB,D Padikkal,1,2,0,0,50.0,out,0
IPL_2020_006,2,RCB,AJ Finch,20,21,3,0,95.24,out,0
IPL_2020_006,2,RCB,JR Philippe,0,3,0,0,0.0,out,0
IPL_2020_006,2,RCB,V Kohli,1,5,0,0,20.0,out,0
IPL_2020_006,2,RCB,AB de Villiers,28,18,4,1,155.56,out,0
IPL_2020_006,2,RCB,Washington Sundar,30,27,2,1,111.11,out,0
IPL_2020_006,2,RCB,S Dube,12,12,0,1,100.0,out,0
IPL_2020_006,2,RCB,UT Yadav,0,2,0,0,0.0,out,0
IPL_2020_006,2,RCB,Navdeep Saini,6,7,1,0,85.71,out,0
IPL_2020_006,2,RCB,DW Steyn,1,2,0,0,50.0,not out,1
IPL_2020_006,2,RCB,YS Chahal,1,3,0,0,33.33,out,0
IPL_2020_020,1,MI,Q de Kock,23,15,3,1,153.33,out,0
IPL_2020_020,1,MI,RG Sharma,35,23,2,3,152.17,out,0
IPL_2020_020,1,MI,SA Yadav,79,47,11,2,168.09,not out,1
IPL_2020_020,1,MI,Ishan Kishan,0,1,0,0,0.0,out,0
IPL_2020_020,1,MI,KH Pandya,12,17,0,1,70.59,out,0
IPL_2020_020,1,MI,HH Pandya,30,19,2,1,157.89,not out,1
IPL_2020_020,2,RR,YBK Jaiswal,0,2,0,0,0.0,out,0
IPL_2020_020,2,RR,SPD Smith,6,7,1,0,85.71,out,0
IPL_2020_020,2,RR,JC Buttler,70,44,4,5,159.09,out,0
IPL_2020_020,2,RR,SV Samson,0,3,0,0,0.0,out,0
IPL_2020_020,2,RR,MK Lomror,11,13,1,0,84.62,out,0
IPL_2020_020,2,RR,TK Curran,15,16,1,0,93.75,out,0
IPL_2020_020,2,RR,R Tewatia,5,6,1,0,83.33,out,0
IPL_2020_020,2,RR,JC Archer,24,11,3,1,218.18,out,0
IPL_2020_020,2,RR,S Gopal,1,2,0,0,50.0,out,0
IPL_2020_020,2,RR,AS Rajpoot,2,5,0,0,40.0,out,0
IPL_2020_035,1,KKR,Shubman Gill,36,37,5,0,97.3,out,0
IPL_2020_035,1,KKR,RA Tripathi,23,16,2,1,143.75,out,0
IPL_2020_035,1,KKR,N Rana,29,20,3,1,145.0,out,0
IPL_2020_035,1,KKR,AD Russell,9,11,1,0,81.82,out,0
IPL_2020_035,1,KKR,EJG Morgan,34,23,3,1,147.83,out,0
IPL_2020_035,1,KKR,KD Karthik,29,14,2,2,207.14,not out,1
IPL_2020_035,2,SRH,JM Bairstow,36,28,7,0,128.57,out,0
IPL_2020_035,2,SRH,KS Williamson,29,19,4,1,152.63,out,0
IPL_2020_035,2,SRH,PK Garg,4,7,0,0,57.14,out,0
IPL_2020_035,2,SRH,DA Warner,47,33,5,0,142.42,not out,1
IPL_2020_035,2,SRH,MK Pandey,6,7,0,0,85.71,out,0
IPL_2020_035,2,SRH,V Shankar,7,10,0,0,70.0,out,0
IPL_2020_035,2,SRH,Abdul Samad,23,15,2,1,153.33,out,0
IPL_2020_035,2,SRH,Rashid Khan,1,2,0,0,50.0,not out,1
IPL_2020_035,3,SRH,DA Warner,0,1,0,0,0.0,out,0
IPL_2020_035,3,SRH,Abdul Samad,2,2,0,0,100.0,out,0
IPL_2020_035,4,KKR,EJG Morgan,1,2,0,0,50.0,not out,1
IPL_2020_035,4,KKR,KD Karthik,0,2,0,0,0.0,not out,1
IPL_2020_018,1,PBKS,KL Rahul,63,52,7,1,121.15,out,0
IPL_2020_018,1,PBKS,MA Agarwal,26,19,3,0,136.84,out,0
IPL_2020_018,1,PBKS,Mandeep Singh,27,16,0,2,168.75,out,0
IPL_2020_018,1,PBKS,N Pooran,33,17,1,3,194.12,out,0
IPL_2020_018,1,PBKS,SN Khan,14,9,2,0,155.56,not out,1
IPL_2020_018,1,PBKS,GJ Maxwell,11,7,1,0,157.14,not out,1
IPL_2020_018,2,CSK,SR Watson,83,53,11,3,156.6,not out,1
IPL_2020_018,2,CSK,F du Plessis,87,53,11,1,164.15,not out,1
IPL_2020_015,1,RR,JC Buttler,22,12,3,1,183.33,out,0
IPL_2020_015,1,RR,SPD Smith,5,5,1,0,100.0,out,0
IPL_2020_015,1,RR,SV Samson,4,3,1,0,133.33,out,0
IPL_2020_015,1,RR,RV Uthappa,17,22,1,0,77.27,out,0
IPL_2020_015,1,RR,MK Lomror,47,39,1,3,120.51,out,0
IPL_2020_015,1,RR,R Parag,16,18,1,0,88.89,out,0
IPL_2020_015,1,RR,R Tewatia,24,12,0,3,200.0,not out,1
IPL_2020_015,1,RR,JC Archer,16,10,1,1,160.0,not out,1
IPL_2020_015,2,RCB,D Padikkal,63,45,6,1,140.0,out,0
IPL_2020_015,2,RCB,AJ Finch,8,7,2,0,114.29,out,0
IPL_2020_015,2,RCB,V Kohli,72,53,7,2,135.85,not out,1
IPL_2020_015,2,RCB,AB de Villiers,12,10,1,0,120.0,not out,1
IPL_2020_016,1,DC,PP Shaw,66,41,4,4,160.98,out,0
IPL_2020_016,1,DC,S Dhawan,26,16,2,2,162.5,out,0
IPL_2020_016,1,DC,SS Iyer,88,38,7,6,231.58,not out,1
IPL_2020_016,1,DC,RR Pant,38,17,5,1,223.53,out,0
IPL_2020_016,1,DC,MP Stoinis,1,3,0,0,33.33,out,0
IPL_2020_016,1,DC,SO Hetmyer,7,5,0,1,140.0,not out,1
IPL_2020_016,2,KKR,Shubman Gill,28,22,2,1,127.27,out,0
IPL_2020_016,2,KKR,SP Narine,3,5,0,0,60.0,out,0
IPL_2020_016,2,KKR,N Rana,58,35,4,4,165.71,out,0
IPL_2020_016,2,KKR,AD Russell,13,8,1,1,162.5,out,0
IPL_2020_016,2,KKR,KD Karthik,6,8,0,0,75.0,out,0
IPL_2020_016,2,KKR,PJ Cummins,5,4,1,0,125.0,out,0
IPL_2020_016,2,KKR,EJG Morgan,44,18,1,5,244.44,out,0
IPL_2020_016,2,KKR,RA Tripathi,36,16,3,3,225.0,out,0
IPL_2020_016,2,KKR,KL Nagarkoti,3,3,0,0,100.0,not out,1
IPL_2020_016,2,KKR,Shivam Mavi,1,3,0,0,33.33,not out,1
IPL_2020_014,1,SRH,DA Warner,28,29,3,0,96.55,out,0
IPL_2020_014,1,SRH,JM Bairstow,0,3,0,0,0.0,out,0
IPL_2020_014,1,SRH,MK Pandey,29,21,5,0,138.1,out,0
IPL_2020_014,1,SRH,KS Williamson,9,13,1,0,69.23,out,0
IPL_2020_014,1,SRH,PK Garg,51,26,6,1,196.15,not out,1
IPL_2020_014,1,SRH,Abhishek Sharma,31,24,4,1,129.17,out,0
IPL_2020_014,1,SRH,Abdul Samad,8,6,0,0,133.33,not out,1
IPL_2020_014,2,CSK,F du Plessis,22,19,4,0,115.79,out,0
IPL_2020_014,2,CSK,SR Watson,1,6,0,0,16.67,out,0
IPL_2020_014,2,CSK,AT Rayudu,8,9,1,0,88.89,out,0
IPL_2020_014,2,CSK,KM Jadhav,3,10,0,0,30.0,out,0
IPL_2020_014,2,CSK,MS Dhoni,47,36,4,1,130.56,not out,1
IPL_2020_014,2,CSK,RA Jadeja,50,35,5,2,142.86,out,0
IPL_2020_014,2,CSK,SM Curran,15,5,0,2,300.0,not out,1
IPL_2020_036,1,MI,RG Sharma,9,8,2,0,112.5,out,0
IPL_2020_036,1,MI,Q de Kock,53,43,3,3,123.26,out,0
IPL_2020_036,1,MI,SA Yadav,0,4,0,0,0.0,out,0
IPL_2020_036,1,MI,Ishan Kishan,7,7,1,0,100.0,out,0
IPL_2020_036,1,MI,KH Pandya,34,30,4,1,113.33,out,0
IPL_2020_036,1,MI,HH Pandya,8,4,0,1,200.0,out,0
IPL_2020_036,1,MI,KA Pollard,34,12,1,4,283.33,not out,1
IPL_2020_036,1,MI,NM Coulter-Nile,24,12,4,0,200.0,not out,1
IPL_2020_036,2,PBKS,KL Rahul,77,51,7,3,150.98,out,0
IPL_2020_036,2,PBKS,MA Agarwal,11,10,1,0,110.0,out,0
IPL_2020_036,2,PBKS,CH Gayle,24,21,1,2,114.29,out,0
IPL_2020_036,2,PBKS,N Pooran,24,12,2,2,200.0,out,0
IPL_2020_036,2,PBKS,GJ Maxwell,0,2,0,0,0.0,out,0
IPL_2020_036,2,PBKS,DJ Hooda,23,16,1,1,143.75,not out,1
IPL_2020_036,2,PBKS,CJ Jordan,13,8,2,0,162.5,out,0
IPL_2020_036,3,PBKS,KL Rahul,4,4,0,0,100.0,out,0
IPL_2020_036,3,PBKS,N Pooran,0,1,0,0,0.0,out,0
IPL_2020_036,3,PBKS,DJ Hooda,1,1,0,0,100.0,not out,1
IPL_2020_036,4,MI,Q de Kock,3,3,0,0,100.0,out,0
IPL_2020_036,4,MI,RG Sharma,2,3,0,0,66.67,not out,1
IPL_2020_036,5,MI,KA Pollard,8,5,1,0,160.0,not out,1
IPL_2020_036,5,MI,HH Pandya,1,1,0,0,100.0,out,0
IPL_2020_036,6,PBKS,CH Gayle,7,2,0,1,350.0,not out,1
IPL_2020_036,6,PBKS,MA Agarwal,8,2,2,0,400.0,not out,1
IPL_2020_040,1,RR,RV Uthappa,19,13,2,1,146.15,out,0
IPL_2020_040,1,RR,BA Stokes,30,32,2,0,93.75,out,0
IPL_2020_040,1,RR,SV Samson,36,26,3,1,138.46,out,0
IPL_2020_040,1,RR,JC Buttler,9,12,0,0,75.0,out,0
IPL_2020_040,1,RR,SPD Smith,19,15,2,0,126.67,out,0
IPL_2020_040,1,RR,R Parag,20,12,2,1,166.67,out,0
IPL_2020_040,1,RR,R Tewatia,2,3,0,0,66.67,not out,1
IPL_2020_040,1,RR,JC Archer,16,7,1,1,228.57,not out,1
IPL_2020_040,2,SRH,DA Warner,4,4,1,0,100.0,out,0
IPL_2020_040,2,SRH,MK Pandey,83,47,4,8,176.6,not out,1
IPL_2020_040,2,SRH,JM Bairstow,10,7,1,1,142.86,out,0
IPL_2020_040,2,SRH,V Shankar,52,51,6,0,101.96,not out,1
IPL_2020_019,1,DC,PP Shaw,42,23,5,2,182.61,out,0
IPL_2020_019,1,DC,S Dhawan,32,28,3,0,114.29,out,0
IPL_2020_019,1,DC,SS Iyer,11,13,1,0,84.62,out,0
IPL_2020_019,1,DC,RR Pant,37,25,3,2,148.0,out,0
IPL_2020_019,1,DC,MP Stoinis,53,26,6,2,203.85,not out,1
IPL_2020_019,1,DC,SO Hetmyer,11,7,0,1,157.14,not out,1
IPL_2020_019,2,RCB,D Padikkal,4,6,0,0,66.67,out,0
IPL_2020_019,2,RCB,AJ Finch,13,14,1,0,92.86,out,0
IPL_2020_019,2,RCB,V Kohli,43,39,2,1,110.26,out,0
IPL_2020_019,2,RCB,AB de Villiers,9,6,2,0,150.0,out,0
IPL_2020_019,2,RCB,MM Ali,11,13,1,0,84.62,out,0
IPL_2020_019,2,RCB,Washington Sundar,17,11,3,0,154.55,out,0
IPL_2020_019,2,RCB,S Dube,11,12,0,1,91.67,out,0
IPL_2020_019,2,RCB,I Udana,1,3,0,0,33.33,out,0
IPL_2020_019,2,RCB,Navdeep Saini,12,12,1,0,100.0,not out,1
IPL_2020_019,2,RCB,Mohammed Siraj,5,4,1,0,125.0,out,0
IPL_2020_019,2,RCB,YS Chahal,0,0,0,0,0.0,not out,1
IPL_2020_046,1,KKR,Shubman Gill,57,45,3,4,126.67,out,0
IPL_2020_046,1,KKR,N Rana,0,1,0,0,0.0,out,0
IPL_2020_046,1,KKR,RA Tripathi,7,4,0,1,175.0,out,0
IPL_2020_046,1,KKR,KD Karthik,0,2,0,0,0.0,out,0
IPL_2020_046,1,KKR,EJG Morgan,40,25,5,2,160.0,out,0
IPL_2020_046,1,KKR,SP Narine,6,4,1,0,150.0,out,0
IPL_2020_046,1,KKR,KL Nagarkoti,6,13,0,0,46.15,out,0
IPL_2020_046,1,KKR,PJ Cummins,1,8,0,0,12.5,out,0
IPL_2020_046,1,KKR,LH Ferguson,24,13,3,1,184.62,not out,1
IPL_2020_046,1,KKR,CV Varun,2,4,0,0,50.0,out,0
IPL_2020_046,1,KKR,M Prasidh Krishna,0,1,0,0,0.0,not out,1
IPL_2020_046,2,PBKS,KL Rahul,28,25,4,0,112.0,out,0
IPL_2020_046,2,PBKS,Mandeep Singh,66,56,8,2,117.86,not out,1
IPL_2020_046,2,PBKS,CH Gayle,51,29,2,5,175.86,out,0
IPL_2020_046,2,PBKS,N Pooran,2,3,0,0,66.67,not out,1
IPL_2020_041,1,CSK,RD Gaikwad,0,5,0,0,0.0,out,0
IPL_2020_041,1,CSK,AT Rayudu,2,3,0,0,66.67,out,0
IPL_2020_041,1,CSK,F du Plessis,1,7,0,0,14.29,out,0
IPL_2020_041,1,CSK,N Jagadeesan,0,1,0,0,0.0,out,0
IPL_2020_041,1,CSK,MS Dhoni,16,16,2,1,100.0,out,0
IPL_2020_041,1,CSK,RA Jadeja,7,6,1,0,116.67,out,0
IPL_2020_041,1,CSK,SM Curran,52,47,4,2,110.64,out,0
IPL_2020_041,1,CSK,DL Chahar,0,5,0,0,0.0,out,0
IPL_2020_041,1,CSK,SN Thakur,11,20,0,0,55.0,out,0
IPL_2020_041,1,CSK,Imran Tahir,13,10,2,0,130.0,not out,1
IPL_2020_041,2,MI,Q de Kock,46,37,5,2,124.32,not out,1
IPL_2020_041,2,MI,Ishan Kishan,68,37,6,5,183.78,not out,1
IPL_2020_033,1,RR,RV Uthappa,41,22,7,1,186.36,out,0
IPL_2020_033,1,RR,BA Stokes,15,19,2,0,78.95,out,0
IPL_2020_033,1,RR,SV Samson,9,6,0,1,150.0,out,0
IPL_2020_033,1,RR,JC Buttler,24,25,1,1,96.0,out,0
IPL_2020_033,1,RR,SPD Smith,57,36,6,1,158.33,out,0
IPL_2020_033,1,RR,R Tewatia,19,11,1,1,172.73,not out,1
IPL_2020_033,1,RR,JC Archer,2,3,0,0,66.67,out,0
IPL_2020_033,2,RCB,D Padikkal,35,37,2,0,94.59,out,0
IPL_2020_033,2,RCB,AJ Finch,14,11,0,2,127.27,out,0
IPL_2020_033,2,RCB,V Kohli,43,32,1,2,134.38,out,0
IPL_2020_033,2,RCB,AB de Villiers,55,22,1,6,250.0,not out,1
IPL_2020_033,2,RCB,Gurkeerat Singh,19,17,1,0,111.76,not out,1
IPL_2020_024,1,KKR,RA Tripathi,4,10,1,0,40.0,out,0
IPL_2020_024,1,KKR,Shubman Gill,57,47,5,0,121.28,out,0
IPL_2020_024,1,KKR,N Rana,2,4,0,0,50.0,out,0
IPL_2020_024,1,KKR,EJG Morgan,24,23,2,1,104.35,out,0
IPL_2020_024,1,KKR,KD Karthik,58,29,8,2,200.0,out,0
IPL_2020_024,1,KKR,AD Russell,5,3,1,0,166.67,out,0
IPL_2020_024,1,KKR,PJ Cummins,5,4,0,0,125.0,not out,1
IPL_2020_024,2,PBKS,KL Rahul,74,58,6,0,127.59,out,0
IPL_2020_024,2,PBKS,MA Agarwal,56,39,6,1,143.59,out,0
IPL_2020_024,2,PBKS,N Pooran,16,10,2,1,160.0,out,0
IPL_2020_024,2,PBKS,P Simran Singh,4,7,0,0,57.14,out,0
IPL_2020_024,2,PBKS,GJ Maxwell,10,5,2,0,200.0,not out,1
IPL_2020_024,2,PBKS,Mandeep Singh,0,1,0,0,0.0,out,0
IPL_2020_047,1,SRH,DA Warner,66,34,8,2,194.12,out,0
IPL_2020_047,1,SRH,WP Saha,87,45,12,2,193.33,out,0
IPL_2020_047,1,SRH,MK Pandey,44,31,4,1,141.94,not out,1
IPL_2020_047,1,SRH,KS Williamson,11,10,1,0,110.0,not out,1
IPL_2020_047,2,DC,AM Rahane,26,19,3,1,136.84,out,0
IPL_2020_047,2,DC,S Dhawan,0,1,0,0,0.0,out,0
IPL_2020_047,2,DC,MP Stoinis,5,6,1,0,83.33,out,0
IPL_2020_047,2,DC,SO Hetmyer,16,13,3,0,123.08,out,0
IPL_2020_047,2,DC,RR Pant,36,35,3,1,102.86,out,0
IPL_2020_047,2,DC,SS Iyer,7,12,0,0,58.33,out,0
IPL_2020_047,2,DC,AR Patel,1,4,0,0,25.0,out,0
IPL_2020_047,2,DC,K Rabada,3,7,0,0,42.86,out,0
IPL_2020_047,2,DC,TU Deshpande,20,9,2,1,222.22,not out,1
IPL_2020_047,2,DC,R Ashwin,7,5,1,0,140.0,out,0
IPL_2020_047,2,DC,A Nortje,1,3,0,0,33.33,out,0
IPL_2020_025,1,RCB,D Padikkal,33,34,2,1,97.06,out,0
IPL_2020_025,1,RCB,AJ Finch,2,9,0,0,22.22,out,0
IPL_2020_025,1,RCB,V Kohli,90,52,4,4,173.08,not out,1
IPL_2020_025,1,RCB,AB de Villiers,0,2,0,0,0.0,out,0
IPL_2020_025,1,RCB,Washington Sundar,10,10,0,1,100.0,out,0
IPL_2020_025,1,RCB,S Dube,22,14,2,1,157.14,not out,1
IPL_2020_025,2,CSK,SR Watson,14,18,3,0,77.78,out,0
IPL_2020_025,2,CSK,F du Plessis,8,10,0,0,80.0,out,0
IPL_2020_025,2,CSK,AT Rayudu,42,40,4,0,105.0,out,0
IPL_2020_025,2,CSK,N Jagadeesan,33,28,4,0,117.86,out,0
IPL_2020_025,2,CSK,MS Dhoni,10,6,0,1,166.67,out,0
IPL_2020_025,2,CSK,SM Curran,0,1,0,0,0.0,out,0
IPL_2020_025,2,CSK,RA Jadeja,7,6,1,0,116.67,out,0
IPL_2020_025,2,CSK,DJ Bravo,7,5,0,0,140.0,out,0
IPL_2020_025,2,CSK,DL Chahar,5,5,0,0,100.0,not out,1
IPL_2020_025,2,CSK,SN Thakur,1,1,0,0,100.0,not out,1
IPL_2020_032,1,KKR,RA Tripathi,7,9,1,0,77.78,out,0
IPL_2020_032,1,KKR,Shubman Gill,21,23,2,0,91.3,out,0
IPL_2020_032,1,KKR,N Rana,5,6,1,0,83.33,out,0
IPL_2020_032,1,KKR,KD Karthik,4,8,1,0,50.0,out,0
IPL_2020_032,1,KKR,AD Russell,12,9,1,1,133.33,out,0
IPL_2020_032,1,KKR,EJG Morgan,39,29,2,2,134.48,not out,1
IPL_2020_032,1,KKR,PJ Cummins,53,36,5,2,147.22,not out,1
IPL_2020_032,2,MI,RG Sharma,35,36,5,1,97.22,out,0
IPL_2020_032,2,MI,Q de Kock,78,44,9,3,177.27,not out,1
IPL_2020_032,2,MI,SA Yadav,10,10,1,0,100.0,out,0
IPL_2020_032,2,MI,HH Pandya,21,11,3,1,190.91,not out,1
IPL_2020_009,1,PBKS,KL Rahul,69,54,7,1,127.78,out,0
IPL_2020_009,1,PBKS,MA Agarwal,106,50,10,7,212.0,out,0
IPL_2020_009,1,PBKS,GJ Maxwell,13,9,2,0,144.44,not out,1
IPL_2020_009,1,PBKS,N Pooran,25,8,1,3,312.5,not out,1
IPL_2020_009,2,RR,JC Buttler,4,7,0,0,57.14,out,0
IPL_2020_009,2,RR,SPD Smith,50,27,7,2,185.19,out,0
IPL_2020_009,2,RR,SV Samson,85,42,4,7,202.38,out,0
IPL_2020_009,2,RR,R Tewatia,53,31,0,7,170.97,out,0
IPL_2020_009,2,RR,RV Uthappa,9,4,2,0,225.0,out,0
IPL_2020_009,2,RR,JC Archer,13,3,0,2,433.33,not out,1
IPL_2020_009,2,RR,R Parag,0,2,0,0,0.0,out,0
IPL_2020_009,2,RR,TK Curran,4,1,1,0,400.0,not out,1
IPL_2020_029,1,CSK,SM Curran,31,21,3,2,147.62,out,0
IPL_2020_029,1,CSK,F du Plessis,0,1,0,0,0.0,out,0
IPL_2020_029,1,CSK,SR Watson,42,38,1,3,110.53,out,0
IPL_2020_029,1,CSK,AT Rayudu,41,34,3,2,120.59,out,0
IPL_2020_029,1,CSK,MS Dhoni,21,13,2,1,161.54,out,0
IPL_2020_029,1,CSK,RA Jadeja,25,10,3,1,250.0,not out,1
IPL_2020_029,1,CSK,DJ Bravo,0,1,0,0,0.0,out,0
IPL_2020_029,1,CSK,DL Chahar,2,2,0,0,100.0,not out,1
IPL_2020_029,2,SRH,DA Warner,9,13,0,0,69.23,out,0
IPL_2020_029,2,SRH,JM Bairstow,23,24,2,0,95.83,out,0
IPL_2020_029,2,SRH,MK Pandey,4,3,1,0,133.33,out,0
IPL_2020_029,2,SRH,KS Williamson,57,39,7,0,146.15,out,0
IPL_2020_029,2,SRH,PK Garg,16,18,1,0,88.89,out,0
IPL_2020_029,2,SRH,V Shankar,12,7,0,1,171.43,out,0
IPL_2020_029,2,SRH,Rashid Khan,14,8,1,1,175.0,out,0
IPL_2020_029,2,SRH,S Nadeem,5,5,1,0,100.0,out,0
IPL_2020_029,2,SRH,Sandeep Sharma,1,2,0,0,50.0,not out,1
IPL_2020_029,2,SRH,T Natarajan,0,1,0,0,0.0,not out,1
IPL_2020_027,1,DC,PP Shaw,4,3,1,0,133.33,out,0
IPL_2020_027,1,DC,AM Rahane,15,15,3,0,100.0,out,0
IPL_2020_027,1,DC,S Dhawan,69,52,6,1,132.69,not out,1
IPL_2020_027,1,DC,SS Iyer,42,33,5,0,127.27,out,0
IPL_2020_027,1,DC,MP Stoinis,13,8,2,0,162.5,out,0
IPL_2020_027,1,DC,AT Carey,14,9,0,0,155.56,not out,1
IPL_2020_027,2,MI,RG Sharma,5,12,0,0,41.67,out,0
IPL_2020_027,2,MI,Q de Kock,53,36,4,3,147.22,out,0
IPL_2020_027,2,MI,SA Yadav,53,32,6,1,165.62,out,0
IPL_2020_027,2,MI,Ishan Kishan,28,15,2,2,186.67,out,0
IPL_2020_027,2,MI,HH Pandya,0,2,0,0,0.0,out,0
IPL_2020_027,2,MI,KA Pollard,11,14,1,0,78.57,not out,1
IPL_2020_027,2,MI,KH Pandya,12,7,2,0,171.43,not out,1
IPL_2020_054,1,KKR,Shubman Gill,36,24,6,0,150.0,out,0
IPL_2020_054,1,KKR,N Rana,0,1,0,0,0.0,out,0
IPL_2020_054,1,KKR,RA Tripathi,39,34,4,2,114.71,out,0
IPL_2020_054,1,KKR,SP Narine,0,2,0,0,0.0,out,0
IPL_2020_054,1,KKR,EJG Morgan,68,35,5,6,194.29,not out,1
IPL_2020_054,1,KKR,KD Karthik,0,1,0,0,0.0,out,0
IPL_2020_054,1,KKR,AD Russell,25,11,1,3,227.27,out,0
IPL_2020_054,1,KKR,PJ Cummins,15,11,0,1,136.36,out,0
IPL_2020_054,1,KKR,KL Nagarkoti,1,1,0,0,100.0,not out,1
IPL_2020_054,2,RR,RV Uthappa,6,2,0,1,300.0,out,0
IPL_2020_054,2,RR,BA Stokes,18,11,2,1,163.64,out,0
IPL_2020_054,2,RR,SV Samson,1,4,0,0,25.0,out,0
IPL_2020_054,2,RR,SPD Smith,4,4,1,0,100.0,out,0
IPL_2020_054,2,RR,R Parag,0,7,0,0,0.0,out,0
IPL_2020_054,2,RR,JC Buttler,35,22,4,1,159.09,out,0
IPL_2020_054,2,RR,R Tewatia,31,27,2,1,114.81,out,0
IPL_2020_054,2,RR,S Gopal,23,23,2,0,100.0,not out,1
IPL_2020_054,2,RR,JC Archer,6,9,0,0,66.67,out,0
IPL_2020_054,2,RR,Kartik Tyagi,2,3,0,0,66.67,out,0
IPL_2020_054,2,RR,VR Aaron,0,8,0,0,0.0,not out,1
IPL_2020_031,1,RCB,AJ Finch,20,18,2,1,111.11,out,0
IPL_2020_031,1,RCB,D Padikkal,18,12,1,1,150.0,out,0
IPL_2020_031,1,RCB,V Kohli,48,39,3,0,123.08,out,0
IPL_2020_031,1,RCB,Washington Sundar,13,14,1,0,92.86,out,0
IPL_2020_031,1,RCB,S Dube,23,19,0,2,121.05,out,0
IPL_2020_031,1,RCB,AB de Villiers,2,5,0,0,40.0,out,0
IPL_2020_031,1,RCB,I Udana,10,5,0,1,200.0,not out,1
IPL_2020_031,1,RCB,CH Morris,25,8,1,3,312.5,not out,1
IPL_2020_031,2,PBKS,KL Rahul,61,49,1,5,124.49,not out,1
IPL_2020_031,2,PBKS,MA Agarwal,45,25,4,3,180.0,out,0
IPL_2020_031,2,PBKS,CH Gayle,53,45,1,5,117.78,out,0
IPL_2020_031,2,PBKS,N Pooran,6,1,0,1,600.0,not out,1
IPL_2020_011,1,SRH,DA Warner,45,33,3,2,136.36,out,0
IPL_2020_011,1,SRH,JM Bairstow,53,48,2,1,110.42,out,0
IPL_2020_011,1,SRH,MK Pandey,3,5,0,0,60.0,out,0
IPL_2020_011,1,SRH,KS Williamson,41,26,5,0,157.69,out,0
IPL_2020_011,1,SRH,Abdul Samad,12,7,1,1,171.43,not out,1
IPL_2020_011,1,SRH,Abhishek Sharma,1,1,0,0,100.0,not out,1
IPL_2020_011,2,DC,PP Shaw,2,5,0,0,40.0,out,0
IPL_2020_011,2,DC,SS Iyer,17,21,2,0,80.95,out,0
IPL_2020_011,2,DC,S Dhawan,34,31,4,0,109.68,out,0
IPL_2020_011,2,DC,RR Pant,28,27,1,2,103.7,out,0
IPL_2020_011,2,DC,SO Hetmyer,21,12,0,2,175.0,out,0
IPL_2020_011,2,DC,MP Stoinis,11,9,1,0,122.22,out,0
IPL_2020_011,2,DC,AR Patel,5,6,0,0,83.33,out,0
IPL_2020_011,2,DC,K Rabada,15,7,1,1,214.29,not out,1
IPL_2020_011,2,DC,A Nortje,3,2,0,0,150.0,not out,1
IPL_2020_037,1,CSK,SM Curran,22,25,1,1,88.0,out,0
IPL_2020_037,1,CSK,F du Plessis,10,9,1,0,111.11,out,0
IPL_2020_037,1,CSK,SR Watson,8,3,2,0,266.67,out,0
IPL_2020_037,1,CSK,AT Rayudu,13,19,2,0,68.42,out,0
IPL_2020_037,1,CSK,MS Dhoni,28,28,2,0,100.0,out,0
IPL_2020_037,1,CSK,RA Jadeja,35,30,4,0,116.67,not out,1
IPL_2020_037,1,CSK,KM Jadhav,4,7,0,0,57.14,not out,1
IPL_2020_037,2,RR,BA Stokes,19,11,3,0,172.73,out,0
IPL_2020_037,2,RR,RV Uthappa,4,9,0,0,44.44,out,0
IPL_2020_037,2,RR,SPD Smith,26,34,2,0,76.47,not out,1
IPL_2020_037,2,RR,SV Samson,0,3,0,0,0.0,out,0
IPL_2020_037,2,RR,JC Buttler,70,48,7,2,145.83,not out,1
IPL_2020_003,1,RCB,D Padikkal,56,42,8,0,133.33,out,0
IPL_2020_003,1,RCB,AJ Finch,29,27,1,2,107.41,out,0
IPL_2020_003,1,RCB,AB de Villiers,51,30,4,2,170.0,out,0
IPL_2020_003,1,RCB,V Kohli,14,13,0,0,107.69,out,0
IPL_2020_003,1,RCB,S Dube,7,8,0,0,87.5,out,0
IPL_2020_003,1,RCB,JR Philippe,1,2,0,0,50.0,not out,1
IPL_2020_003,2,SRH,DA Warner,6,6,1,0,100.0,out,0
IPL_2020_003,2,SRH,JM Bairstow,61,43,6,2,141.86,out,0
IPL_2020_003,2,SRH,MK Pandey,34,33,3,1,103.03,out,0
IPL_2020_003,2,SRH,PK Garg,12,13,1,0,92.31,out,0
IPL_2020_003,2,SRH,V Shankar,0,1,0,0,0.0,out,0
IPL_2020_003,2,SRH,Abhishek Sharma,7,4,1,0,175.0,out,0
IPL_2020_003,2,SRH,Rashid Khan,6,5,1,0,120.0,out,0
IPL_2020_003,2,SRH,B Kumar,0,2,0,0,0.0,out,0
IPL_2020_003,2,SRH,Sandeep Sharma,9,6,1,0,150.0,out,0
IPL_2020_003,2,SRH,MR Marsh,0,1,0,0,0.0,out,0
IPL_2020_003,2,SRH,T Natarajan,3,4,0,0,75.0,not out,1
IPL_2020_051,1,DC,PP Shaw,10,11,2,0,90.91,out,0
IPL_2020_051,1,DC,S Dhawan,0,2,0,0,0.0,out,0
IPL_2020_051,1,DC,SS Iyer,25,29,1,1,86.21,out,0
IPL_2020_051,1,DC,RR Pant,21,24,2,0,87.5,out,0
IPL_2020_051,1,DC,MP Stoinis,2,3,0,0,66.67,out,0
IPL_2020_051,1,DC,SO Hetmyer,11,13,1,0,84.62,out,0
IPL_2020_051,1,DC,HV Patel,5,9,1,0,55.56,out,0
IPL_2020_051,1,DC,R Ashwin,12,9,0,1,133.33,out,0
IPL_2020_051,1,DC,P Dubey,7,13,0,0,53.85,not out,1
IPL_2020_051,1,DC,K Rabada,12,7,0,1,171.43,out,0
IPL_2020_051,2,MI,Ishan Kishan,72,47,8,3,153.19,not out,1
IPL_2020_051,2,MI,Q de Kock,26,28,2,0,92.86,out,0
IPL_2020_051,2,MI,SA Yadav,12,11,1,0,109.09,not out,1
IPL_2020_049,1,KKR,Shubman Gill,26,17,4,0,152.94,out,0
IPL_2020_049,1,KKR,N Rana,87,61,10,4,142.62,out,0
IPL_2020_049,1,KKR,SP Narine,7,7,0,1,100.0,out,0
IPL_2020_049,1,KKR,RK Singh,11,11,1,0,100.0,out,0
IPL_2020_049,1,KKR,EJG Morgan,15,12,2,0,125.0,out,0
IPL_2020_049,1,KKR,KD Karthik,21,10,3,0,210.0,not out,1
IPL_2020_049,1,KKR,RA Tripathi,3,2,0,0,150.0,not out,1
IPL_2020_049,2,CSK,SR Watson,14,19,1,1,73.68,out,0
IPL_2020_049,2,CSK,RD Gaikwad,72,53,6,2,135.85,out,0
IPL_2020_049,2,CSK,AT Rayudu,38,20,5,1,190.0,out,0
IPL_2020_049,2,CSK,MS Dhoni,1,4,0,0,25.0,out,0
IPL_2020_049,2,CSK,SM Curran,13,14,1,0,92.86,not out,1
IPL_2020_049,2,CSK,RA Jadeja,31,11,2,3,281.82,not out,1
IPL_2020_050,1,PBKS,KL Rahul,46,41,3,2,112.2,out,0
IPL_2020_050,1,PBKS,Mandeep Singh,0,1,0,0,0.0,out,0
IPL_2020_050,1,PBKS,CH Gayle,99,63,6,8,157.14,out,0
IPL_2020_050,1,PBKS,N Pooran,22,10,0,3,220.0,out,0
IPL_2020_050,1,PBKS,GJ Maxwell,6,6,1,0,100.0,not out,1
IPL_2020_050,1,PBKS,DJ Hooda,1,1,0,0,100.0,not out,1
IPL_2020_050,2,RR,RV Uthappa,30,23,1,2,130.43,out,0
IPL_2020_050,2,RR,BA Stokes,50,26,6,3,192.31,out,0
IPL_2020_050,2,RR,SV Samson,48,25,4,3,192.0,out,0
IPL_2020_050,2,RR,SPD Smith,31,20,5,0,155.0,not out,1
IPL_2020_050,2,RR,JC Buttler,22,11,1,2,200.0,not out,1
IPL_2020_017,1,MI,RG Sharma,6,5,0,1,120.0,out,0
IPL_2020_017,1,MI,SA Yadav,27,18,6,0,150.0,out,0
IPL_2020_017,1,MI,Q de Kock,67,39,4,4,171.79,out,0
IPL_2020_017,1,MI,Ishan Kishan,31,23,1,2,134.78,out,0
IPL_2020_017,1,MI,HH Pandya,28,19,2,2,147.37,out,0
IPL_2020_017,1,MI,KA Pollard,25,13,0,3,192.31,not out,1
IPL_2020_017,1,MI,KH Pandya,20,4,2,2,500.0,not out,1
IPL_2020_017,2,SRH,DA Warner,60,44,5,2,136.36,out,0
IPL_2020_017,2,SRH,JM Bairstow,25,15,2,2,166.67,out,0
IPL_2020_017,2,SRH,MK Pandey,30,19,4,1,157.89,out,0
IPL_2020_017,2,SRH,KS Williamson,3,5,0,0,60.0,out,0
IPL_2020_017,2,SRH,PK Garg,8,7,0,0,114.29,out,0
IPL_2020_017,2,SRH,Abhishek Sharma,10,13,0,0,76.92,out,0
IPL_2020_017,2,SRH,Abdul Samad,20,9,1,2,222.22,out,0
IPL_2020_017,2,SRH,Rashid Khan,3,7,0,0,42.86,not out,1
IPL_2020_017,2,SRH,Sandeep Sharma,0,1,0,0,0.0,not out,1
IPL_2020_007,1,DC,PP Shaw,64,43,9,1,148.84,out,0
IPL_2020_007,1,DC,S Dhawan,35,27,3,1,129.63,out,0
IPL_2020_007,1,DC,RR Pant,37,25,6,0,148.0,not out,1
IPL_2020_007,1,DC,SS Iyer,26,22,1,0,118.18,out,0
IPL_2020_007,1,DC,MP Stoinis,5,3,1,0,166.67,not out,1
IPL_2020_007,2,CSK,M Vijay,10,15,1,0,66.67,out,0
IPL_2020_007,2,CSK,SR Watson,14,16,1,1,87.5,out,0
IPL_2020_007,2,CSK,F du Plessis,43,35,4,0,122.86,out,0
IPL_2020_007,2,CSK,RD Gaikwad,5,10,0,0,50.0,out,0
IPL_2020_007,2,CSK,KM Jadhav,26,21,3,0,123.81,out,0
IPL_2020_007,2,CSK,MS Dhoni,15,12,2,0,125.0,out,0
IPL_2020_007,2,CSK,RA Jadeja,12,9,1,0,133.33,out,0
IPL_2020_007,2,CSK,SM Curran,1,2,0,0,50.0,not out,1
IPL_2020_028,1,RCB,AJ Finch,47,37,4,1,127.03,out,0
IPL_2020_028,1,RCB,D Padikkal,32,23,4,1,139.13,out,0
IPL_2020_028,1,RCB,V Kohli,33,28,1,0,117.86,not out,1
IPL_2020_028,1,RCB,AB de Villiers,73,33,5,6,221.21,not out,1
IPL_2020_028,2,KKR,T Banton,8,12,0,0,66.67,out,0
IPL_2020_028,2,KKR,Shubman Gill,34,25,3,1,136.0,out,0
IPL_2020_028,2,KKR,N Rana,9,14,1,0,64.29,out,0
IPL_2020_028,2,KKR,EJG Morgan,8,12,1,0,66.67,out,0
IPL_2020_028,2,KKR,KD Karthik,1,2,0,0,50.0,out,0
IPL_2020_028,2,KKR,AD Russell,16,10,2,1,160.0,out,0
IPL_2020_028,2,KKR,RA Tripathi,16,22,1,0,72.73,out,0
IPL_2020_028,2,KKR,PJ Cummins,1,3,0,0,33.33,out,0
IPL_2020_028,2,KKR,KL Nagarkoti,4,7,0,0,57.14,out,0
IPL_2020_028,2,KKR,CV Varun,7,10,0,0,70.0,not out,1
IPL_2020_028,2,KKR,M Prasidh Krishna,2,3,0,0,66.67,not out,1
IPL_2020_045,1,MI,Ishan Kishan,37,36,4,1,102.78,out,0
IPL_2020_045,1,MI,Q de Kock,6,4,0,1,150.0,out,0
IPL_2020_045,1,MI,SA Yadav,40,26,4,1,153.85,out,0
IPL_2020_045,1,MI,SS Tiwary,34,25,4,1,136.0,out,0
IPL_2020_045,1,MI,KA Pollard,6,4,0,1,150.0,out,0
IPL_2020_045,1,MI,HH Pandya,60,21,2,7,285.71,not out,1
IPL_2020_045,1,MI,KH Pandya,3,4,0,0,75.0,not out,1
IPL_2020_045,2,RR,RV Uthappa,13,11,2,0,118.18,out,0
IPL_2020_045,2,RR,SPD Smith,11,8,1,1,137.5,out,0
IPL_2020_045,2,RR,BA Stokes,107,60,14,3,178.33,not out,1
IPL_2020_045,2,RR,SV Samson,54,31,4,3,174.19,not out,1
IPL_2020_022,1,SRH,DA Warner,52,40,5,1,130.0,out,0
IPL_2020_022,1,SRH,JM Bairstow,97,55,7,6,176.36,out,0
IPL_2020_022,1,SRH,MK Pandey,1,2,0,0,50.0,out,0
IPL_2020_022,1,SRH,Abdul Samad,8,7,1,0,114.29,out,0
IPL_2020_022,1,SRH,KS Williamson,20,10,1,1,200.0,not out,1
IPL_2020_022,1,SRH,PK Garg,0,1,0,0,0.0,out,0
IPL_2020_022,1,SRH,Abhishek Sharma,12,6,1,1,200.0,out,0
IPL_2020_022,2,PBKS,KL Rahul,11,16,0,0,68.75,out,0
IPL_2020_022,2,PBKS,MA Agarwal,9,6,1,0,150.0,out,0
IPL_2020_022,2,PBKS,P Simran Singh,11,8,2,0,137.5,out,0
IPL_2020_022,2,PBKS,N Pooran,77,37,5,7,208.11,out,0
IPL_2020_022,2,PBKS,GJ Maxwell,7,12,0,0,58.33,out,0
IPL_2020_022,2,PBKS,Mandeep Singh,6,6,0,0,100.0,out,0
IPL_2020_022,2,PBKS,Mujeeb Ur Rahman,1,3,0,0,33.33,out,0
IPL_2020_022,2,PBKS,Ravi Bishnoi,6,7,1,0,85.71,not out,1
IPL_2020_022,2,PBKS,Mohammed Shami,0,1,0,0,0.0,out,0
IPL_2020_022,2,PBKS,SS Cottrell,0,2,0,0,0.0,out,0
IPL_2020_022,2,PBKS,Arshdeep Singh,0,3,0,0,0.0,out,0
IPL_2020_030,1,DC,PP Shaw,0,1,0,0,0.0,out,0
IPL_2020_030,1,DC,AM Rahane,2,9,0,0,22.22,out,0
IPL_2020_030,1,DC,S Dhawan,57,33,6,2,172.73,out,0
IPL_2020_030,1,DC,SS Iyer,53,43,3,2,123.26,out,0
IPL_2020_030,1,DC,MP Stoinis,18,19,1,0,94.74,out,0
IPL_2020_030,1,DC,AT Carey,14,13,0,1,107.69,out,0
IPL_2020_030,1,DC,AR Patel,7,4,1,0,175.0,out,0
IPL_2020_030,2,RR,BA Stokes,41,35,6,0,117.14,out,0
IPL_2020_030,2,RR,JC Buttler,22,9,3,1,244.44,out,0
IPL_2020_030,2,RR,SPD Smith,1,4,0,0,25.0,out,0
IPL_2020_030,2,RR,SV Samson,25,18,0,2,138.89,out,0
IPL_2020_030,2,RR,RV Uthappa,32,27,3,1,118.52,out,0
IPL_2020_030,2,RR,R Parag,1,2,0,0,50.0,out,0
IPL_2020_030,2,RR,R Tewatia,14,18,1,0,77.78,not out,1
IPL_2020_030,2,RR,JC Archer,1,4,0,0,25.0,out,0
IPL_2020_030,2,RR,S Gopal,6,4,1,0,150.0,out,0
IPL_2020_044,1,RCB,D Padikkal,22,21,2,1,104.76,out,0
IPL_2020_044,1,RCB,AJ Finch,15,11,3,0,136.36,out,0
IPL_2020_044,1,RCB,V Kohli,50,43,1,1,116.28,out,0
IPL_2020_044,1,RCB,AB de Villiers,39,36,4,0,108.33,out,0
IPL_2020_044,1,RCB,MM Ali,1,2,0,0,50.0,out,0
IPL_2020_044,1,RCB,CH Morris,2,5,0,0,40.0,out,0
IPL_2020_044,1,RCB,Gurkeerat Singh,2,2,0,0,100.0,not out,1
IPL_2020_044,1,RCB,Washington Sundar,5,2,1,0,250.0,not out,1
IPL_2020_044,2,CSK,RD Gaikwad,65,51,4,3,127.45,not out,1
IPL_2020_044,2,CSK,F du Plessis,25,13,2,2,192.31,out,0
IPL_2020_044,2,CSK,AT Rayudu,39,27,3,2,144.44,out,0
IPL_2020_044,2,CSK,MS Dhoni,19,21,3,0,90.48,not out,1
IPL_2020_008,1,SRH,DA Warner,36,30,2,1,120.0,out,0
IPL_2020_008,1,SRH,JM Bairstow,5,10,0,0,50.0,out,0
IPL_2020_008,1,SRH,MK Pandey,51,38,3,2,134.21,out,0
IPL_2020_008,1,SRH,WP Saha,30,31,1,1,96.77,out,0
IPL_2020_008,1,SRH,Mohammad Nabi,11,8,2,0,137.5,not out,1
IPL_2020_008,1,SRH,Abhishek Sharma,2,3,0,0,66.67,not out,1
IPL_2020_008,2,KKR,Shubman Gill,70,62,5,2,112.9,not out,1
IPL_2020_008,2,KKR,SP Narine,0,2,0,0,0.0,out,0
IPL_2020_008,2,KKR,N Rana,26,13,6,0,200.0,out,0
IPL_2020_008,2,KKR,KD Karthik,0,3,0,0,0.0,out,0
IPL_2020_008,2,KKR,EJG Morgan,42,29,3,2,144.83,not out,1
IPL_2020_038,1,DC,PP Shaw,7,11,1,0,63.64,out,0
IPL_2020_038,1,DC,S Dhawan,106,61,12,3,173.77,not out,1
IPL_2020_038,1,DC,SS Iyer,14,12,0,1,116.67,out,0
IPL_2020_038,1,DC,RR Pant,14,20,1,0,70.0,out,0
IPL_2020_038,1,DC,MP Stoinis,9,10,0,0,90.0,out,0
IPL_2020_038,1,DC,SO Hetmyer,10,6,0,1,166.67,out,0
IPL_2020_038,2,PBKS,KL Rahul,15,11,1,1,136.36,out,0
IPL_2020_038,2,PBKS,MA Agarwal,5,9,0,0,55.56,out,0
IPL_2020_038,2,PBKS,CH Gayle,29,13,3,2,223.08,out,0
IPL_2020_038,2,PBKS,N Pooran,53,28,6,3,189.29,out,0
IPL_2020_038,2,PBKS,GJ Maxwell,32,24,3,0,133.33,out,0
IPL_2020_038,2,PBKS,DJ Hooda,15,22,1,0,68.18,not out,1
IPL_2020_038,2,PBKS,JDS Neesham,10,8,0,1,125.0,not out,1
IPL_2020_010,1,RCB,D Padikkal,54,40,5,2,135.0,out,0
IPL_2020_010,1,RCB,AJ Finch,52,35,7,1,148.57,out,0
IPL_2020_010,1,RCB,V Kohli,3,11,0,0,27.27,out,0
IPL_2020_010,1,RCB,AB de Villiers,55,24,4,4,229.17,not out,1
IPL_2020_010,1,RCB,S Dube,27,10,1,3,270.0,not out,1
IPL_2020_010,2,MI,RG Sharma,8,8,0,1,100.0,out,0
IPL_2020_010,2,MI,Q de Kock,14,15,1,0,93.33,out,0
IPL_2020_010,2,MI,SA Yadav,0,2,0,0,0.0,out,0
IPL_2020_010,2,MI,Ishan Kishan,99,58,2,9,170.69,out,0
IPL_2020_010,2,MI,HH Pandya,15,13,0,1,115.38,out,0
IPL_2020_010,2,MI,KA Pollard,60,24,3,5,250.0,not out,1
IPL_2020_010,3,MI,KA Pollard,5,4,1,0,125.0,out,0
IPL_2020_010,3,MI,HH Pandya,1,2,0,0,50.0,not out,1
IPL_2020_010,4,RCB,AB de Villiers,6,4,1,0,150.0,not out,1
IPL_2020_010,4,RCB,V Kohli,5,2,1,0,250.0,not out,1
IPL_2020_000,1,MI,Q de Kock,40,25,5,1,160.0,out,0
IPL_2020_000,1,MI,RG Sharma,0,1,0,0,0.0,out,0
IPL_2020_000,1,MI,SA Yadav,51,38,6,2,134.21,out,0
IPL_2020_000,1,MI,Ishan Kishan,55,30,4,3,183.33,not out,1
IPL_2020_000,1,MI,KA Pollard,0,2,0,0,0.0,out,0
IPL_2020_000,1,MI,KH Pandya,13,10,0,1,130.0,out,0
IPL_2020_000,1,MI,HH Pandya,37,14,0,5,264.29,not out,1
IPL_2020_000,2,DC,PP Shaw,0,2,0,0,0.0,out,0
IPL_2020_000,2,DC,AM Rahane,0,3,0,0,0.0,out,0
IPL_2020_000,2,DC,SS Iyer,12,8,3,0,150.0,out,0
IPL_2020_000,2,DC,S Dhawan,0,2,0,0,0.0,out,0
IPL_2020_000,2,DC,MP Stoinis,65,46,6,3,141.3,out,0
IPL_2020_000,2,DC,RR Pant,3,9,0,0,33.33,out,0
IPL_2020_000,2,DC,AR Patel,42,33,2,3,127.27,out,0
IPL_2020_000,2,DC,DR Sams,0,2,0,0,0.0,out,0
IPL_2020_000,2,DC,K Rabada,15,15,2,0,100.0,not out,1
IPL_2020_000,1,RCB,V Kohli,6,7,0,0,85.71,out,0
IPL_2020_000,1,RCB,D Padikkal,1,6,0,0,16.67,out,0
IPL_2020_000,1,RCB,AJ Finch,32,30,3,1,106.67,out,0
IPL_2020_000,1,RCB,AB de Villiers,56,43,5,0,130.23,out,0
IPL_2020_000,1,RCB,MM Ali,0,1,0,0,0.0,out,0
IPL_2020_000,1,RCB,S Dube,8,13,0,0,61.54,out,0
IPL_2020_000,1,RCB,Washington Sundar,5,6,0,0,83.33,out,0
IPL_2020_000,1,RCB,Navdeep Saini,9,8,1,0,112.5,not out,1
IPL_2020_000,1,RCB,Mohammed Siraj,10,7,1,0,142.86,not out,1
IPL_2020_000,2,SRH,DA Warner,17,17,3,0,100.0,out,0
IPL_2020_000,2,SRH,SP Goswami,0,3,0,0,0.0,out,0
IPL_2020_000,2,SRH,MK Pandey,24,21,3,1,114.29,out,0
IPL_2020_000,2,SRH,KS Williamson,50,44,2,2,113.64,not out,1
IPL_2020_000,2,SRH,PK Garg,7,14,0,0,50.0,out,0
IPL_2020_000,2,SRH,JO Holder,24,20,3,0,120.0,not out,1
IPL_2020_000,1,DC,MP Stoinis,38,27,5,1,140.74,out,0
IPL_2020_000,1,DC,S Dhawan,78,50,6,3,156.0,out,0
IPL_2020_000,1,DC,SS Iyer,21,20,1,0,105.0,out,0
IPL_2020_000,1,DC,SO Hetmyer,42,22,4,1,190.91,not out,1
IPL_2020_000,1,DC,RR Pant,2,3,0,0,66.67,not out,1
IPL_2020_000,2,SRH,PK Garg,17,12,0,2,141.67,out,0
IPL_2020_000,2,SRH,DA Warner,2,3,0,0,66.67,out,0
IPL_2020_000,2,SRH,MK Pandey,21,14,3,0,150.0,out,0
IPL_2020_000,2,SRH,KS Williamson,67,45,5,4,148.89,out,0
IPL_2020_000,2,SRH,JO Holder,11,15,1,0,73.33,out,0
IPL_2020_000,2,SRH,Abdul Samad,33,16,2,2,206.25,out,0
IPL_2020_000,2,SRH,Rashid Khan,11,7,1,1,157.14,out,0
IPL_2020_000,2,SRH,SP Goswami,0,1,0,0,0.0,out,0
IPL_2020_000,2,SRH,S Nadeem,2,3,0,0,66.67,not out,1
IPL_2020_000,2,SRH,Sandeep Sharma,2,4,0,0,50.0,not out,1
IPL_2020_000,1,DC,MP Stoinis,0,1,0,0,0.0,out,0
IPL_2020_000,1,DC,AM Rahane,2,4,0,0,50.0,out,0
IPL_2020_000,1,DC,S Dhawan,15,13,3,0,115.38,out,0
IPL_2020_000,1,DC,SS Iyer,65,50,6,2,130.0,not out,1
IPL_2020_000,1,DC,RR Pant,56,38,4,2,147.37,out,0
IPL_2020_000,1,DC,SO Hetmyer,5,5,1,0,100.0,out,0
IPL_2020_000,1,DC,AR Patel,9,9,1,0,100.0,out,0
IPL_2020_000,2,MI,RG Sharma,68,51,5,4,133.33,out,0
IPL_2020_000,2,MI,Q de Kock,20,12,3,1,166.67,out,0
IPL_2020_000,2,MI,SA Yadav,19,20,1,1,95.0,out,0
IPL_2020_000,2,MI,Ishan Kishan,33,19,3,1,173.68,not out,1
IPL_2020_000,2,MI,KA Pollard,9,4,2,0,225.0,out,0
IPL_2020_000,2,MI,HH Pandya,3,5,0,0,60.0,out,0
IPL_2020_000,2,MI,KH Pandya,1,1,0,0,100.0,not out,1
IPL_2021_001,1,MI,RG Sharma,19,15,1,1,126.67,out,0
IPL_2021_001,1,MI,CA Lynn,49,35,4,3,140.0,out,0
IPL_2021_001,1,MI,SA Yadav,31,23,4,1,134.78,out,0
IPL_2021_001,1,MI,Ishan Kishan,28,19,2,1,147.37,out,0
IPL_2021_001,1,MI,HH Pandya,13,10,2,0,130.0,out,0
IPL_2021_001,1,MI,KA Pollard,7,9,1,0,77.78,out,0
IPL_2021_001,1,MI,KH Pandya,7,7,1,0,100.0,out,0
IPL_2021_001,1,MI,M Jansen,0,2,0,0,0.0,out,0
IPL_2021_001,1,MI,JJ Bumrah,1,2,0,0,50.0,not out,1
IPL_2021_001,2,RCB,Washington Sundar,10,16,0,0,62.5,out,0
IPL_2021_001,2,RCB,V Kohli,33,29,4,0,113.79,out,0
IPL_2021_001,2,RCB,RM Patidar,8,8,1,0,100.0,out,0
IPL_2021_001,2,RCB,GJ Maxwell,39,28,3,2,139.29,out,0
IPL_2021_001,2,RCB,AB de Villiers,48,27,4,2,177.78,out,0
IPL_2021_001,2,RCB,Shahbaz Ahmed,1,2,0,0,50.0,out,0
IPL_2021_001,2,RCB,DT Christian,1,3,0,0,33.33,out,0
IPL_2021_001,2,RCB,KA Jamieson,4,4,0,0,100.0,out,0
IPL_2021_001,2,RCB,HV Patel,4,3,0,0,133.33,not out,1
IPL_2021_001,2,RCB,Mohammed Siraj,0,1,0,0,0.0,not out,1
IPL_2021_002,1,CSK,RD Gaikwad,5,8,1,0,62.5,out,0
IPL_2021_002,1,CSK,F du Plessis,0,3,0,0,0.0,out,0
IPL_2021_002,1,CSK,MM Ali,36,24,4,2,150.0,out,0
IPL_2021_002,1,CSK,SK Raina,54,36,3,4,150.0,out,0
IPL_2021_002,1,CSK,AT Rayudu,23,16,1,2,143.75,out,0
IPL_2021_002,1,CSK,RA Jadeja,26,17,3,0,152.94,not out,1
IPL_2021_002,1,CSK,MS Dhoni,0,2,0,0,0.0,out,0
IPL_2021_002,1,CSK,SM Curran,34,15,4,2,226.67,out,0
IPL_2021_002,2,DC,PP Shaw,72,38,9,3,189.47,out,0
IPL_2021_002,2,DC,S Dhawan,85,54,10,2,157.41,out,0
IPL_2021_002,2,DC,RR Pant,15,12,2,0,125.0,not out,1
IPL_2021_002,2,DC,MP Stoinis,14,9,3,0,155.56,out,0
IPL_2021_003,1,KKR,N Rana,80,56,9,4,142.86,out,0
IPL_2021_003,1,KKR,Shubman Gill,15,13,1,1,115.38,out,0
IPL_2021_003,1,KKR,RA Tripathi,53,29,5,2,182.76,out,0
IPL_2021_003,1,KKR,AD Russell,5,5,1,0,100.0,out,0
IPL_2021_003,1,KKR,EJG Morgan,2,3,0,0,66.67,out,0
IPL_2021_003,1,KKR,KD Karthik,22,9,2,1,244.44,not out,1
IPL_2021_003,1,KKR,Shakib Al Hasan,3,5,0,0,60.0,out,0
IPL_2021_003,2,SRH,WP Saha,7,6,0,1,116.67,out,0
IPL_2021_003,2,SRH,DA Warner,3,4,0,0,75.0,out,0
IPL_2021_003,2,SRH,MK Pandey,61,44,2,3,138.64,not out,1
IPL_2021_003,2,SRH,JM Bairstow,55,40,5,3,137.5,out,0
IPL_2021_003,2,SRH,Mohammad Nabi,14,11,2,0,127.27,out,0
IPL_2021_003,2,SRH,V Shankar,11,7,0,1,157.14,out,0
IPL_2021_003,2,SRH,Abdul Samad,19,8,0,2,237.5,not out,1
IPL_2021_004,1,PBKS,KL Rahul,91,50,7,5,182.0,out,0
IPL_2021_004,1,PBKS,MA Agarwal,14,9,2,0,155.56,out,0
IPL_2021_004,1,PBKS,CH Gayle,40,28,4,2,142.86,out,0
IPL_2021_004,1,PBKS,DJ Hooda,64,28,4,6,228.57,out,0
IPL_2021_004,1,PBKS,N Pooran,0,1,0,0,0.0,out,0
IPL_2021_004,1,PBKS,M Shahrukh Khan,6,4,1,0,150.0,not out,1
IPL_2021_004,1,PBKS,JA Richardson,0,2,0,0,0.0,out,0
IPL_2021_004,2,RR,BA Stokes,0,3,0,0,0.0,out,0
IPL_2021_004,2,RR,SV Samson,119,63,12,7,188.89,out,0
IPL_2021_004,2,RR,M Vohra,12,8,1,1,150.0,out,0
IPL_2021_004,2,RR,JC Buttler,25,13,5,0,192.31,out,0
IPL_2021_004,2,RR,S Dube,23,15,3,0,153.33,out,0
IPL_2021_004,2,RR,R Parag,25,11,1,3,227.27,out,0
IPL_2021_004,2,RR,R Tewatia,2,4,0,0,50.0,out,0
IPL_2021_004,2,RR,CH Morris,2,4,0,0,50.0,not out,1
IPL_2021_005,1,MI,RG Sharma,43,32,3,1,134.38,out,0
IPL_2021_005,1,MI,Q de Kock,2,6,0,0,33.33,out,0
IPL_2021_005,1,MI,SA Yadav,56,36,7,2,155.56,out,0
IPL_2021_005,1,MI,Ishan Kishan,1,3,0,0,33.33,out,0
IPL_2021_005,1,MI,HH Pandya,15,17,2,0,88.24,out,0
IPL_2021_005,1,MI,KA Pollard,5,8,1,0,62.5,out,0
IPL_2021_005,1,MI,KH Pandya,15,9,3,0,166.67,out,0
IPL_2021_005,1,MI,M Jansen,0,1,0,0,0.0,out,0
IPL_2021_005,1,MI,RD Chahar,8,7,0,0,114.29,out,0
IPL_2021_005,1,MI,JJ Bumrah,0,1,0,0,0.0,out,0
IPL_2021_005,2,KKR,N Rana,57,47,6,2,121.28,out,0
IPL_2021_005,2,KKR,Shubman Gill,33,24,5,1,137.5,out,0
IPL_2021_005,2,KKR,RA Tripathi,5,5,0,0,100.0,out,0
IPL_2021_005,2,KKR,EJG Morgan,7,7,1,0,100.0,out,0
IPL_2021_005,2,KKR,Shakib Al Hasan,9,9,1,0,100.0,out,0
IPL_2021_005,2,KKR,KD Karthik,8,11,0,0,72.73,not out,1
IPL_2021_005,2,KKR,AD Russell,9,15,1,0,60.0,out,0
IPL_2021_005,2,KKR,PJ Cummins,0,1,0,0,0.0,out,0
IPL_2021_005,2,KKR,Harbhajan Singh,2,2,0,0,100.0,not out,1
IPL_2021_006,1,RCB,V Kohli,33,29,4,0,113.79,out,0
IPL_2021_006,1,RCB,D Padikkal,11,13,2,0,84.62,out,0
IPL_2021_006,1,RCB,Shahbaz Ahmed,14,10,0,1,140.0,out,0
IPL_2021_006,1,RCB,GJ Maxwell,59,41,5,3,143.9,out,0
IPL_2021_006,1,RCB,AB de Villiers,1,5,0,0,20.0,out,0
IPL_2021_006,1,RCB,Washington Sundar,8,11,1,0,72.73,out,0
IPL_2021_006,1,RCB,DT Christian,1,2,0,0,50.0,out,0
IPL_2021_006,1,RCB,KA Jamieson,12,9,2,0,133.33,out,0
IPL_2021_006,2,SRH,WP Saha,1,9,0,0,11.11,out,0
IPL_2021_006,2,SRH,DA Warner,54,37,7,1,145.95,out,0
IPL_2021_006,2,SRH,MK Pandey,38,39,2,2,97.44,out,0
IPL_2021_006,2,SRH,JM Bairstow,12,13,1,0,92.31,out,0
IPL_2021_006,2,SRH,V Shankar,3,5,0,0,60.0,out,0
IPL_2021_006,2,SRH,Abdul Samad,0,2,0,0,0.0,out,0
IPL_2021_006,2,SRH,JO Holder,4,5,0,0,80.0,out,0
IPL_2021_006,2,SRH,Rashid Khan,17,9,1,1,188.89,out,0
IPL_2021_006,2,SRH,B Kumar,2,2,0,0,100.0,not out,1
IPL_2021_006,2,SRH,S Nadeem,0,1,0,0,0.0,out,0
IPL_2021_007,1,DC,PP Shaw,2,5,0,0,40.0,out,0
IPL_2021_007,1,DC,S Dhawan,9,11,1,0,81.82,out,0
IPL_2021_007,1,DC,AM Rahane,8,8,1,0,100.0,out,0
IPL_2021_007,1,DC,RR Pant,51,32,9,0,159.38,out,0
IPL_2021_007,1,DC,MP Stoinis,0,5,0,0,0.0,out,0
IPL_2021_007,1,DC,Lalit Yadav,20,24,3,0,83.33,out,0
IPL_2021_007,1,DC,TK Curran,21,16,2,0,131.25,out,0
IPL_2021_007,1,DC,CR Woakes,15,11,2,0,136.36,not out,1
IPL_2021_007,1,DC,R Ashwin,7,4,1,0,175.0,out,0
IPL_2021_007,1,DC,K Rabada,9,4,1,0,225.0,not out,1
IPL_2021_007,2,RR,JC Buttler,2,7,0,0,28.57,out,0
IPL_2021_007,2,RR,M Vohra,9,11,2,0,81.82,out,0
IPL_2021_007,2,RR,SV Samson,4,3,1,0,133.33,out,0
IPL_2021_007,2,RR,DA Miller,62,43,7,2,144.19,out,0
IPL_2021_007,2,RR,S Dube,2,7,0,0,28.57,out,0
IPL_2021_007,2,RR,R Parag,2,5,0,0,40.0,out,0
IPL_2021_007,2,RR,R Tewatia,19,17,2,0,111.76,out,0
IPL_2021_007,2,RR,CH Morris,36,18,0,4,200.0,not out,1
IPL_2021_007,2,RR,JD Unadkat,11,7,0,1,157.14,not out,1
IPL_2021_008,1,PBKS,KL Rahul,5,7,1,0,71.43,out,0
IPL_2021_008,1,PBKS,MA Agarwal,0,2,0,0,0.0,out,0
IPL_2021_008,1,PBKS,CH Gayle,10,10,2,0,100.0,out,0
IPL_2021_008,1,PBKS,DJ Hooda,10,15,1,0,66.67,out,0
IPL_2021_008,1,PBKS,N Pooran,0,2,0,0,0.0,out,0
IPL_2021_008,1,PBKS,M Shahrukh Khan,47,36,4,2,130.56,out,0
IPL_2021_008,1,PBKS,JA Richardson,15,22,2,0,68.18,out,0
IPL_2021_008,1,PBKS,M Ashwin,6,14,0,0,42.86,out,0
IPL_2021_008,1,PBKS,Mohammed Shami,9,12,0,0,75.0,not out,1
IPL_2021_008,2,CSK,RD Gaikwad,5,16,0,0,31.25,out,0
IPL_2021_008,2,CSK,F du Plessis,36,33,4,1,109.09,not out,1
IPL_2021_008,2,CSK,MM Ali,46,31,7,1,148.39,out,0
IPL_2021_008,2,CSK,SK Raina,8,9,1,0,88.89,out,0
IPL_2021_008,2,CSK,AT Rayudu,0,1,0,0,0.0,out,0
IPL_2021_008,2,CSK,SM Curran,5,4,1,0,125.0,not out,1
IPL_2021_009,1,MI,Q de Kock,40,39,5,0,102.56,out,0
IPL_2021_009,1,MI,RG Sharma,32,25,2,2,128.0,out,0
IPL_2021_009,1,MI,SA Yadav,10,6,1,1,166.67,out,0
IPL_2021_009,1,MI,Ishan Kishan,12,21,0,0,57.14,out,0
IPL_2021_009,1,MI,KA Pollard,35,22,1,3,159.09,not out,1
IPL_2021_009,1,MI,HH Pandya,7,5,1,0,140.0,out,0
IPL_2021_009,1,MI,KH Pandya,3,3,0,0,100.0,not out,1
IPL_2021_009,2,SRH,DA Warner,36,34,2,2,105.88,out,0
IPL_2021_009,2,SRH,JM Bairstow,43,22,3,4,195.45,out,0
IPL_2021_009,2,SRH,MK Pandey,2,7,0,0,28.57,out,0
IPL_2021_009,2,SRH,Virat Singh,11,12,1,0,91.67,out,0
IPL_2021_009,2,SRH,V Shankar,28,25,0,2,112.0,out,0
IPL_2021_009,2,SRH,Abhishek Sharma,2,4,0,0,50.0,out,0
IPL_2021_009,2,SRH,Abdul Samad,7,8,1,0,87.5,out,0
IPL_2021_009,2,SRH,Rashid Khan,0,1,0,0,0.0,out,0
IPL_2021_009,2,SRH,B Kumar,1,2,0,0,50.0,out,0
IPL_2021_009,2,SRH,KK Ahmed,1,2,0,0,50.0,out,0
IPL_2021_009,2,SRH,Mujeeb Ur Rahman,1,1,0,0,100.0,not out,1
IPL_2021_010,1,RCB,V Kohli,5,6,1,0,83.33,out,0
IPL_2021_010,1,RCB,D Padikkal,25,28,2,0,89.29,out,0
IPL_2021_010,1,RCB,RM Patidar,1,2,0,0,50.0,out,0
IPL_2021_010,1,RCB,GJ Maxwell,78,49,9,3,159.18,out,0
IPL_2021_010,1,RCB,AB de Villiers,76,34,9,3,223.53,not out,1
IPL_2021_010,1,RCB,KA Jamieson,11,4,1,1,275.0,not out,1
IPL_2021_010,2,KKR,N Rana,18,11,2,1,163.64,out,0
IPL_2021_010,2,KKR,Shubman Gill,21,9,2,2,233.33,out,0
IPL_2021_010,2,KKR,RA Tripathi,25,20,5,0,125.0,out,0
IPL_2021_010,2,KKR,EJG Morgan,29,23,1,2,126.09,out,0
IPL_2021_010,2,KKR,KD Karthik,2,5,0,0,40.0,out,0
IPL_2021_010,2,KKR,Shakib Al Hasan,26,25,1,1,104.0,out,0
IPL_2021_010,2,KKR,AD Russell,31,20,3,2,155.0,out,0
IPL_2021_010,2,KKR,PJ Cummins,6,2,0,1,300.0,out,0
IPL_2021_010,2,KKR,CV Varun,2,3,0,0,66.67,not out,1
IPL_2021_010,2,KKR,Harbhajan Singh,2,2,0,0,100.0,not out,1
IPL_2021_011,1,PBKS,KL Rahul,61,51,7,2,119.61,out,0
IPL_2021_011,1,PBKS,MA Agarwal,69,36,7,4,191.67,out,0
IPL_2021_011,1,PBKS,CH Gayle,11,9,0,1,122.22,out,0
IPL_2021_011,1,PBKS,DJ Hooda,22,13,0,2,169.23,not out,1
IPL_2021_011,1,PBKS,N Pooran,9,8,1,0,112.5,out,0
IPL_2021_011,1,PBKS,M Shahrukh Khan,15,5,2,1,300.0,not out,1
IPL_2021_011,2,DC,PP Shaw,32,17,3,2,188.24,out,0
IPL_2021_011,2,DC,S Dhawan,92,49,13,2,187.76,out,0
IPL_2021_011,2,DC,SPD Smith,9,12,0,0,75.0,out,0
IPL_2021_011,2,DC,RR Pant,15,16,0,1,93.75,out,0
IPL_2021_011,2,DC,MP Stoinis,27,13,3,1,207.69,not out,1
IPL_2021_011,2,DC,Lalit Yadav,12,6,2,0,200.0,not out,1
IPL_2021_012,1,CSK,RD Gaikwad,10,13,1,0,76.92,out,0
IPL_2021_012,1,CSK,F du Plessis,33,17,4,2,194.12,out,0
IPL_2021_012,1,CSK,MM Ali,26,20,1,2,130.0,out,0
IPL_2021_012,1,CSK,SK Raina,18,15,1,1,120.0,out,0
IPL_2021_012,1,CSK,AT Rayudu,27,17,0,3,158.82,out,0
IPL_2021_012,1,CSK,RA Jadeja,8,7,1,0,114.29,out,0
IPL_2021_012,1,CSK,MS Dhoni,18,17,2,0,105.88,out,0
IPL_2021_012,1,CSK,SM Curran,13,6,0,1,216.67,out,0
IPL_2021_012,1,CSK,DJ Bravo,20,8,2,1,250.0,not out,1
IPL_2021_012,1,CSK,SN Thakur,1,1,0,0,100.0,out,0
IPL_2021_012,2,RR,JC Buttler,49,35,5,2,140.0,out,0
IPL_2021_012,2,RR,M Vohra,14,11,1,1,127.27,out,0
IPL_2021_012,2,RR,SV Samson,1,5,0,0,20.0,out,0
IPL_2021_012,2,RR,S Dube,17,20,2,0,85.0,out,0
IPL_2021_012,2,RR,DA Miller,2,5,0,0,40.0,out,0
IPL_2021_012,2,RR,R Parag,3,7,0,0,42.86,out,0
IPL_2021_012,2,RR,R Tewatia,20,15,0,2,133.33,out,0
IPL_2021_012,2,RR,CH Morris,0,2,0,0,0.0,out,0
IPL_2021_012,2,RR,JD Unadkat,24,17,2,1,141.18,out,0
IPL_2021_012,2,RR,Mustafizur Rahman,0,4,0,0,0.0,not out,1
IPL_2021_013,1,MI,RG Sharma,44,30,3,3,146.67,out,0
IPL_2021_013,1,MI,Q de Kock,2,4,0,0,50.0,out,0
IPL_2021_013,1,MI,SA Yadav,24,15,4,0,160.0,out,0
IPL_2021_013,1,MI,Ishan Kishan,26,28,1,1,92.86,out,0
IPL_2021_013,1,MI,HH Pandya,0,1,0,0,0.0,out,0
IPL_2021_013,1,MI,KH Pandya,1,5,0,0,20.0,out,0
IPL_2021_013,1,MI,KA Pollard,2,5,0,0,40.0,out,0
IPL_2021_013,1,MI,J Yadav,23,22,1,0,104.55,out,0
IPL_2021_013,1,MI,RD Chahar,6,6,1,0,100.0,out,0
IPL_2021_013,1,MI,JJ Bumrah,3,3,0,0,100.0,not out,1
IPL_2021_013,1,MI,TA Boult,1,1,0,0,100.0,not out,1
IPL_2021_013,2,DC,PP Shaw,7,5,1,0,140.0,out,0
IPL_2021_013,2,DC,S Dhawan,45,42,5,1,107.14,out,0
IPL_2021_013,2,DC,SPD Smith,33,29,4,0,113.79,out,0
IPL_2021_013,2,DC,Lalit Yadav,22,25,1,0,88.0,not out,1
IPL_2021_013,2,DC,RR Pant,7,8,1,0,87.5,out,0
IPL_2021_013,2,DC,SO Hetmyer,14,9,2,0,155.56,not out,1
IPL_2021_014,1,PBKS,KL Rahul,4,6,0,0,66.67,out,0
IPL_2021_014,1,PBKS,MA Agarwal,22,25,2,0,88.0,out,0
IPL_2021_014,1,PBKS,CH Gayle,15,17,2,0,88.24,out,0
IPL_2021_014,1,PBKS,DJ Hooda,13,11,2,0,118.18,out,0
IPL_2021_014,1,PBKS,MC Henriques,14,17,0,0,82.35,out,0
IPL_2021_014,1,PBKS,M Shahrukh Khan,22,17,0,2,129.41,out,0
IPL_2021_014,1,PBKS,FA Allen,6,11,0,0,54.55,out,0
IPL_2021_014,1,PBKS,M Ashwin,9,10,1,0,90.0,out,0
IPL_2021_014,1,PBKS,Mohammed Shami,3,3,0,0,100.0,out,0
IPL_2021_014,1,PBKS,Arshdeep Singh,1,2,0,0,50.0,not out,1
IPL_2021_014,2,SRH,DA Warner,37,37,3,1,100.0,out,0
IPL_2021_014,2,SRH,JM Bairstow,63,56,3,3,112.5,not out,1
IPL_2021_014,2,SRH,KS Williamson,16,19,0,0,84.21,not out,1
IPL_2021_015,1,CSK,RD Gaikwad,64,42,6,4,152.38,out,0
IPL_2021_015,1,CSK,F du Plessis,95,60,9,4,158.33,not out,1
IPL_2021_015,1,CSK,MM Ali,25,12,2,2,208.33,out,0
IPL_2021_015,1,CSK,MS Dhoni,17,8,2,1,212.5,out,0
IPL_2021_015,1,CSK,RA Jadeja,6,1,0,1,600.0,not out,1
IPL_2021_015,2,KKR,N Rana,9,12,2,0,75.0,out,0
IPL_2021_015,2,KKR,Shubman Gill,0,1,0,0,0.0,out,0
IPL_2021_015,2,KKR,RA Tripathi,8,9,1,0,88.89,out,0
IPL_2021_015,2,KKR,EJG Morgan,7,7,1,0,100.0,out,0
IPL_2021_015,2,KKR,SP Narine,4,3,1,0,133.33,out,0
IPL_2021_015,2,KKR,AD Russell,54,22,3,6,245.45,out,0
IPL_2021_015,2,KKR,KD Karthik,40,24,4,2,166.67,out,0
IPL_2021_015,2,KKR,PJ Cummins,66,34,4,6,194.12,not out,1
IPL_2021_015,2,KKR,KL Nagarkoti,0,2,0,0,0.0,out,0
IPL_2021_015,2,KKR,CV Varun,0,1,0,0,0.0,out,0
IPL_2021_015,2,KKR,M Prasidh Krishna,0,1,0,0,0.0,out,0
IPL_2021_016,1,RR,JC Buttler,8,8,2,0,100.0,out,0
IPL_2021_016,1,RR,M Vohra,7,9,1,0,77.78,out,0
IPL_2021_016,1,RR,SV Samson,21,18,2,1,116.67,out,0
IPL_2021_016,1,RR,DA Miller,0,2,0,0,0.0,out,0
IPL_2021_016,1,RR,S Dube,46,32,5,2,143.75,out,0
IPL_2021_016,1,RR,R Parag,25,16,4,0,156.25,out,0
IPL_2021_016,1,RR,R Tewatia,40,23,4,2,173.91,out,0
IPL_2021_016,1,RR,CH Morris,10,7,0,1,142.86,out,0
IPL_2021_016,1,RR,C Sakariya,0,1,0,0,0.0,out,0
IPL_2021_016,1,RR,S Gopal,7,4,0,1,175.0,not out,1
IPL_2021_016,2,RCB,V Kohli,72,47,6,3,153.19,not out,1
IPL_2021_016,2,RCB,D Padikkal,101,52,11,6,194.23,not out,1
IPL_2021_017,1,MI,Q de Kock,3,5,0,0,60.0,out,0
IPL_2021_017,1,MI,RG Sharma,63,52,5,2,121.15,out,0
IPL_2021_017,1,MI,Ishan Kishan,6,17,0,0,35.29,out,0
IPL_2021_017,1,MI,SA Yadav,33,27,3,1,122.22,out,0
IPL_2021_017,1,MI,KA Pollard,16,12,0,1,133.33,not out,1
IPL_2021_017,1,MI,HH Pandya,1,4,0,0,25.0,out,0
IPL_2021_017,1,MI,KH Pandya,3,3,0,0,100.0,out,0
IPL_2021_017,2,PBKS,KL Rahul,60,52,3,3,115.38,not out,1
IPL_2021_017,2,PBKS,MA Agarwal,25,20,4,1,125.0,out,0
IPL_2021_017,2,PBKS,CH Gayle,43,35,5,2,122.86,not out,1
IPL_2021_018,1,KKR,N Rana,22,25,1,1,88.0,out,0
IPL_2021_018,1,KKR,Shubman Gill,11,19,1,0,57.89,out,0
IPL_2021_018,1,KKR,RA Tripathi,36,26,1,2,138.46,out,0
IPL_2021_018,1,KKR,SP Narine,6,7,1,0,85.71,out,0
IPL_2021_018,1,KKR,KD Karthik,25,24,4,0,104.17,out,0
IPL_2021_018,1,KKR,AD Russell,9,7,0,1,128.57,out,0
IPL_2021_018,1,KKR,PJ Cummins,10,6,0,1,166.67,out,0
IPL_2021_018,1,KKR,Shivam Mavi,5,7,1,0,71.43,out,0
IPL_2021_018,2,RR,JC Buttler,5,7,1,0,71.43,out,0
IPL_2021_018,2,RR,YBK Jaiswal,22,17,5,0,129.41,out,0
IPL_2021_018,2,RR,SV Samson,42,41,2,1,102.44,not out,1
IPL_2021_018,2,RR,S Dube,22,18,2,1,122.22,out,0
IPL_2021_018,2,RR,R Tewatia,5,8,0,0,62.5,out,0
IPL_2021_018,2,RR,DA Miller,24,23,3,0,104.35,not out,1
IPL_2021_019,1,CSK,RD Gaikwad,33,25,4,1,132.0,out,0
IPL_2021_019,1,CSK,F du Plessis,50,41,5,1,121.95,out,0
IPL_2021_019,1,CSK,SK Raina,24,18,1,3,133.33,out,0
IPL_2021_019,1,CSK,RA Jadeja,62,28,4,5,221.43,not out,1
IPL_2021_019,1,CSK,AT Rayudu,14,7,1,1,200.0,out,0
IPL_2021_019,1,CSK,MS Dhoni,2,3,0,0,66.67,not out,1
IPL_2021_019,2,RCB,V Kohli,8,7,1,0,114.29,out,0
IPL_2021_019,2,RCB,D Padikkal,34,15,4,2,226.67,out,0
IPL_2021_019,2,RCB,Washington Sundar,7,11,1,0,63.64,out,0
IPL_2021_019,2,RCB,GJ Maxwell,22,15,3,0,146.67,out,0
IPL_2021_019,2,RCB,AB de Villiers,4,9,0,0,44.44,out,0
IPL_2021_019,2,RCB,DT Christian,1,3,0,0,33.33,out,0
IPL_2021_019,2,RCB,KA Jamieson,16,13,1,1,123.08,out,0
IPL_2021_019,2,RCB,HV Patel,0,8,0,0,0.0,out,0
IPL_2021_019,2,RCB,Navdeep Saini,2,4,0,0,50.0,out,0
IPL_2021_019,2,RCB,YS Chahal,8,21,0,0,38.1,not out,1
IPL_2021_019,2,RCB,Mohammed Siraj,12,14,0,1,85.71,not out,1
IPL_2021_020,1,DC,PP Shaw,53,39,7,1,135.9,out,0
IPL_2021_020,1,DC,S Dhawan,28,26,3,0,107.69,out,0
IPL_2021_020,1,DC,RR Pant,37,27,4,1,137.04,out,0
IPL_2021_020,1,DC,SPD Smith,34,25,3,1,136.0,not out,1
IPL_2021_020,1,DC,SO Hetmyer,1,2,0,0,50.0,out,0
IPL_2021_020,1,DC,MP Stoinis,2,2,0,0,100.0,not out,1
IPL_2021_020,2,SRH,DA Warner,6,8,0,0,75.0,out,0
IPL_2021_020,2,SRH,JM Bairstow,38,18,3,4,211.11,out,0
IPL_2021_020,2,SRH,KS Williamson,66,51,8,0,129.41,not out,1
IPL_2021_020,2,SRH,Virat Singh,4,14,0,0,28.57,out,0
IPL_2021_020,2,SRH,KM Jadhav,9,9,1,0,100.0,out,0
IPL_2021_020,2,SRH,Abhishek Sharma,5,6,0,0,83.33,out,0
IPL_2021_020,2,SRH,Rashid Khan,0,1,0,0,0.0,out,0
IPL_2021_020,2,SRH,V Shankar,8,7,0,0,114.29,out,0
IPL_2021_020,2,SRH,J Suchith,14,6,2,1,233.33,not out,1
IPL_2021_020,3,SRH,DA Warner,2,3,0,0,66.67,not out,1
IPL_2021_020,3,SRH,KS Williamson,4,3,1,0,133.33,not out,1
IPL_2021_020,4,DC,RR Pant,5,4,1,0,125.0,not out,1
IPL_2021_020,4,DC,S Dhawan,0,2,0,0,0.0,not out,1
IPL_2021_021,1,PBKS,KL Rahul,19,20,2,1,95.0,out,0
IPL_2021_021,1,PBKS,MA Agarwal,31,34,1,2,91.18,out,0
IPL_2021_021,1,PBKS,CH Gayle,0,1,0,0,0.0,out,0
IPL_2021_021,1,PBKS,DJ Hooda,1,4,0,0,25.0,out,0
IPL_2021_021,1,PBKS,N Pooran,19,19,1,1,100.0,out,0
IPL_2021_021,1,PBKS,MC Henriques,2,3,0,0,66.67,out,0
IPL_2021_021,1,PBKS,M Shahrukh Khan,13,14,0,1,92.86,out,0
IPL_2021_021,1,PBKS,CJ Jordan,30,18,1,3,166.67,out,0
IPL_2021_021,1,PBKS,Ravi Bishnoi,1,4,0,0,25.0,out,0
IPL_2021_021,1,PBKS,Mohammed Shami,1,2,0,0,50.0,not out,1
IPL_2021_021,1,PBKS,Arshdeep Singh,1,1,0,0,100.0,not out,1
IPL_2021_021,2,KKR,Shubman Gill,9,8,2,0,112.5,out,0
IPL_2021_021,2,KKR,N Rana,0,1,0,0,0.0,out,0
IPL_2021_021,2,KKR,RA Tripathi,41,32,7,0,128.12,out,0
IPL_2021_021,2,KKR,SP Narine,0,4,0,0,0.0,out,0
IPL_2021_021,2,KKR,EJG Morgan,47,40,4,2,117.5,not out,1
IPL_2021_021,2,KKR,AD Russell,10,9,2,0,111.11,out,0
IPL_2021_021,2,KKR,KD Karthik,12,6,2,0,200.0,not out,1
IPL_2021_022,1,RCB,V Kohli,12,11,2,0,109.09,out,0
IPL_2021_022,1,RCB,D Padikkal,17,14,3,0,121.43,out,0
IPL_2021_022,1,RCB,GJ Maxwell,25,20,1,2,125.0,out,0
IPL_2021_022,1,RCB,RM Patidar,31,22,0,2,140.91,out,0
IPL_2021_022,1,RCB,AB de Villiers,75,42,3,5,178.57,not out,1
IPL_2021_022,1,RCB,Washington Sundar,6,9,0,0,66.67,out,0
IPL_2021_022,1,RCB,DR Sams,3,2,0,0,150.0,not out,1
IPL_2021_022,2,DC,PP Shaw,21,18,3,0,116.67,out,0
IPL_2021_022,2,DC,S Dhawan,6,7,1,0,85.71,out,0
IPL_2021_022,2,DC,SPD Smith,4,5,1,0,80.0,out,0
IPL_2021_022,2,DC,RR Pant,58,48,6,0,120.83,not out,1
IPL_2021_022,2,DC,MP Stoinis,22,17,3,0,129.41,out,0
IPL_2021_022,2,DC,SO Hetmyer,53,25,2,4,212.0,not out,1
IPL_2021_023,1,SRH,DA Warner,57,55,3,2,103.64,out,0
IPL_2021_023,1,SRH,JM Bairstow,7,5,1,0,140.0,out,0
IPL_2021_023,1,SRH,MK Pandey,61,46,5,1,132.61,out,0
IPL_2021_023,1,SRH,KS Williamson,26,10,4,1,260.0,not out,1
IPL_2021_023,1,SRH,KM Jadhav,12,4,1,1,300.0,not out,1
IPL_2021_023,2,CSK,RD Gaikwad,75,44,12,0,170.45,out,0
IPL_2021_023,2,CSK,F du Plessis,56,38,6,1,147.37,out,0
IPL_2021_023,2,CSK,MM Ali,15,8,3,0,187.5,out,0
IPL_2021_023,2,CSK,RA Jadeja,7,6,1,0,116.67,not out,1
IPL_2021_023,2,CSK,SK Raina,17,15,3,0,113.33,not out,1
IPL_2021_024,1,RR,JC Buttler,41,32,3,3,128.12,out,0
IPL_2021_024,1,RR,YBK Jaiswal,32,20,2,2,160.0,out,0
IPL_2021_024,1,RR,SV Samson,42,27,5,0,155.56,out,0
IPL_2021_024,1,RR,S Dube,35,31,2,2,112.9,out,0
IPL_2021_024,1,RR,DA Miller,7,4,1,0,175.0,not out,1
IPL_2021_024,1,RR,R Parag,8,7,1,0,114.29,not out,1
IPL_2021_024,2,MI,RG Sharma,14,17,0,1,82.35,out,0
IPL_2021_024,2,MI,Q de Kock,70,50,6,2,140.0,not out,1
IPL_2021_024,2,MI,SA Yadav,16,10,3,0,160.0,out,0
IPL_2021_024,2,MI,KH Pandya,39,26,2,2,150.0,out,0
IPL_2021_024,2,MI,KA Pollard,16,8,2,1,200.0,not out,1
IPL_2021_025,1,KKR,N Rana,15,12,1,1,125.0,out,0
IPL_2021_025,1,KKR,Shubman Gill,43,38,3,1,113.16,out,0
IPL_2021_025,1,KKR,RA Tripathi,19,17,2,0,111.76,out,0
IPL_2021_025,1,KKR,EJG Morgan,0,2,0,0,0.0,out,0
IPL_2021_025,1,KKR,SP Narine,0,1,0,0,0.0,out,0
IPL_2021_025,1,KKR,AD Russell,45,27,2,4,166.67,not out,1
IPL_2021_025,1,KKR,KD Karthik,14,10,1,1,140.0,out,0
IPL_2021_025,1,KKR,PJ Cummins,11,13,1,0,84.62,not out,1
IPL_2021_025,2,DC,PP Shaw,82,41,11,3,200.0,out,0
IPL_2021_025,2,DC,S Dhawan,46,47,4,1,97.87,out,0
IPL_2021_025,2,DC,RR Pant,16,8,2,1,200.0,out,0
IPL_2021_025,2,DC,SO Hetmyer,0,1,0,0,0.0,not out,1
IPL_2021_025,2,DC,MP Stoinis,6,3,1,0,200.0,not out,1
IPL_2021_026,1,PBKS,KL Rahul,91,57,7,5,159.65,not out,1
IPL_2021_026,1,PBKS,P Simran Singh,7,7,1,0,100.0,out,0
IPL_2021_026,1,PBKS,CH Gayle,46,24,6,2,191.67,out,0
IPL_2021_026,1,PBKS,N Pooran,0,3,0,0,0.0,out,0
IPL_2021_026,1,PBKS,DJ Hooda,5,9,0,0,55.56,out,0
IPL_2021_026,1,PBKS,M Shahrukh Khan,0,3,0,0,0.0,out,0
IPL_2021_026,1,PBKS,Harpreet Brar,25,17,1,2,147.06,not out,1
IPL_2021_026,2,RCB,V Kohli,35,34,3,1,102.94,out,0
IPL_2021_026,2,RCB,D Padikkal,7,6,0,1,116.67,out,0
IPL_2021_026,2,RCB,RM Patidar,31,30,2,1,103.33,out,0
IPL_2021_026,2,RCB,GJ Maxwell,0,1,0,0,0.0,out,0
IPL_2021_026,2,RCB,AB de Villiers,3,9,0,0,33.33,out,0
IPL_2021_026,2,RCB,Shahbaz Ahmed,8,11,1,0,72.73,out,0
IPL_2021_026,2,RCB,DR Sams,3,4,0,0,75.0,out,0
IPL_2021_026,2,RCB,HV Patel,31,13,3,2,238.46,out,0
IPL_2021_026,2,RCB,KA Jamieson,16,11,1,1,145.45,not out,1
IPL_2021_026,2,RCB,Mohammed Siraj,0,1,0,0,0.0,not out,1
IPL_2021_027,1,CSK,RD Gaikwad,4,4,1,0,100.0,out,0
IPL_2021_027,1,CSK,MM Ali,58,36,5,5,161.11,out,0
IPL_2021_027,1,CSK,F du Plessis,50,28,2,4,178.57,out,0
IPL_2021_027,1,CSK,SK Raina,2,4,0,0,50.0,out,0
IPL_2021_027,1,CSK,RA Jadeja,22,22,2,0,100.0,not out,1
IPL_2021_027,1,CSK,AT Rayudu,72,27,4,7,266.67,not out,1
IPL_2021_027,2,MI,Q de Kock,38,28,4,1,135.71,out,0
IPL_2021_027,2,MI,RG Sharma,35,24,4,1,145.83,out,0
IPL_2021_027,2,MI,SA Yadav,3,3,0,0,100.0,out,0
IPL_2021_027,2,MI,KH Pandya,32,23,2,2,139.13,out,0
IPL_2021_027,2,MI,KA Pollard,87,34,6,8,255.88,not out,1
IPL_2021_027,2,MI,HH Pandya,16,7,0,2,228.57,out,0
IPL_2021_027,2,MI,JDS Neesham,0,1,0,0,0.0,out,0
IPL_2021_028,1,RR,JC Buttler,124,64,11,8,193.75,out,0
IPL_2021_028,1,RR,YBK Jaiswal,12,13,2,0,92.31,out,0
IPL_2021_028,1,RR,SV Samson,48,33,4,2,145.45,out,0
IPL_2021_028,1,RR,R Parag,15,8,0,1,187.5,not out,1
IPL_2021_028,1,RR,DA Miller,7,3,0,1,233.33,not out,1
IPL_2021_028,2,SRH,MK Pandey,31,20,3,2,155.0,out,0
IPL_2021_028,2,SRH,JM Bairstow,30,21,4,1,142.86,out,0
IPL_2021_028,2,SRH,KS Williamson,20,21,1,0,95.24,out,0
IPL_2021_028,2,SRH,V Shankar,8,8,1,0,100.0,out,0
IPL_2021_028,2,SRH,KM Jadhav,19,19,0,1,100.0,out,0
IPL_2021_028,2,SRH,Mohammad Nabi,17,5,1,2,340.0,out,0
IPL_2021_028,2,SRH,Abdul Samad,10,8,0,1,125.0,out,0
IPL_2021_028,2,SRH,Rashid Khan,0,2,0,0,0.0,out,0
IPL_2021_028,2,SRH,Sandeep Sharma,8,6,1,0,133.33,not out,1
IPL_2021_028,2,SRH,B Kumar,14,10,2,0,140.0,not out,1
IPL_2021_029,1,PBKS,P Simran Singh,12,16,0,1,75.0,out,0
IPL_2021_029,1,PBKS,MA Agarwal,99,58,8,4,170.69,not out,1
IPL_2021_029,1,PBKS,CH Gayle,13,9,1,1,144.44,out,0
IPL_2021_029,1,PBKS,DJ Malan,26,26,1,1,100.0,out,0
IPL_2021_029,1,PBKS,DJ Hooda,1,1,0,0,100.0,out,0
IPL_2021_029,1,PBKS,M Shahrukh Khan,4,5,0,0,80.0,out,0
IPL_2021_029,1,PBKS,CJ Jordan,2,3,0,0,66.67,out,0
IPL_2021_029,1,PBKS,Harpreet Brar,4,2,1,0,200.0,not out,1
IPL_2021_029,2,DC,PP Shaw,39,22,3,3,177.27,out,0
IPL_2021_029,2,DC,S Dhawan,69,47,6,2,146.81,not out,1
IPL_2021_029,2,DC,SPD Smith,24,22,1,0,109.09,out,0
IPL_2021_029,2,DC,RR Pant,14,11,1,1,127.27,out,0
IPL_2021_029,2,DC,SO Hetmyer,16,4,1,2,400.0,not out,1
IPL_2021_031,1,RCB,V Kohli,5,4,1,0,125.0,out,0
IPL_2021_031,1,RCB,D Padikkal,22,20,3,0,110.0,out,0
IPL_2021_031,1,RCB,KS Bharat,16,19,1,0,84.21,out,0
IPL_2021_031,1,RCB,GJ Maxwell,10,17,0,0,58.82,out,0
IPL_2021_031,1,RCB,AB de Villiers,0,1,0,0,0.0,out,0
IPL_2021_031,1,RCB,Sachin Baby,7,17,0,0,41.18,out,0
IPL_2021_031,1,RCB,PWH de Silva,0,1,0,0,0.0,out,0
IPL_2021_031,1,RCB,KA Jamieson,4,12,0,0,33.33,out,0
IPL_2021_031,1,RCB,HV Patel,12,10,2,0,120.0,out,0
IPL_2021_031,1,RCB,Mohammed Siraj,8,10,1,0,80.0,out,0
IPL_2021_031,1,RCB,YS Chahal,2,6,0,0,33.33,not out,1
IPL_2021_031,2,KKR,Shubman Gill,48,34,6,1,141.18,out,0
IPL_2021_031,2,KKR,VR Iyer,41,27,7,1,151.85,not out,1
IPL_2021_055,1,MI,RG Sharma,18,13,3,0,138.46,out,0
IPL_2021_055,1,MI,Ishan Kishan,84,32,11,4,262.5,out,0
IPL_2021_055,1,MI,HH Pandya,10,8,0,1,125.0,out,0
IPL_2021_055,1,MI,KA Pollard,13,12,1,0,108.33,out,0
IPL_2021_055,1,MI,SA Yadav,82,40,13,3,205.0,out,0
IPL_2021_055,1,MI,JDS Neesham,0,1,0,0,0.0,out,0
IPL_2021_055,1,MI,KH Pandya,9,7,1,0,128.57,out,0
IPL_2021_055,1,MI,NM Coulter-Nile,3,3,0,0,100.0,out,0
IPL_2021_055,1,MI,PP Chawla,0,2,0,0,0.0,out,0
IPL_2021_055,1,MI,JJ Bumrah,5,2,1,0,250.0,not out,1
IPL_2021_055,2,SRH,JJ Roy,34,21,6,0,161.9,out,0
IPL_2021_055,2,SRH,Abhishek Sharma,33,16,4,1,206.25,out,0
IPL_2021_055,2,SRH,MK Pandey,69,41,7,2,168.29,not out,1
IPL_2021_055,2,SRH,Mohammad Nabi,3,4,0,0,75.0,out,0
IPL_2021_055,2,SRH,Abdul Samad,2,3,0,0,66.67,out,0
IPL_2021_055,2,SRH,PK Garg,29,21,2,1,138.1,out,0
IPL_2021_055,2,SRH,JO Holder,1,2,0,0,50.0,out,0
IPL_2021_055,2,SRH,Rashid Khan,9,5,2,0,180.0,out,0
IPL_2021_055,2,SRH,WP Saha,2,5,0,0,40.0,out,0
IPL_2021_055,2,SRH,S Kaul,1,3,0,0,33.33,not out,1
IPL_2021_047,1,CSK,RD Gaikwad,101,60,9,5,168.33,not out,1
IPL_2021_047,1,CSK,F du Plessis,25,19,2,1,131.58,out,0
IPL_2021_047,1,CSK,SK Raina,3,5,0,0,60.0,out,0
IPL_2021_047,1,CSK,MM Ali,21,17,1,1,123.53,out,0
IPL_2021_047,1,CSK,AT Rayudu,2,4,0,0,50.0,out,0
IPL_2021_047,1,CSK,RA Jadeja,32,15,4,1,213.33,not out,1
IPL_2021_047,2,RR,E Lewis,27,12,2,2,225.0,out,0
IPL_2021_047,2,RR,YBK Jaiswal,50,21,6,3,238.1,out,0
IPL_2021_047,2,RR,SV Samson,28,24,4,0,116.67,out,0
IPL_2021_047,2,RR,S Dube,64,42,4,4,152.38,not out,1
IPL_2021_047,2,RR,GD Phillips,14,8,1,1,175.0,not out,1
IPL_2021_048,1,RCB,V Kohli,25,24,2,1,104.17,out,0
IPL_2021_048,1,RCB,D Padikkal,40,38,4,2,105.26,out,0
IPL_2021_048,1,RCB,DT Christian,0,1,0,0,0.0,out,0
IPL_2021_048,1,RCB,GJ Maxwell,57,33,3,4,172.73,out,0
IPL_2021_048,1,RCB,AB de Villiers,23,18,1,2,127.78,out,0
IPL_2021_048,1,RCB,Shahbaz Ahmed,8,4,0,1,200.0,out,0
IPL_2021_048,1,RCB,GHS Garton,0,1,0,0,0.0,out,0
IPL_2021_048,1,RCB,HV Patel,1,1,0,0,100.0,not out,1
IPL_2021_048,2,PBKS,KL Rahul,39,35,1,2,111.43,out,0
IPL_2021_048,2,PBKS,MA Agarwal,57,42,6,2,135.71,out,0
IPL_2021_048,2,PBKS,N Pooran,3,7,0,0,42.86,out,0
IPL_2021_048,2,PBKS,AK Markram,20,14,2,1,142.86,out,0
IPL_2021_048,2,PBKS,SN Khan,0,1,0,0,0.0,out,0
IPL_2021_048,2,PBKS,M Shahrukh Khan,16,11,1,1,145.45,out,0
IPL_2021_048,2,PBKS,MC Henriques,12,9,0,1,133.33,not out,1
IPL_2021_048,2,PBKS,Harpreet Brar,3,2,0,0,150.0,not out,1
IPL_2021_044,1,SRH,JJ Roy,2,7,0,0,28.57,out,0
IPL_2021_044,1,SRH,WP Saha,44,46,1,2,95.65,out,0
IPL_2021_044,1,SRH,KS Williamson,11,11,2,0,100.0,out,0
IPL_2021_044,1,SRH,PK Garg,7,10,0,0,70.0,out,0
IPL_2021_044,1,SRH,Abhishek Sharma,18,13,1,1,138.46,out,0
IPL_2021_044,1,SRH,Abdul Samad,18,14,1,1,128.57,out,0
IPL_2021_044,1,SRH,JO Holder,5,5,0,0,100.0,out,0
IPL_2021_044,1,SRH,Rashid Khan,17,13,2,0,130.77,not out,1
IPL_2021_044,1,SRH,B Kumar,2,2,0,0,100.0,not out,1
IPL_2021_044,2,CSK,RD Gaikwad,45,38,4,2,118.42,out,0
IPL_2021_044,2,CSK,F du Plessis,41,36,3,2,113.89,out,0
IPL_2021_044,2,CSK,MM Ali,17,17,2,0,100.0,out,0
IPL_2021_044,2,CSK,SK Raina,2,3,0,0,66.67,out,0
IPL_2021_044,2,CSK,AT Rayudu,17,13,1,1,130.77,not out,1
IPL_2021_044,2,CSK,MS Dhoni,14,11,1,1,127.27,not out,1
IPL_2021_041,1,DC,SPD Smith,39,34,4,0,114.71,out,0
IPL_2021_041,1,DC,S Dhawan,24,20,5,0,120.0,out,0
IPL_2021_041,1,DC,SS Iyer,1,5,0,0,20.0,out,0
IPL_2021_041,1,DC,RR Pant,39,36,3,0,108.33,out,0
IPL_2021_041,1,DC,SO Hetmyer,4,5,0,0,80.0,out,0
IPL_2021_041,1,DC,Lalit Yadav,0,3,0,0,0.0,out,0
IPL_2021_041,1,DC,AR Patel,0,5,0,0,0.0,out,0
IPL_2021_041,1,DC,R Ashwin,9,8,1,0,112.5,out,0
IPL_2021_041,1,DC,Avesh Khan,5,3,1,0,166.67,out,0
IPL_2021_041,1,DC,K Rabada,0,1,0,0,0.0,not out,1
IPL_2021_041,2,KKR,Shubman Gill,30,33,1,2,90.91,out,0
IPL_2021_041,2,KKR,VR Iyer,14,15,2,0,93.33,out,0
IPL_2021_041,2,KKR,RA Tripathi,9,5,0,1,180.0,out,0
IPL_2021_041,2,KKR,N Rana,36,27,2,2,133.33,not out,1
IPL_2021_041,2,KKR,EJG Morgan,0,2,0,0,0.0,out,0
IPL_2021_041,2,KKR,KD Karthik,12,14,2,0,85.71,out,0
IPL_2021_041,2,KKR,SP Narine,21,10,1,2,210.0,out,0
IPL_2021_041,2,KKR,TG Southee,3,5,0,0,60.0,out,0
IPL_2021_051,1,RR,E Lewis,24,19,3,1,126.32,out,0
IPL_2021_051,1,RR,YBK Jaiswal,12,9,3,0,133.33,out,0
IPL_2021_051,1,RR,SV Samson,3,6,0,0,50.0,out,0
IPL_2021_051,1,RR,S Dube,3,8,0,0,37.5,out,0
IPL_2021_051,1,RR,GD Phillips,4,13,0,0,30.77,out,0
IPL_2021_051,1,RR,DA Miller,15,23,0,0,65.22,out,0
IPL_2021_051,1,RR,R Tewatia,12,20,0,0,60.0,out,0
IPL_2021_051,1,RR,S Gopal,0,1,0,0,0.0,out,0
IPL_2021_051,1,RR,C Sakariya,6,11,1,0,54.55,out,0
IPL_2021_051,1,RR,K Yadav,0,4,0,0,0.0,not out,1
IPL_2021_051,1,RR,Mustafizur Rahman,8,7,0,1,114.29,not out,1
IPL_2021_051,2,MI,RG Sharma,22,13,1,2,169.23,out,0
IPL_2021_051,2,MI,Ishan Kishan,50,25,5,3,200.0,not out,1
IPL_2021_051,2,MI,SA Yadav,13,8,3,0,162.5,out,0
IPL_2021_051,2,MI,HH Pandya,5,6,0,0,83.33,not out,1
IPL_2021_053,1,CSK,RD Gaikwad,12,14,1,0,85.71,out,0
IPL_2021_053,1,CSK,F du Plessis,76,55,8,2,138.18,out,0
IPL_2021_053,1,CSK,MM Ali,0,6,0,0,0.0,out,0
IPL_2021_053,1,CSK,RV Uthappa,2,6,0,0,33.33,out,0
IPL_2021_053,1,CSK,AT Rayudu,4,5,0,0,80.0,out,0
IPL_2021_053,1,CSK,MS Dhoni,12,15,2,0,80.0,out,0
IPL_2021_053,1,CSK,RA Jadeja,15,17,1,0,88.24,not out,1
IPL_2021_053,1,CSK,DJ Bravo,4,2,1,0,200.0,not out,1
IPL_2021_053,2,PBKS,KL Rahul,98,42,7,8,233.33,not out,1
IPL_2021_053,2,PBKS,MA Agarwal,12,12,2,0,100.0,out,0
IPL_2021_053,2,PBKS,SN Khan,0,3,0,0,0.0,out,0
IPL_2021_053,2,PBKS,M Shahrukh Khan,8,10,0,1,80.0,out,0
IPL_2021_053,2,PBKS,AK Markram,13,8,0,1,162.5,out,0
IPL_2021_053,2,PBKS,MC Henriques,3,3,0,0,100.0,not out,1
IPL_2021_052,1,SRH,JJ Roy,44,38,5,0,115.79,out,0
IPL_2021_052,1,SRH,Abhishek Sharma,13,10,1,1,130.0,out,0
IPL_2021_052,1,SRH,KS Williamson,31,29,4,0,106.9,out,0
IPL_2021_052,1,SRH,PK Garg,15,11,0,1,136.36,out,0
IPL_2021_052,1,SRH,Abdul Samad,1,3,0,0,33.33,out,0
IPL_2021_052,1,SRH,JO Holder,16,13,2,0,123.08,out,0
IPL_2021_052,1,SRH,WP Saha,10,8,1,0,125.0,out,0
IPL_2021_052,1,SRH,Rashid Khan,7,9,1,0,77.78,not out,1
IPL_2021_052,2,RCB,V Kohli,5,4,1,0,125.0,out,0
IPL_2021_052,2,RCB,D Padikkal,41,52,4,0,78.85,out,0
IPL_2021_052,2,RCB,DT Christian,1,4,0,0,25.0,out,0
IPL_2021_052,2,RCB,KS Bharat,12,10,1,1,120.0,out,0
IPL_2021_052,2,RCB,GJ Maxwell,40,25,3,2,160.0,out,0
IPL_2021_052,2,RCB,AB de Villiers,19,13,1,1,146.15,not out,1
IPL_2021_052,2,RCB,Shahbaz Ahmed,14,9,2,0,155.56,out,0
IPL_2021_052,2,RCB,GHS Garton,2,3,0,0,66.67,not out,1
IPL_2021_034,1,MI,RG Sharma,33,30,4,0,110.0,out,0
IPL_2021_034,1,MI,Q de Kock,55,42,4,3,130.95,out,0
IPL_2021_034,1,MI,SA Yadav,5,10,0,0,50.0,out,0
IPL_2021_034,1,MI,Ishan Kishan,14,13,0,1,107.69,out,0
IPL_2021_034,1,MI,KA Pollard,21,15,2,1,140.0,out,0
IPL_2021_034,1,MI,KH Pandya,12,9,0,1,133.33,out,0
IPL_2021_034,1,MI,SS Tiwary,5,2,1,0,250.0,not out,1
IPL_2021_034,1,MI,AF Milne,1,1,0,0,100.0,not out,1
IPL_2021_034,2,KKR,Shubman Gill,13,9,1,1,144.44,out,0
IPL_2021_034,2,KKR,VR Iyer,53,30,4,3,176.67,out,0
IPL_2021_034,2,KKR,RA Tripathi,74,42,8,3,176.19,not out,1
IPL_2021_034,2,KKR,EJG Morgan,7,8,0,1,87.5,out,0
IPL_2021_034,2,KKR,N Rana,5,2,1,0,250.0,not out,1
IPL_2021_036,1,DC,PP Shaw,10,12,0,0,83.33,out,0
IPL_2021_036,1,DC,S Dhawan,8,8,1,0,100.0,out,0
IPL_2021_036,1,DC,SS Iyer,43,32,1,2,134.38,out,0
IPL_2021_036,1,DC,RR Pant,24,24,2,0,100.0,out,0
IPL_2021_036,1,DC,SO Hetmyer,28,16,5,0,175.0,out,0
IPL_2021_036,1,DC,Lalit Yadav,14,15,1,0,93.33,not out,1
IPL_2021_036,1,DC,AR Patel,12,7,0,1,171.43,out,0
IPL_2021_036,1,DC,R Ashwin,6,6,0,0,100.0,not out,1
IPL_2021_036,2,RR,LS Livingstone,1,3,0,0,33.33,out,0
IPL_2021_036,2,RR,YBK Jaiswal,5,4,0,0,125.0,out,0
IPL_2021_036,2,RR,DA Miller,7,10,0,0,70.0,out,0
IPL_2021_036,2,RR,SV Samson,70,53,8,1,132.08,not out,1
IPL_2021_036,2,RR,MK Lomror,19,24,0,1,79.17,out,0
IPL_2021_036,2,RR,R Parag,2,7,0,0,28.57,out,0
IPL_2021_036,2,RR,R Tewatia,9,15,0,0,60.0,out,0
IPL_2021_036,2,RR,T Shamsi,2,4,0,0,50.0,not out,1
IPL_2021_038,1,KKR,Shubman Gill,9,5,2,0,180.0,out,0
IPL_2021_038,1,KKR,VR Iyer,18,15,3,0,120.0,out,0
IPL_2021_038,1,KKR,RA Tripathi,45,33,4,1,136.36,out,0
IPL_2021_038,1,KKR,EJG Morgan,8,14,0,0,57.14,out,0
IPL_2021_038,1,KKR,N Rana,37,27,3,1,137.04,not out,1
IPL_2021_038,1,KKR,AD Russell,20,15,2,1,133.33,out,0
IPL_2021_038,1,KKR,KD Karthik,26,11,3,1,236.36,out,0
IPL_2021_038,1,KKR,SP Narine,0,1,0,0,0.0,not out,1
IPL_2021_038,2,CSK,RD Gaikwad,40,28,2,3,142.86,out,0
IPL_2021_038,2,CSK,F du Plessis,43,30,7,0,143.33,out,0
IPL_2021_038,2,CSK,MM Ali,32,28,2,1,114.29,out,0
IPL_2021_038,2,CSK,AT Rayudu,10,9,1,0,111.11,out,0
IPL_2021_038,2,CSK,SK Raina,11,7,1,0,157.14,out,0
IPL_2021_038,2,CSK,MS Dhoni,1,4,0,0,25.0,out,0
IPL_2021_038,2,CSK,SM Curran,4,4,0,0,100.0,out,0
IPL_2021_038,2,CSK,RA Jadeja,22,8,2,2,275.0,out,0
IPL_2021_038,2,CSK,SN Thakur,3,2,0,0,150.0,not out,1
IPL_2021_038,2,CSK,DL Chahar,1,1,0,0,100.0,not out,1
IPL_2021_042,1,PBKS,KL Rahul,21,22,2,0,95.45,out,0
IPL_2021_042,1,PBKS,Mandeep Singh,15,14,2,0,107.14,out,0
IPL_2021_042,1,PBKS,CH Gayle,1,4,0,0,25.0,out,0
IPL_2021_042,1,PBKS,AK Markram,42,29,6,0,144.83,out,0
IPL_2021_042,1,PBKS,N Pooran,2,3,0,0,66.67,out,0
IPL_2021_042,1,PBKS,DJ Hooda,28,26,1,1,107.69,out,0
IPL_2021_042,1,PBKS,Harpreet Brar,14,19,0,0,73.68,not out,1
IPL_2021_042,1,PBKS,NT Ellis,6,4,0,0,150.0,not out,1
IPL_2021_042,2,MI,RG Sharma,8,10,1,0,80.0,out,0
IPL_2021_042,2,MI,Q de Kock,27,29,2,0,93.1,out,0
IPL_2021_042,2,MI,SA Yadav,0,1,0,0,0.0,out,0
IPL_2021_042,2,MI,SS Tiwary,45,37,3,2,121.62,out,0
IPL_2021_042,2,MI,HH Pandya,40,30,4,2,133.33,not out,1
IPL_2021_042,2,MI,KA Pollard,15,7,1,1,214.29,not out,1
IPL_2021_040,1,RR,E Lewis,6,4,1,0,150.0,out,0
IPL_2021_040,1,RR,YBK Jaiswal,36,23,5,1,156.52,out,0
IPL_2021_040,1,RR,SV Samson,82,57,7,3,143.86,out,0
IPL_2021_040,1,RR,LS Livingstone,4,6,0,0,66.67,out,0
IPL_2021_040,1,RR,MK Lomror,29,28,1,1,103.57,not out,1
IPL_2021_040,1,RR,R Parag,0,1,0,0,0.0,out,0
IPL_2021_040,1,RR,R Tewatia,0,1,0,0,0.0,not out,1
IPL_2021_040,2,SRH,JJ Roy,60,42,8,1,142.86,out,0
IPL_2021_040,2,SRH,WP Saha,18,11,2,1,163.64,out,0
IPL_2021_040,2,SRH,KS Williamson,51,41,5,1,124.39,not out,1
IPL_2021_040,2,SRH,PK Garg,0,1,0,0,0.0,out,0
IPL_2021_040,2,SRH,Abhishek Sharma,21,16,1,1,131.25,not out,1
IPL_2021_056,1,DC,PP Shaw,48,31,4,2,154.84,out,0
IPL_2021_056,1,DC,S Dhawan,43,35,3,2,122.86,out,0
IPL_2021_056,1,DC,RR Pant,10,8,1,0,125.0,out,0
IPL_2021_056,1,DC,SS Iyer,18,18,1,0,100.0,out,0
IPL_2021_056,1,DC,SO Hetmyer,29,22,2,2,131.82,out,0
IPL_2021_056,1,DC,RV Patel,7,7,1,0,100.0,not out,1
IPL_2021_056,2,RCB,V Kohli,4,8,0,0,50.0,out,0
IPL_2021_056,2,RCB,D Padikkal,0,1,0,0,0.0,out,0
IPL_2021_056,2,RCB,KS Bharat,78,52,3,4,150.0,not out,1
IPL_2021_056,2,RCB,AB de Villiers,26,26,2,1,100.0,out,0
IPL_2021_056,2,RCB,GJ Maxwell,51,33,8,0,154.55,not out,1
IPL_2021_045,1,KKR,VR Iyer,67,49,9,1,136.73,out,0
IPL_2021_045,1,KKR,Shubman Gill,7,7,1,0,100.0,out,0
IPL_2021_045,1,KKR,RA Tripathi,34,26,3,1,130.77,out,0
IPL_2021_045,1,KKR,N Rana,31,18,2,2,172.22,out,0
IPL_2021_045,1,KKR,EJG Morgan,2,2,0,0,100.0,out,0
IPL_2021_045,1,KKR,KD Karthik,11,11,0,0,100.0,out,0
IPL_2021_045,1,KKR,TL Seifert,2,4,0,0,50.0,out,0
IPL_2021_045,1,KKR,SP Narine,3,3,0,0,100.0,not out,1
IPL_2021_045,2,PBKS,KL Rahul,67,55,4,2,121.82,out,0
IPL_2021_045,2,PBKS,MA Agarwal,40,27,3,3,148.15,out,0
IPL_2021_045,2,PBKS,N Pooran,12,7,0,1,171.43,out,0
IPL_2021_045,2,PBKS,AK Markram,18,16,0,1,112.5,out,0
IPL_2021_045,2,PBKS,DJ Hooda,3,4,0,0,75.0,out,0
IPL_2021_045,2,PBKS,M Shahrukh Khan,22,9,1,2,244.44,not out,1
IPL_2021_043,1,RR,E Lewis,58,37,5,3,156.76,out,0
IPL_2021_043,1,RR,YBK Jaiswal,31,22,3,2,140.91,out,0
IPL_2021_043,1,RR,SV Samson,19,15,0,2,126.67,out,0
IPL_2021_043,1,RR,MK Lomror,3,4,0,0,75.0,out,0
IPL_2021_043,1,RR,LS Livingstone,6,9,0,0,66.67,out,0
IPL_2021_043,1,RR,R Tewatia,2,3,0,0,66.67,out,0
IPL_2021_043,1,RR,R Parag,9,16,0,0,56.25,out,0
IPL_2021_043,1,RR,CH Morris,14,11,2,0,127.27,out,0
IPL_2021_043,1,RR,Kartik Tyagi,1,1,0,0,100.0,not out,1
IPL_2021_043,1,RR,C Sakariya,2,2,0,0,100.0,out,0
IPL_2021_043,2,RCB,V Kohli,25,20,4,0,125.0,out,0
IPL_2021_043,2,RCB,D Padikkal,22,17,4,0,129.41,out,0
IPL_2021_043,2,RCB,KS Bharat,44,35,3,1,125.71,out,0
IPL_2021_043,2,RCB,GJ Maxwell,50,30,6,1,166.67,not out,1
IPL_2021_043,2,RCB,AB de Villiers,4,1,1,0,400.0,not out,1
IPL_2021_030,1,CSK,RD Gaikwad,88,58,9,4,151.72,not out,1
IPL_2021_030,1,CSK,F du Plessis,0,3,0,0,0.0,out,0
IPL_2021_030,1,CSK,MM Ali,0,3,0,0,0.0,out,0
IPL_2021_030,1,CSK,AT Rayudu,0,3,0,0,0.0,out,0
IPL_2021_030,1,CSK,SK Raina,4,6,1,0,66.67,out,0
IPL_2021_030,1,CSK,MS Dhoni,3,5,0,0,60.0,out,0
IPL_2021_030,1,CSK,RA Jadeja,26,33,1,0,78.79,out,0
IPL_2021_030,1,CSK,DJ Bravo,23,8,0,3,287.5,out,0
IPL_2021_030,1,CSK,SN Thakur,1,1,0,0,100.0,not out,1
IPL_2021_030,2,MI,Q de Kock,17,12,3,0,141.67,out,0
IPL_2021_030,2,MI,Anmolpreet Singh,16,14,2,1,114.29,out,0
IPL_2021_030,2,MI,SA Yadav,3,7,0,0,42.86,out,0
IPL_2021_030,2,MI,Ishan Kishan,11,10,1,0,110.0,out,0
IPL_2021_030,2,MI,SS Tiwary,50,40,5,0,125.0,not out,1
IPL_2021_030,2,MI,KA Pollard,15,14,1,1,107.14,out,0
IPL_2021_030,2,MI,KH Pandya,4,5,0,0,80.0,out,0
IPL_2021_030,2,MI,AF Milne,15,15,0,1,100.0,out,0
IPL_2021_030,2,MI,RD Chahar,0,1,0,0,0.0,out,0
IPL_2021_030,2,MI,JJ Bumrah,1,2,0,0,50.0,not out,1
IPL_2021_033,1,SRH,DA Warner,0,3,0,0,0.0,out,0
IPL_2021_033,1,SRH,KS Williamson,18,26,1,0,69.23,out,0
IPL_2021_033,1,SRH,WP Saha,18,17,2,1,105.88,out,0
IPL_2021_033,1,SRH,MK Pandey,17,16,1,0,106.25,out,0
IPL_2021_033,1,SRH,Abdul Samad,28,21,2,1,133.33,out,0
IPL_2021_033,1,SRH,KM Jadhav,3,8,0,0,37.5,out,0
IPL_2021_033,1,SRH,JO Holder,10,9,0,1,111.11,out,0
IPL_2021_033,1,SRH,Rashid Khan,22,19,2,1,115.79,out,0
IPL_2021_033,1,SRH,B Kumar,5,3,1,0,166.67,not out,1
IPL_2021_033,1,SRH,Sandeep Sharma,0,1,0,0,0.0,out,0
IPL_2021_033,2,DC,PP Shaw,11,8,2,0,137.5,out,0
IPL_2021_033,2,DC,S Dhawan,42,37,6,1,113.51,out,0
IPL_2021_033,2,DC,SS Iyer,47,41,2,2,114.63,not out,1
IPL_2021_033,2,DC,RR Pant,35,21,3,2,166.67,not out,1
IPL_2021_054,1,KKR,Shubman Gill,56,44,4,2,127.27,out,0
IPL_2021_054,1,KKR,VR Iyer,38,35,3,2,108.57,out,0
IPL_2021_054,1,KKR,N Rana,12,5,1,1,240.0,out,0
IPL_2021_054,1,KKR,RA Tripathi,21,14,3,0,150.0,out,0
IPL_2021_054,1,KKR,KD Karthik,14,11,0,1,127.27,not out,1
IPL_2021_054,1,KKR,EJG Morgan,13,11,1,1,118.18,not out,1
IPL_2021_054,2,RR,YBK Jaiswal,0,3,0,0,0.0,out,0
IPL_2021_054,2,RR,SV Samson,1,4,0,0,25.0,out,0
IPL_2021_054,2,RR,S Dube,18,20,0,1,90.0,out,0
IPL_2021_054,2,RR,LS Livingstone,6,6,1,0,100.0,out,0
IPL_2021_054,2,RR,Anuj Rawat,0,1,0,0,0.0,out,0
IPL_2021_054,2,RR,GD Phillips,8,12,0,1,66.67,out,0
IPL_2021_054,2,RR,R Tewatia,44,36,5,2,122.22,out,0
IPL_2021_054,2,RR,CH Morris,0,2,0,0,0.0,out,0
IPL_2021_054,2,RR,JD Unadkat,6,5,1,0,120.0,out,0
IPL_2021_054,2,RR,C Sakariya,1,5,0,0,20.0,out,0
IPL_2021_054,2,RR,Mustafizur Rahman,0,3,0,0,0.0,not out,1
IPL_2021_037,1,PBKS,KL Rahul,21,21,3,0,100.0,out,0
IPL_2021_037,1,PBKS,MA Agarwal,5,6,0,0,83.33,out,0
IPL_2021_037,1,PBKS,CH Gayle,14,17,1,0,82.35,out,0
IPL_2021_037,1,PBKS,AK Markram,27,32,2,0,84.38,out,0
IPL_2021_037,1,PBKS,N Pooran,8,4,0,1,200.0,out,0
IPL_2021_037,1,PBKS,DJ Hooda,13,10,1,0,130.0,out,0
IPL_2021_037,1,PBKS,Harpreet Brar,18,18,1,0,100.0,not out,1
IPL_2021_037,1,PBKS,NT Ellis,12,12,0,1,100.0,out,0
IPL_2021_037,2,SRH,DA Warner,2,3,0,0,66.67,out,0
IPL_2021_037,2,SRH,KS Williamson,1,6,0,0,16.67,out,0
IPL_2021_037,2,SRH,WP Saha,31,37,1,0,83.78,out,0
IPL_2021_037,2,SRH,MK Pandey,13,23,1,0,56.52,out,0
IPL_2021_037,2,SRH,KM Jadhav,12,12,0,0,100.0,out,0
IPL_2021_037,2,SRH,Abdul Samad,1,2,0,0,50.0,out,0
IPL_2021_037,2,SRH,JO Holder,47,29,0,5,162.07,not out,1
IPL_2021_037,2,SRH,Rashid Khan,3,4,0,0,75.0,out,0
IPL_2021_037,2,SRH,B Kumar,3,4,0,0,75.0,not out,1
IPL_2021_039,1,RCB,V Kohli,51,42,3,3,121.43,out,0
IPL_2021_039,1,RCB,D Padikkal,0,4,0,0,0.0,out,0
IPL_2021_039,1,RCB,KS Bharat,32,24,2,2,133.33,out,0
IPL_2021_039,1,RCB,GJ Maxwell,56,37,6,3,151.35,out,0
IPL_2021_039,1,RCB,AB de Villiers,11,6,1,1,183.33,out,0
IPL_2021_039,1,RCB,Shahbaz Ahmed,1,3,0,0,33.33,out,0
IPL_2021_039,1,RCB,DT Christian,1,3,0,0,33.33,not out,1
IPL_2021_039,1,RCB,KA Jamieson,2,2,0,0,100.0,not out,1
IPL_2021_039,2,MI,RG Sharma,43,28,5,1,153.57,out,0
IPL_2021_039,2,MI,Q de Kock,24,23,4,0,104.35,out,0
IPL_2021_039,2,MI,Ishan Kishan,9,12,1,0,75.0,out,0
IPL_2021_039,2,MI,SA Yadav,8,9,0,0,88.89,out,0
IPL_2021_039,2,MI,KH Pandya,5,11,0,0,45.45,out,0
IPL_2021_039,2,MI,KA Pollard,7,10,0,0,70.0,out,0
IPL_2021_039,2,MI,HH Pandya,3,6,0,0,50.0,out,0
IPL_2021_039,2,MI,RD Chahar,0,1,0,0,0.0,out,0
IPL_2021_039,2,MI,JJ Bumrah,5,6,1,0,83.33,out,0
IPL_2021_039,2,MI,TA Boult,0,3,0,0,0.0,not out,1
IPL_2021_039,2,MI,AF Milne,0,1,0,0,0.0,out,0
IPL_2021_049,1,SRH,JJ Roy,10,13,2,0,76.92,out,0
IPL_2021_049,1,SRH,WP Saha,0,1,0,0,0.0,out,0
IPL_2021_049,1,SRH,KS Williamson,26,21,4,0,123.81,out,0
IPL_2021_049,1,SRH,PK Garg,21,31,0,1,67.74,out,0
IPL_2021_049,1,SRH,Abhishek Sharma,6,10,0,0,60.0,out,0
IPL_2021_049,1,SRH,Abdul Samad,25,18,0,3,138.89,out,0
IPL_2021_049,1,SRH,JO Holder,2,9,0,0,22.22,out,0
IPL_2021_049,1,SRH,Rashid Khan,8,6,1,0,133.33,out,0
IPL_2021_049,1,SRH,B Kumar,7,7,0,0,100.0,not out,1
IPL_2021_049,1,SRH,S Kaul,7,5,1,0,140.0,not out,1
IPL_2021_049,2,KKR,Shubman Gill,57,51,10,0,111.76,out,0
IPL_2021_049,2,KKR,VR Iyer,8,14,0,0,57.14,out,0
IPL_2021_049,2,KKR,RA Tripathi,7,6,1,0,116.67,out,0
IPL_2021_049,2,KKR,N Rana,25,33,3,0,75.76,out,0
IPL_2021_049,2,KKR,KD Karthik,18,12,3,0,150.0,not out,1
IPL_2021_049,2,KKR,EJG Morgan,2,2,0,0,100.0,not out,1
IPL_2021_050,1,CSK,RD Gaikwad,13,13,2,0,100.0,out,0
IPL_2021_050,1,CSK,F du Plessis,10,8,2,0,125.0,out,0
IPL_2021_050,1,CSK,RV Uthappa,19,19,1,0,100.0,out,0
IPL_2021_050,1,CSK,MM Ali,5,8,0,0,62.5,out,0
IPL_2021_050,1,CSK,AT Rayudu,55,43,5,2,127.91,not out,1
IPL_2021_050,1,CSK,MS Dhoni,18,27,0,0,66.67,out,0
IPL_2021_050,1,CSK,RA Jadeja,1,2,0,0,50.0,not out,1
IPL_2021_050,2,DC,PP Shaw,18,12,3,0,150.0,out,0
IPL_2021_050,2,DC,S Dhawan,39,35,3,2,111.43,out,0
IPL_2021_050,2,DC,SS Iyer,2,7,0,0,28.57,out,0
IPL_2021_050,2,DC,RR Pant,15,12,1,1,125.0,out,0
IPL_2021_050,2,DC,RV Patel,18,20,2,0,90.0,out,0
IPL_2021_050,2,DC,R Ashwin,2,3,0,0,66.67,out,0
IPL_2021_050,2,DC,SO Hetmyer,28,18,2,1,155.56,not out,1
IPL_2021_050,2,DC,AR Patel,5,10,0,0,50.0,out,0
IPL_2021_050,2,DC,K Rabada,4,1,1,0,400.0,not out,1
IPL_2021_032,1,RR,E Lewis,36,21,7,1,171.43,out,0
IPL_2021_032,1,RR,YBK Jaiswal,49,36,6,2,136.11,out,0
IPL_2021_032,1,RR,SV Samson,4,5,0,0,80.0,out,0
IPL_2021_032,1,RR,LS Livingstone,25,17,2,1,147.06,out,0
IPL_2021_032,1,RR,MK Lomror,43,17,2,4,252.94,out,0
IPL_2021_032,1,RR,R Parag,4,5,0,0,80.0,out,0
IPL_2021_032,1,RR,R Tewatia,2,5,0,0,40.0,out,0
IPL_2021_032,1,RR,CH Morris,5,5,0,0,100.0,out,0
IPL_2021_032,1,RR,C Sakariya,7,6,1,0,116.67,out,0
IPL_2021_032,1,RR,Kartik Tyagi,1,3,0,0,33.33,out,0
IPL_2021_032,2,PBKS,KL Rahul,49,33,4,2,148.48,out,0
IPL_2021_032,2,PBKS,MA Agarwal,67,43,7,2,155.81,out,0
IPL_2021_032,2,PBKS,AK Markram,26,20,2,1,130.0,not out,1
IPL_2021_032,2,PBKS,N Pooran,32,22,1,2,145.45,out,0
IPL_2021_032,2,PBKS,DJ Hooda,0,2,0,0,0.0,out,0
IPL_2021_032,2,PBKS,FA Allen,0,1,0,0,0.0,not out,1
IPL_2021_046,1,MI,RG Sharma,7,10,1,0,70.0,out,0
IPL_2021_046,1,MI,Q de Kock,19,18,1,1,105.56,out,0
IPL_2021_046,1,MI,SA Yadav,33,26,2,2,126.92,out,0
IPL_2021_046,1,MI,SS Tiwary,15,18,1,0,83.33,out,0
IPL_2021_046,1,MI,KA Pollard,6,9,0,0,66.67,out,0
IPL_2021_046,1,MI,HH Pandya,17,18,2,0,94.44,out,0
IPL_2021_046,1,MI,KH Pandya,13,15,1,1,86.67,not out,1
IPL_2021_046,1,MI,NM Coulter-Nile,1,2,0,0,50.0,out,0
IPL_2021_046,1,MI,J Yadav,11,4,1,1,275.0,out,0
IPL_2021_046,1,MI,JJ Bumrah,1,1,0,0,100.0,not out,1
IPL_2021_046,2,DC,PP Shaw,6,7,1,0,85.71,out,0
IPL_2021_046,2,DC,S Dhawan,8,7,0,1,114.29,out,0
IPL_2021_046,2,DC,SPD Smith,9,8,0,1,112.5,out,0
IPL_2021_046,2,DC,RR Pant,26,22,3,1,118.18,out,0
IPL_2021_046,2,DC,SS Iyer,33,33,2,0,100.0,not out,1
IPL_2021_046,2,DC,AR Patel,9,9,1,0,100.0,out,0
IPL_2021_046,2,DC,SO Hetmyer,15,8,2,0,187.5,out,0
IPL_2021_046,2,DC,R Ashwin,20,21,0,1,95.24,not out,1
IPL_2021_035,1,RCB,V Kohli,53,41,6,1,129.27,out,0
IPL_2021_035,1,RCB,D Padikkal,70,50,5,3,140.0,out,0
IPL_2021_035,1,RCB,AB de Villiers,12,11,0,1,109.09,out,0
IPL_2021_035,1,RCB,GJ Maxwell,11,9,0,1,122.22,out,0
IPL_2021_035,1,RCB,TH David,1,3,0,0,33.33,out,0
IPL_2021_035,1,RCB,HV Patel,3,5,0,0,60.0,out,0
IPL_2021_035,1,RCB,PWH de Silva,1,1,0,0,100.0,not out,1
IPL_2021_035,2,CSK,RD Gaikwad,38,26,4,1,146.15,out,0
IPL_2021_035,2,CSK,F du Plessis,31,26,2,2,119.23,out,0
IPL_2021_035,2,CSK,MM Ali,23,18,0,2,127.78,out,0
IPL_2021_035,2,CSK,AT Rayudu,32,22,3,1,145.45,out,0
IPL_2021_035,2,CSK,SK Raina,17,10,2,1,170.0,not out,1
IPL_2021_035,2,CSK,MS Dhoni,11,9,2,0,122.22,not out,1
IPL_2021_000,1,DC,PP Shaw,60,34,7,3,176.47,out,0
IPL_2021_000,1,DC,S Dhawan,7,7,1,0,100.0,out,0
IPL_2021_000,1,DC,SS Iyer,1,8,0,0,12.5,out,0
IPL_2021_000,1,DC,AR Patel,10,11,1,0,90.91,out,0
IPL_2021_000,1,DC,RR Pant,51,35,3,2,145.71,not out,1
IPL_2021_000,1,DC,SO Hetmyer,37,24,3,1,154.17,out,0
IPL_2021_000,1,DC,TK Curran,0,1,0,0,0.0,not out,1
IPL_2021_000,2,CSK,RD Gaikwad,70,50,5,2,140.0,out,0
IPL_2021_000,2,CSK,F du Plessis,1,2,0,0,50.0,out,0
IPL_2021_000,2,CSK,RV Uthappa,63,44,7,2,143.18,out,0
IPL_2021_000,2,CSK,SN Thakur,0,1,0,0,0.0,out,0
IPL_2021_000,2,CSK,AT Rayudu,1,3,0,0,33.33,out,0
IPL_2021_000,2,CSK,MM Ali,16,12,2,0,133.33,out,0
IPL_2021_000,2,CSK,MS Dhoni,18,6,3,1,300.0,not out,1
IPL_2021_000,1,RCB,D Padikkal,21,18,2,0,116.67,out,0
IPL_2021_000,1,RCB,V Kohli,39,33,5,0,118.18,out,0
IPL_2021_000,1,RCB,KS Bharat,9,16,0,0,56.25,out,0
IPL_2021_000,1,RCB,GJ Maxwell,15,18,1,0,83.33,out,0
IPL_2021_000,1,RCB,AB de Villiers,11,9,1,0,122.22,out,0
IPL_2021_000,1,RCB,Shahbaz Ahmed,13,14,1,0,92.86,out,0
IPL_2021_000,1,RCB,DT Christian,9,8,1,0,112.5,out,0
IPL_2021_000,1,RCB,HV Patel,8,6,1,0,133.33,not out,1
IPL_2021_000,2,KKR,Shubman Gill,29,18,4,0,161.11,out,0
IPL_2021_000,2,KKR,VR Iyer,26,30,0,1,86.67,out,0
IPL_2021_000,2,KKR,RA Tripathi,6,5,1,0,120.0,out,0
IPL_2021_000,2,KKR,N Rana,23,25,1,1,92.0,out,0
IPL_2021_000,2,KKR,SP Narine,26,15,0,3,173.33,out,0
IPL_2021_000,2,KKR,KD Karthik,10,12,1,0,83.33,out,0
IPL_2021_000,2,KKR,EJG Morgan,5,7,0,0,71.43,not out,1
IPL_2021_000,2,KKR,Shakib Al Hasan,9,6,1,0,150.0,not out,1
IPL_2021_000,1,DC,PP Shaw,18,12,2,1,150.0,out,0
IPL_2021_000,1,DC,S Dhawan,36,39,1,2,92.31,out,0
IPL_2021_000,1,DC,MP Stoinis,18,23,1,0,78.26,out,0
IPL_2021_000,1,DC,SS Iyer,30,27,1,1,111.11,not out,1
IPL_2021_000,1,DC,RR Pant,6,6,1,0,100.0,out,0
IPL_2021_000,1,DC,SO Hetmyer,17,10,0,2,170.0,out,0
IPL_2021_000,1,DC,AR Patel,4,4,0,0,100.0,not out,1
IPL_2021_000,2,KKR,Shubman Gill,46,46,1,1,100.0,out,0
IPL_2021_000,2,KKR,VR Iyer,55,41,4,3,134.15,out,0
IPL_2021_000,2,KKR,N Rana,13,12,0,1,108.33,out,0
IPL_2021_000,2,KKR,RA Tripathi,12,11,0,1,109.09,not out,1
IPL_2021_000,2,KKR,KD Karthik,0,3,0,0,0.0,out,0
IPL_2021_000,2,KKR,EJG Morgan,0,3,0,0,0.0,out,0
IPL_2021_000,2,KKR,Shakib Al Hasan,0,2,0,0,0.0,out,0
IPL_2021_000,2,KKR,SP Narine,0,1,0,0,0.0,out,0
IPL_2021_000,1,CSK,RD Gaikwad,32,27,3,1,118.52,out,0
IPL_2021_000,1,CSK,F du Plessis,86,59,7,3,145.76,out,0
IPL_2021_000,1,CSK,RV Uthappa,31,15,0,3,206.67,out,0
IPL_2021_000,1,CSK,MM Ali,37,20,2,3,185.0,not out,1
IPL_2021_000,2,KKR,Shubman Gill,51,43,6,0,118.6,out,0
IPL_2021_000,2,KKR,VR Iyer,50,32,5,3,156.25,out,0
IPL_2021_000,2,KKR,N Rana,0,1,0,0,0.0,out,0
IPL_2021_000,2,KKR,SP Narine,2,2,0,0,100.0,out,0
IPL_2021_000,2,KKR,EJG Morgan,4,8,0,0,50.0,out,0
IPL_2021_000,2,KKR,KD Karthik,9,7,0,1,128.57,out,0
IPL_2021_000,2,KKR,Shakib Al Hasan,0,1,0,0,0.0,out,0
IPL_2021_000,2,KKR,RA Tripathi,2,3,0,0,66.67,out,0
IPL_2021_000,2,KKR,LH Ferguson,18,11,1,1,163.64,not out,1
IPL_2021_000,2,KKR,Shivam Mavi,20,13,1,2,153.85,out,0
IPL_2022_001,1,CSK,RD Gaikwad,0,4,0,0,0.0,out,0
IPL_2022_001,1,CSK,RV Uthappa,28,21,2,2,133.33,out,0
IPL_2022_001,1,CSK,DP Conway,3,8,0,0,37.5,out,0
IPL_2022_001,1,CSK,AT Rayudu,15,17,1,1,88.24,out,0
IPL_2022_001,1,CSK,RA Jadeja,26,28,0,1,92.86,not out,1
IPL_2022_001,1,CSK,S Dube,3,6,0,0,50.0,out,0
IPL_2022_001,1,CSK,MS Dhoni,50,38,7,1,131.58,not out,1
IPL_2022_001,2,KKR,AM Rahane,44,34,6,1,129.41,out,0
IPL_2022_001,2,KKR,VR Iyer,16,16,2,0,100.0,out,0
IPL_2022_001,2,KKR,N Rana,21,17,2,1,123.53,out,0
IPL_2022_001,2,KKR,SS Iyer,20,19,1,0,105.26,not out,1
IPL_2022_001,2,KKR,SW Billings,25,22,1,1,113.64,out,0
IPL_2022_001,2,KKR,SP Jackson,3,3,0,0,100.0,not out,1
IPL_2022_002,1,MI,RG Sharma,41,32,4,2,128.12,out,0
IPL_2022_002,1,MI,Ishan Kishan,81,48,11,2,168.75,not out,1
IPL_2022_002,1,MI,Anmolpreet Singh,8,9,0,0,88.89,out,0
IPL_2022_002,1,MI,Tilak Varma,22,15,3,0,146.67,out,0
IPL_2022_002,1,MI,KA Pollard,3,6,0,0,50.0,out,0
IPL_2022_002,1,MI,TH David,12,8,0,1,150.0,out,0
IPL_2022_002,1,MI,DR Sams,7,2,0,1,350.0,not out,1
IPL_2022_002,2,DC,PP Shaw,38,24,4,2,158.33,out,0
IPL_2022_002,2,DC,TL Seifert,21,14,4,0,150.0,out,0
IPL_2022_002,2,DC,Mandeep Singh,0,2,0,0,0.0,out,0
IPL_2022_002,2,DC,RR Pant,1,2,0,0,50.0,out,0
IPL_2022_002,2,DC,Lalit Yadav,48,38,4,2,126.32,not out,1
IPL_2022_002,2,DC,R Powell,0,2,0,0,0.0,out,0
IPL_2022_002,2,DC,SN Thakur,22,11,4,0,200.0,out,0
IPL_2022_002,2,DC,AR Patel,38,17,2,3,223.53,not out,1
IPL_2022_003,1,RCB,F du Plessis,88,57,3,7,154.39,out,0
IPL_2022_003,1,RCB,Anuj Rawat,21,20,2,1,105.0,out,0
IPL_2022_003,1,RCB,V Kohli,41,29,1,2,141.38,not out,1
IPL_2022_003,1,RCB,KD Karthik,32,14,3,3,228.57,not out,1
IPL_2022_003,2,PBKS,MA Agarwal,32,24,2,2,133.33,out,0
IPL_2022_003,2,PBKS,S Dhawan,43,29,5,1,148.28,out,0
IPL_2022_003,2,PBKS,PBB Rajapaksa,43,22,2,4,195.45,out,0
IPL_2022_003,2,PBKS,LS Livingstone,19,10,0,2,190.0,out,0
IPL_2022_003,2,PBKS,RA Bawa,0,1,0,0,0.0,out,0
IPL_2022_003,2,PBKS,M Shahrukh Khan,24,20,1,2,120.0,not out,1
IPL_2022_003,2,PBKS,OF Smith,25,8,1,3,312.5,not out,1
IPL_2022_004,1,LSG,KL Rahul,0,1,0,0,0.0,out,0
IPL_2022_004,1,LSG,E Lewis,10,9,2,0,111.11,out,0
IPL_2022_004,1,LSG,Q de Kock,7,9,1,0,77.78,out,0
IPL_2022_004,1,LSG,MK Pandey,6,5,1,0,120.0,out,0
IPL_2022_004,1,LSG,DJ Hooda,55,41,6,2,134.15,out,0
IPL_2022_004,1,LSG,A Badoni,54,41,4,3,131.71,out,0
IPL_2022_004,1,LSG,KH Pandya,21,13,3,0,161.54,not out,1
IPL_2022_004,1,LSG,PVD Chameera,1,1,0,0,100.0,not out,1
IPL_2022_004,2,GT,Shubman Gill,0,3,0,0,0.0,out,0
IPL_2022_004,2,GT,V Shankar,4,6,0,0,66.67,out,0
IPL_2022_004,2,GT,MS Wade,30,29,4,0,103.45,out,0
IPL_2022_004,2,GT,HH Pandya,33,28,5,1,117.86,out,0
IPL_2022_004,2,GT,DA Miller,30,21,1,2,142.86,out,0
IPL_2022_004,2,GT,R Tewatia,40,24,5,2,166.67,not out,1
IPL_2022_004,2,GT,A Manohar,15,7,3,0,214.29,not out,1
IPL_2022_005,1,RR,JC Buttler,35,28,3,3,125.0,out,0
IPL_2022_005,1,RR,YBK Jaiswal,20,16,2,1,125.0,out,0
IPL_2022_005,1,RR,SV Samson,55,27,3,5,203.7,out,0
IPL_2022_005,1,RR,D Padikkal,41,29,4,2,141.38,out,0
IPL_2022_005,1,RR,SO Hetmyer,32,13,2,3,246.15,out,0
IPL_2022_005,1,RR,R Parag,12,9,2,0,133.33,out,0
IPL_2022_005,1,RR,NM Coulter-Nile,1,2,0,0,50.0,not out,1
IPL_2022_005,2,SRH,KS Williamson,2,7,0,0,28.57,out,0
IPL_2022_005,2,SRH,Abhishek Sharma,9,19,1,0,47.37,out,0
IPL_2022_005,2,SRH,RA Tripathi,0,3,0,0,0.0,out,0
IPL_2022_005,2,SRH,N Pooran,0,9,0,0,0.0,out,0
IPL_2022_005,2,SRH,AK Markram,57,41,5,2,139.02,not out,1
IPL_2022_005,2,SRH,Abdul Samad,4,6,0,0,66.67,out,0
IPL_2022_005,2,SRH,R Shepherd,24,18,0,2,133.33,out,0
IPL_2022_005,2,SRH,Washington Sundar,40,14,5,2,285.71,out,0
IPL_2022_005,2,SRH,B Kumar,3,4,0,0,75.0,not out,1
IPL_2022_006,1,KKR,AM Rahane,9,10,1,0,90.0,out,0
IPL_2022_006,1,KKR,VR Iyer,10,14,1,0,71.43,out,0
IPL_2022_006,1,KKR,SS Iyer,13,10,2,0,130.0,out,0
IPL_2022_006,1,KKR,N Rana,10,5,1,1,200.0,out,0
IPL_2022_006,1,KKR,SP Narine,12,8,1,1,150.0,out,0
IPL_2022_006,1,KKR,SW Billings,14,15,0,1,93.33,out,0
IPL_2022_006,1,KKR,SP Jackson,0,1,0,0,0.0,out,0
IPL_2022_006,1,KKR,AD Russell,25,18,1,3,138.89,out,0
IPL_2022_006,1,KKR,TG Southee,1,5,0,0,20.0,out,0
IPL_2022_006,1,KKR,UT Yadav,18,12,2,1,150.0,out,0
IPL_2022_006,1,KKR,CV Varun,10,16,2,0,62.5,not out,1
IPL_2022_006,2,RCB,F du Plessis,5,4,1,0,125.0,out,0
IPL_2022_006,2,RCB,Anuj Rawat,0,2,0,0,0.0,out,0
IPL_2022_006,2,RCB,V Kohli,12,7,2,0,171.43,out,0
IPL_2022_006,2,RCB,SE Rutherford,28,40,1,1,70.0,out,0
IPL_2022_006,2,RCB,DJ Willey,18,28,3,0,64.29,out,0
IPL_2022_006,2,RCB,Shahbaz Ahmed,27,20,0,3,135.0,out,0
IPL_2022_006,2,RCB,KD Karthik,14,7,1,1,200.0,not out,1
IPL_2022_006,2,RCB,PWH de Silva,4,3,1,0,133.33,out,0
IPL_2022_006,2,RCB,HV Patel,10,6,2,0,166.67,not out,1
IPL_2022_007,1,CSK,RV Uthappa,50,27,8,1,185.19,out,0
IPL_2022_007,1,CSK,RD Gaikwad,1,4,0,0,25.0,out,0
IPL_2022_007,1,CSK,MM Ali,35,22,4,2,159.09,out,0
IPL_2022_007,1,CSK,S Dube,49,30,5,2,163.33,out,0
IPL_2022_007,1,CSK,AT Rayudu,27,20,2,2,135.0,out,0
IPL_2022_007,1,CSK,RA Jadeja,17,9,3,0,188.89,out,0
IPL_2022_007,1,CSK,MS Dhoni,16,6,2,1,266.67,not out,1
IPL_2022_007,1,CSK,D Pretorius,0,1,0,0,0.0,out,0
IPL_2022_007,1,CSK,DJ Bravo,1,1,0,0,100.0,not out,1
IPL_2022_007,2,LSG,KL Rahul,40,26,2,3,153.85,out,0
IPL_2022_007,2,LSG,Q de Kock,61,45,9,0,135.56,out,0
IPL_2022_007,2,LSG,MK Pandey,5,6,0,0,83.33,out,0
IPL_2022_007,2,LSG,E Lewis,55,23,6,3,239.13,not out,1
IPL_2022_007,2,LSG,DJ Hooda,13,8,1,1,162.5,out,0
IPL_2022_007,2,LSG,A Badoni,19,9,0,2,211.11,not out,1
IPL_2022_008,1,PBKS,MA Agarwal,1,5,0,0,20.0,out,0
IPL_2022_008,1,PBKS,S Dhawan,16,15,1,1,106.67,out,0
IPL_2022_008,1,PBKS,PBB Rajapaksa,31,9,3,3,344.44,out,0
IPL_2022_008,1,PBKS,LS Livingstone,19,16,1,1,118.75,out,0
IPL_2022_008,1,PBKS,RA Bawa,11,13,1,0,84.62,out,0
IPL_2022_008,1,PBKS,Harpreet Brar,14,18,1,1,77.78,out,0
IPL_2022_008,1,PBKS,M Shahrukh Khan,0,5,0,0,0.0,out,0
IPL_2022_008,1,PBKS,OF Smith,9,12,0,1,75.0,not out,1
IPL_2022_008,1,PBKS,RD Chahar,0,2,0,0,0.0,out,0
IPL_2022_008,1,PBKS,K Rabada,25,16,4,1,156.25,out,0
IPL_2022_008,1,PBKS,Arshdeep Singh,0,1,0,0,0.0,out,0
IPL_2022_008,2,KKR,AM Rahane,12,11,3,0,109.09,out,0
IPL_2022_008,2,KKR,VR Iyer,3,7,0,0,42.86,out,0
IPL_2022_008,2,KKR,SS Iyer,26,15,5,0,173.33,out,0
IPL_2022_008,2,KKR,SW Billings,24,23,1,1,104.35,not out,1
IPL_2022_008,2,KKR,N Rana,0,2,0,0,0.0,out,0
IPL_2022_008,2,KKR,AD Russell,70,31,2,8,225.81,not out,1
IPL_2022_009,1,RR,JC Buttler,100,68,11,5,147.06,out,0
IPL_2022_009,1,RR,YBK Jaiswal,1,2,0,0,50.0,out,0
IPL_2022_009,1,RR,D Padikkal,7,7,1,0,100.0,out,0
IPL_2022_009,1,RR,SV Samson,30,21,1,3,142.86,out,0
IPL_2022_009,1,RR,SO Hetmyer,35,14,3,3,250.0,out,0
IPL_2022_009,1,RR,R Parag,5,4,1,0,125.0,out,0
IPL_2022_009,1,RR,R Ashwin,1,1,0,0,100.0,out,0
IPL_2022_009,1,RR,Navdeep Saini,2,2,0,0,100.0,out,0
IPL_2022_009,1,RR,TA Boult,1,1,0,0,100.0,not out,1
IPL_2022_009,2,MI,Ishan Kishan,54,43,5,1,125.58,out,0
IPL_2022_009,2,MI,RG Sharma,10,5,0,1,200.0,out,0
IPL_2022_009,2,MI,Anmolpreet Singh,5,4,1,0,125.0,out,0
IPL_2022_009,2,MI,Tilak Varma,61,33,3,5,184.85,out,0
IPL_2022_009,2,MI,KA Pollard,22,24,3,1,91.67,out,0
IPL_2022_009,2,MI,TH David,1,3,0,0,33.33,out,0
IPL_2022_009,2,MI,DR Sams,0,1,0,0,0.0,out,0
IPL_2022_009,2,MI,M Ashwin,6,8,1,0,75.0,out,0
IPL_2022_009,2,MI,JJ Bumrah,0,1,0,0,0.0,not out,1
IPL_2022_010,1,GT,MS Wade,1,2,0,0,50.0,out,0
IPL_2022_010,1,GT,Shubman Gill,84,46,6,4,182.61,out,0
IPL_2022_010,1,GT,V Shankar,13,20,1,0,65.0,out,0
IPL_2022_010,1,GT,HH Pandya,31,27,4,0,114.81,out,0
IPL_2022_010,1,GT,DA Miller,20,15,2,0,133.33,not out,1
IPL_2022_010,1,GT,R Tewatia,14,8,1,1,175.0,out,0
IPL_2022_010,1,GT,A Manohar,1,2,0,0,50.0,out,0
IPL_2022_010,1,GT,Rashid Khan,0,1,0,0,0.0,not out,1
IPL_2022_010,2,DC,PP Shaw,10,7,1,0,142.86,out,0
IPL_2022_010,2,DC,TL Seifert,3,5,0,0,60.0,out,0
IPL_2022_010,2,DC,Mandeep Singh,18,16,4,0,112.5,out,0
IPL_2022_010,2,DC,RR Pant,43,29,7,0,148.28,out,0
IPL_2022_010,2,DC,Lalit Yadav,25,22,2,1,113.64,out,0
IPL_2022_010,2,DC,R Powell,20,12,2,1,166.67,out,0
IPL_2022_010,2,DC,AR Patel,8,4,2,0,200.0,out,0
IPL_2022_010,2,DC,SN Thakur,2,5,0,0,40.0,out,0
IPL_2022_010,2,DC,Kuldeep Yadav,14,14,0,1,100.0,not out,1
IPL_2022_010,2,DC,KK Ahmed,0,1,0,0,0.0,out,0
IPL_2022_010,2,DC,Mustafizur Rahman,3,5,0,0,60.0,not out,1
IPL_2022_011,1,PBKS,MA Agarwal,4,2,1,0,200.0,out,0
IPL_2022_011,1,PBKS,PBB Rajapaksa,9,5,0,1,180.0,out,0
IPL_2022_011,1,PBKS,S Dhawan,33,24,4,1,137.5,out,0
IPL_2022_011,1,PBKS,LS Livingstone,60,32,5,5,187.5,out,0
IPL_2022_011,1,PBKS,JM Sharma,26,17,0,3,152.94,out,0
IPL_2022_011,1,PBKS,M Shahrukh Khan,6,11,0,0,54.55,out,0
IPL_2022_011,1,PBKS,OF Smith,3,7,0,0,42.86,out,0
IPL_2022_011,1,PBKS,K Rabada,12,12,1,0,100.0,not out,1
IPL_2022_011,1,PBKS,RD Chahar,12,8,1,1,150.0,out,0
IPL_2022_011,1,PBKS,VG Arora,1,2,0,0,50.0,not out,1
IPL_2022_011,2,CSK,RV Uthappa,13,10,2,0,130.0,out,0
IPL_2022_011,2,CSK,RD Gaikwad,1,4,0,0,25.0,out,0
IPL_2022_011,2,CSK,AT Rayudu,13,21,2,0,61.9,out,0
IPL_2022_011,2,CSK,MM Ali,0,2,0,0,0.0,out,0
IPL_2022_011,2,CSK,RA Jadeja,0,3,0,0,0.0,out,0
IPL_2022_011,2,CSK,S Dube,57,30,6,3,190.0,out,0
IPL_2022_011,2,CSK,MS Dhoni,23,28,1,1,82.14,out,0
IPL_2022_011,2,CSK,DJ Bravo,0,1,0,0,0.0,out,0
IPL_2022_011,2,CSK,D Pretorius,8,4,0,1,200.0,out,0
IPL_2022_011,2,CSK,CJ Jordan,5,5,0,0,100.0,out,0
IPL_2022_011,2,CSK,Mukesh Choudhary,2,2,0,0,100.0,not out,1
IPL_2022_012,1,LSG,KL Rahul,68,50,6,1,136.0,out,0
IPL_2022_012,1,LSG,Q de Kock,1,4,0,0,25.0,out,0
IPL_2022_012,1,LSG,E Lewis,1,5,0,0,20.0,out,0
IPL_2022_012,1,LSG,MK Pandey,11,10,1,1,110.0,out,0
IPL_2022_012,1,LSG,DJ Hooda,51,33,3,3,154.55,out,0
IPL_2022_012,1,LSG,A Badoni,19,12,3,0,158.33,out,0
IPL_2022_012,1,LSG,KH Pandya,6,3,1,0,200.0,out,0
IPL_2022_012,1,LSG,JO Holder,8,3,0,1,266.67,not out,1
IPL_2022_012,2,SRH,Abhishek Sharma,13,11,2,0,118.18,out,0
IPL_2022_012,2,SRH,KS Williamson,16,16,1,1,100.0,out,0
IPL_2022_012,2,SRH,RA Tripathi,44,30,5,1,146.67,out,0
IPL_2022_012,2,SRH,AK Markram,12,14,0,0,85.71,out,0
IPL_2022_012,2,SRH,N Pooran,34,24,3,2,141.67,out,0
IPL_2022_012,2,SRH,Washington Sundar,18,14,1,0,128.57,out,0
IPL_2022_012,2,SRH,Abdul Samad,0,1,0,0,0.0,out,0
IPL_2022_012,2,SRH,R Shepherd,8,8,0,1,100.0,out,0
IPL_2022_012,2,SRH,B Kumar,1,2,0,0,50.0,out,0
IPL_2022_012,2,SRH,Umran Malik,1,1,0,0,100.0,not out,1
IPL_2022_013,1,RR,JC Buttler,70,47,0,6,148.94,not out,1
IPL_2022_013,1,RR,YBK Jaiswal,4,6,0,0,66.67,out,0
IPL_2022_013,1,RR,D Padikkal,37,29,2,2,127.59,out,0
IPL_2022_013,1,RR,SV Samson,8,8,0,1,100.0,out,0
IPL_2022_013,1,RR,SO Hetmyer,42,31,4,2,135.48,not out,1
IPL_2022_013,2,RCB,F du Plessis,29,20,5,0,145.0,out,0
IPL_2022_013,2,RCB,Anuj Rawat,26,25,4,0,104.0,out,0
IPL_2022_013,2,RCB,V Kohli,5,6,0,0,83.33,out,0
IPL_2022_013,2,RCB,DJ Willey,0,2,0,0,0.0,out,0
IPL_2022_013,2,RCB,Shahbaz Ahmed,45,26,4,3,173.08,out,0
IPL_2022_013,2,RCB,SE Rutherford,5,10,0,0,50.0,out,0
IPL_2022_013,2,RCB,KD Karthik,44,23,7,1,191.3,not out,1
IPL_2022_013,2,RCB,HV Patel,9,4,0,1,225.0,not out,1
IPL_2022_014,1,MI,RG Sharma,3,12,0,0,25.0,out,0
IPL_2022_014,1,MI,Ishan Kishan,14,21,1,0,66.67,out,0
IPL_2022_014,1,MI,D Brevis,29,19,2,2,152.63,out,0
IPL_2022_014,1,MI,SA Yadav,52,36,5,2,144.44,out,0
IPL_2022_014,1,MI,Tilak Varma,38,27,3,2,140.74,not out,1
IPL_2022_014,1,MI,KA Pollard,22,5,0,3,440.0,not out,1
IPL_2022_014,2,KKR,AM Rahane,7,11,0,0,63.64,out,0
IPL_2022_014,2,KKR,VR Iyer,50,41,6,1,121.95,not out,1
IPL_2022_014,2,KKR,SS Iyer,10,6,2,0,166.67,out,0
IPL_2022_014,2,KKR,SW Billings,17,12,0,2,141.67,out,0
IPL_2022_014,2,KKR,N Rana,8,7,0,1,114.29,out,0
IPL_2022_014,2,KKR,AD Russell,11,5,1,1,220.0,out,0
IPL_2022_014,2,KKR,PJ Cummins,56,15,4,6,373.33,not out,1
IPL_2022_015,1,DC,PP Shaw,61,34,9,2,179.41,out,0
IPL_2022_015,1,DC,DA Warner,4,12,0,0,33.33,out,0
IPL_2022_015,1,DC,R Powell,3,10,0,0,30.0,out,0
IPL_2022_015,1,DC,RR Pant,39,36,3,2,108.33,not out,1
IPL_2022_015,1,DC,SN Khan,36,28,3,0,128.57,not out,1
IPL_2022_015,2,LSG,KL Rahul,24,25,1,1,96.0,out,0
IPL_2022_015,2,LSG,Q de Kock,80,52,9,2,153.85,out,0
IPL_2022_015,2,LSG,E Lewis,5,13,0,0,38.46,out,0
IPL_2022_015,2,LSG,DJ Hooda,11,13,0,0,84.62,out,0
IPL_2022_015,2,LSG,KH Pandya,19,14,0,1,135.71,not out,1
IPL_2022_015,2,LSG,A Badoni,10,3,1,1,333.33,not out,1
IPL_2022_016,1,PBKS,MA Agarwal,5,9,1,0,55.56,out,0
IPL_2022_016,1,PBKS,S Dhawan,35,30,4,0,116.67,out,0
IPL_2022_016,1,PBKS,JM Bairstow,8,8,2,0,100.0,out,0
IPL_2022_016,1,PBKS,LS Livingstone,64,27,7,4,237.04,out,0
IPL_2022_016,1,PBKS,JM Sharma,23,11,1,2,209.09,out,0
IPL_2022_016,1,PBKS,OF Smith,0,1,0,0,0.0,out,0
IPL_2022_016,1,PBKS,M Shahrukh Khan,15,8,0,2,187.5,out,0
IPL_2022_016,1,PBKS,K Rabada,1,1,0,0,100.0,out,0
IPL_2022_016,1,PBKS,RD Chahar,22,14,2,1,157.14,not out,1
IPL_2022_016,1,PBKS,VG Arora,2,6,0,0,33.33,out,0
IPL_2022_016,1,PBKS,Arshdeep Singh,10,5,1,0,200.0,not out,1
IPL_2022_016,2,GT,MS Wade,6,7,1,0,85.71,out,0
IPL_2022_016,2,GT,Shubman Gill,96,59,11,1,162.71,out,0
IPL_2022_016,2,GT,B Sai Sudharsan,35,30,4,1,116.67,out,0
IPL_2022_016,2,GT,HH Pandya,27,18,5,0,150.0,out,0
IPL_2022_016,2,GT,DA Miller,6,4,1,0,150.0,not out,1
IPL_2022_016,2,GT,R Tewatia,13,3,0,2,433.33,not out,1
IPL_2022_017,1,CSK,RV Uthappa,15,11,1,0,136.36,out,0
IPL_2022_017,1,CSK,RD Gaikwad,16,13,3,0,123.08,out,0
IPL_2022_017,1,CSK,MM Ali,48,35,3,2,137.14,out,0
IPL_2022_017,1,CSK,AT Rayudu,27,27,4,0,100.0,out,0
IPL_2022_017,1,CSK,S Dube,3,5,0,0,60.0,out,0
IPL_2022_017,1,CSK,RA Jadeja,23,15,2,1,153.33,out,0
IPL_2022_017,1,CSK,MS Dhoni,3,6,0,0,50.0,out,0
IPL_2022_017,1,CSK,DJ Bravo,8,5,1,0,160.0,not out,1
IPL_2022_017,1,CSK,CJ Jordan,6,3,0,0,200.0,not out,1
IPL_2022_017,2,SRH,Abhishek Sharma,75,50,5,3,150.0,out,0
IPL_2022_017,2,SRH,KS Williamson,32,40,2,1,80.0,out,0
IPL_2022_017,2,SRH,RA Tripathi,39,15,5,2,260.0,not out,1
IPL_2022_017,2,SRH,N Pooran,5,2,1,0,250.0,not out,1
IPL_2022_018,1,MI,Ishan Kishan,26,28,3,0,92.86,out,0
IPL_2022_018,1,MI,RG Sharma,26,15,4,1,173.33,out,0
IPL_2022_018,1,MI,D Brevis,8,11,1,0,72.73,out,0
IPL_2022_018,1,MI,SA Yadav,68,37,5,6,183.78,not out,1
IPL_2022_018,1,MI,Tilak Varma,0,3,0,0,0.0,out,0
IPL_2022_018,1,MI,KA Pollard,0,1,0,0,0.0,out,0
IPL_2022_018,1,MI,Ramandeep Singh,6,12,0,0,50.0,out,0
IPL_2022_018,1,MI,JD Unadkat,13,14,1,0,92.86,not out,1
IPL_2022_018,2,RCB,F du Plessis,16,24,1,0,66.67,out,0
IPL_2022_018,2,RCB,Anuj Rawat,66,47,2,6,140.43,out,0
IPL_2022_018,2,RCB,V Kohli,48,36,5,0,133.33,out,0
IPL_2022_018,2,RCB,KD Karthik,7,2,0,1,350.0,not out,1
IPL_2022_018,2,RCB,GJ Maxwell,8,2,2,0,400.0,not out,1
IPL_2022_019,1,DC,PP Shaw,51,29,7,2,175.86,out,0
IPL_2022_019,1,DC,DA Warner,61,45,6,2,135.56,out,0
IPL_2022_019,1,DC,RR Pant,27,14,2,2,192.86,out,0
IPL_2022_019,1,DC,Lalit Yadav,1,4,0,0,25.0,out,0
IPL_2022_019,1,DC,R Powell,8,6,0,1,133.33,out,0
IPL_2022_019,1,DC,AR Patel,22,14,2,1,157.14,not out,1
IPL_2022_019,1,DC,SN Thakur,29,11,1,3,263.64,not out,1
IPL_2022_019,2,KKR,AM Rahane,8,14,1,0,57.14,out,0
IPL_2022_019,2,KKR,VR Iyer,18,8,1,2,225.0,out,0
IPL_2022_019,2,KKR,SS Iyer,54,33,5,2,163.64,out,0
IPL_2022_019,2,KKR,N Rana,30,20,0,3,150.0,out,0
IPL_2022_019,2,KKR,AD Russell,24,21,3,0,114.29,out,0
IPL_2022_019,2,KKR,SW Billings,15,9,1,1,166.67,out,0
IPL_2022_019,2,KKR,PJ Cummins,4,3,1,0,133.33,out,0
IPL_2022_019,2,KKR,SP Narine,4,2,1,0,200.0,out,0
IPL_2022_019,2,KKR,UT Yadav,0,1,0,0,0.0,out,0
IPL_2022_019,2,KKR,Rasikh Salam,7,6,1,0,116.67,out,0
IPL_2022_019,2,KKR,CV Varun,1,1,0,0,100.0,not out,1
IPL_2022_020,1,RR,JC Buttler,13,11,1,1,118.18,out,0
IPL_2022_020,1,RR,D Padikkal,29,29,5,0,100.0,out,0
IPL_2022_020,1,RR,SV Samson,13,12,2,0,108.33,out,0
IPL_2022_020,1,RR,HE van der Dussen,4,4,1,0,100.0,out,0
IPL_2022_020,1,RR,SO Hetmyer,59,36,1,6,163.89,not out,1
IPL_2022_020,1,RR,R Ashwin,28,23,0,2,121.74,out,0
IPL_2022_020,1,RR,R Parag,8,4,0,1,200.0,out,0
IPL_2022_020,1,RR,TA Boult,2,1,0,0,200.0,not out,1
IPL_2022_020,2,LSG,KL Rahul,0,1,0,0,0.0,out,0
IPL_2022_020,2,LSG,K Gowtham,0,1,0,0,0.0,out,0
IPL_2022_020,2,LSG,JO Holder,8,14,2,0,57.14,out,0
IPL_2022_020,2,LSG,Q de Kock,39,32,2,1,121.88,out,0
IPL_2022_020,2,LSG,DJ Hooda,25,24,3,0,104.17,out,0
IPL_2022_020,2,LSG,A Badoni,5,7,0,0,71.43,out,0
IPL_2022_020,2,LSG,KH Pandya,22,15,2,0,146.67,out,0
IPL_2022_020,2,LSG,MP Stoinis,38,17,2,4,223.53,not out,1
IPL_2022_020,2,LSG,PVD Chameera,13,7,2,0,185.71,out,0
IPL_2022_020,2,LSG,Avesh Khan,7,2,0,1,350.0,not out,1
IPL_2022_021,1,GT,MS Wade,19,19,3,0,100.0,out,0
IPL_2022_021,1,GT,Shubman Gill,7,9,1,0,77.78,out,0
IPL_2022_021,1,GT,B Sai Sudharsan,11,9,2,0,122.22,out,0
IPL_2022_021,1,GT,HH Pandya,50,42,4,1,119.05,not out,1
IPL_2022_021,1,GT,DA Miller,12,15,0,0,80.0,out,0
IPL_2022_021,1,GT,A Manohar,35,21,5,1,166.67,out,0
IPL_2022_021,1,GT,R Tewatia,6,4,1,0,150.0,out,0
IPL_2022_021,1,GT,Rashid Khan,0,1,0,0,0.0,out,0
IPL_2022_021,2,SRH,Abhishek Sharma,42,32,6,0,131.25,out,0
IPL_2022_021,2,SRH,KS Williamson,57,46,2,4,123.91,out,0
IPL_2022_021,2,SRH,RA Tripathi,17,11,1,1,154.55,out,0
IPL_2022_021,2,SRH,N Pooran,34,18,2,2,188.89,not out,1
IPL_2022_021,2,SRH,AK Markram,12,8,1,0,150.0,not out,1
IPL_2022_022,1,CSK,RD Gaikwad,17,16,3,0,106.25,out,0
IPL_2022_022,1,CSK,RV Uthappa,88,50,4,9,176.0,out,0
IPL_2022_022,1,CSK,MM Ali,3,8,0,0,37.5,out,0
IPL_2022_022,1,CSK,S Dube,95,46,5,8,206.52,not out,1
IPL_2022_022,1,CSK,RA Jadeja,0,1,0,0,0.0,out,0
IPL_2022_022,2,RCB,F du Plessis,8,9,0,0,88.89,out,0
IPL_2022_022,2,RCB,Anuj Rawat,12,16,1,0,75.0,out,0
IPL_2022_022,2,RCB,V Kohli,1,3,0,0,33.33,out,0
IPL_2022_022,2,RCB,GJ Maxwell,26,11,2,2,236.36,out,0
IPL_2022_022,2,RCB,Shahbaz Ahmed,41,27,4,0,151.85,out,0
IPL_2022_022,2,RCB,SS Prabhudessai,34,18,5,1,188.89,out,0
IPL_2022_022,2,RCB,KD Karthik,34,14,2,3,242.86,out,0
IPL_2022_022,2,RCB,PWH de Silva,7,3,0,1,233.33,out,0
IPL_2022_022,2,RCB,Akash Deep,0,2,0,0,0.0,out,0
IPL_2022_022,2,RCB,Mohammed Siraj,14,11,3,0,127.27,not out,1
IPL_2022_022,2,RCB,JR Hazlewood,7,7,0,0,100.0,not out,1
IPL_2022_023,1,PBKS,MA Agarwal,52,32,6,2,162.5,out,0
IPL_2022_023,1,PBKS,S Dhawan,70,50,5,3,140.0,out,0
IPL_2022_023,1,PBKS,JM Bairstow,12,13,1,0,92.31,out,0
IPL_2022_023,1,PBKS,LS Livingstone,2,3,0,0,66.67,out,0
IPL_2022_023,1,PBKS,JM Sharma,30,15,2,2,200.0,not out,1
IPL_2022_023,1,PBKS,M Shahrukh Khan,15,6,0,2,250.0,out,0
IPL_2022_023,1,PBKS,OF Smith,1,1,0,0,100.0,not out,1
IPL_2022_023,2,MI,RG Sharma,28,17,3,2,164.71,out,0
IPL_2022_023,2,MI,Ishan Kishan,3,6,0,0,50.0,out,0
IPL_2022_023,2,MI,D Brevis,49,25,4,5,196.0,out,0
IPL_2022_023,2,MI,Tilak Varma,36,20,3,2,180.0,out,0
IPL_2022_023,2,MI,SA Yadav,43,30,1,4,143.33,out,0
IPL_2022_023,2,MI,KA Pollard,10,11,1,0,90.91,out,0
IPL_2022_023,2,MI,JD Unadkat,12,7,0,1,171.43,out,0
IPL_2022_023,2,MI,M Ashwin,0,2,0,0,0.0,not out,1
IPL_2022_023,2,MI,JJ Bumrah,0,1,0,0,0.0,out,0
IPL_2022_023,2,MI,TS Mills,0,2,0,0,0.0,out,0
IPL_2022_024,1,GT,MS Wade,12,6,3,0,200.0,out,0
IPL_2022_024,1,GT,Shubman Gill,13,14,2,0,92.86,out,0
IPL_2022_024,1,GT,V Shankar,2,7,0,0,28.57,out,0
IPL_2022_024,1,GT,HH Pandya,87,52,8,4,167.31,not out,1
IPL_2022_024,1,GT,A Manohar,43,28,4,2,153.57,out,0
IPL_2022_024,1,GT,DA Miller,31,14,5,1,221.43,not out,1
IPL_2022_024,2,RR,JC Buttler,54,24,8,3,225.0,out,0
IPL_2022_024,2,RR,D Padikkal,0,1,0,0,0.0,out,0
IPL_2022_024,2,RR,R Ashwin,8,8,0,1,100.0,out,0
IPL_2022_024,2,RR,SV Samson,11,11,0,1,100.0,out,0
IPL_2022_024,2,RR,HE van der Dussen,6,10,0,0,60.0,out,0
IPL_2022_024,2,RR,SO Hetmyer,29,17,2,1,170.59,out,0
IPL_2022_024,2,RR,R Parag,18,16,1,1,112.5,out,0
IPL_2022_024,2,RR,JDS Neesham,17,15,1,0,113.33,out,0
IPL_2022_024,2,RR,M Prasidh Krishna,4,7,0,0,57.14,not out,1
IPL_2022_024,2,RR,YS Chahal,5,8,0,0,62.5,out,0
IPL_2022_024,2,RR,KR Sen,0,3,0,0,0.0,not out,1
IPL_2022_025,1,KKR,VR Iyer,6,13,1,0,46.15,out,0
IPL_2022_025,1,KKR,AJ Finch,7,5,0,1,140.0,out,0
IPL_2022_025,1,KKR,SS Iyer,28,25,3,0,112.0,out,0
IPL_2022_025,1,KKR,SP Narine,6,2,0,1,300.0,out,0
IPL_2022_025,1,KKR,N Rana,54,36,6,2,150.0,out,0
IPL_2022_025,1,KKR,SP Jackson,7,7,0,1,100.0,out,0
IPL_2022_025,1,KKR,AD Russell,49,25,4,4,196.0,not out,1
IPL_2022_025,1,KKR,PJ Cummins,3,3,0,0,100.0,out,0
IPL_2022_025,1,KKR,Aman Hakim Khan,5,3,1,0,166.67,out,0
IPL_2022_025,1,KKR,UT Yadav,1,1,0,0,100.0,not out,1
IPL_2022_025,2,SRH,Abhishek Sharma,3,10,0,0,30.0,out,0
IPL_2022_025,2,SRH,RA Tripathi,71,37,4,6,191.89,out,0
IPL_2022_025,2,SRH,KS Williamson,17,16,3,0,106.25,out,0
IPL_2022_025,2,SRH,AK Markram,68,36,6,4,188.89,not out,1
IPL_2022_025,2,SRH,N Pooran,5,8,0,0,62.5,not out,1
IPL_2022_026,1,LSG,KL Rahul,103,60,9,5,171.67,not out,1
IPL_2022_026,1,LSG,Q de Kock,24,13,4,1,184.62,out,0
IPL_2022_026,1,LSG,MK Pandey,38,29,6,0,131.03,out,0
IPL_2022_026,1,LSG,MP Stoinis,10,9,0,1,111.11,out,0
IPL_2022_026,1,LSG,DJ Hooda,15,8,1,1,187.5,out,0
IPL_2022_026,1,LSG,KH Pandya,1,1,0,0,100.0,not out,1
IPL_2022_026,2,MI,Ishan Kishan,13,17,2,0,76.47,out,0
IPL_2022_026,2,MI,RG Sharma,6,7,1,0,85.71,out,0
IPL_2022_026,2,MI,D Brevis,31,13,6,1,238.46,out,0
IPL_2022_026,2,MI,SA Yadav,37,27,3,0,137.04,out,0
IPL_2022_026,2,MI,Tilak Varma,26,26,2,0,100.0,out,0
IPL_2022_026,2,MI,KA Pollard,25,14,1,2,178.57,out,0
IPL_2022_026,2,MI,FA Allen,8,7,1,0,114.29,out,0
IPL_2022_026,2,MI,JD Unadkat,14,6,2,1,233.33,out,0
IPL_2022_026,2,MI,M Ashwin,6,2,0,1,300.0,out,0
IPL_2022_026,2,MI,TS Mills,0,1,0,0,0.0,not out,1
IPL_2022_027,1,RCB,F du Plessis,8,11,2,0,72.73,out,0
IPL_2022_027,1,RCB,Anuj Rawat,0,1,0,0,0.0,out,0
IPL_2022_027,1,RCB,V Kohli,12,14,1,0,85.71,out,0
IPL_2022_027,1,RCB,GJ Maxwell,55,34,7,2,161.76,out,0
IPL_2022_027,1,RCB,SS Prabhudessai,6,5,1,0,120.0,out,0
IPL_2022_027,1,RCB,Shahbaz Ahmed,32,21,3,1,152.38,not out,1
IPL_2022_027,1,RCB,KD Karthik,66,34,5,5,194.12,not out,1
IPL_2022_027,2,DC,PP Shaw,16,13,1,1,123.08,out,0
IPL_2022_027,2,DC,DA Warner,66,38,4,5,173.68,out,0
IPL_2022_027,2,DC,MR Marsh,14,24,0,0,58.33,out,0
IPL_2022_027,2,DC,RR Pant,34,17,3,2,200.0,out,0
IPL_2022_027,2,DC,R Powell,0,1,0,0,0.0,out,0
IPL_2022_027,2,DC,Lalit Yadav,1,4,0,0,25.0,out,0
IPL_2022_027,2,DC,SN Thakur,17,9,0,2,188.89,out,0
IPL_2022_027,2,DC,AR Patel,10,7,1,0,142.86,not out,1
IPL_2022_027,2,DC,Kuldeep Yadav,10,7,2,0,142.86,not out,1
IPL_2022_028,1,PBKS,S Dhawan,8,11,1,0,72.73,out,0
IPL_2022_028,1,PBKS,P Simran Singh,14,11,2,0,127.27,out,0
IPL_2022_028,1,PBKS,JM Bairstow,12,10,2,0,120.0,out,0
IPL_2022_028,1,PBKS,LS Livingstone,60,33,5,4,181.82,out,0
IPL_2022_028,1,PBKS,JM Sharma,11,8,2,0,137.5,out,0
IPL_2022_028,1,PBKS,M Shahrukh Khan,26,28,1,2,92.86,out,0
IPL_2022_028,1,PBKS,OF Smith,13,15,0,1,86.67,out,0
IPL_2022_028,1,PBKS,RD Chahar,0,2,0,0,0.0,out,0
IPL_2022_028,1,PBKS,VG Arora,0,1,0,0,0.0,out,0
IPL_2022_028,1,PBKS,Arshdeep Singh,0,1,0,0,0.0,out,0
IPL_2022_028,2,SRH,Abhishek Sharma,31,25,3,1,124.0,out,0
IPL_2022_028,2,SRH,KS Williamson,3,9,0,0,33.33,out,0
IPL_2022_028,2,SRH,RA Tripathi,34,22,4,1,154.55,out,0
IPL_2022_028,2,SRH,AK Markram,41,27,4,1,151.85,not out,1
IPL_2022_028,2,SRH,N Pooran,35,30,1,1,116.67,not out,1
IPL_2022_029,1,CSK,RD Gaikwad,73,48,5,5,152.08,out,0
IPL_2022_029,1,CSK,RV Uthappa,3,10,0,0,30.0,out,0
IPL_2022_029,1,CSK,MM Ali,1,3,0,0,33.33,out,0
IPL_2022_029,1,CSK,AT Rayudu,46,31,4,2,148.39,out,0
IPL_2022_029,1,CSK,S Dube,19,17,2,0,111.76,out,0
IPL_2022_029,1,CSK,RA Jadeja,22,12,0,2,183.33,not out,1
IPL_2022_029,2,GT,WP Saha,11,18,0,0,61.11,out,0
IPL_2022_029,2,GT,Shubman Gill,0,1,0,0,0.0,out,0
IPL_2022_029,2,GT,V Shankar,0,2,0,0,0.0,out,0
IPL_2022_029,2,GT,A Manohar,12,12,2,0,100.0,out,0
IPL_2022_029,2,GT,DA Miller,94,51,8,6,184.31,not out,1
IPL_2022_029,2,GT,R Tewatia,6,14,0,0,42.86,out,0
IPL_2022_029,2,GT,Rashid Khan,40,21,2,3,190.48,out,0
IPL_2022_029,2,GT,AS Joseph,0,1,0,0,0.0,out,0
IPL_2022_030,1,RR,JC Buttler,103,61,10,5,168.85,out,0
IPL_2022_030,1,RR,D Padikkal,24,18,3,1,133.33,out,0
IPL_2022_030,1,RR,SV Samson,38,19,3,2,200.0,out,0
IPL_2022_030,1,RR,SO Hetmyer,26,13,2,2,200.0,not out,1
IPL_2022_030,1,RR,R Parag,5,3,1,0,166.67,out,0
IPL_2022_030,1,RR,KK Nair,3,5,0,0,60.0,out,0
IPL_2022_030,1,RR,R Ashwin,2,2,0,0,100.0,not out,1
IPL_2022_030,2,KKR,AJ Finch,58,28,9,2,207.14,out,0
IPL_2022_030,2,KKR,SS Iyer,85,51,7,4,166.67,out,0
IPL_2022_030,2,KKR,N Rana,18,11,1,1,163.64,out,0
IPL_2022_030,2,KKR,AD Russell,0,1,0,0,0.0,out,0
IPL_2022_030,2,KKR,VR Iyer,6,7,0,0,85.71,out,0
IPL_2022_030,2,KKR,SP Jackson,8,8,0,0,100.0,out,0
IPL_2022_030,2,KKR,Shivam Mavi,0,1,0,0,0.0,out,0
IPL_2022_030,2,KKR,PJ Cummins,0,1,0,0,0.0,out,0
IPL_2022_030,2,KKR,UT Yadav,21,9,1,2,233.33,out,0
IPL_2022_030,2,KKR,CV Varun,1,1,0,0,100.0,not out,1
IPL_2022_031,1,RCB,Anuj Rawat,4,5,1,0,80.0,out,0
IPL_2022_031,1,RCB,V Kohli,0,1,0,0,0.0,out,0
IPL_2022_031,1,RCB,F du Plessis,96,64,11,2,150.0,out,0
IPL_2022_031,1,RCB,GJ Maxwell,23,11,3,1,209.09,out,0
IPL_2022_031,1,RCB,SS Prabhudessai,10,9,0,1,111.11,out,0
IPL_2022_031,1,RCB,Shahbaz Ahmed,26,22,1,0,118.18,out,0
IPL_2022_031,1,RCB,KD Karthik,13,8,0,1,162.5,not out,1
IPL_2022_031,1,RCB,HV Patel,0,1,0,0,0.0,not out,1
IPL_2022_031,2,LSG,Q de Kock,3,5,0,0,60.0,out,0
IPL_2022_031,2,LSG,KL Rahul,30,24,3,1,125.0,out,0
IPL_2022_031,2,LSG,MK Pandey,6,8,1,0,75.0,out,0
IPL_2022_031,2,LSG,KH Pandya,42,28,5,2,150.0,out,0
IPL_2022_031,2,LSG,DJ Hooda,13,14,1,0,92.86,out,0
IPL_2022_031,2,LSG,A Badoni,13,13,2,0,100.0,out,0
IPL_2022_031,2,LSG,MP Stoinis,24,15,2,1,160.0,out,0
IPL_2022_031,2,LSG,JO Holder,16,9,0,2,177.78,out,0
IPL_2022_031,2,LSG,PVD Chameera,1,3,0,0,33.33,not out,1
IPL_2022_031,2,LSG,Ravi Bishnoi,0,1,0,0,0.0,not out,1
IPL_2022_032,1,PBKS,MA Agarwal,24,15,4,0,160.0,out,0
IPL_2022_032,1,PBKS,S Dhawan,9,10,1,0,90.0,out,0
IPL_2022_032,1,PBKS,JM Bairstow,9,8,2,0,112.5,out,0
IPL_2022_032,1,PBKS,LS Livingstone,2,3,0,0,66.67,out,0
IPL_2022_032,1,PBKS,JM Sharma,32,23,5,0,139.13,out,0
IPL_2022_032,1,PBKS,M Shahrukh Khan,12,20,0,0,60.0,out,0
IPL_2022_032,1,PBKS,K Rabada,2,6,0,0,33.33,out,0
IPL_2022_032,1,PBKS,NT Ellis,0,2,0,0,0.0,out,0
IPL_2022_032,1,PBKS,Arshdeep Singh,9,17,2,0,52.94,out,0
IPL_2022_032,1,PBKS,RD Chahar,12,12,1,1,100.0,out,0
IPL_2022_032,1,PBKS,VG Arora,2,4,0,0,50.0,not out,1
IPL_2022_032,2,DC,PP Shaw,41,20,7,1,205.0,out,0
IPL_2022_032,2,DC,DA Warner,60,30,10,1,200.0,not out,1
IPL_2022_032,2,DC,SN Khan,12,13,1,0,92.31,not out,1
IPL_2022_033,1,MI,RG Sharma,0,2,0,0,0.0,out,0
IPL_2022_033,1,MI,D Brevis,4,7,0,0,57.14,out,0
IPL_2022_033,1,MI,Ishan Kishan,0,1,0,0,0.0,out,0
IPL_2022_033,1,MI,SA Yadav,32,21,3,1,152.38,out,0
IPL_2022_033,1,MI,Tilak Varma,51,43,3,2,118.6,not out,1
IPL_2022_033,1,MI,HR Shokeen,25,25,3,0,100.0,out,0
IPL_2022_033,1,MI,KA Pollard,14,9,1,1,155.56,out,0
IPL_2022_033,1,MI,DR Sams,5,3,1,0,166.67,out,0
IPL_2022_033,1,MI,JD Unadkat,19,9,1,1,211.11,not out,1
IPL_2022_033,2,CSK,RD Gaikwad,0,1,0,0,0.0,out,0
IPL_2022_033,2,CSK,MJ Santner,11,9,2,0,122.22,out,0
IPL_2022_033,2,CSK,RV Uthappa,30,25,2,2,120.0,out,0
IPL_2022_033,2,CSK,AT Rayudu,40,35,2,3,114.29,out,0
IPL_2022_033,2,CSK,S Dube,13,14,0,1,92.86,out,0
IPL_2022_033,2,CSK,RA Jadeja,3,8,0,0,37.5,out,0
IPL_2022_033,2,CSK,MS Dhoni,28,13,3,1,215.38,not out,1
IPL_2022_033,2,CSK,D Pretorius,22,14,2,1,157.14,out,0
IPL_2022_033,2,CSK,DJ Bravo,1,1,0,0,100.0,not out,1
IPL_2022_034,1,RR,JC Buttler,116,65,9,9,178.46,out,0
IPL_2022_034,1,RR,D Padikkal,54,35,7,2,154.29,out,0
IPL_2022_034,1,RR,SV Samson,46,19,5,3,242.11,not out,1
IPL_2022_034,1,RR,SO Hetmyer,1,1,0,0,100.0,not out,1
IPL_2022_034,2,DC,PP Shaw,37,27,5,1,137.04,out,0
IPL_2022_034,2,DC,DA Warner,28,14,5,1,200.0,out,0
IPL_2022_034,2,DC,SN Khan,1,3,0,0,33.33,out,0
IPL_2022_034,2,DC,RR Pant,44,24,4,2,183.33,out,0
IPL_2022_034,2,DC,Lalit Yadav,37,24,3,2,154.17,out,0
IPL_2022_034,2,DC,AR Patel,1,4,0,0,25.0,out,0
IPL_2022_034,2,DC,SN Thakur,10,7,0,1,142.86,out,0
IPL_2022_034,2,DC,R Powell,36,15,0,5,240.0,out,0
IPL_2022_034,2,DC,Kuldeep Yadav,0,3,0,0,0.0,not out,1
IPL_2022_035,1,GT,WP Saha,25,25,2,1,100.0,out,0
IPL_2022_035,1,GT,Shubman Gill,7,5,1,0,140.0,out,0
IPL_2022_035,1,GT,HH Pandya,67,49,4,2,136.73,out,0
IPL_2022_035,1,GT,DA Miller,27,20,1,2,135.0,out,0
IPL_2022_035,1,GT,R Tewatia,17,12,2,0,141.67,out,0
IPL_2022_035,1,GT,Rashid Khan,0,2,0,0,0.0,out,0
IPL_2022_035,1,GT,A Manohar,2,4,0,0,50.0,out,0
IPL_2022_035,1,GT,LH Ferguson,0,1,0,0,0.0,out,0
IPL_2022_035,1,GT,AS Joseph,1,1,0,0,100.0,not out,1
IPL_2022_035,1,GT,Yash Dayal,0,1,0,0,0.0,out,0
IPL_2022_035,2,KKR,SW Billings,4,4,1,0,100.0,out,0
IPL_2022_035,2,KKR,SS Iyer,12,15,1,1,80.0,out,0
IPL_2022_035,2,KKR,SP Narine,5,5,1,0,100.0,out,0
IPL_2022_035,2,KKR,N Rana,2,7,0,0,28.57,out,0
IPL_2022_035,2,KKR,RK Singh,35,28,4,1,125.0,out,0
IPL_2022_035,2,KKR,VR Iyer,17,17,2,0,100.0,out,0
IPL_2022_035,2,KKR,AD Russell,48,25,1,6,192.0,out,0
IPL_2022_035,2,KKR,Shivam Mavi,2,4,0,0,50.0,out,0
IPL_2022_035,2,KKR,UT Yadav,15,15,1,1,100.0,not out,1
IPL_2022_035,2,KKR,TG Southee,1,1,0,0,100.0,not out,1
IPL_2022_036,1,RCB,F du Plessis,5,7,1,0,71.43,out,0
IPL_2022_036,1,RCB,Anuj Rawat,0,2,0,0,0.0,out,0
IPL_2022_036,1,RCB,V Kohli,0,1,0,0,0.0,out,0
IPL_2022_036,1,RCB,GJ Maxwell,12,11,2,0,109.09,out,0
IPL_2022_036,1,RCB,SS Prabhudessai,15,20,1,0,75.0,out,0
IPL_2022_036,1,RCB,Shahbaz Ahmed,7,12,1,0,58.33,out,0
IPL_2022_036,1,RCB,KD Karthik,0,3,0,0,0.0,out,0
IPL_2022_036,1,RCB,HV Patel,4,8,0,0,50.0,out,0
IPL_2022_036,1,RCB,PWH de Silva,8,19,1,0,42.11,out,0
IPL_2022_036,1,RCB,JR Hazlewood,3,11,0,0,27.27,not out,1
IPL_2022_036,1,RCB,Mohammed Siraj,2,4,0,0,50.0,out,0
IPL_2022_036,2,SRH,Abhishek Sharma,47,28,8,1,167.86,out,0
IPL_2022_036,2,SRH,KS Williamson,16,17,2,0,94.12,not out,1
IPL_2022_036,2,SRH,RA Tripathi,7,3,0,1,233.33,not out,1
IPL_2022_037,1,LSG,Q de Kock,10,9,0,1,111.11,out,0
IPL_2022_037,1,LSG,KL Rahul,103,62,12,4,166.13,not out,1
IPL_2022_037,1,LSG,MK Pandey,22,22,0,1,100.0,out,0
IPL_2022_037,1,LSG,MP Stoinis,0,3,0,0,0.0,out,0
IPL_2022_037,1,LSG,KH Pandya,1,2,0,0,50.0,out,0
IPL_2022_037,1,LSG,DJ Hooda,10,9,1,0,111.11,out,0
IPL_2022_037,1,LSG,A Badoni,14,11,0,1,127.27,out,0
IPL_2022_037,1,LSG,JO Holder,0,2,0,0,0.0,not out,1
IPL_2022_037,2,MI,Ishan Kishan,8,20,0,0,40.0,out,0
IPL_2022_037,2,MI,RG Sharma,39,31,5,1,125.81,out,0
IPL_2022_037,2,MI,D Brevis,3,5,0,0,60.0,out,0
IPL_2022_037,2,MI,SA Yadav,7,7,1,0,100.0,out,0
IPL_2022_037,2,MI,Tilak Varma,38,27,2,2,140.74,out,0
IPL_2022_037,2,MI,KA Pollard,19,20,0,1,95.0,out,0
IPL_2022_037,2,MI,DR Sams,3,7,0,0,42.86,out,0
IPL_2022_037,2,MI,JD Unadkat,1,1,0,0,100.0,out,0
IPL_2022_037,2,MI,JJ Bumrah,0,2,0,0,0.0,not out,1
IPL_2022_038,1,PBKS,MA Agarwal,18,21,2,0,85.71,out,0
IPL_2022_038,1,PBKS,S Dhawan,88,59,9,2,149.15,not out,1
IPL_2022_038,1,PBKS,PBB Rajapaksa,42,32,2,2,131.25,out,0
IPL_2022_038,1,PBKS,LS Livingstone,19,7,1,2,271.43,out,0
IPL_2022_038,1,PBKS,JM Bairstow,6,3,1,0,200.0,out,0
IPL_2022_038,2,CSK,RD Gaikwad,30,27,4,0,111.11,out,0
IPL_2022_038,2,CSK,RV Uthappa,1,7,0,0,14.29,out,0
IPL_2022_038,2,CSK,MJ Santner,9,15,1,0,60.0,out,0
IPL_2022_038,2,CSK,S Dube,8,7,1,0,114.29,out,0
IPL_2022_038,2,CSK,AT Rayudu,78,39,7,6,200.0,out,0
IPL_2022_038,2,CSK,RA Jadeja,21,16,1,1,131.25,not out,1
IPL_2022_038,2,CSK,MS Dhoni,12,8,1,1,150.0,out,0
IPL_2022_038,2,CSK,D Pretorius,1,1,0,0,100.0,not out,1
IPL_2022_039,1,RR,JC Buttler,8,9,1,0,88.89,out,0
IPL_2022_039,1,RR,D Padikkal,7,7,0,1,100.0,out,0
IPL_2022_039,1,RR,R Ashwin,17,9,4,0,188.89,out,0
IPL_2022_039,1,RR,DJ Mitchell,16,24,0,0,66.67,out,0
IPL_2022_039,1,RR,SV Samson,27,21,1,3,128.57,out,0
IPL_2022_039,1,RR,R Parag,56,31,3,4,180.65,not out,1
IPL_2022_039,1,RR,SO Hetmyer,3,7,0,0,42.86,out,0
IPL_2022_039,1,RR,TA Boult,5,7,0,0,71.43,out,0
IPL_2022_039,1,RR,M Prasidh Krishna,2,5,0,0,40.0,out,0
IPL_2022_039,2,RCB,V Kohli,9,10,2,0,90.0,out,0
IPL_2022_039,2,RCB,RM Patidar,16,16,0,1,100.0,out,0
IPL_2022_039,2,RCB,F du Plessis,23,21,3,1,109.52,out,0
IPL_2022_039,2,RCB,GJ Maxwell,0,1,0,0,0.0,out,0
IPL_2022_039,2,RCB,Shahbaz Ahmed,17,27,0,1,62.96,out,0
IPL_2022_039,2,RCB,SS Prabhudessai,2,7,0,0,28.57,out,0
IPL_2022_039,2,RCB,KD Karthik,6,4,1,0,150.0,out,0
IPL_2022_039,2,RCB,PWH de Silva,18,13,2,0,138.46,out,0
IPL_2022_039,2,RCB,HV Patel,8,11,0,1,72.73,out,0
IPL_2022_039,2,RCB,Mohammed Siraj,5,5,1,0,100.0,out,0
IPL_2022_039,2,RCB,JR Hazlewood,0,2,0,0,0.0,not out,1
IPL_2022_040,1,SRH,Abhishek Sharma,65,42,6,3,154.76,out,0
IPL_2022_040,1,SRH,KS Williamson,5,8,1,0,62.5,out,0
IPL_2022_040,1,SRH,RA Tripathi,16,10,2,1,160.0,out,0
IPL_2022_040,1,SRH,AK Markram,56,40,2,3,140.0,out,0
IPL_2022_040,1,SRH,N Pooran,3,5,0,0,60.0,out,0
IPL_2022_040,1,SRH,Washington Sundar,3,4,0,0,75.0,out,0
IPL_2022_040,1,SRH,Shashank Singh,25,6,1,3,416.67,not out,1
IPL_2022_040,1,SRH,M Jansen,8,5,0,1,160.0,not out,1
IPL_2022_040,2,GT,WP Saha,68,38,11,1,178.95,out,0
IPL_2022_040,2,GT,Shubman Gill,22,24,1,1,91.67,out,0
IPL_2022_040,2,GT,HH Pandya,10,6,2,0,166.67,out,0
IPL_2022_040,2,GT,DA Miller,17,19,1,0,89.47,out,0
IPL_2022_040,2,GT,R Tewatia,40,21,4,2,190.48,not out,1
IPL_2022_040,2,GT,A Manohar,0,1,0,0,0.0,out,0
IPL_2022_040,2,GT,Rashid Khan,31,11,0,4,281.82,not out,1
IPL_2022_041,1,KKR,AJ Finch,3,7,0,0,42.86,out,0
IPL_2022_041,1,KKR,VR Iyer,6,12,0,0,50.0,out,0
IPL_2022_041,1,KKR,SS Iyer,42,37,4,0,113.51,out,0
IPL_2022_041,1,KKR,B Indrajith,6,8,0,0,75.0,out,0
IPL_2022_041,1,KKR,SP Narine,0,1,0,0,0.0,out,0
IPL_2022_041,1,KKR,N Rana,57,34,3,4,167.65,out,0
IPL_2022_041,1,KKR,AD Russell,0,3,0,0,0.0,out,0
IPL_2022_041,1,KKR,RK Singh,23,16,3,0,143.75,out,0
IPL_2022_041,1,KKR,UT Yadav,0,1,0,0,0.0,not out,1
IPL_2022_041,1,KKR,TG Southee,0,1,0,0,0.0,out,0
IPL_2022_041,1,KKR,Harshit Rana,0,1,0,0,0.0,not out,1
IPL_2022_041,2,DC,PP Shaw,0,1,0,0,0.0,out,0
IPL_2022_041,2,DC,MR Marsh,13,7,2,0,185.71,out,0
IPL_2022_041,2,DC,DA Warner,42,26,8,0,161.54,out,0
IPL_2022_041,2,DC,Lalit Yadav,22,29,1,1,75.86,out,0
IPL_2022_041,2,DC,RR Pant,2,5,0,0,40.0,out,0
IPL_2022_041,2,DC,AR Patel,24,17,2,1,141.18,out,0
IPL_2022_041,2,DC,R Powell,33,16,1,3,206.25,not out,1
IPL_2022_041,2,DC,SN Thakur,8,14,0,0,57.14,not out,1
IPL_2022_042,1,LSG,Q de Kock,46,37,4,2,124.32,out,0
IPL_2022_042,1,LSG,KL Rahul,6,11,1,0,54.55,out,0
IPL_2022_042,1,LSG,DJ Hooda,34,28,1,2,121.43,out,0
IPL_2022_042,1,LSG,KH Pandya,7,7,1,0,100.0,out,0
IPL_2022_042,1,LSG,MP Stoinis,1,4,0,0,25.0,out,0
IPL_2022_042,1,LSG,A Badoni,4,4,0,0,100.0,out,0
IPL_2022_042,1,LSG,JO Holder,11,8,0,1,137.5,out,0
IPL_2022_042,1,LSG,PVD Chameera,17,10,0,2,170.0,out,0
IPL_2022_042,1,LSG,Mohsin Khan,13,6,1,1,216.67,not out,1
IPL_2022_042,1,LSG,Avesh Khan,2,5,0,0,40.0,not out,1
IPL_2022_042,2,PBKS,MA Agarwal,25,17,2,2,147.06,out,0
IPL_2022_042,2,PBKS,S Dhawan,5,15,0,0,33.33,out,0
IPL_2022_042,2,PBKS,JM Bairstow,32,28,5,0,114.29,out,0
IPL_2022_042,2,PBKS,PBB Rajapaksa,9,7,1,0,128.57,out,0
IPL_2022_042,2,PBKS,LS Livingstone,18,16,0,2,112.5,out,0
IPL_2022_042,2,PBKS,JM Sharma,2,5,0,0,40.0,out,0
IPL_2022_042,2,PBKS,R Dhawan,21,22,3,1,95.45,not out,1
IPL_2022_042,2,PBKS,K Rabada,2,5,0,0,40.0,out,0
IPL_2022_042,2,PBKS,RD Chahar,4,4,1,0,100.0,out,0
IPL_2022_042,2,PBKS,Arshdeep Singh,0,2,0,0,0.0,not out,1
IPL_2022_043,1,RCB,V Kohli,58,53,6,1,109.43,out,0
IPL_2022_043,1,RCB,F du Plessis,0,4,0,0,0.0,out,0
IPL_2022_043,1,RCB,RM Patidar,52,32,5,2,162.5,out,0
IPL_2022_043,1,RCB,GJ Maxwell,33,18,3,2,183.33,out,0
IPL_2022_043,1,RCB,KD Karthik,2,3,0,0,66.67,out,0
IPL_2022_043,1,RCB,Shahbaz Ahmed,2,2,0,0,100.0,not out,1
IPL_2022_043,1,RCB,MK Lomror,16,8,2,1,200.0,out,0
IPL_2022_043,2,GT,WP Saha,29,22,4,0,131.82,out,0
IPL_2022_043,2,GT,Shubman Gill,31,28,3,1,110.71,out,0
IPL_2022_043,2,GT,B Sai Sudharsan,20,14,2,0,142.86,out,0
IPL_2022_043,2,GT,HH Pandya,3,5,0,0,60.0,out,0
IPL_2022_043,2,GT,DA Miller,39,24,4,1,162.5,not out,1
IPL_2022_043,2,GT,R Tewatia,43,25,5,2,172.0,not out,1
IPL_2022_044,1,RR,JC Buttler,67,52,5,4,128.85,out,0
IPL_2022_044,1,RR,D Padikkal,15,15,3,0,100.0,out,0
IPL_2022_044,1,RR,SV Samson,16,7,0,2,228.57,out,0
IPL_2022_044,1,RR,DJ Mitchell,17,20,1,0,85.0,out,0
IPL_2022_044,1,RR,SO Hetmyer,6,14,0,0,42.86,not out,1
IPL_2022_044,1,RR,R Parag,3,3,0,0,100.0,out,0
IPL_2022_044,1,RR,R Ashwin,21,9,3,1,233.33,out,0
IPL_2022_044,1,RR,TA Boult,1,1,0,0,100.0,not out,1
IPL_2022_044,2,MI,RG Sharma,2,5,0,0,40.0,out,0
IPL_2022_044,2,MI,Ishan Kishan,26,18,4,1,144.44,out,0
IPL_2022_044,2,MI,SA Yadav,51,39,5,2,130.77,out,0
IPL_2022_044,2,MI,Tilak Varma,35,30,1,2,116.67,out,0
IPL_2022_044,2,MI,TH David,20,9,2,1,222.22,not out,1
IPL_2022_044,2,MI,KA Pollard,10,14,0,0,71.43,out,0
IPL_2022_044,2,MI,DR Sams,6,1,0,1,600.0,not out,1
IPL_2022_045,1,LSG,Q de Kock,23,13,3,1,176.92,out,0
IPL_2022_045,1,LSG,KL Rahul,77,51,4,5,150.98,out,0
IPL_2022_045,1,LSG,DJ Hooda,52,34,6,1,152.94,out,0
IPL_2022_045,1,LSG,MP Stoinis,17,16,1,1,106.25,not out,1
IPL_2022_045,1,LSG,KH Pandya,9,6,0,0,150.0,not out,1
IPL_2022_045,2,DC,PP Shaw,5,7,1,0,71.43,out,0
IPL_2022_045,2,DC,DA Warner,3,4,0,0,75.0,out,0
IPL_2022_045,2,DC,MR Marsh,37,20,3,3,185.0,out,0
IPL_2022_045,2,DC,RR Pant,44,30,7,1,146.67,out,0
IPL_2022_045,2,DC,Lalit Yadav,3,4,0,0,75.0,out,0
IPL_2022_045,2,DC,R Powell,35,21,3,2,166.67,out,0
IPL_2022_045,2,DC,AR Patel,42,24,1,3,175.0,not out,1
IPL_2022_045,2,DC,SN Thakur,1,2,0,0,50.0,out,0
IPL_2022_045,2,DC,Kuldeep Yadav,16,8,1,1,200.0,not out,1
IPL_2022_046,1,CSK,RD Gaikwad,99,57,6,6,173.68,out,0
IPL_2022_046,1,CSK,DP Conway,85,55,8,4,154.55,not out,1
IPL_2022_046,1,CSK,MS Dhoni,8,7,1,0,114.29,out,0
IPL_2022_046,1,CSK,RA Jadeja,1,1,0,0,100.0,not out,1
IPL_2022_046,2,SRH,Abhishek Sharma,39,24,5,1,162.5,out,0
IPL_2022_046,2,SRH,KS Williamson,47,37,2,2,127.03,out,0
IPL_2022_046,2,SRH,RA Tripathi,0,1,0,0,0.0,out,0
IPL_2022_046,2,SRH,AK Markram,17,10,0,2,170.0,out,0
IPL_2022_046,2,SRH,N Pooran,64,33,3,6,193.94,not out,1
IPL_2022_046,2,SRH,Shashank Singh,15,14,1,0,107.14,out,0
IPL_2022_046,2,SRH,Washington Sundar,2,2,0,0,100.0,out,0
IPL_2022_047,1,RR,JC Buttler,22,25,3,0,88.0,out,0
IPL_2022_047,1,RR,D Padikkal,2,5,0,0,40.0,out,0
IPL_2022_047,1,RR,SV Samson,54,49,7,1,110.2,out,0
IPL_2022_047,1,RR,KK Nair,13,13,1,0,100.0,out,0
IPL_2022_047,1,RR,R Parag,19,12,1,2,158.33,out,0
IPL_2022_047,1,RR,R Ashwin,6,5,0,0,120.0,not out,1
IPL_2022_047,1,RR,SO Hetmyer,27,13,1,2,207.69,not out,1
IPL_2022_047,2,KKR,B Indrajith,15,16,2,0,93.75,out,0
IPL_2022_047,2,KKR,AJ Finch,4,7,0,0,57.14,out,0
IPL_2022_047,2,KKR,SS Iyer,34,32,3,1,106.25,out,0
IPL_2022_047,2,KKR,N Rana,48,37,3,2,129.73,not out,1
IPL_2022_047,2,KKR,RK Singh,42,23,6,1,182.61,not out,1
IPL_2022_048,1,GT,WP Saha,21,17,3,1,123.53,out,0
IPL_2022_048,1,GT,Shubman Gill,9,6,2,0,150.0,out,0
IPL_2022_048,1,GT,HH Pandya,1,7,0,0,14.29,out,0
IPL_2022_048,1,GT,B Sai Sudharsan,65,50,5,1,130.0,not out,1
IPL_2022_048,1,GT,DA Miller,11,14,0,0,78.57,out,0
IPL_2022_048,1,GT,R Tewatia,11,13,0,0,84.62,out,0
IPL_2022_048,1,GT,Rashid Khan,0,1,0,0,0.0,out,0
IPL_2022_048,1,GT,PJ Sangwan,2,5,0,0,40.0,out,0
IPL_2022_048,1,GT,LH Ferguson,5,3,1,0,166.67,out,0
IPL_2022_048,1,GT,AS Joseph,4,5,0,0,80.0,not out,1
IPL_2022_048,2,PBKS,JM Bairstow,1,6,0,0,16.67,out,0
IPL_2022_048,2,PBKS,S Dhawan,62,53,8,1,116.98,not out,1
IPL_2022_048,2,PBKS,PBB Rajapaksa,40,28,5,1,142.86,out,0
IPL_2022_048,2,PBKS,LS Livingstone,30,10,2,3,300.0,not out,1
IPL_2022_049,1,RCB,V Kohli,30,33,3,1,90.91,out,0
IPL_2022_049,1,RCB,F du Plessis,38,22,4,1,172.73,out,0
IPL_2022_049,1,RCB,GJ Maxwell,3,3,0,0,100.0,out,0
IPL_2022_049,1,RCB,MK Lomror,42,27,3,2,155.56,out,0
IPL_2022_049,1,RCB,RM Patidar,21,15,1,1,140.0,out,0
IPL_2022_049,1,RCB,KD Karthik,26,17,1,2,152.94,not out,1
IPL_2022_049,1,RCB,PWH de Silva,0,1,0,0,0.0,out,0
IPL_2022_049,1,RCB,Shahbaz Ahmed,1,2,0,0,50.0,out,0
IPL_2022_049,2,CSK,RD Gaikwad,28,23,3,1,121.74,out,0
IPL_2022_049,2,CSK,DP Conway,56,37,6,2,151.35,out,0
IPL_2022_049,2,CSK,RV Uthappa,1,3,0,0,33.33,out,0
IPL_2022_049,2,CSK,AT Rayudu,10,8,0,1,125.0,out,0
IPL_2022_049,2,CSK,MM Ali,34,27,2,2,125.93,out,0
IPL_2022_049,2,CSK,RA Jadeja,3,5,0,0,60.0,out,0
IPL_2022_049,2,CSK,MS Dhoni,2,3,0,0,66.67,out,0
IPL_2022_049,2,CSK,D Pretorius,13,8,1,1,162.5,out,0
IPL_2022_049,2,CSK,Simarjeet Singh,2,2,0,0,100.0,not out,1
IPL_2022_049,2,CSK,M Theekshana,7,4,0,1,175.0,not out,1
IPL_2022_050,1,DC,Mandeep Singh,0,5,0,0,0.0,out,0
IPL_2022_050,1,DC,MR Marsh,10,7,2,0,142.86,out,0
IPL_2022_050,1,DC,DA Warner,92,58,12,3,158.62,not out,1
IPL_2022_050,1,DC,RR Pant,26,16,1,3,162.5,out,0
IPL_2022_050,1,DC,R Powell,67,35,3,6,191.43,not out,1
IPL_2022_050,2,SRH,Abhishek Sharma,7,6,1,0,116.67,out,0
IPL_2022_050,2,SRH,KS Williamson,4,11,1,0,36.36,out,0
IPL_2022_050,2,SRH,RA Tripathi,22,18,2,1,122.22,out,0
IPL_2022_050,2,SRH,AK Markram,42,25,4,3,168.0,out,0
IPL_2022_050,2,SRH,N Pooran,62,34,2,6,182.35,out,0
IPL_2022_050,2,SRH,Shashank Singh,10,6,2,0,166.67,out,0
IPL_2022_050,2,SRH,SA Abbott,7,5,0,1,140.0,out,0
IPL_2022_050,2,SRH,S Gopal,9,7,2,0,128.57,not out,1
IPL_2022_050,2,SRH,Kartik Tyagi,7,5,1,0,140.0,out,0
IPL_2022_050,2,SRH,B Kumar,5,3,1,0,166.67,not out,1
IPL_2022_051,1,MI,Ishan Kishan,45,29,5,1,155.17,out,0
IPL_2022_051,1,MI,RG Sharma,43,28,5,2,153.57,out,0
IPL_2022_051,1,MI,SA Yadav,13,11,0,1,118.18,out,0
IPL_2022_051,1,MI,Tilak Varma,21,16,2,0,131.25,out,0
IPL_2022_051,1,MI,KA Pollard,4,14,0,0,28.57,out,0
IPL_2022_051,1,MI,TH David,44,21,2,4,209.52,not out,1
IPL_2022_051,1,MI,DR Sams,0,2,0,0,0.0,out,0
IPL_2022_051,2,GT,WP Saha,55,40,6,2,137.5,out,0
IPL_2022_051,2,GT,Shubman Gill,52,36,6,2,144.44,out,0
IPL_2022_051,2,GT,HH Pandya,24,14,4,0,171.43,out,0
IPL_2022_051,2,GT,B Sai Sudharsan,14,11,1,1,127.27,out,0
IPL_2022_051,2,GT,DA Miller,19,14,1,1,135.71,not out,1
IPL_2022_051,2,GT,R Tewatia,3,4,0,0,75.0,out,0
IPL_2022_051,2,GT,Rashid Khan,1,1,0,0,100.0,not out,1
IPL_2022_052,1,PBKS,JM Bairstow,56,40,8,1,140.0,out,0
IPL_2022_052,1,PBKS,S Dhawan,12,16,2,0,75.0,out,0
IPL_2022_052,1,PBKS,PBB Rajapaksa,27,18,2,2,150.0,out,0
IPL_2022_052,1,PBKS,MA Agarwal,15,13,2,0,115.38,out,0
IPL_2022_052,1,PBKS,JM Sharma,38,18,4,2,211.11,not out,1
IPL_2022_052,1,PBKS,LS Livingstone,22,14,1,2,157.14,out,0
IPL_2022_052,1,PBKS,R Dhawan,5,2,1,0,250.0,not out,1
IPL_2022_052,2,RR,YBK Jaiswal,68,41,9,2,165.85,out,0
IPL_2022_052,2,RR,JC Buttler,30,16,5,1,187.5,out,0
IPL_2022_052,2,RR,SV Samson,23,12,4,0,191.67,out,0
IPL_2022_052,2,RR,D Padikkal,31,32,3,0,96.88,out,0
IPL_2022_052,2,RR,SO Hetmyer,31,16,3,2,193.75,not out,1
IPL_2022_052,2,RR,R Parag,0,1,0,0,0.0,not out,1
IPL_2022_053,1,LSG,Q de Kock,50,29,4,3,172.41,out,0
IPL_2022_053,1,LSG,DJ Hooda,41,27,4,2,151.85,out,0
IPL_2022_053,1,LSG,KH Pandya,25,27,2,0,92.59,out,0
IPL_2022_053,1,LSG,A Badoni,15,18,0,0,83.33,not out,1
IPL_2022_053,1,LSG,MP Stoinis,28,14,1,3,200.0,out,0
IPL_2022_053,1,LSG,JO Holder,13,4,0,2,325.0,out,0
IPL_2022_053,1,LSG,PVD Chameera,0,1,0,0,0.0,out,0
IPL_2022_053,2,KKR,B Indrajith,0,6,0,0,0.0,out,0
IPL_2022_053,2,KKR,AJ Finch,14,14,1,0,100.0,out,0
IPL_2022_053,2,KKR,SS Iyer,6,9,1,0,66.67,out,0
IPL_2022_053,2,KKR,N Rana,2,11,0,0,18.18,out,0
IPL_2022_053,2,KKR,RK Singh,6,10,0,0,60.0,out,0
IPL_2022_053,2,KKR,AD Russell,45,19,3,5,236.84,out,0
IPL_2022_053,2,KKR,SP Narine,22,12,3,1,183.33,out,0
IPL_2022_053,2,KKR,AS Roy,0,2,0,0,0.0,out,0
IPL_2022_053,2,KKR,Shivam Mavi,1,2,0,0,50.0,not out,1
IPL_2022_053,2,KKR,TG Southee,0,1,0,0,0.0,out,0
IPL_2022_053,2,KKR,Harshit Rana,2,1,0,0,200.0,out,0
IPL_2022_054,1,RCB,V Kohli,0,1,0,0,0.0,out,0
IPL_2022_054,1,RCB,RM Patidar,48,38,4,2,126.32,out,0
IPL_2022_054,1,RCB,F du Plessis,73,50,8,2,146.0,not out,1
IPL_2022_054,1,RCB,GJ Maxwell,33,24,3,2,137.5,out,0
IPL_2022_054,1,RCB,KD Karthik,30,8,1,4,375.0,not out,1
IPL_2022_054,2,SRH,Abhishek Sharma,0,3,0,0,0.0,out,0
IPL_2022_054,2,SRH,RA Tripathi,58,37,6,2,156.76,out,0
IPL_2022_054,2,SRH,AK Markram,21,27,1,1,77.78,out,0
IPL_2022_054,2,SRH,N Pooran,19,14,2,1,135.71,out,0
IPL_2022_054,2,SRH,J Suchith,2,7,0,0,28.57,out,0
IPL_2022_054,2,SRH,Shashank Singh,8,9,0,1,88.89,out,0
IPL_2022_054,2,SRH,Kartik Tyagi,0,1,0,0,0.0,out,0
IPL_2022_054,2,SRH,B Kumar,8,9,1,0,88.89,out,0
IPL_2022_054,2,SRH,Umran Malik,0,1,0,0,0.0,out,0
IPL_2022_054,2,SRH,Fazalhaq Farooqi,2,8,0,0,25.0,not out,1
IPL_2022_055,1,CSK,RD Gaikwad,41,33,4,1,124.24,out,0
IPL_2022_055,1,CSK,DP Conway,87,49,8,5,177.55,out,0
IPL_2022_055,1,CSK,S Dube,32,19,2,2,168.42,out,0
IPL_2022_055,1,CSK,AT Rayudu,5,6,1,0,83.33,out,0
IPL_2022_055,1,CSK,MS Dhoni,21,8,1,2,262.5,not out,1
IPL_2022_055,1,CSK,MM Ali,9,4,2,0,225.0,out,0
IPL_2022_055,1,CSK,RV Uthappa,0,1,0,0,0.0,out,0
IPL_2022_055,1,CSK,DJ Bravo,1,1,0,0,100.0,not out,1
IPL_2022_055,2,DC,DA Warner,19,12,1,2,158.33,out,0
IPL_2022_055,2,DC,KS Bharat,8,5,2,0,160.0,out,0
IPL_2022_055,2,DC,MR Marsh,25,20,3,1,125.0,out,0
IPL_2022_055,2,DC,RR Pant,21,11,4,0,190.91,out,0
IPL_2022_055,2,DC,R Powell,3,9,0,0,33.33,out,0
IPL_2022_055,2,DC,RV Patel,6,3,0,1,200.0,out,0
IPL_2022_055,2,DC,AR Patel,1,3,0,0,33.33,out,0
IPL_2022_055,2,DC,SN Thakur,24,19,2,1,126.32,out,0
IPL_2022_055,2,DC,Kuldeep Yadav,5,17,0,0,29.41,out,0
IPL_2022_055,2,DC,A Nortje,1,6,0,0,16.67,not out,1
IPL_2022_055,2,DC,KK Ahmed,0,1,0,0,0.0,out,0
IPL_2022_056,1,KKR,VR Iyer,43,24,3,4,179.17,out,0
IPL_2022_056,1,KKR,AM Rahane,25,24,3,0,104.17,out,0
IPL_2022_056,1,KKR,N Rana,43,26,3,4,165.38,out,0
IPL_2022_056,1,KKR,SS Iyer,6,8,1,0,75.0,out,0
IPL_2022_056,1,KKR,AD Russell,9,5,0,1,180.0,out,0
IPL_2022_056,1,KKR,RK Singh,23,19,2,1,121.05,not out,1
IPL_2022_056,1,KKR,SP Jackson,5,7,0,0,71.43,out,0
IPL_2022_056,1,KKR,PJ Cummins,0,2,0,0,0.0,out,0
IPL_2022_056,1,KKR,SP Narine,0,1,0,0,0.0,out,0
IPL_2022_056,1,KKR,TG Southee,0,4,0,0,0.0,out,0
IPL_2022_056,2,MI,RG Sharma,2,6,0,0,33.33,out,0
IPL_2022_056,2,MI,Ishan Kishan,51,43,5,1,118.6,out,0
IPL_2022_056,2,MI,Tilak Varma,6,5,1,0,120.0,out,0
IPL_2022_056,2,MI,Ramandeep Singh,12,16,0,0,75.0,out,0
IPL_2022_056,2,MI,TH David,13,9,3,0,144.44,out,0
IPL_2022_056,2,MI,KA Pollard,15,16,0,1,93.75,out,0
IPL_2022_056,2,MI,DR Sams,1,2,0,0,50.0,out,0
IPL_2022_056,2,MI,M Ashwin,0,2,0,0,0.0,out,0
IPL_2022_056,2,MI,K Kartikeya,3,5,0,0,60.0,out,0
IPL_2022_056,2,MI,RP Meredith,0,1,0,0,0.0,not out,1
IPL_2022_057,1,GT,WP Saha,5,11,1,0,45.45,out,0
IPL_2022_057,1,GT,Shubman Gill,63,49,7,0,128.57,not out,1
IPL_2022_057,1,GT,MS Wade,10,7,2,0,142.86,out,0
IPL_2022_057,1,GT,HH Pandya,11,13,0,0,84.62,out,0
IPL_2022_057,1,GT,DA Miller,26,24,1,1,108.33,out,0
IPL_2022_057,1,GT,R Tewatia,22,16,4,0,137.5,not out,1
IPL_2022_057,2,LSG,Q de Kock,11,10,0,1,110.0,out,0
IPL_2022_057,2,LSG,KL Rahul,8,16,1,0,50.0,out,0
IPL_2022_057,2,LSG,DJ Hooda,27,26,3,0,103.85,out,0
IPL_2022_057,2,LSG,KS Sharma,4,4,1,0,100.0,out,0
IPL_2022_057,2,LSG,KH Pandya,5,5,1,0,100.0,out,0
IPL_2022_057,2,LSG,A Badoni,8,11,1,0,72.73,out,0
IPL_2022_057,2,LSG,MP Stoinis,2,2,0,0,100.0,out,0
IPL_2022_057,2,LSG,JO Holder,1,2,0,0,50.0,out,0
IPL_2022_057,2,LSG,Mohsin Khan,1,3,0,0,33.33,out,0
IPL_2022_057,2,LSG,Avesh Khan,12,4,0,2,300.0,out,0
IPL_2022_058,1,RR,YBK Jaiswal,19,19,1,1,100.0,out,0
IPL_2022_058,1,RR,JC Buttler,7,11,1,0,63.64,out,0
IPL_2022_058,1,RR,R Ashwin,50,38,4,2,131.58,out,0
IPL_2022_058,1,RR,D Padikkal,48,30,6,2,160.0,out,0
IPL_2022_058,1,RR,SV Samson,6,4,1,0,150.0,out,0
IPL_2022_058,1,RR,R Parag,9,5,0,1,180.0,out,0
IPL_2022_058,1,RR,HE van der Dussen,12,10,1,0,120.0,not out,1
IPL_2022_058,1,RR,TA Boult,3,3,0,0,100.0,not out,1
IPL_2022_058,2,DC,KS Bharat,0,2,0,0,0.0,out,0
IPL_2022_058,2,DC,MR Marsh,89,62,5,7,143.55,out,0
IPL_2022_058,2,DC,DA Warner,52,41,5,1,126.83,not out,1
IPL_2022_058,2,DC,RR Pant,13,4,0,2,325.0,not out,1
IPL_2022_059,1,CSK,RD Gaikwad,7,6,1,0,116.67,out,0
IPL_2022_059,1,CSK,DP Conway,0,1,0,0,0.0,out,0
IPL_2022_059,1,CSK,MM Ali,0,2,0,0,0.0,out,0
IPL_2022_059,1,CSK,RV Uthappa,1,6,0,0,16.67,out,0
IPL_2022_059,1,CSK,AT Rayudu,10,14,2,0,71.43,out,0
IPL_2022_059,1,CSK,MS Dhoni,36,33,4,2,109.09,not out,1
IPL_2022_059,1,CSK,S Dube,10,9,1,0,111.11,out,0
IPL_2022_059,1,CSK,DJ Bravo,12,15,0,1,80.0,out,0
IPL_2022_059,1,CSK,Simarjeet Singh,2,3,0,0,66.67,out,0
IPL_2022_059,1,CSK,M Theekshana,0,3,0,0,0.0,out,0
IPL_2022_059,1,CSK,Mukesh Choudhary,4,4,1,0,100.0,out,0
IPL_2022_059,2,MI,Ishan Kishan,6,5,1,0,120.0,out,0
IPL_2022_059,2,MI,DR Sams,1,6,0,0,16.67,out,0
IPL_2022_059,2,MI,RG Sharma,18,14,4,0,128.57,out,0
IPL_2022_059,2,MI,Tilak Varma,34,32,4,0,106.25,not out,1
IPL_2022_059,2,MI,T Stubbs,0,2,0,0,0.0,out,0
IPL_2022_059,2,MI,HR Shokeen,18,23,2,0,78.26,out,0
IPL_2022_059,2,MI,TH David,16,7,0,2,228.57,not out,1
IPL_2022_060,1,PBKS,JM Bairstow,66,29,4,7,227.59,out,0
IPL_2022_060,1,PBKS,S Dhawan,21,15,2,1,140.0,out,0
IPL_2022_060,1,PBKS,PBB Rajapaksa,1,3,0,0,33.33,out,0
IPL_2022_060,1,PBKS,LS Livingstone,70,42,5,4,166.67,out,0
IPL_2022_060,1,PBKS,MA Agarwal,19,16,3,0,118.75,out,0
IPL_2022_060,1,PBKS,JM Sharma,9,5,2,0,180.0,out,0
IPL_2022_060,1,PBKS,Harpreet Brar,7,5,0,1,140.0,out,0
IPL_2022_060,1,PBKS,R Dhawan,7,3,0,1,233.33,out,0
IPL_2022_060,1,PBKS,RD Chahar,2,2,0,0,100.0,out,0
IPL_2022_060,1,PBKS,K Rabada,0,1,0,0,0.0,not out,1
IPL_2022_060,2,RCB,V Kohli,20,14,2,1,142.86,out,0
IPL_2022_060,2,RCB,F du Plessis,10,8,2,0,125.0,out,0
IPL_2022_060,2,RCB,RM Patidar,26,21,1,2,123.81,out,0
IPL_2022_060,2,RCB,MK Lomror,6,3,0,1,200.0,out,0
IPL_2022_060,2,RCB,GJ Maxwell,35,22,3,1,159.09,out,0
IPL_2022_060,2,RCB,Shahbaz Ahmed,9,14,0,0,64.29,out,0
IPL_2022_060,2,RCB,KD Karthik,11,11,1,0,100.0,out,0
IPL_2022_060,2,RCB,HV Patel,11,7,2,0,157.14,out,0
IPL_2022_060,2,RCB,PWH de Silva,1,3,0,0,33.33,out,0
IPL_2022_060,2,RCB,Mohammed Siraj,9,13,1,0,69.23,not out,1
IPL_2022_060,2,RCB,JR Hazlewood,7,4,1,0,175.0,not out,1
IPL_2022_061,1,KKR,VR Iyer,7,6,1,0,116.67,out,0
IPL_2022_061,1,KKR,AM Rahane,28,24,0,3,116.67,out,0
IPL_2022_061,1,KKR,N Rana,26,16,1,3,162.5,out,0
IPL_2022_061,1,KKR,SS Iyer,15,9,2,0,166.67,out,0
IPL_2022_061,1,KKR,SW Billings,34,29,3,1,117.24,out,0
IPL_2022_061,1,KKR,RK Singh,5,6,0,0,83.33,out,0
IPL_2022_061,1,KKR,AD Russell,49,28,3,4,175.0,not out,1
IPL_2022_061,1,KKR,SP Narine,1,2,0,0,50.0,not out,1
IPL_2022_061,2,SRH,Abhishek Sharma,43,28,4,2,153.57,out,0
IPL_2022_061,2,SRH,KS Williamson,9,17,1,0,52.94,out,0
IPL_2022_061,2,SRH,RA Tripathi,9,12,1,0,75.0,out,0
IPL_2022_061,2,SRH,AK Markram,32,25,0,3,128.0,out,0
IPL_2022_061,2,SRH,N Pooran,2,3,0,0,66.67,out,0
IPL_2022_061,2,SRH,Washington Sundar,4,9,0,0,44.44,out,0
IPL_2022_061,2,SRH,Shashank Singh,11,12,1,0,91.67,out,0
IPL_2022_061,2,SRH,M Jansen,1,2,0,0,50.0,out,0
IPL_2022_061,2,SRH,B Kumar,6,7,1,0,85.71,not out,1
IPL_2022_061,2,SRH,Umran Malik,3,5,0,0,60.0,not out,1
IPL_2022_062,1,CSK,RD Gaikwad,53,49,4,1,108.16,out,0
IPL_2022_062,1,CSK,DP Conway,5,9,0,0,55.56,out,0
IPL_2022_062,1,CSK,MM Ali,21,17,0,2,123.53,out,0
IPL_2022_062,1,CSK,N Jagadeesan,39,33,3,1,118.18,not out,1
IPL_2022_062,1,CSK,S Dube,0,2,0,0,0.0,out,0
IPL_2022_062,1,CSK,MS Dhoni,7,10,0,0,70.0,out,0
IPL_2022_062,1,CSK,MJ Santner,1,1,0,0,100.0,not out,1
IPL_2022_062,2,GT,WP Saha,67,57,8,1,117.54,not out,1
IPL_2022_062,2,GT,Shubman Gill,18,17,3,0,105.88,out,0
IPL_2022_062,2,GT,MS Wade,20,15,2,0,133.33,out,0
IPL_2022_062,2,GT,HH Pandya,7,6,1,0,116.67,out,0
IPL_2022_062,2,GT,DA Miller,15,20,1,0,75.0,not out,1
IPL_2022_063,1,RR,YBK Jaiswal,41,29,6,1,141.38,out,0
IPL_2022_063,1,RR,JC Buttler,2,6,0,0,33.33,out,0
IPL_2022_063,1,RR,SV Samson,32,24,6,0,133.33,out,0
IPL_2022_063,1,RR,D Padikkal,39,18,5,2,216.67,out,0
IPL_2022_063,1,RR,R Parag,19,16,0,1,118.75,out,0
IPL_2022_063,1,RR,JDS Neesham,14,12,2,0,116.67,out,0
IPL_2022_063,1,RR,R Ashwin,10,7,1,0,142.86,not out,1
IPL_2022_063,1,RR,TA Boult,17,9,2,0,188.89,not out,1
IPL_2022_063,2,LSG,Q de Kock,7,8,1,0,87.5,out,0
IPL_2022_063,2,LSG,KL Rahul,10,19,0,1,52.63,out,0
IPL_2022_063,2,LSG,A Badoni,0,1,0,0,0.0,out,0
IPL_2022_063,2,LSG,DJ Hooda,59,39,5,2,151.28,out,0
IPL_2022_063,2,LSG,KH Pandya,25,23,1,1,108.7,out,0
IPL_2022_063,2,LSG,MP Stoinis,27,17,1,2,158.82,out,0
IPL_2022_063,2,LSG,JO Holder,1,2,0,0,50.0,out,0
IPL_2022_063,2,LSG,PVD Chameera,0,2,0,0,0.0,out,0
IPL_2022_063,2,LSG,Mohsin Khan,9,7,1,0,128.57,not out,1
IPL_2022_063,2,LSG,Avesh Khan,1,2,0,0,50.0,not out,1
IPL_2022_064,1,DC,DA Warner,0,1,0,0,0.0,out,0
IPL_2022_064,1,DC,MR Marsh,63,48,4,3,131.25,out,0
IPL_2022_064,1,DC,SN Khan,32,16,5,1,200.0,out,0
IPL_2022_064,1,DC,Lalit Yadav,24,21,1,1,114.29,out,0
IPL_2022_064,1,DC,RR Pant,7,3,0,1,233.33,out,0
IPL_2022_064,1,DC,R Powell,2,6,0,0,33.33,out,0
IPL_2022_064,1,DC,AR Patel,17,20,2,0,85.0,not out,1
IPL_2022_064,1,DC,SN Thakur,3,4,0,0,75.0,out,0
IPL_2022_064,1,DC,Kuldeep Yadav,2,2,0,0,100.0,not out,1
IPL_2022_064,2,PBKS,JM Bairstow,28,15,4,1,186.67,out,0
IPL_2022_064,2,PBKS,S Dhawan,19,16,3,0,118.75,out,0
IPL_2022_064,2,PBKS,PBB Rajapaksa,4,5,1,0,80.0,out,0
IPL_2022_064,2,PBKS,LS Livingstone,3,5,0,0,60.0,out,0
IPL_2022_064,2,PBKS,MA Agarwal,0,2,0,0,0.0,out,0
IPL_2022_064,2,PBKS,JM Sharma,44,34,3,2,129.41,out,0
IPL_2022_064,2,PBKS,Harpreet Brar,1,2,0,0,50.0,out,0
IPL_2022_064,2,PBKS,R Dhawan,4,13,0,0,30.77,out,0
IPL_2022_064,2,PBKS,RD Chahar,25,24,2,1,104.17,not out,1
IPL_2022_064,2,PBKS,K Rabada,6,2,0,1,300.0,out,0
IPL_2022_064,2,PBKS,Arshdeep Singh,2,3,0,0,66.67,not out,1
IPL_2022_065,1,SRH,Abhishek Sharma,9,10,1,0,90.0,out,0
IPL_2022_065,1,SRH,PK Garg,42,26,4,2,161.54,out,0
IPL_2022_065,1,SRH,RA Tripathi,76,44,9,3,172.73,out,0
IPL_2022_065,1,SRH,N Pooran,38,22,2,3,172.73,out,0
IPL_2022_065,1,SRH,AK Markram,2,4,0,0,50.0,out,0
IPL_2022_065,1,SRH,KS Williamson,8,7,1,0,114.29,not out,1
IPL_2022_065,1,SRH,Washington Sundar,9,7,0,0,128.57,out,0
IPL_2022_065,2,MI,RG Sharma,48,36,2,4,133.33,out,0
IPL_2022_065,2,MI,Ishan Kishan,43,34,5,1,126.47,out,0
IPL_2022_065,2,MI,DR Sams,15,11,0,1,136.36,out,0
IPL_2022_065,2,MI,Tilak Varma,8,9,1,0,88.89,out,0
IPL_2022_065,2,MI,TH David,46,18,3,4,255.56,out,0
IPL_2022_065,2,MI,T Stubbs,2,2,0,0,100.0,out,0
IPL_2022_065,2,MI,R Sanjay Yadav,0,2,0,0,0.0,out,0
IPL_2022_065,2,MI,JJ Bumrah,0,4,0,0,0.0,not out,1
IPL_2022_065,2,MI,Ramandeep Singh,14,6,1,1,233.33,not out,1
IPL_2022_066,1,LSG,Q de Kock,140,70,10,10,200.0,not out,1
IPL_2022_066,1,LSG,KL Rahul,68,51,3,4,133.33,not out,1
IPL_2022_066,2,KKR,VR Iyer,0,4,0,0,0.0,out,0
IPL_2022_066,2,KKR,N Rana,42,22,9,0,190.91,out,0
IPL_2022_066,2,KKR,A Tomar,4,8,1,0,50.0,out,0
IPL_2022_066,2,KKR,SS Iyer,50,29,4,3,172.41,out,0
IPL_2022_066,2,KKR,SW Billings,36,24,2,3,150.0,out,0
IPL_2022_066,2,KKR,AD Russell,5,11,0,0,45.45,out,0
IPL_2022_066,2,KKR,RK Singh,40,15,2,4,266.67,out,0
IPL_2022_066,2,KKR,SP Narine,21,7,0,3,300.0,not out,1
IPL_2022_066,2,KKR,UT Yadav,0,1,0,0,0.0,out,0
IPL_2022_067,1,GT,WP Saha,31,22,4,1,140.91,out,0
IPL_2022_067,1,GT,Shubman Gill,1,4,0,0,25.0,out,0
IPL_2022_067,1,GT,MS Wade,16,13,2,1,123.08,out,0
IPL_2022_067,1,GT,HH Pandya,62,47,4,3,131.91,not out,1
IPL_2022_067,1,GT,DA Miller,34,25,0,3,136.0,out,0
IPL_2022_067,1,GT,R Tewatia,2,3,0,0,66.67,out,0
IPL_2022_067,1,GT,Rashid Khan,19,6,1,2,316.67,not out,1
IPL_2022_067,2,RCB,V Kohli,73,54,8,2,135.19,out,0
IPL_2022_067,2,RCB,F du Plessis,44,38,5,0,115.79,out,0
IPL_2022_067,2,RCB,GJ Maxwell,40,18,5,2,222.22,not out,1
IPL_2022_067,2,RCB,KD Karthik,2,2,0,0,100.0,not out,1
IPL_2022_068,1,CSK,RD Gaikwad,2,6,0,0,33.33,out,0
IPL_2022_068,1,CSK,DP Conway,16,14,1,1,114.29,out,0
IPL_2022_068,1,CSK,MM Ali,93,57,13,3,163.16,out,0
IPL_2022_068,1,CSK,N Jagadeesan,1,4,0,0,25.0,out,0
IPL_2022_068,1,CSK,AT Rayudu,3,6,0,0,50.0,out,0
IPL_2022_068,1,CSK,MS Dhoni,26,28,1,1,92.86,out,0
IPL_2022_068,1,CSK,Simarjeet Singh,3,3,0,0,100.0,not out,1
IPL_2022_068,1,CSK,MJ Santner,1,2,0,0,50.0,not out,1
IPL_2022_068,2,RR,YBK Jaiswal,59,44,8,1,134.09,out,0
IPL_2022_068,2,RR,JC Buttler,2,5,0,0,40.0,out,0
IPL_2022_068,2,RR,SV Samson,15,20,2,0,75.0,out,0
IPL_2022_068,2,RR,D Padikkal,3,9,0,0,33.33,out,0
IPL_2022_068,2,RR,R Ashwin,40,23,2,3,173.91,not out,1
IPL_2022_068,2,RR,SO Hetmyer,6,7,1,0,85.71,out,0
IPL_2022_068,2,RR,R Parag,10,10,1,0,100.0,not out,1
IPL_2022_069,1,DC,PP Shaw,24,23,2,1,104.35,out,0
IPL_2022_069,1,DC,DA Warner,5,6,1,0,83.33,out,0
IPL_2022_069,1,DC,MR Marsh,0,1,0,0,0.0,out,0
IPL_2022_069,1,DC,RR Pant,39,33,4,1,118.18,out,0
IPL_2022_069,1,DC,SN Khan,10,7,0,1,142.86,out,0
IPL_2022_069,1,DC,R Powell,43,34,1,4,126.47,out,0
IPL_2022_069,1,DC,AR Patel,19,10,0,2,190.0,not out,1
IPL_2022_069,1,DC,SN Thakur,4,5,0,0,80.0,out,0
IPL_2022_069,1,DC,Kuldeep Yadav,1,1,0,0,100.0,not out,1
IPL_2022_069,2,MI,Ishan Kishan,48,35,3,4,137.14,out,0
IPL_2022_069,2,MI,RG Sharma,2,13,0,0,15.38,out,0
IPL_2022_069,2,MI,D Brevis,37,33,1,3,112.12,out,0
IPL_2022_069,2,MI,Tilak Varma,21,17,1,1,123.53,out,0
IPL_2022_069,2,MI,TH David,34,11,2,4,309.09,out,0
IPL_2022_069,2,MI,Ramandeep Singh,13,6,2,0,216.67,not out,1
IPL_2022_069,2,MI,DR Sams,0,1,0,0,0.0,not out,1
IPL_2022_070,1,SRH,PK Garg,4,7,0,0,57.14,out,0
IPL_2022_070,1,SRH,Abhishek Sharma,43,32,5,2,134.38,out,0
IPL_2022_070,1,SRH,RA Tripathi,20,18,1,1,111.11,out,0
IPL_2022_070,1,SRH,AK Markram,21,17,2,0,123.53,out,0
IPL_2022_070,1,SRH,N Pooran,5,10,0,0,50.0,out,0
IPL_2022_070,1,SRH,Washington Sundar,25,19,3,1,131.58,out,0
IPL_2022_070,1,SRH,R Shepherd,26,15,2,2,173.33,not out,1
IPL_2022_070,1,SRH,J Suchith,0,1,0,0,0.0,out,0
IPL_2022_070,1,SRH,B Kumar,1,1,0,0,100.0,out,0
IPL_2022_070,1,SRH,Umran Malik,0,1,0,0,0.0,not out,1
IPL_2022_070,2,PBKS,JM Bairstow,23,15,5,0,153.33,out,0
IPL_2022_070,2,PBKS,S Dhawan,39,32,2,2,121.88,out,0
IPL_2022_070,2,PBKS,M Shahrukh Khan,19,10,2,1,190.0,out,0
IPL_2022_070,2,PBKS,MA Agarwal,1,4,0,0,25.0,out,0
IPL_2022_070,2,PBKS,LS Livingstone,49,22,2,5,222.73,not out,1
IPL_2022_070,2,PBKS,JM Sharma,19,7,3,1,271.43,out,0
IPL_2022_070,2,PBKS,PN Mankad,4,1,1,0,400.0,not out,1
IPL_2022_000,1,RR,YBK Jaiswal,3,8,0,0,37.5,out,0
IPL_2022_000,1,RR,JC Buttler,89,56,12,2,158.93,out,0
IPL_2022_000,1,RR,SV Samson,47,26,5,3,180.77,out,0
IPL_2022_000,1,RR,D Padikkal,28,20,2,2,140.0,out,0
IPL_2022_000,1,RR,SO Hetmyer,4,7,0,0,57.14,out,0
IPL_2022_000,1,RR,R Parag,4,3,0,0,133.33,out,0
IPL_2022_000,1,RR,R Ashwin,2,1,0,0,200.0,not out,1
IPL_2022_000,2,GT,WP Saha,0,2,0,0,0.0,out,0
IPL_2022_000,2,GT,MS Wade,35,30,6,0,116.67,out,0
IPL_2022_000,2,GT,Shubman Gill,35,21,5,1,166.67,out,0
IPL_2022_000,2,GT,HH Pandya,40,27,5,0,148.15,not out,1
IPL_2022_000,2,GT,DA Miller,68,38,3,5,178.95,not out,1
IPL_2022_000,1,RCB,V Kohli,25,24,2,0,104.17,out,0
IPL_2022_000,1,RCB,F du Plessis,0,1,0,0,0.0,out,0
IPL_2022_000,1,RCB,RM Patidar,112,54,12,7,207.41,not out,1
IPL_2022_000,1,RCB,GJ Maxwell,9,10,0,1,90.0,out,0
IPL_2022_000,1,RCB,MK Lomror,14,9,2,0,155.56,out,0
IPL_2022_000,1,RCB,KD Karthik,37,23,5,1,160.87,not out,1
IPL_2022_000,2,LSG,Q de Kock,6,5,0,1,120.0,out,0
IPL_2022_000,2,LSG,KL Rahul,79,58,3,5,136.21,out,0
IPL_2022_000,2,LSG,M Vohra,19,11,1,2,172.73,out,0
IPL_2022_000,2,LSG,DJ Hooda,45,26,1,4,173.08,out,0
IPL_2022_000,2,LSG,MP Stoinis,9,9,0,1,100.0,out,0
IPL_2022_000,2,LSG,E Lewis,2,6,0,0,33.33,not out,1
IPL_2022_000,2,LSG,KH Pandya,0,1,0,0,0.0,out,0
IPL_2022_000,2,LSG,PVD Chameera,11,4,1,1,275.0,not out,1
IPL_2022_000,1,RCB,V Kohli,7,8,0,1,87.5,out,0
IPL_2022_000,1,RCB,F du Plessis,25,27,3,0,92.59,out,0
IPL_2022_000,1,RCB,RM Patidar,58,42,4,3,138.1,out,0
IPL_2022_000,1,RCB,GJ Maxwell,24,13,1,2,184.62,out,0
IPL_2022_000,1,RCB,MK Lomror,8,10,0,0,80.0,out,0
IPL_2022_000,1,RCB,KD Karthik,6,7,0,0,85.71,out,0
IPL_2022_000,1,RCB,Shahbaz Ahmed,12,8,1,1,150.0,not out,1
IPL_2022_000,1,RCB,PWH de Silva,0,1,0,0,0.0,out,0
IPL_2022_000,1,RCB,HV Patel,1,2,0,0,50.0,out,0
IPL_2022_000,1,RCB,JR Hazlewood,1,2,0,0,50.0,not out,1
IPL_2022_000,2,RR,YBK Jaiswal,21,13,1,2,161.54,out,0
IPL_2022_000,2,RR,JC Buttler,106,60,10,6,176.67,not out,1
IPL_2022_000,2,RR,SV Samson,23,21,1,2,109.52,out,0
IPL_2022_000,2,RR,D Padikkal,9,12,0,0,75.0,out,0
IPL_2022_000,2,RR,SO Hetmyer,2,3,0,0,66.67,not out,1
IPL_2022_000,1,RR,YBK Jaiswal,22,16,1,2,137.5,out,0
IPL_2022_000,1,RR,JC Buttler,39,35,5,0,111.43,out,0
IPL_2022_000,1,RR,SV Samson,14,11,2,0,127.27,out,0
IPL_2022_000,1,RR,D Padikkal,2,10,0,0,20.0,out,0
IPL_2022_000,1,RR,SO Hetmyer,11,12,2,0,91.67,out,0
IPL_2022_000,1,RR,R Ashwin,6,9,0,0,66.67,out,0
IPL_2022_000,1,RR,R Parag,15,15,1,0,100.0,out,0
IPL_2022_000,1,RR,TA Boult,11,7,0,1,157.14,out,0
IPL_2022_000,1,RR,OC McCoy,8,5,0,1,160.0,out,0
IPL_2022_000,2,GT,WP Saha,5,7,1,0,71.43,out,0
IPL_2022_000,2,GT,Shubman Gill,45,43,3,1,104.65,not out,1
IPL_2022_000,2,GT,MS Wade,8,10,0,1,80.0,out,0
IPL_2022_000,2,GT,HH Pandya,34,30,3,1,113.33,out,0
IPL_2022_000,2,GT,DA Miller,32,19,3,1,168.42,not out,1
IPL_2023_001,1,CSK,DP Conway,1,6,0,0,16.67,out,0
IPL_2023_001,1,CSK,RD Gaikwad,92,50,4,9,184.0,out,0
IPL_2023_001,1,CSK,MM Ali,23,17,4,1,135.29,out,0
IPL_2023_001,1,CSK,BA Stokes,7,6,1,0,116.67,out,0
IPL_2023_001,1,CSK,AT Rayudu,12,12,0,1,100.0,out,0
IPL_2023_001,1,CSK,S Dube,19,18,0,1,105.56,out,0
IPL_2023_001,1,CSK,RA Jadeja,1,2,0,0,50.0,out,0
IPL_2023_001,1,CSK,MS Dhoni,14,7,1,1,200.0,not out,1
IPL_2023_001,1,CSK,MJ Santner,1,3,0,0,33.33,not out,1
IPL_2023_001,2,GT,WP Saha,25,16,2,2,156.25,out,0
IPL_2023_001,2,GT,Shubman Gill,63,36,6,3,175.0,out,0
IPL_2023_001,2,GT,B Sai Sudharsan,22,17,3,0,129.41,out,0
IPL_2023_001,2,GT,HH Pandya,8,11,0,0,72.73,out,0
IPL_2023_001,2,GT,V Shankar,27,21,2,1,128.57,out,0
IPL_2023_001,2,GT,R Tewatia,15,14,1,1,107.14,not out,1
IPL_2023_001,2,GT,Rashid Khan,10,3,1,1,333.33,not out,1
IPL_2023_002,1,PBKS,P Simran Singh,23,12,2,2,191.67,out,0
IPL_2023_002,1,PBKS,S Dhawan,40,29,6,0,137.93,out,0
IPL_2023_002,1,PBKS,PBB Rajapaksa,50,32,5,2,156.25,out,0
IPL_2023_002,1,PBKS,JM Sharma,21,11,1,2,190.91,out,0
IPL_2023_002,1,PBKS,Sikandar Raza,16,13,1,1,123.08,out,0
IPL_2023_002,1,PBKS,SM Curran,26,17,0,2,152.94,not out,1
IPL_2023_002,1,PBKS,M Shahrukh Khan,11,7,2,0,157.14,not out,1
IPL_2023_002,2,KKR,Mandeep Singh,2,4,0,0,50.0,out,0
IPL_2023_002,2,KKR,Rahmanullah Gurbaz,22,16,3,1,137.5,out,0
IPL_2023_002,2,KKR,AS Roy,4,5,1,0,80.0,out,0
IPL_2023_002,2,KKR,VR Iyer,34,28,3,1,121.43,out,0
IPL_2023_002,2,KKR,N Rana,24,17,3,1,141.18,out,0
IPL_2023_002,2,KKR,RK Singh,4,4,0,0,100.0,out,0
IPL_2023_002,2,KKR,AD Russell,35,19,3,2,184.21,out,0
IPL_2023_002,2,KKR,SN Thakur,8,3,0,1,266.67,not out,1
IPL_2023_002,2,KKR,SP Narine,7,2,0,1,350.0,not out,1
IPL_2023_003,1,LSG,KL Rahul,8,12,0,1,66.67,out,0
IPL_2023_003,1,LSG,KR Mayers,73,38,2,7,192.11,out,0
IPL_2023_003,1,LSG,DJ Hooda,17,18,0,0,94.44,out,0
IPL_2023_003,1,LSG,KH Pandya,15,13,0,1,115.38,not out,1
IPL_2023_003,1,LSG,MP Stoinis,12,10,0,1,120.0,out,0
IPL_2023_003,1,LSG,N Pooran,36,21,2,3,171.43,out,0
IPL_2023_003,1,LSG,A Badoni,18,7,1,2,257.14,out,0
IPL_2023_003,1,LSG,K Gowtham,6,1,0,1,600.0,not out,1
IPL_2023_003,2,DC,PP Shaw,12,9,2,0,133.33,out,0
IPL_2023_003,2,DC,DA Warner,56,48,7,0,116.67,out,0
IPL_2023_003,2,DC,MR Marsh,0,1,0,0,0.0,out,0
IPL_2023_003,2,DC,SN Khan,4,9,1,0,44.44,out,0
IPL_2023_003,2,DC,RR Rossouw,30,20,3,1,150.0,out,0
IPL_2023_003,2,DC,R Powell,1,3,0,0,33.33,out,0
IPL_2023_003,2,DC,Aman Hakim Khan,4,5,0,0,80.0,out,0
IPL_2023_003,2,DC,AR Patel,16,11,1,1,145.45,out,0
IPL_2023_003,2,DC,Kuldeep Yadav,6,10,0,0,60.0,not out,1
IPL_2023_003,2,DC,C Sakariya,4,4,1,0,100.0,out,0
IPL_2023_003,2,DC,Mukesh Kumar,0,1,0,0,0.0,not out,1
IPL_2023_004,1,RR,YBK Jaiswal,54,37,9,0,145.95,out,0
IPL_2023_004,1,RR,JC Buttler,54,22,7,3,245.45,out,0
IPL_2023_004,1,RR,SV Samson,55,32,3,4,171.88,out,0
IPL_2023_004,1,RR,D Padikkal,2,5,0,0,40.0,out,0
IPL_2023_004,1,RR,R Parag,7,6,1,0,116.67,out,0
IPL_2023_004,1,RR,SO Hetmyer,22,16,1,1,137.5,not out,1
IPL_2023_004,1,RR,R Ashwin,1,2,0,0,50.0,not out,1
IPL_2023_004,2,SRH,Abhishek Sharma,0,3,0,0,0.0,out,0
IPL_2023_004,2,SRH,RA Tripathi,0,2,0,0,0.0,out,0
IPL_2023_004,2,SRH,HC Brook,13,21,1,0,61.9,out,0
IPL_2023_004,2,SRH,MA Agarwal,27,23,3,0,117.39,out,0
IPL_2023_004,2,SRH,Washington Sundar,1,5,0,0,20.0,out,0
IPL_2023_004,2,SRH,GD Phillips,8,6,0,1,133.33,out,0
IPL_2023_004,2,SRH,Abdul Samad,32,32,2,1,100.0,not out,1
IPL_2023_004,2,SRH,AU Rashid,18,13,1,1,138.46,out,0
IPL_2023_004,2,SRH,B Kumar,6,10,0,0,60.0,out,0
IPL_2023_004,2,SRH,Umran Malik,19,8,1,2,237.5,not out,1
IPL_2023_005,1,MI,RG Sharma,1,10,0,0,10.0,out,0
IPL_2023_005,1,MI,Ishan Kishan,10,13,2,0,76.92,out,0
IPL_2023_005,1,MI,C Green,5,4,1,0,125.0,out,0
IPL_2023_005,1,MI,SA Yadav,15,16,1,0,93.75,out,0
IPL_2023_005,1,MI,Tilak Varma,84,46,9,4,182.61,not out,1
IPL_2023_005,1,MI,N Wadhera,21,13,1,2,161.54,out,0
IPL_2023_005,1,MI,TH David,4,7,0,0,57.14,out,0
IPL_2023_005,1,MI,HR Shokeen,5,3,1,0,166.67,out,0
IPL_2023_005,1,MI,Arshad Khan,15,9,0,1,166.67,not out,1
IPL_2023_005,2,RCB,V Kohli,82,49,6,5,167.35,not out,1
IPL_2023_005,2,RCB,F du Plessis,73,43,5,6,169.77,out,0
IPL_2023_005,2,RCB,KD Karthik,0,3,0,0,0.0,out,0
IPL_2023_005,2,RCB,GJ Maxwell,12,3,0,2,400.0,not out,1
IPL_2023_006,1,CSK,RD Gaikwad,57,31,3,4,183.87,out,0
IPL_2023_006,1,CSK,DP Conway,47,29,5,2,162.07,out,0
IPL_2023_006,1,CSK,S Dube,27,16,1,3,168.75,out,0
IPL_2023_006,1,CSK,MM Ali,19,13,3,0,146.15,out,0
IPL_2023_006,1,CSK,BA Stokes,8,8,1,0,100.0,out,0
IPL_2023_006,1,CSK,AT Rayudu,27,14,2,2,192.86,not out,1
IPL_2023_006,1,CSK,RA Jadeja,3,6,0,0,50.0,out,0
IPL_2023_006,1,CSK,MS Dhoni,12,3,0,2,400.0,out,0
IPL_2023_006,1,CSK,MJ Santner,1,1,0,0,100.0,not out,1
IPL_2023_006,2,LSG,KL Rahul,20,18,2,0,111.11,out,0
IPL_2023_006,2,LSG,KR Mayers,53,22,8,2,240.91,out,0
IPL_2023_006,2,LSG,DJ Hooda,2,6,0,0,33.33,out,0
IPL_2023_006,2,LSG,MP Stoinis,21,18,0,1,116.67,out,0
IPL_2023_006,2,LSG,KH Pandya,9,9,0,1,100.0,out,0
IPL_2023_006,2,LSG,N Pooran,32,18,2,3,177.78,out,0
IPL_2023_006,2,LSG,A Badoni,23,18,0,0,127.78,out,0
IPL_2023_006,2,LSG,K Gowtham,17,11,0,1,154.55,not out,1
IPL_2023_006,2,LSG,MA Wood,10,3,1,1,333.33,not out,1
IPL_2023_007,1,DC,DA Warner,37,32,7,0,115.62,out,0
IPL_2023_007,1,DC,PP Shaw,7,5,1,0,140.0,out,0
IPL_2023_007,1,DC,MR Marsh,4,4,1,0,100.0,out,0
IPL_2023_007,1,DC,SN Khan,30,34,2,0,88.24,out,0
IPL_2023_007,1,DC,RR Rossouw,0,1,0,0,0.0,out,0
IPL_2023_007,1,DC,Abishek Porel,20,11,0,2,181.82,out,0
IPL_2023_007,1,DC,AR Patel,36,22,2,3,163.64,out,0
IPL_2023_007,1,DC,Aman Hakim Khan,8,8,0,1,100.0,out,0
IPL_2023_007,1,DC,Kuldeep Yadav,1,1,0,0,100.0,not out,1
IPL_2023_007,1,DC,A Nortje,4,2,1,0,200.0,not out,1
IPL_2023_007,2,GT,WP Saha,14,7,2,1,200.0,out,0
IPL_2023_007,2,GT,Shubman Gill,14,13,3,0,107.69,out,0
IPL_2023_007,2,GT,B Sai Sudharsan,62,48,4,2,129.17,not out,1
IPL_2023_007,2,GT,HH Pandya,5,4,1,0,125.0,out,0
IPL_2023_007,2,GT,V Shankar,29,23,3,0,126.09,out,0
IPL_2023_007,2,GT,DA Miller,31,16,2,2,193.75,not out,1
IPL_2023_008,1,PBKS,P Simran Singh,60,34,7,3,176.47,out,0
IPL_2023_008,1,PBKS,S Dhawan,86,56,9,3,153.57,not out,1
IPL_2023_008,1,PBKS,PBB Rajapaksa,1,1,0,0,100.0,out,0
IPL_2023_008,1,PBKS,JM Sharma,27,16,2,1,168.75,out,0
IPL_2023_008,1,PBKS,Sikandar Raza,1,2,0,0,50.0,out,0
IPL_2023_008,1,PBKS,M Shahrukh Khan,11,10,1,0,110.0,out,0
IPL_2023_008,1,PBKS,SM Curran,1,2,0,0,50.0,not out,1
IPL_2023_008,2,RR,YBK Jaiswal,11,8,1,1,137.5,out,0
IPL_2023_008,2,RR,R Ashwin,0,4,0,0,0.0,out,0
IPL_2023_008,2,RR,JC Buttler,19,11,1,1,172.73,out,0
IPL_2023_008,2,RR,SV Samson,42,25,5,1,168.0,out,0
IPL_2023_008,2,RR,D Padikkal,21,26,1,0,80.77,out,0
IPL_2023_008,2,RR,R Parag,20,12,1,2,166.67,out,0
IPL_2023_008,2,RR,SO Hetmyer,36,18,1,3,200.0,out,0
IPL_2023_008,2,RR,Dhruv Jurel,32,15,3,2,213.33,not out,1
IPL_2023_008,2,RR,JO Holder,1,1,0,0,100.0,not out,1
IPL_2023_009,1,KKR,Rahmanullah Gurbaz,57,44,6,3,129.55,out,0
IPL_2023_009,1,KKR,VR Iyer,3,7,0,0,42.86,out,0
IPL_2023_009,1,KKR,Mandeep Singh,0,1,0,0,0.0,out,0
IPL_2023_009,1,KKR,N Rana,1,5,0,0,20.0,out,0
IPL_2023_009,1,KKR,RK Singh,46,33,2,3,139.39,out,0
IPL_2023_009,1,KKR,AD Russell,0,1,0,0,0.0,out,0
IPL_2023_009,1,KKR,SN Thakur,68,29,9,3,234.48,out,0
IPL_2023_009,1,KKR,SP Narine,0,1,0,0,0.0,not out,1
IPL_2023_009,1,KKR,UT Yadav,6,2,1,0,300.0,not out,1
IPL_2023_009,2,RCB,V Kohli,21,18,3,0,116.67,out,0
IPL_2023_009,2,RCB,F du Plessis,23,12,2,2,191.67,out,0
IPL_2023_009,2,RCB,MG Bracewell,19,18,1,1,105.56,out,0
IPL_2023_009,2,RCB,GJ Maxwell,5,7,1,0,71.43,out,0
IPL_2023_009,2,RCB,HV Patel,0,2,0,0,0.0,out,0
IPL_2023_009,2,RCB,Shahbaz Ahmed,1,5,0,0,20.0,out,0
IPL_2023_009,2,RCB,KD Karthik,9,8,1,0,112.5,out,0
IPL_2023_009,2,RCB,Anuj Rawat,1,5,0,0,20.0,out,0
IPL_2023_009,2,RCB,DJ Willey,20,20,2,0,100.0,not out,1
IPL_2023_009,2,RCB,KV Sharma,1,3,0,0,33.33,out,0
IPL_2023_009,2,RCB,Akash Deep,17,8,2,1,212.5,out,0
IPL_2023_010,1,SRH,Anmolpreet Singh,31,26,3,1,119.23,out,0
IPL_2023_010,1,SRH,MA Agarwal,8,7,1,0,114.29,out,0
IPL_2023_010,1,SRH,RA Tripathi,34,41,4,0,82.93,out,0
IPL_2023_010,1,SRH,AK Markram,0,1,0,0,0.0,out,0
IPL_2023_010,1,SRH,HC Brook,3,4,0,0,75.0,out,0
IPL_2023_010,1,SRH,Washington Sundar,16,28,0,0,57.14,out,0
IPL_2023_010,1,SRH,Abdul Samad,21,10,1,2,210.0,not out,1
IPL_2023_010,1,SRH,AU Rashid,4,3,1,0,133.33,out,0
IPL_2023_010,2,LSG,KR Mayers,13,14,2,0,92.86,out,0
IPL_2023_010,2,LSG,KL Rahul,35,31,4,0,112.9,out,0
IPL_2023_010,2,LSG,DJ Hooda,7,8,0,1,87.5,out,0
IPL_2023_010,2,LSG,KH Pandya,34,23,4,1,147.83,out,0
IPL_2023_010,2,LSG,MP Stoinis,10,13,2,0,76.92,not out,1
IPL_2023_010,2,LSG,R Shepherd,0,1,0,0,0.0,out,0
IPL_2023_010,2,LSG,N Pooran,11,6,1,1,183.33,not out,1
IPL_2023_011,1,RR,YBK Jaiswal,60,31,11,1,193.55,out,0
IPL_2023_011,1,RR,JC Buttler,79,51,11,1,154.9,out,0
IPL_2023_011,1,RR,SV Samson,0,4,0,0,0.0,out,0
IPL_2023_011,1,RR,R Parag,7,11,0,0,63.64,out,0
IPL_2023_011,1,RR,SO Hetmyer,39,21,1,4,185.71,not out,1
IPL_2023_011,1,RR,Dhruv Jurel,8,3,0,1,266.67,not out,1
IPL_2023_011,2,DC,PP Shaw,0,3,0,0,0.0,out,0
IPL_2023_011,2,DC,MK Pandey,0,1,0,0,0.0,out,0
IPL_2023_011,2,DC,RR Rossouw,14,12,2,0,116.67,out,0
IPL_2023_011,2,DC,DA Warner,65,55,7,0,118.18,out,0
IPL_2023_011,2,DC,Lalit Yadav,38,24,5,0,158.33,out,0
IPL_2023_011,2,DC,AR Patel,2,6,0,0,33.33,out,0
IPL_2023_011,2,DC,R Powell,2,2,0,0,100.0,out,0
IPL_2023_011,2,DC,Abishek Porel,7,9,1,0,77.78,out,0
IPL_2023_011,2,DC,Kuldeep Yadav,3,7,0,0,42.86,not out,1
IPL_2023_011,2,DC,A Nortje,0,1,0,0,0.0,out,0
IPL_2023_011,2,DC,Mukesh Kumar,1,1,0,0,100.0,not out,1
IPL_2023_012,1,MI,RG Sharma,21,13,3,1,161.54,out,0
IPL_2023_012,1,MI,Ishan Kishan,32,21,5,0,152.38,out,0
IPL_2023_012,1,MI,C Green,12,11,1,0,109.09,out,0
IPL_2023_012,1,MI,SA Yadav,1,2,0,0,50.0,out,0
IPL_2023_012,1,MI,Tilak Varma,22,18,2,1,122.22,out,0
IPL_2023_012,1,MI,Arshad Khan,2,4,0,0,50.0,out,0
IPL_2023_012,1,MI,TH David,31,22,1,2,140.91,out,0
IPL_2023_012,1,MI,T Stubbs,5,10,0,0,50.0,out,0
IPL_2023_012,1,MI,HR Shokeen,18,13,3,0,138.46,not out,1
IPL_2023_012,1,MI,PP Chawla,5,6,0,0,83.33,not out,1
IPL_2023_012,2,CSK,DP Conway,0,4,0,0,0.0,out,0
IPL_2023_012,2,CSK,AM Rahane,61,27,7,3,225.93,out,0
IPL_2023_012,2,CSK,RD Gaikwad,40,36,2,1,111.11,not out,1
IPL_2023_012,2,CSK,S Dube,28,26,2,1,107.69,out,0
IPL_2023_012,2,CSK,AT Rayudu,20,16,3,0,125.0,not out,1
IPL_2023_013,1,GT,WP Saha,17,17,3,0,100.0,out,0
IPL_2023_013,1,GT,Shubman Gill,39,31,5,0,125.81,out,0
IPL_2023_013,1,GT,B Sai Sudharsan,53,38,3,2,139.47,out,0
IPL_2023_013,1,GT,A Manohar,14,8,3,0,175.0,out,0
IPL_2023_013,1,GT,V Shankar,63,24,4,5,262.5,not out,1
IPL_2023_013,1,GT,DA Miller,2,3,0,0,66.67,not out,1
IPL_2023_013,2,KKR,Rahmanullah Gurbaz,15,12,1,1,125.0,out,0
IPL_2023_013,2,KKR,N Jagadeesan,6,8,1,0,75.0,out,0
IPL_2023_013,2,KKR,VR Iyer,83,40,8,5,207.5,out,0
IPL_2023_013,2,KKR,N Rana,45,29,4,3,155.17,out,0
IPL_2023_013,2,KKR,RK Singh,48,21,1,6,228.57,not out,1
IPL_2023_013,2,KKR,AD Russell,1,2,0,0,50.0,out,0
IPL_2023_013,2,KKR,SP Narine,0,1,0,0,0.0,out,0
IPL_2023_013,2,KKR,SN Thakur,0,1,0,0,0.0,out,0
IPL_2023_013,2,KKR,UT Yadav,5,6,0,0,83.33,not out,1
IPL_2023_014,1,PBKS,P Simran Singh,0,1,0,0,0.0,out,0
IPL_2023_014,1,PBKS,MW Short,1,3,0,0,33.33,out,0
IPL_2023_014,1,PBKS,S Dhawan,99,66,12,5,150.0,not out,1
IPL_2023_014,1,PBKS,JM Sharma,4,9,1,0,44.44,out,0
IPL_2023_014,1,PBKS,SM Curran,22,15,3,1,146.67,out,0
IPL_2023_014,1,PBKS,Sikandar Raza,5,6,0,0,83.33,out,0
IPL_2023_014,1,PBKS,M Shahrukh Khan,4,3,1,0,133.33,out,0
IPL_2023_014,1,PBKS,Harpreet Brar,1,2,0,0,50.0,out,0
IPL_2023_014,1,PBKS,RD Chahar,0,8,0,0,0.0,out,0
IPL_2023_014,1,PBKS,NT Ellis,0,5,0,0,0.0,out,0
IPL_2023_014,1,PBKS,Mohit Rathee,1,2,0,0,50.0,not out,1
IPL_2023_014,2,SRH,HC Brook,13,14,3,0,92.86,out,0
IPL_2023_014,2,SRH,MA Agarwal,21,20,3,0,105.0,out,0
IPL_2023_014,2,SRH,RA Tripathi,74,48,10,3,154.17,not out,1
IPL_2023_014,2,SRH,AK Markram,37,21,6,0,176.19,not out,1
IPL_2023_015,1,RCB,V Kohli,61,44,4,4,138.64,out,0
IPL_2023_015,1,RCB,F du Plessis,79,46,5,5,171.74,not out,1
IPL_2023_015,1,RCB,GJ Maxwell,59,29,3,6,203.45,out,0
IPL_2023_015,1,RCB,KD Karthik,1,1,0,0,100.0,not out,1
IPL_2023_015,2,LSG,KR Mayers,0,3,0,0,0.0,out,0
IPL_2023_015,2,LSG,DJ Hooda,9,10,1,0,90.0,out,0
IPL_2023_015,2,LSG,KL Rahul,18,20,1,0,90.0,out,0
IPL_2023_015,2,LSG,KH Pandya,0,2,0,0,0.0,out,0
IPL_2023_015,2,LSG,MP Stoinis,65,30,6,5,216.67,out,0
IPL_2023_015,2,LSG,N Pooran,62,19,4,7,326.32,out,0
IPL_2023_015,2,LSG,A Badoni,30,24,4,0,125.0,out,0
IPL_2023_015,2,LSG,JD Unadkat,9,7,1,0,128.57,out,0
IPL_2023_015,2,LSG,MA Wood,1,2,0,0,50.0,out,0
IPL_2023_015,2,LSG,Ravi Bishnoi,3,2,0,0,150.0,not out,1
IPL_2023_015,2,LSG,Avesh Khan,0,1,0,0,0.0,not out,1
IPL_2023_016,1,DC,DA Warner,51,47,6,0,108.51,out,0
IPL_2023_016,1,DC,PP Shaw,15,10,3,0,150.0,out,0
IPL_2023_016,1,DC,MK Pandey,26,18,5,0,144.44,out,0
IPL_2023_016,1,DC,YV Dhull,2,4,0,0,50.0,out,0
IPL_2023_016,1,DC,R Powell,4,4,1,0,100.0,out,0
IPL_2023_016,1,DC,Lalit Yadav,2,4,0,0,50.0,out,0
IPL_2023_016,1,DC,AR Patel,54,25,4,5,216.0,out,0
IPL_2023_016,1,DC,Abishek Porel,1,3,0,0,33.33,out,0
IPL_2023_016,1,DC,Kuldeep Yadav,0,1,0,0,0.0,out,0
IPL_2023_016,1,DC,A Nortje,5,3,1,0,166.67,out,0
IPL_2023_016,1,DC,Mustafizur Rahman,1,1,0,0,100.0,not out,1
IPL_2023_016,2,MI,RG Sharma,65,45,6,4,144.44,out,0
IPL_2023_016,2,MI,Ishan Kishan,31,26,6,0,119.23,out,0
IPL_2023_016,2,MI,Tilak Varma,41,29,1,4,141.38,out,0
IPL_2023_016,2,MI,SA Yadav,0,1,0,0,0.0,out,0
IPL_2023_016,2,MI,C Green,17,8,1,1,212.5,not out,1
IPL_2023_016,2,MI,TH David,13,11,0,1,118.18,not out,1
IPL_2023_017,1,RR,YBK Jaiswal,10,8,2,0,125.0,out,0
IPL_2023_017,1,RR,JC Buttler,52,36,1,3,144.44,out,0
IPL_2023_017,1,RR,D Padikkal,38,26,5,0,146.15,out,0
IPL_2023_017,1,RR,SV Samson,0,2,0,0,0.0,out,0
IPL_2023_017,1,RR,R Ashwin,30,22,1,2,136.36,out,0
IPL_2023_017,1,RR,SO Hetmyer,30,18,2,2,166.67,not out,1
IPL_2023_017,1,RR,Dhruv Jurel,4,6,0,0,66.67,out,0
IPL_2023_017,1,RR,JO Holder,0,1,0,0,0.0,out,0
IPL_2023_017,1,RR,A Zampa,1,1,0,0,100.0,out,0
IPL_2023_017,2,CSK,RD Gaikwad,8,10,1,0,80.0,out,0
IPL_2023_017,2,CSK,DP Conway,50,38,6,0,131.58,out,0
IPL_2023_017,2,CSK,AM Rahane,31,19,2,1,163.16,out,0
IPL_2023_017,2,CSK,S Dube,8,9,1,0,88.89,out,0
IPL_2023_017,2,CSK,MM Ali,7,10,0,0,70.0,out,0
IPL_2023_017,2,CSK,AT Rayudu,1,2,0,0,50.0,out,0
IPL_2023_017,2,CSK,RA Jadeja,25,15,1,2,166.67,not out,1
IPL_2023_017,2,CSK,MS Dhoni,32,17,1,3,188.24,not out,1
IPL_2023_018,1,PBKS,P Simran Singh,0,2,0,0,0.0,out,0
IPL_2023_018,1,PBKS,MW Short,36,24,6,1,150.0,out,0
IPL_2023_018,1,PBKS,S Dhawan,8,8,2,0,100.0,out,0
IPL_2023_018,1,PBKS,PBB Rajapaksa,20,26,1,0,76.92,out,0
IPL_2023_018,1,PBKS,JM Sharma,25,23,5,0,108.7,out,0
IPL_2023_018,1,PBKS,SM Curran,22,22,1,1,100.0,out,0
IPL_2023_018,1,PBKS,M Shahrukh Khan,22,9,1,2,244.44,out,0
IPL_2023_018,1,PBKS,Harpreet Brar,8,5,0,1,160.0,not out,1
IPL_2023_018,1,PBKS,R Dhawan,1,1,0,0,100.0,out,0
IPL_2023_018,2,GT,WP Saha,30,19,5,0,157.89,out,0
IPL_2023_018,2,GT,Shubman Gill,67,49,7,1,136.73,out,0
IPL_2023_018,2,GT,B Sai Sudharsan,19,20,2,0,95.0,out,0
IPL_2023_018,2,GT,HH Pandya,8,11,1,0,72.73,out,0
IPL_2023_018,2,GT,DA Miller,17,18,1,0,94.44,not out,1
IPL_2023_018,2,GT,R Tewatia,5,2,1,0,250.0,not out,1
IPL_2023_019,1,SRH,HC Brook,100,55,12,3,181.82,not out,1
IPL_2023_019,1,SRH,MA Agarwal,9,13,0,0,69.23,out,0
IPL_2023_019,1,SRH,RA Tripathi,9,4,2,0,225.0,out,0
IPL_2023_019,1,SRH,AK Markram,50,26,2,5,192.31,out,0
IPL_2023_019,1,SRH,Abhishek Sharma,32,17,3,2,188.24,out,0
IPL_2023_019,1,SRH,H Klaasen,16,6,2,1,266.67,not out,1
IPL_2023_019,2,KKR,Rahmanullah Gurbaz,0,3,0,0,0.0,out,0
IPL_2023_019,2,KKR,VR Iyer,10,11,2,0,90.91,out,0
IPL_2023_019,2,KKR,N Jagadeesan,36,21,5,1,171.43,out,0
IPL_2023_019,2,KKR,SP Narine,0,1,0,0,0.0,out,0
IPL_2023_019,2,KKR,N Rana,75,41,5,6,182.93,out,0
IPL_2023_019,2,KKR,AD Russell,3,6,0,0,50.0,out,0
IPL_2023_019,2,KKR,RK Singh,58,31,4,4,187.1,not out,1
IPL_2023_019,2,KKR,SN Thakur,12,7,2,0,171.43,out,0
IPL_2023_019,2,KKR,UT Yadav,1,1,0,0,100.0,not out,1
IPL_2023_020,1,RCB,V Kohli,50,34,6,1,147.06,out,0
IPL_2023_020,1,RCB,F du Plessis,22,16,3,1,137.5,out,0
IPL_2023_020,1,RCB,MK Lomror,26,18,0,2,144.44,out,0
IPL_2023_020,1,RCB,GJ Maxwell,24,14,0,3,171.43,out,0
IPL_2023_020,1,RCB,HV Patel,6,4,0,1,150.0,out,0
IPL_2023_020,1,RCB,KD Karthik,0,1,0,0,0.0,out,0
IPL_2023_020,1,RCB,Anuj Rawat,15,22,1,0,68.18,not out,1
IPL_2023_020,1,RCB,Shahbaz Ahmed,20,12,3,0,166.67,not out,1
IPL_2023_020,2,DC,DA Warner,19,13,4,0,146.15,out,0
IPL_2023_020,2,DC,PP Shaw,0,2,0,0,0.0,out,0
IPL_2023_020,2,DC,MR Marsh,0,4,0,0,0.0,out,0
IPL_2023_020,2,DC,YV Dhull,1,4,0,0,25.0,out,0
IPL_2023_020,2,DC,MK Pandey,50,38,5,1,131.58,out,0
IPL_2023_020,2,DC,Abishek Porel,5,8,0,0,62.5,out,0
IPL_2023_020,2,DC,AR Patel,21,14,3,0,150.0,out,0
IPL_2023_020,2,DC,Aman Hakim Khan,18,10,1,1,180.0,out,0
IPL_2023_020,2,DC,Lalit Yadav,4,7,0,0,57.14,out,0
IPL_2023_020,2,DC,A Nortje,23,14,4,0,164.29,not out,1
IPL_2023_020,2,DC,Kuldeep Yadav,7,6,1,0,116.67,not out,1
IPL_2023_021,1,LSG,KL Rahul,74,56,8,1,132.14,out,0
IPL_2023_021,1,LSG,KR Mayers,29,23,1,3,126.09,out,0
IPL_2023_021,1,LSG,DJ Hooda,2,3,0,0,66.67,out,0
IPL_2023_021,1,LSG,KH Pandya,18,17,2,0,105.88,out,0
IPL_2023_021,1,LSG,N Pooran,0,1,0,0,0.0,out,0
IPL_2023_021,1,LSG,MP Stoinis,15,11,0,2,136.36,out,0
IPL_2023_021,1,LSG,A Badoni,5,6,0,0,83.33,not out,1
IPL_2023_021,1,LSG,K Gowtham,1,2,0,0,50.0,out,0
IPL_2023_021,1,LSG,Yudhvir Singh,0,1,0,0,0.0,out,0
IPL_2023_021,1,LSG,Ravi Bishnoi,3,1,0,0,300.0,not out,1
IPL_2023_021,2,PBKS,Atharva Taide,0,3,0,0,0.0,out,0
IPL_2023_021,2,PBKS,MW Short,34,22,5,1,154.55,out,0
IPL_2023_021,2,PBKS,P Simran Singh,4,4,1,0,100.0,out,0
IPL_2023_021,2,PBKS,Harpreet Singh,22,22,3,0,100.0,out,0
IPL_2023_021,2,PBKS,Sikandar Raza,57,41,4,3,139.02,out,0
IPL_2023_021,2,PBKS,SM Curran,6,6,1,0,100.0,out,0
IPL_2023_021,2,PBKS,JM Sharma,2,4,0,0,50.0,out,0
IPL_2023_021,2,PBKS,M Shahrukh Khan,23,10,1,2,230.0,not out,1
IPL_2023_021,2,PBKS,Harpreet Brar,6,4,1,0,150.0,out,0
IPL_2023_021,2,PBKS,K Rabada,0,1,0,0,0.0,not out,1
IPL_2023_022,1,KKR,Rahmanullah Gurbaz,8,12,0,0,66.67,out,0
IPL_2023_022,1,KKR,N Jagadeesan,0,5,0,0,0.0,out,0
IPL_2023_022,1,KKR,VR Iyer,104,51,6,9,203.92,out,0
IPL_2023_022,1,KKR,N Rana,5,10,0,0,50.0,out,0
IPL_2023_022,1,KKR,SN Thakur,13,11,1,0,118.18,out,0
IPL_2023_022,1,KKR,RK Singh,18,18,2,0,100.0,out,0
IPL_2023_022,1,KKR,AD Russell,21,11,3,1,190.91,not out,1
IPL_2023_022,1,KKR,SP Narine,2,2,0,0,100.0,not out,1
IPL_2023_022,2,MI,RG Sharma,20,13,1,2,153.85,out,0
IPL_2023_022,2,MI,Ishan Kishan,58,25,5,5,232.0,out,0
IPL_2023_022,2,MI,SA Yadav,43,25,4,3,172.0,out,0
IPL_2023_022,2,MI,Tilak Varma,30,25,3,1,120.0,out,0
IPL_2023_022,2,MI,TH David,24,13,1,2,184.62,not out,1
IPL_2023_022,2,MI,N Wadhera,6,4,1,0,150.0,out,0
IPL_2023_022,2,MI,C Green,1,1,0,0,100.0,not out,1
IPL_2023_023,1,GT,WP Saha,4,3,1,0,133.33,out,0
IPL_2023_023,1,GT,B Sai Sudharsan,20,19,2,0,105.26,out,0
IPL_2023_023,1,GT,Shubman Gill,45,34,4,1,132.35,out,0
IPL_2023_023,1,GT,HH Pandya,28,19,3,1,147.37,out,0
IPL_2023_023,1,GT,DA Miller,46,30,3,2,153.33,out,0
IPL_2023_023,1,GT,A Manohar,27,13,0,3,207.69,out,0
IPL_2023_023,1,GT,Rashid Khan,1,1,0,0,100.0,out,0
IPL_2023_023,1,GT,R Tewatia,1,1,0,0,100.0,not out,1
IPL_2023_023,2,RR,YBK Jaiswal,1,7,0,0,14.29,out,0
IPL_2023_023,2,RR,JC Buttler,0,5,0,0,0.0,out,0
IPL_2023_023,2,RR,D Padikkal,26,25,2,2,104.0,out,0
IPL_2023_023,2,RR,SV Samson,60,32,3,6,187.5,out,0
IPL_2023_023,2,RR,R Parag,5,7,0,0,71.43,out,0
IPL_2023_023,2,RR,SO Hetmyer,56,26,2,5,215.38,not out,1
IPL_2023_023,2,RR,Dhruv Jurel,18,10,2,1,180.0,out,0
IPL_2023_023,2,RR,R Ashwin,10,3,1,1,333.33,out,0
IPL_2023_023,2,RR,TA Boult,0,1,0,0,0.0,not out,1
IPL_2023_024,1,CSK,RD Gaikwad,3,6,0,0,50.0,out,0
IPL_2023_024,1,CSK,DP Conway,83,45,6,6,184.44,out,0
IPL_2023_024,1,CSK,AM Rahane,37,20,3,2,185.0,out,0
IPL_2023_024,1,CSK,S Dube,52,27,2,5,192.59,out,0
IPL_2023_024,1,CSK,AT Rayudu,14,6,1,1,233.33,out,0
IPL_2023_024,1,CSK,MM Ali,19,9,0,2,211.11,not out,1
IPL_2023_024,1,CSK,RA Jadeja,10,8,0,1,125.0,out,0
IPL_2023_024,1,CSK,MS Dhoni,1,1,0,0,100.0,not out,1
IPL_2023_024,2,RCB,V Kohli,6,4,1,0,150.0,out,0
IPL_2023_024,2,RCB,MK Lomror,0,5,0,0,0.0,out,0
IPL_2023_024,2,RCB,F du Plessis,62,33,5,4,187.88,out,0
IPL_2023_024,2,RCB,GJ Maxwell,76,36,3,8,211.11,out,0
IPL_2023_024,2,RCB,Shahbaz Ahmed,12,10,0,1,120.0,out,0
IPL_2023_024,2,RCB,KD Karthik,28,14,3,1,200.0,out,0
IPL_2023_024,2,RCB,SS Prabhudessai,19,11,0,2,172.73,out,0
IPL_2023_024,2,RCB,WD Parnell,2,5,0,0,40.0,out,0
IPL_2023_024,2,RCB,PWH de Silva,2,2,0,0,100.0,not out,1
IPL_2023_025,1,MI,RG Sharma,28,18,6,0,155.56,out,0
IPL_2023_025,1,MI,Ishan Kishan,38,31,3,2,122.58,out,0
IPL_2023_025,1,MI,C Green,64,40,6,2,160.0,not out,1
IPL_2023_025,1,MI,SA Yadav,7,3,0,1,233.33,out,0
IPL_2023_025,1,MI,Tilak Varma,37,17,2,4,217.65,out,0
IPL_2023_025,1,MI,TH David,16,11,2,0,145.45,out,0
IPL_2023_025,2,SRH,HC Brook,9,7,2,0,128.57,out,0
IPL_2023_025,2,SRH,MA Agarwal,48,41,4,1,117.07,out,0
IPL_2023_025,2,SRH,RA Tripathi,7,5,1,0,140.0,out,0
IPL_2023_025,2,SRH,AK Markram,22,17,1,1,129.41,out,0
IPL_2023_025,2,SRH,Abhishek Sharma,1,2,0,0,50.0,out,0
IPL_2023_025,2,SRH,H Klaasen,36,16,4,2,225.0,out,0
IPL_2023_025,2,SRH,Abdul Samad,9,12,1,0,75.0,out,0
IPL_2023_025,2,SRH,M Jansen,13,6,3,0,216.67,out,0
IPL_2023_025,2,SRH,Washington Sundar,10,6,2,0,166.67,out,0
IPL_2023_025,2,SRH,B Kumar,2,5,0,0,40.0,out,0
IPL_2023_025,2,SRH,M Markande,2,2,0,0,100.0,not out,1
IPL_2023_026,1,LSG,KL Rahul,39,32,4,1,121.88,out,0
IPL_2023_026,1,LSG,KR Mayers,51,42,4,3,121.43,out,0
IPL_2023_026,1,LSG,A Badoni,1,4,0,0,25.0,out,0
IPL_2023_026,1,LSG,DJ Hooda,2,4,0,0,50.0,out,0
IPL_2023_026,1,LSG,MP Stoinis,21,16,2,0,131.25,out,0
IPL_2023_026,1,LSG,N Pooran,29,20,2,1,145.0,out,0
IPL_2023_026,1,LSG,KH Pandya,4,2,1,0,200.0,not out,1
IPL_2023_026,1,LSG,Yudhvir Singh,1,1,0,0,100.0,out,0
IPL_2023_026,2,RR,YBK Jaiswal,44,35,4,2,125.71,out,0
IPL_2023_026,2,RR,JC Buttler,40,41,4,1,97.56,out,0
IPL_2023_026,2,RR,SV Samson,2,4,0,0,50.0,out,0
IPL_2023_026,2,RR,D Padikkal,26,21,4,0,123.81,out,0
IPL_2023_026,2,RR,SO Hetmyer,2,5,0,0,40.0,out,0
IPL_2023_026,2,RR,R Parag,15,12,1,1,125.0,not out,1
IPL_2023_026,2,RR,Dhruv Jurel,0,1,0,0,0.0,out,0
IPL_2023_026,2,RR,R Ashwin,3,2,0,0,150.0,not out,1
IPL_2023_027,1,RCB,V Kohli,59,47,5,1,125.53,out,0
IPL_2023_027,1,RCB,F du Plessis,84,56,5,5,150.0,out,0
IPL_2023_027,1,RCB,GJ Maxwell,0,1,0,0,0.0,out,0
IPL_2023_027,1,RCB,KD Karthik,7,5,1,0,140.0,out,0
IPL_2023_027,1,RCB,MK Lomror,7,9,1,0,77.78,not out,1
IPL_2023_027,1,RCB,Shahbaz Ahmed,5,3,0,0,166.67,not out,1
IPL_2023_027,2,PBKS,Atharva Taide,4,2,1,0,200.0,out,0
IPL_2023_027,2,PBKS,MW Short,8,7,0,1,114.29,out,0
IPL_2023_027,2,PBKS,P Simran Singh,46,30,3,4,153.33,out,0
IPL_2023_027,2,PBKS,LS Livingstone,2,4,0,0,50.0,out,0
IPL_2023_027,2,PBKS,Harpreet Singh,13,9,1,1,144.44,out,0
IPL_2023_027,2,PBKS,SM Curran,10,12,1,0,83.33,out,0
IPL_2023_027,2,PBKS,JM Sharma,41,27,2,3,151.85,out,0
IPL_2023_027,2,PBKS,M Shahrukh Khan,7,5,0,1,140.0,out,0
IPL_2023_027,2,PBKS,Harpreet Brar,13,13,1,0,100.0,out,0
IPL_2023_027,2,PBKS,NT Ellis,1,2,0,0,50.0,out,0
IPL_2023_028,1,KKR,JJ Roy,43,39,5,1,110.26,out,0
IPL_2023_028,1,KKR,Liton Das,4,4,1,0,100.0,out,0
IPL_2023_028,1,KKR,VR Iyer,0,2,0,0,0.0,out,0
IPL_2023_028,1,KKR,N Rana,4,7,1,0,57.14,out,0
IPL_2023_028,1,KKR,Mandeep Singh,12,11,0,1,109.09,out,0
IPL_2023_028,1,KKR,RK Singh,6,8,1,0,75.0,out,0
IPL_2023_028,1,KKR,SP Narine,4,6,1,0,66.67,out,0
IPL_2023_028,1,KKR,AD Russell,38,31,1,4,122.58,not out,1
IPL_2023_028,1,KKR,AS Roy,0,1,0,0,0.0,out,0
IPL_2023_028,1,KKR,UT Yadav,3,5,0,0,60.0,out,0
IPL_2023_028,1,KKR,CV Varun,1,6,0,0,16.67,out,0
IPL_2023_028,2,DC,DA Warner,57,41,11,0,139.02,out,0
IPL_2023_028,2,DC,PP Shaw,13,11,2,0,118.18,out,0
IPL_2023_028,2,DC,MR Marsh,2,9,0,0,22.22,out,0
IPL_2023_028,2,DC,PD Salt,5,3,1,0,166.67,out,0
IPL_2023_028,2,DC,MK Pandey,21,23,2,0,91.3,out,0
IPL_2023_028,2,DC,AR Patel,19,22,1,0,86.36,not out,1
IPL_2023_028,2,DC,Aman Hakim Khan,0,2,0,0,0.0,out,0
IPL_2023_028,2,DC,Lalit Yadav,4,7,0,0,57.14,not out,1
IPL_2023_029,1,SRH,HC Brook,18,13,3,0,138.46,out,0
IPL_2023_029,1,SRH,Abhishek Sharma,34,26,3,1,130.77,out,0
IPL_2023_029,1,SRH,RA Tripathi,21,21,1,1,100.0,out,0
IPL_2023_029,1,SRH,AK Markram,12,12,1,0,100.0,out,0
IPL_2023_029,1,SRH,H Klaasen,17,16,1,0,106.25,out,0
IPL_2023_029,1,SRH,MA Agarwal,2,4,0,0,50.0,out,0
IPL_2023_029,1,SRH,M Jansen,17,22,1,0,77.27,not out,1
IPL_2023_029,1,SRH,Washington Sundar,9,6,1,0,150.0,out,0
IPL_2023_029,2,CSK,RD Gaikwad,35,30,2,0,116.67,out,0
IPL_2023_029,2,CSK,DP Conway,77,57,12,1,135.09,not out,1
IPL_2023_029,2,CSK,AM Rahane,9,10,0,0,90.0,out,0
IPL_2023_029,2,CSK,AT Rayudu,9,9,1,0,100.0,out,0
IPL_2023_029,2,CSK,MM Ali,6,6,1,0,100.0,not out,1
IPL_2023_030,1,GT,WP Saha,47,37,6,0,127.03,out,0
IPL_2023_030,1,GT,Shubman Gill,0,2,0,0,0.0,out,0
IPL_2023_030,1,GT,HH Pandya,66,50,2,4,132.0,out,0
IPL_2023_030,1,GT,A Manohar,3,5,0,0,60.0,out,0
IPL_2023_030,1,GT,V Shankar,10,12,1,0,83.33,out,0
IPL_2023_030,1,GT,DA Miller,6,12,0,0,50.0,out,0
IPL_2023_030,1,GT,R Tewatia,2,2,0,0,100.0,not out,1
IPL_2023_030,2,LSG,KL Rahul,68,61,8,0,111.48,out,0
IPL_2023_030,2,LSG,KR Mayers,24,19,2,1,126.32,out,0
IPL_2023_030,2,LSG,KH Pandya,23,23,2,1,100.0,out,0
IPL_2023_030,2,LSG,N Pooran,1,7,0,0,14.29,out,0
IPL_2023_030,2,LSG,A Badoni,8,6,0,0,133.33,out,0
IPL_2023_030,2,LSG,MP Stoinis,0,1,0,0,0.0,out,0
IPL_2023_030,2,LSG,DJ Hooda,2,2,0,0,100.0,out,0
IPL_2023_030,2,LSG,Ravi Bishnoi,0,1,0,0,0.0,not out,1
IPL_2023_031,1,PBKS,MW Short,11,10,2,0,110.0,out,0
IPL_2023_031,1,PBKS,P Simran Singh,26,17,1,2,152.94,out,0
IPL_2023_031,1,PBKS,Atharva Taide,29,17,3,1,170.59,out,0
IPL_2023_031,1,PBKS,LS Livingstone,10,12,0,1,83.33,out,0
IPL_2023_031,1,PBKS,Harpreet Singh,41,28,4,2,146.43,out,0
IPL_2023_031,1,PBKS,SM Curran,55,29,5,4,189.66,out,0
IPL_2023_031,1,PBKS,JM Sharma,25,7,0,4,357.14,out,0
IPL_2023_031,1,PBKS,Harpreet Brar,5,2,1,0,250.0,out,0
IPL_2023_031,2,MI,RG Sharma,44,27,4,3,162.96,out,0
IPL_2023_031,2,MI,Ishan Kishan,1,4,0,0,25.0,out,0
IPL_2023_031,2,MI,C Green,67,43,6,3,155.81,out,0
IPL_2023_031,2,MI,SA Yadav,57,26,7,3,219.23,out,0
IPL_2023_031,2,MI,TH David,25,13,0,2,192.31,not out,1
IPL_2023_031,2,MI,Tilak Varma,3,4,0,0,75.0,out,0
IPL_2023_031,2,MI,N Wadhera,0,1,0,0,0.0,out,0
IPL_2023_031,2,MI,JC Archer,1,2,0,0,50.0,not out,1
IPL_2023_032,1,RCB,V Kohli,0,1,0,0,0.0,out,0
IPL_2023_032,1,RCB,Shahbaz Ahmed,2,4,0,0,50.0,out,0
IPL_2023_032,1,RCB,F du Plessis,62,39,8,2,158.97,out,0
IPL_2023_032,1,RCB,GJ Maxwell,77,44,6,4,175.0,out,0
IPL_2023_032,1,RCB,MK Lomror,8,6,1,0,133.33,out,0
IPL_2023_032,1,RCB,KD Karthik,16,13,2,0,123.08,out,0
IPL_2023_032,1,RCB,SS Prabhudessai,0,2,0,0,0.0,out,0
IPL_2023_032,1,RCB,PWH de Silva,6,7,0,0,85.71,out,0
IPL_2023_032,1,RCB,Vijaykumar Vyshak,0,1,0,0,0.0,out,0
IPL_2023_032,1,RCB,Mohammed Siraj,1,1,0,0,100.0,not out,1
IPL_2023_032,1,RCB,DJ Willey,4,2,1,0,200.0,not out,1
IPL_2023_032,2,RR,YBK Jaiswal,47,37,5,2,127.03,out,0
IPL_2023_032,2,RR,JC Buttler,0,2,0,0,0.0,out,0
IPL_2023_032,2,RR,D Padikkal,52,34,7,1,152.94,out,0
IPL_2023_032,2,RR,SV Samson,22,15,2,1,146.67,out,0
IPL_2023_032,2,RR,SO Hetmyer,3,9,0,0,33.33,out,0
IPL_2023_032,2,RR,Dhruv Jurel,34,16,2,2,212.5,not out,1
IPL_2023_032,2,RR,R Ashwin,12,6,2,0,200.0,out,0
IPL_2023_032,2,RR,Abdul Basith,1,1,0,0,100.0,not out,1
IPL_2023_033,1,CSK,RD Gaikwad,35,20,2,3,175.0,out,0
IPL_2023_033,1,CSK,DP Conway,56,40,4,3,140.0,out,0
IPL_2023_033,1,CSK,AM Rahane,71,29,6,5,244.83,not out,1
IPL_2023_033,1,CSK,S Dube,50,21,2,5,238.1,out,0
IPL_2023_033,1,CSK,RA Jadeja,18,8,0,2,225.0,out,0
IPL_2023_033,1,CSK,MS Dhoni,2,3,0,0,66.67,not out,1
IPL_2023_033,2,KKR,N Jagadeesan,1,3,0,0,33.33,out,0
IPL_2023_033,2,KKR,SP Narine,0,3,0,0,0.0,out,0
IPL_2023_033,2,KKR,VR Iyer,20,20,2,1,100.0,out,0
IPL_2023_033,2,KKR,N Rana,27,20,4,1,135.0,out,0
IPL_2023_033,2,KKR,JJ Roy,61,26,5,5,234.62,out,0
IPL_2023_033,2,KKR,RK Singh,53,33,3,4,160.61,not out,1
IPL_2023_033,2,KKR,AD Russell,9,6,0,1,150.0,out,0
IPL_2023_033,2,KKR,D Wiese,1,2,0,0,50.0,out,0
IPL_2023_033,2,KKR,UT Yadav,4,4,0,0,100.0,out,0
IPL_2023_033,2,KKR,CV Varun,0,3,0,0,0.0,not out,1
IPL_2023_034,1,DC,DA Warner,21,20,2,1,105.0,out,0
IPL_2023_034,1,DC,PD Salt,0,1,0,0,0.0,out,0
IPL_2023_034,1,DC,MR Marsh,25,15,5,0,166.67,out,0
IPL_2023_034,1,DC,SN Khan,10,9,0,1,111.11,out,0
IPL_2023_034,1,DC,MK Pandey,34,27,2,0,125.93,out,0
IPL_2023_034,1,DC,Aman Hakim Khan,4,2,1,0,200.0,out,0
IPL_2023_034,1,DC,AR Patel,34,34,4,0,100.0,out,0
IPL_2023_034,1,DC,RV Patel,5,6,0,0,83.33,out,0
IPL_2023_034,1,DC,A Nortje,2,2,0,0,100.0,out,0
IPL_2023_034,1,DC,Kuldeep Yadav,4,3,1,0,133.33,not out,1
IPL_2023_034,1,DC,I Sharma,1,1,0,0,100.0,not out,1
IPL_2023_034,2,SRH,HC Brook,7,14,0,0,50.0,out,0
IPL_2023_034,2,SRH,MA Agarwal,49,39,7,0,125.64,out,0
IPL_2023_034,2,SRH,RA Tripathi,15,21,0,0,71.43,out,0
IPL_2023_034,2,SRH,Abhishek Sharma,5,5,0,0,100.0,out,0
IPL_2023_034,2,SRH,AK Markram,3,5,0,0,60.0,out,0
IPL_2023_034,2,SRH,H Klaasen,31,19,3,1,163.16,out,0
IPL_2023_034,2,SRH,Washington Sundar,24,15,3,0,160.0,not out,1
IPL_2023_034,2,SRH,M Jansen,2,3,0,0,66.67,not out,1
IPL_2023_035,1,GT,WP Saha,4,7,0,0,57.14,out,0
IPL_2023_035,1,GT,Shubman Gill,56,34,7,1,164.71,out,0
IPL_2023_035,1,GT,HH Pandya,13,14,1,0,92.86,out,0
IPL_2023_035,1,GT,V Shankar,19,16,1,1,118.75,out,0
IPL_2023_035,1,GT,DA Miller,46,22,2,4,209.09,out,0
IPL_2023_035,1,GT,A Manohar,42,21,3,3,200.0,out,0
IPL_2023_035,1,GT,R Tewatia,20,5,0,3,400.0,not out,1
IPL_2023_035,1,GT,Rashid Khan,2,1,0,0,200.0,not out,1
IPL_2023_035,2,MI,RG Sharma,2,8,0,0,25.0,out,0
IPL_2023_035,2,MI,Ishan Kishan,13,21,1,0,61.9,out,0
IPL_2023_035,2,MI,C Green,33,26,0,3,126.92,out,0
IPL_2023_035,2,MI,Tilak Varma,2,3,0,0,66.67,out,0
IPL_2023_035,2,MI,SA Yadav,23,12,3,1,191.67,out,0
IPL_2023_035,2,MI,TH David,0,2,0,0,0.0,out,0
IPL_2023_035,2,MI,N Wadhera,40,21,3,3,190.48,out,0
IPL_2023_035,2,MI,PP Chawla,18,12,1,1,150.0,out,0
IPL_2023_035,2,MI,Arjun Tendulkar,13,9,0,1,144.44,out,0
IPL_2023_035,2,MI,JP Behrendorff,3,4,0,0,75.0,not out,1
IPL_2023_035,2,MI,RP Meredith,0,2,0,0,0.0,not out,1
IPL_2023_036,1,KKR,JJ Roy,56,29,4,5,193.1,out,0
IPL_2023_036,1,KKR,N Jagadeesan,27,29,4,0,93.1,out,0
IPL_2023_036,1,KKR,VR Iyer,31,26,3,0,119.23,out,0
IPL_2023_036,1,KKR,N Rana,48,21,3,4,228.57,out,0
IPL_2023_036,1,KKR,AD Russell,1,2,0,0,50.0,out,0
IPL_2023_036,1,KKR,RK Singh,18,10,2,1,180.0,not out,1
IPL_2023_036,1,KKR,D Wiese,12,3,0,2,400.0,not out,1
IPL_2023_036,2,RCB,V Kohli,54,37,6,0,145.95,out,0
IPL_2023_036,2,RCB,F du Plessis,17,7,1,2,242.86,out,0
IPL_2023_036,2,RCB,Shahbaz Ahmed,2,5,0,0,40.0,out,0
IPL_2023_036,2,RCB,GJ Maxwell,5,4,1,0,125.0,out,0
IPL_2023_036,2,RCB,MK Lomror,34,18,1,3,188.89,out,0
IPL_2023_036,2,RCB,KD Karthik,22,18,1,1,122.22,out,0
IPL_2023_036,2,RCB,SS Prabhudessai,10,9,1,0,111.11,out,0
IPL_2023_036,2,RCB,PWH de Silva,5,4,0,0,125.0,out,0
IPL_2023_036,2,RCB,DJ Willey,11,10,1,0,110.0,not out,1
IPL_2023_036,2,RCB,Vijaykumar Vyshak,13,8,0,1,162.5,not out,1
IPL_2023_037,1,RR,YBK Jaiswal,77,43,8,4,179.07,out,0
IPL_2023_037,1,RR,JC Buttler,27,21,4,0,128.57,out,0
IPL_2023_037,1,RR,SV Samson,17,17,1,0,100.0,out,0
IPL_2023_037,1,RR,SO Hetmyer,8,10,0,0,80.0,out,0
IPL_2023_037,1,RR,Dhruv Jurel,34,15,3,2,226.67,out,0
IPL_2023_037,1,RR,D Padikkal,27,13,5,0,207.69,not out,1
IPL_2023_037,1,RR,R Ashwin,1,1,0,0,100.0,not out,1
IPL_2023_037,2,CSK,RD Gaikwad,47,29,5,1,162.07,out,0
IPL_2023_037,2,CSK,DP Conway,8,16,1,0,50.0,out,0
IPL_2023_037,2,CSK,AM Rahane,15,13,0,0,115.38,out,0
IPL_2023_037,2,CSK,S Dube,52,33,2,4,157.58,out,0
IPL_2023_037,2,CSK,AT Rayudu,0,2,0,0,0.0,out,0
IPL_2023_037,2,CSK,MM Ali,23,12,2,2,191.67,out,0
IPL_2023_037,2,CSK,RA Jadeja,23,15,3,0,153.33,not out,1
IPL_2023_038,1,LSG,KL Rahul,12,9,1,1,133.33,out,0
IPL_2023_038,1,LSG,KR Mayers,54,24,7,4,225.0,out,0
IPL_2023_038,1,LSG,A Badoni,43,24,3,3,179.17,out,0
IPL_2023_038,1,LSG,MP Stoinis,72,40,6,5,180.0,out,0
IPL_2023_038,1,LSG,N Pooran,45,19,7,1,236.84,out,0
IPL_2023_038,1,LSG,DJ Hooda,11,6,2,0,183.33,not out,1
IPL_2023_038,1,LSG,KH Pandya,5,2,1,0,250.0,not out,1
IPL_2023_038,2,PBKS,P Simran Singh,9,13,2,0,69.23,out,0
IPL_2023_038,2,PBKS,S Dhawan,1,2,0,0,50.0,out,0
IPL_2023_038,2,PBKS,Atharva Taide,66,36,8,2,183.33,out,0
IPL_2023_038,2,PBKS,Sikandar Raza,36,22,4,1,163.64,out,0
IPL_2023_038,2,PBKS,LS Livingstone,23,14,2,1,164.29,out,0
IPL_2023_038,2,PBKS,SM Curran,21,11,2,1,190.91,out,0
IPL_2023_038,2,PBKS,JM Sharma,24,10,0,3,240.0,out,0
IPL_2023_038,2,PBKS,M Shahrukh Khan,6,9,0,0,66.67,out,0
IPL_2023_038,2,PBKS,RD Chahar,0,1,0,0,0.0,out,0
IPL_2023_038,2,PBKS,K Rabada,0,1,0,0,0.0,out,0
IPL_2023_038,2,PBKS,Arshdeep Singh,2,2,0,0,100.0,not out,1
IPL_2023_039,1,KKR,N Jagadeesan,19,15,4,0,126.67,out,0
IPL_2023_039,1,KKR,Rahmanullah Gurbaz,81,39,5,7,207.69,out,0
IPL_2023_039,1,KKR,SN Thakur,0,4,0,0,0.0,out,0
IPL_2023_039,1,KKR,VR Iyer,11,14,0,0,78.57,out,0
IPL_2023_039,1,KKR,N Rana,4,3,1,0,133.33,out,0
IPL_2023_039,1,KKR,RK Singh,19,20,0,1,95.0,out,0
IPL_2023_039,1,KKR,AD Russell,34,19,2,3,178.95,out,0
IPL_2023_039,1,KKR,D Wiese,8,6,0,1,133.33,not out,1
IPL_2023_039,2,GT,WP Saha,10,10,1,0,100.0,out,0
IPL_2023_039,2,GT,Shubman Gill,49,35,8,0,140.0,out,0
IPL_2023_039,2,GT,HH Pandya,26,20,2,1,130.0,out,0
IPL_2023_039,2,GT,V Shankar,51,24,2,5,212.5,not out,1
IPL_2023_039,2,GT,DA Miller,32,18,2,2,177.78,not out,1
IPL_2023_040,1,SRH,Abhishek Sharma,67,36,12,1,186.11,out,0
IPL_2023_040,1,SRH,MA Agarwal,5,6,1,0,83.33,out,0
IPL_2023_040,1,SRH,RA Tripathi,10,6,0,1,166.67,out,0
IPL_2023_040,1,SRH,AK Markram,8,13,0,0,61.54,out,0
IPL_2023_040,1,SRH,HC Brook,0,2,0,0,0.0,out,0
IPL_2023_040,1,SRH,H Klaasen,53,27,2,4,196.3,not out,1
IPL_2023_040,1,SRH,Abdul Samad,28,21,1,2,133.33,out,0
IPL_2023_040,1,SRH,AJ Hosein,16,10,1,1,160.0,not out,1
IPL_2023_040,2,DC,DA Warner,0,2,0,0,0.0,out,0
IPL_2023_040,2,DC,MR Marsh,63,39,1,6,161.54,out,0
IPL_2023_040,2,DC,PD Salt,59,35,9,0,168.57,out,0
IPL_2023_040,2,DC,MK Pandey,1,3,0,0,33.33,out,0
IPL_2023_040,2,DC,PK Garg,12,9,1,0,133.33,out,0
IPL_2023_040,2,DC,SN Khan,9,10,1,0,90.0,out,0
IPL_2023_040,2,DC,AR Patel,29,14,1,2,207.14,not out,1
IPL_2023_040,2,DC,RV Patel,11,8,1,0,137.5,not out,1
IPL_2023_041,1,CSK,RD Gaikwad,37,31,4,1,119.35,out,0
IPL_2023_041,1,CSK,DP Conway,92,52,16,1,176.92,not out,1
IPL_2023_041,1,CSK,S Dube,28,17,1,2,164.71,out,0
IPL_2023_041,1,CSK,MM Ali,10,6,2,0,166.67,out,0
IPL_2023_041,1,CSK,RA Jadeja,12,10,0,0,120.0,out,0
IPL_2023_041,1,CSK,MS Dhoni,13,4,0,2,325.0,not out,1
IPL_2023_041,2,PBKS,P Simran Singh,42,24,4,2,175.0,out,0
IPL_2023_041,2,PBKS,S Dhawan,28,15,4,1,186.67,out,0
IPL_2023_041,2,PBKS,Atharva Taide,13,17,0,0,76.47,out,0
IPL_2023_041,2,PBKS,LS Livingstone,40,24,1,4,166.67,out,0
IPL_2023_041,2,PBKS,SM Curran,29,20,1,1,145.0,out,0
IPL_2023_041,2,PBKS,JM Sharma,21,10,2,1,210.0,out,0
IPL_2023_041,2,PBKS,M Shahrukh Khan,2,3,0,0,66.67,not out,1
IPL_2023_041,2,PBKS,Sikandar Raza,13,7,1,0,185.71,not out,1
IPL_2023_042,1,RR,YBK Jaiswal,124,62,16,8,200.0,out,0
IPL_2023_042,1,RR,JC Buttler,18,19,2,1,94.74,out,0
IPL_2023_042,1,RR,SV Samson,14,10,1,1,140.0,out,0
IPL_2023_042,1,RR,D Padikkal,2,4,0,0,50.0,out,0
IPL_2023_042,1,RR,JO Holder,11,9,0,1,122.22,out,0
IPL_2023_042,1,RR,SO Hetmyer,8,9,0,1,88.89,out,0
IPL_2023_042,1,RR,Dhruv Jurel,2,3,0,0,66.67,out,0
IPL_2023_042,1,RR,R Ashwin,8,5,1,0,160.0,not out,1
IPL_2023_042,1,RR,TA Boult,0,0,0,0,0.0,not out,1
IPL_2023_042,2,MI,RG Sharma,3,5,0,0,60.0,out,0
IPL_2023_042,2,MI,Ishan Kishan,28,23,4,0,121.74,out,0
IPL_2023_042,2,MI,C Green,44,26,4,2,169.23,out,0
IPL_2023_042,2,MI,SA Yadav,55,29,8,2,189.66,out,0
IPL_2023_042,2,MI,Tilak Varma,29,21,3,1,138.1,not out,1
IPL_2023_042,2,MI,TH David,45,14,2,5,321.43,not out,1
IPL_2023_043,1,RCB,V Kohli,31,30,3,0,103.33,out,0
IPL_2023_043,1,RCB,F du Plessis,44,40,1,1,110.0,out,0
IPL_2023_043,1,RCB,Anuj Rawat,9,11,0,0,81.82,out,0
IPL_2023_043,1,RCB,GJ Maxwell,4,5,0,0,80.0,out,0
IPL_2023_043,1,RCB,SS Prabhudessai,6,7,0,0,85.71,out,0
IPL_2023_043,1,RCB,KD Karthik,16,11,1,1,145.45,out,0
IPL_2023_043,1,RCB,MK Lomror,3,4,0,0,75.0,out,0
IPL_2023_043,1,RCB,PWH de Silva,8,7,1,0,114.29,not out,1
IPL_2023_043,1,RCB,KV Sharma,2,2,0,0,100.0,out,0
IPL_2023_043,1,RCB,Mohammed Siraj,0,1,0,0,0.0,out,0
IPL_2023_043,1,RCB,JR Hazlewood,1,2,0,0,50.0,not out,1
IPL_2023_043,2,LSG,KR Mayers,0,2,0,0,0.0,out,0
IPL_2023_043,2,LSG,KH Pandya,14,11,3,0,127.27,out,0
IPL_2023_043,2,LSG,A Badoni,4,11,0,0,36.36,out,0
IPL_2023_043,2,LSG,DJ Hooda,1,2,0,0,50.0,out,0
IPL_2023_043,2,LSG,MP Stoinis,13,19,0,1,68.42,out,0
IPL_2023_043,2,LSG,N Pooran,9,7,0,1,128.57,out,0
IPL_2023_043,2,LSG,K Gowtham,23,13,1,2,176.92,out,0
IPL_2023_043,2,LSG,Ravi Bishnoi,5,10,0,0,50.0,out,0
IPL_2023_043,2,LSG,A Mishra,19,30,2,0,63.33,out,0
IPL_2023_043,2,LSG,Naveen-ul-Haq,13,13,2,0,100.0,out,0
IPL_2023_043,2,LSG,KL Rahul,0,3,0,0,0.0,not out,1
IPL_2023_044,1,DC,PD Salt,0,1,0,0,0.0,out,0
IPL_2023_044,1,DC,PK Garg,10,14,0,0,71.43,out,0
IPL_2023_044,1,DC,DA Warner,2,2,0,0,100.0,out,0
IPL_2023_044,1,DC,RR Rossouw,8,6,2,0,133.33,out,0
IPL_2023_044,1,DC,MK Pandey,1,4,0,0,25.0,out,0
IPL_2023_044,1,DC,AR Patel,27,30,2,1,90.0,out,0
IPL_2023_044,1,DC,Aman Hakim Khan,51,44,3,3,115.91,out,0
IPL_2023_044,1,DC,RV Patel,23,13,2,1,176.92,out,0
IPL_2023_044,1,DC,A Nortje,3,6,0,0,50.0,not out,1
IPL_2023_044,1,DC,Kuldeep Yadav,0,1,0,0,0.0,not out,1
IPL_2023_044,2,GT,WP Saha,0,6,0,0,0.0,out,0
IPL_2023_044,2,GT,Shubman Gill,6,7,1,0,85.71,out,0
IPL_2023_044,2,GT,HH Pandya,59,53,7,0,111.32,not out,1
IPL_2023_044,2,GT,V Shankar,6,9,1,0,66.67,out,0
IPL_2023_044,2,GT,DA Miller,0,3,0,0,0.0,out,0
IPL_2023_044,2,GT,A Manohar,26,33,0,1,78.79,out,0
IPL_2023_044,2,GT,R Tewatia,20,7,0,3,285.71,out,0
IPL_2023_044,2,GT,Rashid Khan,3,2,0,0,150.0,not out,1
IPL_2023_045,1,LSG,M Vohra,10,11,1,0,90.91,out,0
IPL_2023_045,1,LSG,KR Mayers,14,17,2,0,82.35,out,0
IPL_2023_045,1,LSG,KS Sharma,9,16,0,0,56.25,out,0
IPL_2023_045,1,LSG,KH Pandya,0,1,0,0,0.0,out,0
IPL_2023_045,1,LSG,MP Stoinis,6,4,1,0,150.0,out,0
IPL_2023_045,1,LSG,N Pooran,20,31,0,0,64.52,out,0
IPL_2023_045,1,LSG,A Badoni,59,33,2,4,178.79,not out,1
IPL_2023_045,1,LSG,K Gowtham,1,3,0,0,33.33,out,0
IPL_2023_046,1,PBKS,P Simran Singh,9,7,1,0,128.57,out,0
IPL_2023_046,1,PBKS,S Dhawan,30,20,5,0,150.0,out,0
IPL_2023_046,1,PBKS,MW Short,27,26,2,1,103.85,out,0
IPL_2023_046,1,PBKS,LS Livingstone,82,42,7,4,195.24,not out,1
IPL_2023_046,1,PBKS,JM Sharma,49,27,5,2,181.48,not out,1
IPL_2023_046,2,MI,RG Sharma,0,3,0,0,0.0,out,0
IPL_2023_046,2,MI,C Green,23,18,4,0,127.78,out,0
IPL_2023_046,2,MI,Ishan Kishan,75,41,7,4,182.93,out,0
IPL_2023_046,2,MI,SA Yadav,66,31,8,2,212.9,out,0
IPL_2023_046,2,MI,TH David,19,10,3,0,190.0,not out,1
IPL_2023_046,2,MI,Tilak Varma,26,10,1,3,260.0,not out,1
IPL_2023_047,1,KKR,JJ Roy,20,19,4,0,105.26,out,0
IPL_2023_047,1,KKR,Rahmanullah Gurbaz,0,1,0,0,0.0,out,0
IPL_2023_047,1,KKR,VR Iyer,7,4,1,0,175.0,out,0
IPL_2023_047,1,KKR,N Rana,42,31,3,3,135.48,out,0
IPL_2023_047,1,KKR,RK Singh,46,35,4,1,131.43,out,0
IPL_2023_047,1,KKR,AD Russell,24,15,1,2,160.0,out,0
IPL_2023_047,1,KKR,SP Narine,1,2,0,0,50.0,out,0
IPL_2023_047,1,KKR,SN Thakur,8,6,1,0,133.33,out,0
IPL_2023_047,1,KKR,AS Roy,13,7,2,0,185.71,not out,1
IPL_2023_047,1,KKR,Harshit Rana,0,1,0,0,0.0,out,0
IPL_2023_047,1,KKR,VG Arora,2,1,0,0,200.0,not out,1
IPL_2023_047,2,SRH,Abhishek Sharma,9,10,1,0,90.0,out,0
IPL_2023_047,2,SRH,MA Agarwal,18,11,2,1,163.64,out,0
IPL_2023_047,2,SRH,RA Tripathi,20,9,3,1,222.22,out,0
IPL_2023_047,2,SRH,AK Markram,41,40,4,0,102.5,out,0
IPL_2023_047,2,SRH,HC Brook,0,4,0,0,0.0,out,0
IPL_2023_047,2,SRH,H Klaasen,36,20,1,3,180.0,out,0
IPL_2023_047,2,SRH,Abdul Samad,21,18,3,0,116.67,out,0
IPL_2023_047,2,SRH,M Jansen,1,4,0,0,25.0,out,0
IPL_2023_047,2,SRH,B Kumar,5,5,1,0,100.0,not out,1
IPL_2023_047,2,SRH,M Markande,1,2,0,0,50.0,not out,1
IPL_2023_048,1,RR,YBK Jaiswal,14,11,1,1,127.27,out,0
IPL_2023_048,1,RR,JC Buttler,8,6,2,0,133.33,out,0
IPL_2023_048,1,RR,SV Samson,30,20,3,1,150.0,out,0
IPL_2023_048,1,RR,D Padikkal,12,12,1,0,100.0,out,0
IPL_2023_048,1,RR,R Ashwin,2,6,0,0,33.33,out,0
IPL_2023_048,1,RR,R Parag,4,6,0,0,66.67,out,0
IPL_2023_048,1,RR,SO Hetmyer,7,13,0,0,53.85,out,0
IPL_2023_048,1,RR,Dhruv Jurel,9,8,1,0,112.5,out,0
IPL_2023_048,1,RR,TA Boult,15,11,1,1,136.36,out,0
IPL_2023_048,1,RR,A Zampa,7,9,0,0,77.78,out,0
IPL_2023_048,1,RR,Sandeep Sharma,2,5,0,0,40.0,not out,1
IPL_2023_048,2,GT,WP Saha,41,34,5,0,120.59,not out,1
IPL_2023_048,2,GT,Shubman Gill,36,35,6,0,102.86,out,0
IPL_2023_048,2,GT,HH Pandya,39,15,3,3,260.0,not out,1
IPL_2023_049,1,MI,C Green,6,4,1,0,150.0,out,0
IPL_2023_049,1,MI,Ishan Kishan,7,9,1,0,77.78,out,0
IPL_2023_049,1,MI,RG Sharma,0,3,0,0,0.0,out,0
IPL_2023_049,1,MI,N Wadhera,64,51,8,1,125.49,out,0
IPL_2023_049,1,MI,SA Yadav,26,22,3,0,118.18,out,0
IPL_2023_049,1,MI,T Stubbs,20,21,2,0,95.24,out,0
IPL_2023_049,1,MI,TH David,2,4,0,0,50.0,out,0
IPL_2023_049,1,MI,Arshad Khan,1,2,0,0,50.0,out,0
IPL_2023_049,1,MI,JC Archer,3,2,0,0,150.0,not out,1
IPL_2023_049,1,MI,PP Chawla,2,2,0,0,100.0,not out,1
IPL_2023_049,2,CSK,RD Gaikwad,30,16,4,2,187.5,out,0
IPL_2023_049,2,CSK,DP Conway,44,42,4,0,104.76,out,0
IPL_2023_049,2,CSK,AM Rahane,21,17,1,1,123.53,out,0
IPL_2023_049,2,CSK,AT Rayudu,12,11,0,1,109.09,out,0
IPL_2023_049,2,CSK,S Dube,26,18,0,3,144.44,not out,1
IPL_2023_049,2,CSK,MS Dhoni,2,3,0,0,66.67,not out,1
IPL_2023_050,1,RCB,V Kohli,55,46,5,0,119.57,out,0
IPL_2023_050,1,RCB,F du Plessis,45,32,5,1,140.62,out,0
IPL_2023_050,1,RCB,GJ Maxwell,0,1,0,0,0.0,out,0
IPL_2023_050,1,RCB,MK Lomror,54,29,6,3,186.21,not out,1
IPL_2023_050,1,RCB,KD Karthik,11,9,0,1,122.22,out,0
IPL_2023_050,1,RCB,Anuj Rawat,8,3,0,1,266.67,not out,1
IPL_2023_050,2,DC,DA Warner,22,14,3,1,157.14,out,0
IPL_2023_050,2,DC,PD Salt,87,45,8,6,193.33,out,0
IPL_2023_050,2,DC,MR Marsh,26,17,3,1,152.94,out,0
IPL_2023_050,2,DC,RR Rossouw,35,22,1,3,159.09,not out,1
IPL_2023_050,2,DC,AR Patel,8,3,0,1,266.67,not out,1
IPL_2023_051,1,GT,WP Saha,81,43,10,4,188.37,out,0
IPL_2023_051,1,GT,Shubman Gill,94,51,2,7,184.31,not out,1
IPL_2023_051,1,GT,HH Pandya,25,15,1,2,166.67,out,0
IPL_2023_051,1,GT,DA Miller,21,12,2,1,175.0,not out,1
IPL_2023_051,2,LSG,KR Mayers,48,32,7,2,150.0,out,0
IPL_2023_051,2,LSG,Q de Kock,70,41,7,3,170.73,out,0
IPL_2023_051,2,LSG,DJ Hooda,11,11,0,0,100.0,out,0
IPL_2023_051,2,LSG,MP Stoinis,4,9,0,0,44.44,out,0
IPL_2023_051,2,LSG,N Pooran,3,6,0,0,50.0,out,0
IPL_2023_051,2,LSG,A Badoni,21,11,1,2,190.91,out,0
IPL_2023_051,2,LSG,Swapnil Singh,2,4,0,0,50.0,not out,1
IPL_2023_051,2,LSG,KH Pandya,0,1,0,0,0.0,out,0
IPL_2023_051,2,LSG,Ravi Bishnoi,4,5,1,0,80.0,not out,1
IPL_2023_052,1,RR,YBK Jaiswal,35,18,5,2,194.44,out,0
IPL_2023_052,1,RR,JC Buttler,95,59,10,4,161.02,out,0
IPL_2023_052,1,RR,SV Samson,66,38,4,5,173.68,not out,1
IPL_2023_052,1,RR,SO Hetmyer,7,5,0,0,140.0,not out,1
IPL_2023_052,2,SRH,Anmolpreet Singh,33,25,4,1,132.0,out,0
IPL_2023_052,2,SRH,Abhishek Sharma,55,34,5,2,161.76,out,0
IPL_2023_052,2,SRH,RA Tripathi,47,29,2,3,162.07,out,0
IPL_2023_052,2,SRH,H Klaasen,26,12,2,2,216.67,out,0
IPL_2023_052,2,SRH,AK Markram,6,5,1,0,120.0,out,0
IPL_2023_052,2,SRH,GD Phillips,25,7,1,3,357.14,out,0
IPL_2023_052,2,SRH,Abdul Samad,17,7,0,2,242.86,not out,1
IPL_2023_052,2,SRH,M Jansen,3,2,0,0,150.0,not out,1
IPL_2023_053,1,PBKS,P Simran Singh,12,8,3,0,150.0,out,0
IPL_2023_053,1,PBKS,S Dhawan,57,47,9,1,121.28,out,0
IPL_2023_053,1,PBKS,PBB Rajapaksa,0,3,0,0,0.0,out,0
IPL_2023_053,1,PBKS,LS Livingstone,15,9,3,0,166.67,out,0
IPL_2023_053,1,PBKS,JM Sharma,21,18,0,2,116.67,out,0
IPL_2023_053,1,PBKS,SM Curran,4,9,0,0,44.44,out,0
IPL_2023_053,1,PBKS,R Dhawan,19,11,1,1,172.73,out,0
IPL_2023_053,1,PBKS,M Shahrukh Khan,21,8,3,1,262.5,not out,1
IPL_2023_053,1,PBKS,Harpreet Brar,17,9,2,1,188.89,not out,1
IPL_2023_053,2,KKR,JJ Roy,38,24,8,0,158.33,out,0
IPL_2023_053,2,KKR,Rahmanullah Gurbaz,15,12,1,1,125.0,out,0
IPL_2023_053,2,KKR,N Rana,51,38,6,1,134.21,out,0
IPL_2023_053,2,KKR,VR Iyer,11,13,0,0,84.62,out,0
IPL_2023_053,2,KKR,AD Russell,42,23,3,3,182.61,out,0
IPL_2023_053,2,KKR,RK Singh,21,10,2,1,210.0,not out,1
IPL_2023_054,1,RCB,V Kohli,1,4,0,0,25.0,out,0
IPL_2023_054,1,RCB,F du Plessis,65,41,5,3,158.54,out,0
IPL_2023_054,1,RCB,Anuj Rawat,6,4,1,0,150.0,out,0
IPL_2023_054,1,RCB,GJ Maxwell,68,33,8,4,206.06,out,0
IPL_2023_054,1,RCB,MK Lomror,1,3,0,0,33.33,out,0
IPL_2023_054,1,RCB,KD Karthik,30,18,4,1,166.67,out,0
IPL_2023_054,1,RCB,KM Jadhav,12,10,1,0,120.0,not out,1
IPL_2023_054,1,RCB,PWH de Silva,12,8,2,0,150.0,not out,1
IPL_2023_054,2,MI,Ishan Kishan,42,21,4,4,200.0,out,0
IPL_2023_054,2,MI,RG Sharma,7,8,1,0,87.5,out,0
IPL_2023_054,2,MI,SA Yadav,83,35,7,6,237.14,out,0
IPL_2023_054,2,MI,N Wadhera,52,34,4,3,152.94,not out,1
IPL_2023_054,2,MI,TH David,0,1,0,0,0.0,out,0
IPL_2023_054,2,MI,C Green,2,2,0,0,100.0,not out,1
IPL_2023_055,1,CSK,RD Gaikwad,24,18,4,0,133.33,out,0
IPL_2023_055,1,CSK,DP Conway,10,13,1,0,76.92,out,0
IPL_2023_055,1,CSK,AM Rahane,21,20,2,0,105.0,out,0
IPL_2023_055,1,CSK,MM Ali,7,12,0,0,58.33,out,0
IPL_2023_055,1,CSK,S Dube,25,12,0,3,208.33,out,0
IPL_2023_055,1,CSK,AT Rayudu,23,17,1,1,135.29,out,0
IPL_2023_055,1,CSK,RA Jadeja,21,16,1,1,131.25,out,0
IPL_2023_055,1,CSK,MS Dhoni,20,9,1,2,222.22,out,0
IPL_2023_055,1,CSK,DL Chahar,1,2,0,0,50.0,not out,1
IPL_2023_055,1,CSK,TU Deshpande,0,1,0,0,0.0,not out,1
IPL_2023_055,2,DC,DA Warner,0,2,0,0,0.0,out,0
IPL_2023_055,2,DC,MR Marsh,5,4,1,0,125.0,out,0
IPL_2023_055,2,DC,PD Salt,17,11,1,2,154.55,out,0
IPL_2023_055,2,DC,MK Pandey,27,29,1,2,93.1,out,0
IPL_2023_055,2,DC,RR Rossouw,35,37,2,1,94.59,out,0
IPL_2023_055,2,DC,RV Patel,10,16,0,0,62.5,out,0
IPL_2023_055,2,DC,AR Patel,21,12,2,1,175.0,out,0
IPL_2023_055,2,DC,Aman Hakim Khan,2,3,0,0,66.67,not out,1
IPL_2023_055,2,DC,Lalit Yadav,12,5,3,0,240.0,out,0
IPL_2023_055,2,DC,Kuldeep Yadav,0,1,0,0,0.0,not out,1
IPL_2023_056,1,KKR,JJ Roy,10,8,2,0,125.0,out,0
IPL_2023_056,1,KKR,Rahmanullah Gurbaz,18,12,1,2,150.0,out,0
IPL_2023_056,1,KKR,VR Iyer,57,42,2,4,135.71,out,0
IPL_2023_056,1,KKR,N Rana,22,17,2,0,129.41,out,0
IPL_2023_056,1,KKR,AD Russell,10,10,0,1,100.0,out,0
IPL_2023_056,1,KKR,RK Singh,16,18,0,1,88.89,out,0
IPL_2023_056,1,KKR,SN Thakur,1,2,0,0,50.0,out,0
IPL_2023_056,1,KKR,AS Roy,6,6,0,0,100.0,not out,1
IPL_2023_056,1,KKR,SP Narine,6,5,1,0,120.0,out,0
IPL_2023_056,2,RR,YBK Jaiswal,98,47,13,5,208.51,not out,1
IPL_2023_056,2,RR,JC Buttler,0,3,0,0,0.0,out,0
IPL_2023_056,2,RR,SV Samson,48,29,2,5,165.52,not out,1
IPL_2023_057,1,MI,Ishan Kishan,31,20,4,1,155.0,out,0
IPL_2023_057,1,MI,RG Sharma,29,18,3,2,161.11,out,0
IPL_2023_057,1,MI,SA Yadav,103,49,11,6,210.2,not out,1
IPL_2023_057,1,MI,N Wadhera,15,7,1,1,214.29,out,0
IPL_2023_057,1,MI,Vishnu Vinod,30,20,2,2,150.0,out,0
IPL_2023_057,1,MI,TH David,5,3,1,0,166.67,out,0
IPL_2023_057,1,MI,C Green,3,3,0,0,100.0,not out,1
IPL_2023_057,2,GT,WP Saha,2,5,0,0,40.0,out,0
IPL_2023_057,2,GT,Shubman Gill,6,9,0,0,66.67,out,0
IPL_2023_057,2,GT,HH Pandya,4,3,1,0,133.33,out,0
IPL_2023_057,2,GT,V Shankar,29,14,6,0,207.14,out,0
IPL_2023_057,2,GT,DA Miller,41,26,4,2,157.69,out,0
IPL_2023_057,2,GT,A Manohar,2,3,0,0,66.67,out,0
IPL_2023_057,2,GT,R Tewatia,14,13,1,0,107.69,out,0
IPL_2023_057,2,GT,Noor Ahmad,1,3,0,0,33.33,out,0
IPL_2023_057,2,GT,Rashid Khan,79,32,3,10,246.88,not out,1
IPL_2023_057,2,GT,AS Joseph,7,12,1,0,58.33,not out,1
IPL_2023_058,1,SRH,Anmolpreet Singh,36,27,7,0,133.33,out,0
IPL_2023_058,1,SRH,Abhishek Sharma,7,5,1,0,140.0,out,0
IPL_2023_058,1,SRH,RA Tripathi,20,13,4,0,153.85,out,0
IPL_2023_058,1,SRH,AK Markram,28,20,2,1,140.0,out,0
IPL_2023_058,1,SRH,H Klaasen,47,29,3,3,162.07,out,0
IPL_2023_058,1,SRH,GD Phillips,0,1,0,0,0.0,out,0
IPL_2023_058,1,SRH,Abdul Samad,37,25,1,4,148.0,not out,1
IPL_2023_058,1,SRH,B Kumar,2,1,0,0,200.0,not out,1
IPL_2023_058,2,LSG,KR Mayers,2,14,0,0,14.29,out,0
IPL_2023_058,2,LSG,Q de Kock,29,19,3,1,152.63,out,0
IPL_2023_058,2,LSG,PN Mankad,64,45,7,2,142.22,not out,1
IPL_2023_058,2,LSG,MP Stoinis,40,25,2,3,160.0,out,0
IPL_2023_058,2,LSG,N Pooran,44,13,3,4,338.46,not out,1
IPL_2023_059,1,PBKS,P Simran Singh,103,65,10,6,158.46,out,0
IPL_2023_059,1,PBKS,S Dhawan,7,5,0,1,140.0,out,0
IPL_2023_059,1,PBKS,LS Livingstone,4,5,1,0,80.0,out,0
IPL_2023_059,1,PBKS,JM Sharma,5,5,1,0,100.0,out,0
IPL_2023_059,1,PBKS,SM Curran,20,24,1,0,83.33,out,0
IPL_2023_059,1,PBKS,Harpreet Brar,2,5,0,0,40.0,out,0
IPL_2023_059,1,PBKS,M Shahrukh Khan,2,4,0,0,50.0,out,0
IPL_2023_059,1,PBKS,Sikandar Raza,11,7,0,1,157.14,not out,1
IPL_2023_059,2,DC,DA Warner,54,27,10,1,200.0,out,0
IPL_2023_059,2,DC,PD Salt,21,17,3,0,123.53,out,0
IPL_2023_059,2,DC,MR Marsh,3,4,0,0,75.0,out,0
IPL_2023_059,2,DC,RR Rossouw,5,5,1,0,100.0,out,0
IPL_2023_059,2,DC,AR Patel,1,2,0,0,50.0,out,0
IPL_2023_059,2,DC,Aman Hakim Khan,16,18,1,1,88.89,out,0
IPL_2023_059,2,DC,MK Pandey,0,3,0,0,0.0,out,0
IPL_2023_059,2,DC,P Dubey,16,20,2,0,80.0,out,0
IPL_2023_059,2,DC,Kuldeep Yadav,10,17,0,0,58.82,not out,1
IPL_2023_059,2,DC,Mukesh Kumar,6,7,0,0,85.71,not out,1
IPL_2023_060,1,RCB,V Kohli,18,19,1,0,94.74,out,0
IPL_2023_060,1,RCB,F du Plessis,55,44,3,2,125.0,out,0
IPL_2023_060,1,RCB,GJ Maxwell,54,33,5,3,163.64,out,0
IPL_2023_060,1,RCB,MK Lomror,1,2,0,0,50.0,out,0
IPL_2023_060,1,RCB,KD Karthik,0,2,0,0,0.0,out,0
IPL_2023_060,1,RCB,MG Bracewell,9,9,0,0,100.0,not out,1
IPL_2023_060,1,RCB,Anuj Rawat,29,11,3,2,263.64,not out,1
IPL_2023_060,2,RR,YBK Jaiswal,0,2,0,0,0.0,out,0
IPL_2023_060,2,RR,SV Samson,4,5,1,0,80.0,out,0
IPL_2023_060,2,RR,JC Buttler,0,2,0,0,0.0,out,0
IPL_2023_060,2,RR,JE Root,10,15,1,0,66.67,out,0
IPL_2023_060,2,RR,D Padikkal,4,4,1,0,100.0,out,0
IPL_2023_060,2,RR,SO Hetmyer,35,19,1,4,184.21,out,0
IPL_2023_060,2,RR,Dhruv Jurel,1,7,0,0,14.29,out,0
IPL_2023_060,2,RR,A Zampa,2,6,0,0,33.33,out,0
IPL_2023_060,2,RR,Sandeep Sharma,0,1,0,0,0.0,not out,1
IPL_2023_060,2,RR,KM Asif,0,2,0,0,0.0,out,0
IPL_2023_061,1,CSK,RD Gaikwad,17,13,2,0,130.77,out,0
IPL_2023_061,1,CSK,DP Conway,30,28,3,0,107.14,out,0
IPL_2023_061,1,CSK,AM Rahane,16,11,1,1,145.45,out,0
IPL_2023_061,1,CSK,AT Rayudu,4,7,0,0,57.14,out,0
IPL_2023_061,1,CSK,S Dube,48,34,1,3,141.18,not out,1
IPL_2023_061,1,CSK,MM Ali,1,2,0,0,50.0,out,0
IPL_2023_061,1,CSK,RA Jadeja,20,24,0,1,83.33,out,0
IPL_2023_061,1,CSK,MS Dhoni,2,3,0,0,66.67,not out,1
IPL_2023_061,2,KKR,JJ Roy,12,15,1,0,80.0,out,0
IPL_2023_061,2,KKR,Rahmanullah Gurbaz,1,4,0,0,25.0,out,0
IPL_2023_061,2,KKR,VR Iyer,9,4,2,0,225.0,out,0
IPL_2023_061,2,KKR,N Rana,57,44,6,1,129.55,not out,1
IPL_2023_061,2,KKR,RK Singh,54,43,4,3,125.58,out,0
IPL_2023_061,2,KKR,AD Russell,2,2,0,0,100.0,not out,1
IPL_2023_062,1,GT,WP Saha,0,3,0,0,0.0,out,0
IPL_2023_062,1,GT,B Sai Sudharsan,47,36,6,1,130.56,out,0
IPL_2023_062,1,GT,Shubman Gill,101,58,13,1,174.14,out,0
IPL_2023_062,1,GT,HH Pandya,8,6,1,0,133.33,out,0
IPL_2023_062,1,GT,DA Miller,7,5,1,0,140.0,out,0
IPL_2023_062,1,GT,R Tewatia,3,3,0,0,100.0,out,0
IPL_2023_062,1,GT,MD Shanaka,9,7,1,0,128.57,not out,1
IPL_2023_062,1,GT,Rashid Khan,0,1,0,0,0.0,out,0
IPL_2023_062,1,GT,Noor Ahmad,0,1,0,0,0.0,out,0
IPL_2023_062,1,GT,Mohammed Shami,0,1,0,0,0.0,out,0
IPL_2023_062,1,GT,MM Sharma,0,1,0,0,0.0,not out,1
IPL_2023_062,2,SRH,Anmolpreet Singh,5,4,1,0,125.0,out,0
IPL_2023_062,2,SRH,Abhishek Sharma,5,5,1,0,100.0,out,0
IPL_2023_062,2,SRH,AK Markram,10,10,1,0,100.0,out,0
IPL_2023_062,2,SRH,RA Tripathi,1,2,0,0,50.0,out,0
IPL_2023_062,2,SRH,H Klaasen,64,44,4,3,145.45,out,0
IPL_2023_062,2,SRH,Sanvir Singh,7,6,0,1,116.67,out,0
IPL_2023_062,2,SRH,Abdul Samad,4,3,1,0,133.33,out,0
IPL_2023_062,2,SRH,M Jansen,3,6,0,0,50.0,out,0
IPL_2023_062,2,SRH,B Kumar,27,26,3,0,103.85,out,0
IPL_2023_062,2,SRH,M Markande,18,9,2,1,200.0,not out,1
IPL_2023_062,2,SRH,Fazalhaq Farooqi,1,5,0,0,20.0,not out,1
IPL_2023_063,1,LSG,DJ Hooda,5,7,0,0,71.43,out,0
IPL_2023_063,1,LSG,Q de Kock,16,15,0,2,106.67,out,0
IPL_2023_063,1,LSG,PN Mankad,0,1,0,0,0.0,out,0
IPL_2023_063,1,LSG,KH Pandya,49,42,1,1,116.67,out,0
IPL_2023_063,1,LSG,MP Stoinis,89,47,4,8,189.36,not out,1
IPL_2023_063,1,LSG,N Pooran,8,8,1,0,100.0,not out,1
IPL_2023_063,2,MI,Ishan Kishan,59,39,8,1,151.28,out,0
IPL_2023_063,2,MI,RG Sharma,37,25,1,3,148.0,out,0
IPL_2023_063,2,MI,SA Yadav,7,9,0,0,77.78,out,0
IPL_2023_063,2,MI,N Wadhera,16,20,2,0,80.0,out,0
IPL_2023_063,2,MI,TH David,32,19,1,3,168.42,not out,1
IPL_2023_063,2,MI,Vishnu Vinod,2,4,0,0,50.0,out,0
IPL_2023_063,2,MI,C Green,4,6,0,0,66.67,not out,1
IPL_2023_064,1,DC,DA Warner,46,31,5,2,148.39,out,0
IPL_2023_064,1,DC,PP Shaw,54,38,7,1,142.11,out,0
IPL_2023_064,1,DC,RR Rossouw,82,37,6,6,221.62,not out,1
IPL_2023_064,1,DC,PD Salt,26,14,2,2,185.71,not out,1
IPL_2023_064,2,PBKS,P Simran Singh,22,19,4,0,115.79,out,0
IPL_2023_064,2,PBKS,S Dhawan,0,1,0,0,0.0,out,0
IPL_2023_064,2,PBKS,Atharva Taide,55,42,5,2,130.95,out,0
IPL_2023_064,2,PBKS,LS Livingstone,94,48,5,9,195.83,out,0
IPL_2023_064,2,PBKS,JM Sharma,0,3,0,0,0.0,out,0
IPL_2023_064,2,PBKS,M Shahrukh Khan,6,3,0,1,200.0,out,0
IPL_2023_064,2,PBKS,SM Curran,11,5,1,1,220.0,out,0
IPL_2023_064,2,PBKS,Harpreet Brar,0,1,0,0,0.0,out,0
IPL_2023_065,1,SRH,Abhishek Sharma,11,14,2,0,78.57,out,0
IPL_2023_065,1,SRH,RA Tripathi,15,12,2,1,125.0,out,0
IPL_2023_065,1,SRH,AK Markram,18,20,0,0,90.0,out,0
IPL_2023_065,1,SRH,H Klaasen,104,51,8,6,203.92,out,0
IPL_2023_065,1,SRH,HC Brook,27,19,2,1,142.11,not out,1
IPL_2023_065,1,SRH,GD Phillips,5,4,1,0,125.0,out,0
IPL_2023_065,2,RCB,V Kohli,100,63,12,4,158.73,out,0
IPL_2023_065,2,RCB,F du Plessis,71,47,7,2,151.06,out,0
IPL_2023_065,2,RCB,GJ Maxwell,5,3,1,0,166.67,not out,1
IPL_2023_065,2,RCB,MG Bracewell,4,4,0,0,100.0,not out,1
IPL_2023_066,1,PBKS,P Simran Singh,2,2,0,0,100.0,out,0
IPL_2023_066,1,PBKS,Atharva Taide,19,12,3,1,158.33,out,0
IPL_2023_066,1,PBKS,S Dhawan,17,12,2,1,141.67,out,0
IPL_2023_066,1,PBKS,LS Livingstone,9,13,1,0,69.23,out,0
IPL_2023_066,1,PBKS,SM Curran,49,31,4,2,158.06,not out,1
IPL_2023_066,1,PBKS,JM Sharma,44,28,3,3,157.14,out,0
IPL_2023_066,1,PBKS,M Shahrukh Khan,41,23,4,2,178.26,not out,1
IPL_2023_066,2,RR,YBK Jaiswal,50,36,8,0,138.89,out,0
IPL_2023_066,2,RR,JC Buttler,0,4,0,0,0.0,out,0
IPL_2023_066,2,RR,D Padikkal,51,30,5,3,170.0,out,0
IPL_2023_066,2,RR,SV Samson,2,3,0,0,66.67,out,0
IPL_2023_066,2,RR,SO Hetmyer,46,28,4,3,164.29,out,0
IPL_2023_066,2,RR,R Parag,20,12,1,2,166.67,out,0
IPL_2023_066,2,RR,Dhruv Jurel,10,4,0,1,250.0,not out,1
IPL_2023_066,2,RR,TA Boult,1,2,0,0,50.0,not out,1
IPL_2023_067,1,CSK,RD Gaikwad,79,50,3,7,158.0,out,0
IPL_2023_067,1,CSK,DP Conway,87,52,11,3,167.31,out,0
IPL_2023_067,1,CSK,S Dube,22,9,0,3,244.44,out,0
IPL_2023_067,1,CSK,RA Jadeja,20,7,3,1,285.71,not out,1
IPL_2023_067,1,CSK,MS Dhoni,5,4,0,0,125.0,not out,1
IPL_2023_067,2,DC,PP Shaw,5,7,1,0,71.43,out,0
IPL_2023_067,2,DC,DA Warner,86,58,7,5,148.28,out,0
IPL_2023_067,2,DC,PD Salt,3,6,0,0,50.0,out,0
IPL_2023_067,2,DC,RR Rossouw,0,1,0,0,0.0,out,0
IPL_2023_067,2,DC,YV Dhull,13,15,1,0,86.67,out,0
IPL_2023_067,2,DC,AR Patel,15,8,1,1,187.5,out,0
IPL_2023_067,2,DC,Aman Hakim Khan,7,9,1,0,77.78,out,0
IPL_2023_067,2,DC,Lalit Yadav,6,12,0,0,50.0,out,0
IPL_2023_067,2,DC,A Nortje,0,1,0,0,0.0,not out,1
IPL_2023_067,2,DC,Kuldeep Yadav,0,1,0,0,0.0,out,0
IPL_2023_067,2,DC,C Sakariya,0,2,0,0,0.0,not out,1
IPL_2023_068,1,LSG,KS Sharma,3,5,0,0,60.0,out,0
IPL_2023_068,1,LSG,Q de Kock,28,27,0,2,103.7,out,0
IPL_2023_068,1,LSG,PN Mankad,26,20,5,0,130.0,out,0
IPL_2023_068,1,LSG,MP Stoinis,0,2,0,0,0.0,out,0
IPL_2023_068,1,LSG,KH Pandya,9,8,0,1,112.5,out,0
IPL_2023_068,1,LSG,A Badoni,25,21,2,1,119.05,out,0
IPL_2023_068,1,LSG,N Pooran,58,30,4,5,193.33,out,0
IPL_2023_068,1,LSG,Ravi Bishnoi,2,2,0,0,100.0,out,0
IPL_2023_068,1,LSG,Naveen-ul-Haq,2,3,0,0,66.67,not out,1
IPL_2023_068,1,LSG,K Gowtham,11,4,1,1,275.0,not out,1
IPL_2023_068,2,KKR,JJ Roy,45,28,7,1,160.71,out,0
IPL_2023_068,2,KKR,VR Iyer,24,15,3,1,160.0,out,0
IPL_2023_068,2,KKR,N Rana,8,10,1,0,80.0,out,0
IPL_2023_068,2,KKR,Rahmanullah Gurbaz,10,15,0,0,66.67,out,0
IPL_2023_068,2,KKR,RK Singh,67,33,6,4,203.03,not out,1
IPL_2023_068,2,KKR,AD Russell,7,9,0,1,77.78,out,0
IPL_2023_068,2,KKR,SN Thakur,3,7,0,0,42.86,out,0
IPL_2023_068,2,KKR,SP Narine,1,2,0,0,50.0,out,0
IPL_2023_068,2,KKR,VG Arora,1,1,0,0,100.0,not out,1
IPL_2023_069,1,SRH,Vivrant Sharma,69,47,9,2,146.81,out,0
IPL_2023_069,1,SRH,MA Agarwal,83,46,8,4,180.43,out,0
IPL_2023_069,1,SRH,H Klaasen,18,13,2,0,138.46,out,0
IPL_2023_069,1,SRH,GD Phillips,1,4,0,0,25.0,out,0
IPL_2023_069,1,SRH,AK Markram,13,7,0,1,185.71,not out,1
IPL_2023_069,1,SRH,HC Brook,0,1,0,0,0.0,out,0
IPL_2023_069,1,SRH,Sanvir Singh,4,3,1,0,133.33,not out,1
IPL_2023_069,2,MI,Ishan Kishan,14,12,1,1,116.67,out,0
IPL_2023_069,2,MI,RG Sharma,56,37,8,1,151.35,out,0
IPL_2023_069,2,MI,C Green,100,47,8,8,212.77,not out,1
IPL_2023_069,2,MI,SA Yadav,25,16,4,0,156.25,not out,1
IPL_2023_070,1,RCB,V Kohli,101,61,13,1,165.57,not out,1
IPL_2023_070,1,RCB,F du Plessis,28,19,5,0,147.37,out,0
IPL_2023_070,1,RCB,GJ Maxwell,11,5,1,1,220.0,out,0
IPL_2023_070,1,RCB,MK Lomror,1,3,0,0,33.33,out,0
IPL_2023_070,1,RCB,MG Bracewell,26,16,5,0,162.5,out,0
IPL_2023_070,1,RCB,KD Karthik,0,1,0,0,0.0,out,0
IPL_2023_070,1,RCB,Anuj Rawat,23,15,1,1,153.33,not out,1
IPL_2023_070,2,GT,WP Saha,12,14,2,0,85.71,out,0
IPL_2023_070,2,GT,Shubman Gill,104,52,5,8,200.0,not out,1
IPL_2023_070,2,GT,V Shankar,53,35,7,2,151.43,out,0
IPL_2023_070,2,GT,MD Shanaka,0,3,0,0,0.0,out,0
IPL_2023_070,2,GT,DA Miller,6,7,1,0,85.71,out,0
IPL_2023_070,2,GT,R Tewatia,4,5,0,0,80.0,not out,1
IPL_2023_000,1,CSK,RD Gaikwad,60,44,7,1,136.36,out,0
IPL_2023_000,1,CSK,DP Conway,40,34,4,0,117.65,out,0
IPL_2023_000,1,CSK,S Dube,1,3,0,0,33.33,out,0
IPL_2023_000,1,CSK,AM Rahane,17,10,0,1,170.0,out,0
IPL_2023_000,1,CSK,AT Rayudu,17,9,1,1,188.89,out,0
IPL_2023_000,1,CSK,RA Jadeja,22,16,2,0,137.5,out,0
IPL_2023_000,1,CSK,MS Dhoni,1,2,0,0,50.0,out,0
IPL_2023_000,1,CSK,MM Ali,9,4,0,1,225.0,not out,1
IPL_2023_000,2,GT,WP Saha,12,11,2,0,109.09,out,0
IPL_2023_000,2,GT,Shubman Gill,42,38,4,1,110.53,out,0
IPL_2023_000,2,GT,HH Pandya,8,7,1,0,114.29,out,0
IPL_2023_000,2,GT,MD Shanaka,17,16,1,1,106.25,out,0
IPL_2023_000,2,GT,DA Miller,4,6,0,0,66.67,out,0
IPL_2023_000,2,GT,V Shankar,14,10,0,1,140.0,out,0
IPL_2023_000,2,GT,R Tewatia,3,5,0,0,60.0,out,0
IPL_2023_000,2,GT,Rashid Khan,30,16,3,2,187.5,out,0
IPL_2023_000,2,GT,DG Nalkande,0,1,0,0,0.0,out,0
IPL_2023_000,2,GT,Noor Ahmad,7,5,1,0,140.0,not out,1
IPL_2023_000,2,GT,Mohammed Shami,5,5,1,0,100.0,out,0
IPL_2023_000,1,MI,Ishan Kishan,15,12,3,0,125.0,out,0
IPL_2023_000,1,MI,RG Sharma,11,10,1,1,110.0,out,0
IPL_2023_000,1,MI,C Green,41,23,6,1,178.26,out,0
IPL_2023_000,1,MI,SA Yadav,33,20,2,2,165.0,out,0
IPL_2023_000,1,MI,Tilak Varma,26,22,0,2,118.18,out,0
IPL_2023_000,1,MI,TH David,13,13,1,0,100.0,out,0
IPL_2023_000,1,MI,N Wadhera,23,12,2,2,191.67,out,0
IPL_2023_000,1,MI,CJ Jordan,4,7,0,0,57.14,out,0
IPL_2023_000,1,MI,HR Shokeen,0,1,0,0,0.0,not out,1
IPL_2023_000,2,LSG,KR Mayers,18,13,3,0,138.46,out,0
IPL_2023_000,2,LSG,PN Mankad,3,6,0,0,50.0,out,0
IPL_2023_000,2,LSG,KH Pandya,8,11,1,0,72.73,out,0
IPL_2023_000,2,LSG,MP Stoinis,40,27,5,1,148.15,out,0
IPL_2023_000,2,LSG,A Badoni,1,7,0,0,14.29,out,0
IPL_2023_000,2,LSG,N Pooran,0,1,0,0,0.0,out,0
IPL_2023_000,2,LSG,DJ Hooda,15,13,0,1,115.38,out,0
IPL_2023_000,2,LSG,K Gowtham,2,3,0,0,66.67,out,0
IPL_2023_000,2,LSG,Ravi Bishnoi,3,6,0,0,50.0,out,0
IPL_2023_000,2,LSG,Naveen-ul-Haq,1,5,0,0,20.0,not out,1
IPL_2023_000,2,LSG,Mohsin Khan,0,7,0,0,0.0,out,0
IPL_2023_000,1,GT,WP Saha,18,16,3,0,112.5,out,0
IPL_2023_000,1,GT,Shubman Gill,129,60,7,10,215.0,out,0
IPL_2023_000,1,GT,B Sai Sudharsan,43,31,5,1,138.71,out,0
IPL_2023_000,1,GT,HH Pandya,28,13,2,2,215.38,not out,1
IPL_2023_000,1,GT,Rashid Khan,5,2,1,0,250.0,not out,1
IPL_2023_000,2,MI,RG Sharma,8,7,1,0,114.29,out,0
IPL_2023_000,2,MI,N Wadhera,4,3,1,0,133.33,out,0
IPL_2023_000,2,MI,C Green,30,20,2,2,150.0,out,0
IPL_2023_000,2,MI,SA Yadav,61,38,7,2,160.53,out,0
IPL_2023_000,2,MI,Tilak Varma,43,14,5,3,307.14,out,0
IPL_2023_000,2,MI,Vishnu Vinod,5,7,0,0,71.43,out,0
IPL_2023_000,2,MI,TH David,2,3,0,0,66.67,out,0
IPL_2023_000,2,MI,CJ Jordan,2,5,0,0,40.0,out,0
IPL_2023_000,2,MI,PP Chawla,0,2,0,0,0.0,out,0
IPL_2023_000,2,MI,K Kartikeya,6,7,1,0,85.71,out,0
IPL_2023_000,2,MI,JP Behrendorff,3,5,0,0,60.0,not out,1
IPL_2023_000,1,GT,WP Saha,54,39,5,1,138.46,out,0
IPL_2023_000,1,GT,Shubman Gill,39,20,7,0,195.0,out,0
IPL_2023_000,1,GT,B Sai Sudharsan,96,47,8,6,204.26,out,0
IPL_2023_000,1,GT,HH Pandya,21,12,0,2,175.0,not out,1
IPL_2023_000,1,GT,Rashid Khan,0,2,0,0,0.0,out,0
IPL_2023_000,2,CSK,RD Gaikwad,26,16,3,1,162.5,out,0
IPL_2023_000,2,CSK,DP Conway,47,25,4,2,188.0,out,0
IPL_2023_000,2,CSK,S Dube,32,21,0,2,152.38,not out,1
IPL_2023_000,2,CSK,AM Rahane,27,13,2,2,207.69,out,0
IPL_2023_000,2,CSK,AT Rayudu,19,8,1,2,237.5,out,0
IPL_2023_000,2,CSK,MS Dhoni,0,1,0,0,0.0,out,0
IPL_2023_000,2,CSK,RA Jadeja,15,6,1,1,250.0,not out,1
IPL_2024_001,1,RCB,V Kohli,21,20,0,1,105.0,out,0
IPL_2024_001,1,RCB,F du Plessis,35,23,8,0,152.17,out,0
IPL_2024_001,1,RCB,RM Patidar,0,3,0,0,0.0,out,0
IPL_2024_001,1,RCB,GJ Maxwell,0,1,0,0,0.0,out,0
IPL_2024_001,1,RCB,C Green,18,22,1,0,81.82,out,0
IPL_2024_001,1,RCB,Anuj Rawat,48,25,4,3,192.0,out,0
IPL_2024_001,1,RCB,KD Karthik,38,26,3,2,146.15,not out,1
IPL_2024_001,2,CSK,RD Gaikwad,15,15,3,0,100.0,out,0
IPL_2024_001,2,CSK,R Ravindra,37,15,3,3,246.67,out,0
IPL_2024_001,2,CSK,AM Rahane,27,19,0,2,142.11,out,0
IPL_2024_001,2,CSK,DJ Mitchell,22,18,0,2,122.22,out,0
IPL_2024_001,2,CSK,S Dube,34,28,4,1,121.43,not out,1
IPL_2024_001,2,CSK,RA Jadeja,25,17,0,1,147.06,not out,1
IPL_2024_002,1,DC,DA Warner,29,21,3,2,138.1,out,0
IPL_2024_002,1,DC,MR Marsh,20,12,2,2,166.67,out,0
IPL_2024_002,1,DC,SD Hope,33,25,2,2,132.0,out,0
IPL_2024_002,1,DC,RR Pant,18,13,2,0,138.46,out,0
IPL_2024_002,1,DC,RK Bhui,3,7,0,0,42.86,out,0
IPL_2024_002,1,DC,T Stubbs,5,8,0,0,62.5,out,0
IPL_2024_002,1,DC,AR Patel,21,13,2,1,161.54,out,0
IPL_2024_002,1,DC,Sumit Kumar,2,9,0,0,22.22,out,0
IPL_2024_002,1,DC,Abishek Porel,32,10,4,2,320.0,not out,1
IPL_2024_002,1,DC,Kuldeep Yadav,1,2,0,0,50.0,out,0
IPL_2024_002,2,PBKS,S Dhawan,22,16,4,0,137.5,out,0
IPL_2024_002,2,PBKS,JM Bairstow,9,3,2,0,300.0,out,0
IPL_2024_002,2,PBKS,P Simran Singh,26,17,5,0,152.94,out,0
IPL_2024_002,2,PBKS,SM Curran,63,47,6,1,134.04,out,0
IPL_2024_002,2,PBKS,JM Sharma,9,9,1,0,100.0,out,0
IPL_2024_002,2,PBKS,LS Livingstone,38,21,2,3,180.95,not out,1
IPL_2024_002,2,PBKS,Shashank Singh,0,1,0,0,0.0,out,0
IPL_2024_002,2,PBKS,Harpreet Brar,2,2,0,0,100.0,not out,1
IPL_2024_003,1,KKR,PD Salt,54,40,3,3,135.0,out,0
IPL_2024_003,1,KKR,SP Narine,2,4,0,0,50.0,out,0
IPL_2024_003,1,KKR,VR Iyer,7,5,1,0,140.0,out,0
IPL_2024_003,1,KKR,SS Iyer,0,2,0,0,0.0,out,0
IPL_2024_003,1,KKR,N Rana,9,11,1,0,81.82,out,0
IPL_2024_003,1,KKR,Ramandeep Singh,35,17,1,4,205.88,out,0
IPL_2024_003,1,KKR,RK Singh,23,15,3,0,153.33,out,0
IPL_2024_003,1,KKR,AD Russell,64,25,3,7,256.0,not out,1
IPL_2024_003,1,KKR,MA Starc,6,3,1,0,200.0,not out,1
IPL_2024_003,2,SRH,MA Agarwal,32,21,4,1,152.38,out,0
IPL_2024_003,2,SRH,Abhishek Sharma,32,19,4,2,168.42,out,0
IPL_2024_003,2,SRH,RA Tripathi,20,20,0,1,100.0,out,0
IPL_2024_003,2,SRH,AK Markram,18,13,2,0,138.46,out,0
IPL_2024_003,2,SRH,H Klaasen,63,29,0,8,217.24,out,0
IPL_2024_003,2,SRH,Abdul Samad,15,11,1,1,136.36,out,0
IPL_2024_003,2,SRH,Shahbaz Ahmed,16,5,1,2,320.0,out,0
IPL_2024_003,2,SRH,M Jansen,1,1,0,0,100.0,not out,1
IPL_2024_003,2,SRH,PJ Cummins,0,1,0,0,0.0,not out,1
IPL_2024_004,1,RR,YBK Jaiswal,24,12,3,1,200.0,out,0
IPL_2024_004,1,RR,JC Buttler,11,9,2,0,122.22,out,0
IPL_2024_004,1,RR,SV Samson,82,52,3,6,157.69,not out,1
IPL_2024_004,1,RR,R Parag,43,29,1,3,148.28,out,0
IPL_2024_004,1,RR,SO Hetmyer,5,7,0,0,71.43,out,0
IPL_2024_004,1,RR,Dhruv Jurel,20,12,1,1,166.67,not out,1
IPL_2024_004,2,LSG,Q de Kock,4,5,1,0,80.0,out,0
IPL_2024_004,2,LSG,D Padikkal,0,3,0,0,0.0,out,0
IPL_2024_004,2,LSG,KL Rahul,58,44,4,2,131.82,out,0
IPL_2024_004,2,LSG,A Badoni,1,5,0,0,20.0,out,0
IPL_2024_004,2,LSG,DJ Hooda,26,13,2,2,200.0,out,0
IPL_2024_004,2,LSG,N Pooran,64,41,4,4,156.1,not out,1
IPL_2024_004,2,LSG,MP Stoinis,3,4,0,0,75.0,out,0
IPL_2024_004,2,LSG,KH Pandya,3,5,0,0,60.0,not out,1
IPL_2024_005,1,GT,WP Saha,19,15,4,0,126.67,out,0
IPL_2024_005,1,GT,Shubman Gill,31,22,3,1,140.91,out,0
IPL_2024_005,1,GT,B Sai Sudharsan,45,39,3,1,115.38,out,0
IPL_2024_005,1,GT,Azmatullah Omarzai,17,11,1,1,154.55,out,0
IPL_2024_005,1,GT,DA Miller,12,11,1,0,109.09,out,0
IPL_2024_005,1,GT,V Shankar,6,5,0,0,120.0,not out,1
IPL_2024_005,1,GT,R Tewatia,22,15,2,1,146.67,out,0
IPL_2024_005,1,GT,Rashid Khan,4,3,0,0,133.33,not out,1
IPL_2024_005,2,MI,Ishan Kishan,0,4,0,0,0.0,out,0
IPL_2024_005,2,MI,Naman Dhir,20,10,3,1,200.0,out,0
IPL_2024_005,2,MI,RG Sharma,43,29,7,1,148.28,out,0
IPL_2024_005,2,MI,D Brevis,46,38,2,3,121.05,out,0
IPL_2024_005,2,MI,Tilak Varma,25,19,1,1,131.58,out,0
IPL_2024_005,2,MI,TH David,11,10,1,0,110.0,out,0
IPL_2024_005,2,MI,G Coetzee,1,3,0,0,33.33,out,0
IPL_2024_005,2,MI,HH Pandya,11,4,1,1,275.0,out,0
IPL_2024_005,2,MI,PP Chawla,0,1,0,0,0.0,out,0
IPL_2024_005,2,MI,JJ Bumrah,1,1,0,0,100.0,not out,1
IPL_2024_005,2,MI,SZ Mulani,1,1,0,0,100.0,not out,1
IPL_2024_006,1,PBKS,S Dhawan,45,37,5,1,121.62,out,0
IPL_2024_006,1,PBKS,JM Bairstow,8,6,2,0,133.33,out,0
IPL_2024_006,1,PBKS,P Simran Singh,25,17,2,2,147.06,out,0
IPL_2024_006,1,PBKS,LS Livingstone,17,13,1,1,130.77,out,0
IPL_2024_006,1,PBKS,JM Sharma,27,20,1,2,135.0,out,0
IPL_2024_006,1,PBKS,SM Curran,23,17,3,0,135.29,out,0
IPL_2024_006,1,PBKS,Shashank Singh,21,8,1,2,262.5,not out,1
IPL_2024_006,1,PBKS,Harpreet Brar,2,2,0,0,100.0,not out,1
IPL_2024_006,2,RCB,V Kohli,77,49,11,2,157.14,out,0
IPL_2024_006,2,RCB,F du Plessis,3,7,0,0,42.86,out,0
IPL_2024_006,2,RCB,C Green,3,5,0,0,60.0,out,0
IPL_2024_006,2,RCB,RM Patidar,18,18,1,1,100.0,out,0
IPL_2024_006,2,RCB,GJ Maxwell,3,5,0,0,60.0,out,0
IPL_2024_006,2,RCB,Anuj Rawat,11,14,1,0,78.57,out,0
IPL_2024_006,2,RCB,MK Lomror,17,8,2,1,212.5,not out,1
IPL_2024_006,2,RCB,KD Karthik,28,10,3,2,280.0,not out,1
IPL_2024_007,1,CSK,RD Gaikwad,46,36,5,1,127.78,out,0
IPL_2024_007,1,CSK,R Ravindra,46,20,6,3,230.0,out,0
IPL_2024_007,1,CSK,AM Rahane,12,12,1,0,100.0,out,0
IPL_2024_007,1,CSK,S Dube,51,23,2,5,221.74,out,0
IPL_2024_007,1,CSK,DJ Mitchell,24,20,2,0,120.0,not out,1
IPL_2024_007,1,CSK,Sameer Rizvi,14,6,0,2,233.33,out,0
IPL_2024_007,1,CSK,RA Jadeja,7,3,1,0,233.33,out,0
IPL_2024_007,2,GT,WP Saha,21,17,4,0,123.53,out,0
IPL_2024_007,2,GT,Shubman Gill,8,5,0,1,160.0,out,0
IPL_2024_007,2,GT,B Sai Sudharsan,37,31,3,0,119.35,out,0
IPL_2024_007,2,GT,V Shankar,12,12,0,1,100.0,out,0
IPL_2024_007,2,GT,DA Miller,21,16,3,0,131.25,out,0
IPL_2024_007,2,GT,Azmatullah Omarzai,11,10,1,0,110.0,out,0
IPL_2024_007,2,GT,R Tewatia,6,11,1,0,54.55,out,0
IPL_2024_007,2,GT,Rashid Khan,1,2,0,0,50.0,out,0
IPL_2024_007,2,GT,UT Yadav,10,11,0,1,90.91,not out,1
IPL_2024_007,2,GT,SH Johnson,5,5,1,0,100.0,not out,1
IPL_2024_008,1,SRH,MA Agarwal,11,13,1,0,84.62,out,0
IPL_2024_008,1,SRH,TM Head,62,24,9,3,258.33,out,0
IPL_2024_008,1,SRH,Abhishek Sharma,63,23,3,7,273.91,out,0
IPL_2024_008,1,SRH,AK Markram,42,28,2,1,150.0,not out,1
IPL_2024_008,1,SRH,H Klaasen,80,34,4,7,235.29,not out,1
IPL_2024_008,2,MI,RG Sharma,26,12,1,3,216.67,out,0
IPL_2024_008,2,MI,Ishan Kishan,34,13,2,4,261.54,out,0
IPL_2024_008,2,MI,Naman Dhir,30,14,2,2,214.29,out,0
IPL_2024_008,2,MI,Tilak Varma,64,34,2,6,188.24,out,0
IPL_2024_008,2,MI,HH Pandya,24,20,1,1,120.0,out,0
IPL_2024_008,2,MI,TH David,42,22,2,3,190.91,not out,1
IPL_2024_008,2,MI,R Shepherd,15,6,2,1,250.0,not out,1
IPL_2024_009,1,RR,YBK Jaiswal,5,7,1,0,71.43,out,0
IPL_2024_009,1,RR,JC Buttler,11,16,0,0,68.75,out,0
IPL_2024_009,1,RR,SV Samson,15,14,3,0,107.14,out,0
IPL_2024_009,1,RR,R Parag,84,45,7,6,186.67,not out,1
IPL_2024_009,1,RR,R Ashwin,29,19,0,3,152.63,out,0
IPL_2024_009,1,RR,Dhruv Jurel,20,12,3,0,166.67,out,0
IPL_2024_009,1,RR,SO Hetmyer,14,7,1,1,200.0,not out,1
IPL_2024_009,2,DC,DA Warner,49,34,5,3,144.12,out,0
IPL_2024_009,2,DC,MR Marsh,23,12,5,0,191.67,out,0
IPL_2024_009,2,DC,RK Bhui,0,2,0,0,0.0,out,0
IPL_2024_009,2,DC,RR Pant,28,26,2,1,107.69,out,0
IPL_2024_009,2,DC,T Stubbs,44,23,2,3,191.3,not out,1
IPL_2024_009,2,DC,Abishek Porel,9,10,0,0,90.0,out,0
IPL_2024_009,2,DC,AR Patel,15,13,1,0,115.38,not out,1
IPL_2024_010,1,RCB,V Kohli,83,59,4,4,140.68,not out,1
IPL_2024_010,1,RCB,F du Plessis,8,6,0,1,133.33,out,0
IPL_2024_010,1,RCB,C Green,33,21,4,2,157.14,out,0
IPL_2024_010,1,RCB,GJ Maxwell,28,19,3,1,147.37,out,0
IPL_2024_010,1,RCB,RM Patidar,3,4,0,0,75.0,out,0
IPL_2024_010,1,RCB,Anuj Rawat,3,3,0,0,100.0,out,0
IPL_2024_010,1,RCB,KD Karthik,20,8,0,3,250.0,out,0
IPL_2024_010,2,KKR,PD Salt,30,20,2,2,150.0,out,0
IPL_2024_010,2,KKR,SP Narine,47,22,2,5,213.64,out,0
IPL_2024_010,2,KKR,VR Iyer,50,30,3,4,166.67,out,0
IPL_2024_010,2,KKR,SS Iyer,39,24,2,2,162.5,not out,1
IPL_2024_010,2,KKR,RK Singh,5,5,0,0,100.0,not out,1
IPL_2024_011,1,LSG,Q de Kock,54,38,5,2,142.11,out,0
IPL_2024_011,1,LSG,KL Rahul,15,9,1,1,166.67,out,0
IPL_2024_011,1,LSG,D Padikkal,9,6,2,0,150.0,out,0
IPL_2024_011,1,LSG,MP Stoinis,19,12,0,2,158.33,out,0
IPL_2024_011,1,LSG,N Pooran,42,21,3,3,200.0,out,0
IPL_2024_011,1,LSG,A Badoni,8,10,0,0,80.0,out,0
IPL_2024_011,1,LSG,KH Pandya,43,22,4,2,195.45,not out,1
IPL_2024_011,1,LSG,Ravi Bishnoi,0,1,0,0,0.0,out,0
IPL_2024_011,1,LSG,Mohsin Khan,2,1,0,0,200.0,out,0
IPL_2024_011,2,PBKS,S Dhawan,70,50,7,3,140.0,out,0
IPL_2024_011,2,PBKS,JM Bairstow,42,29,3,3,144.83,out,0
IPL_2024_011,2,PBKS,P Simran Singh,19,7,1,2,271.43,out,0
IPL_2024_011,2,PBKS,JM Sharma,6,9,1,0,66.67,out,0
IPL_2024_011,2,PBKS,LS Livingstone,28,17,2,2,164.71,not out,1
IPL_2024_011,2,PBKS,SM Curran,0,1,0,0,0.0,out,0
IPL_2024_011,2,PBKS,Shashank Singh,9,7,1,0,128.57,not out,1
IPL_2024_012,1,SRH,MA Agarwal,16,17,2,0,94.12,out,0
IPL_2024_012,1,SRH,TM Head,19,14,3,0,135.71,out,0
IPL_2024_012,1,SRH,Abhishek Sharma,29,20,2,2,145.0,out,0
IPL_2024_012,1,SRH,AK Markram,17,19,0,0,89.47,out,0
IPL_2024_012,1,SRH,H Klaasen,24,13,1,2,184.62,out,0
IPL_2024_012,1,SRH,Shahbaz Ahmed,22,20,1,1,110.0,out,0
IPL_2024_012,1,SRH,Abdul Samad,29,14,3,1,207.14,out,0
IPL_2024_012,1,SRH,Washington Sundar,0,1,0,0,0.0,out,0
IPL_2024_012,1,SRH,PJ Cummins,2,2,0,0,100.0,not out,1
IPL_2024_012,2,GT,WP Saha,25,13,1,2,192.31,out,0
IPL_2024_012,2,GT,Shubman Gill,36,28,2,1,128.57,out,0
IPL_2024_012,2,GT,B Sai Sudharsan,45,36,4,1,125.0,out,0
IPL_2024_012,2,GT,DA Miller,44,27,4,2,162.96,not out,1
IPL_2024_012,2,GT,V Shankar,14,11,2,0,127.27,not out,1
IPL_2024_013,1,DC,PP Shaw,43,27,4,2,159.26,out,0
IPL_2024_013,1,DC,DA Warner,52,35,5,3,148.57,out,0
IPL_2024_013,1,DC,RR Pant,51,32,4,3,159.38,out,0
IPL_2024_013,1,DC,MR Marsh,18,12,2,1,150.0,out,0
IPL_2024_013,1,DC,T Stubbs,0,2,0,0,0.0,out,0
IPL_2024_013,1,DC,AR Patel,7,8,0,0,87.5,not out,1
IPL_2024_013,1,DC,Abishek Porel,9,6,1,0,150.0,not out,1
IPL_2024_013,2,CSK,RD Gaikwad,1,2,0,0,50.0,out,0
IPL_2024_013,2,CSK,R Ravindra,2,12,0,0,16.67,out,0
IPL_2024_013,2,CSK,AM Rahane,45,30,5,2,150.0,out,0
IPL_2024_013,2,CSK,DJ Mitchell,34,26,1,2,130.77,out,0
IPL_2024_013,2,CSK,S Dube,18,17,1,0,105.88,out,0
IPL_2024_013,2,CSK,Sameer Rizvi,0,1,0,0,0.0,out,0
IPL_2024_013,2,CSK,RA Jadeja,21,17,2,0,123.53,not out,1
IPL_2024_013,2,CSK,MS Dhoni,37,16,4,3,231.25,not out,1
IPL_2024_014,1,MI,Ishan Kishan,16,14,2,1,114.29,out,0
IPL_2024_014,1,MI,RG Sharma,0,1,0,0,0.0,out,0
IPL_2024_014,1,MI,Naman Dhir,0,1,0,0,0.0,out,0
IPL_2024_014,1,MI,D Brevis,0,1,0,0,0.0,out,0
IPL_2024_014,1,MI,Tilak Varma,32,29,0,2,110.34,out,0
IPL_2024_014,1,MI,HH Pandya,34,21,6,0,161.9,out,0
IPL_2024_014,1,MI,PP Chawla,3,6,0,0,50.0,out,0
IPL_2024_014,1,MI,TH David,17,24,1,0,70.83,out,0
IPL_2024_014,1,MI,G Coetzee,4,9,0,0,44.44,out,0
IPL_2024_014,1,MI,JJ Bumrah,8,9,1,0,88.89,not out,1
IPL_2024_014,1,MI,Akash Madhwal,4,5,0,0,80.0,not out,1
IPL_2024_014,2,RR,YBK Jaiswal,10,6,2,0,166.67,out,0
IPL_2024_014,2,RR,JC Buttler,13,16,2,0,81.25,out,0
IPL_2024_014,2,RR,SV Samson,12,10,3,0,120.0,out,0
IPL_2024_014,2,RR,R Parag,54,39,5,3,138.46,not out,1
IPL_2024_014,2,RR,R Ashwin,16,16,1,0,100.0,out,0
IPL_2024_014,2,RR,SB Dubey,8,6,1,0,133.33,not out,1
IPL_2024_015,1,LSG,Q de Kock,81,56,8,5,144.64,out,0
IPL_2024_015,1,LSG,KL Rahul,20,14,0,2,142.86,out,0
IPL_2024_015,1,LSG,D Padikkal,6,11,0,0,54.55,out,0
IPL_2024_015,1,LSG,MP Stoinis,24,15,1,2,160.0,out,0
IPL_2024_015,1,LSG,N Pooran,40,21,1,5,190.48,not out,1
IPL_2024_015,1,LSG,A Badoni,0,3,0,0,0.0,out,0
IPL_2024_015,2,RCB,V Kohli,22,16,2,1,137.5,out,0
IPL_2024_015,2,RCB,F du Plessis,19,13,3,0,146.15,out,0
IPL_2024_015,2,RCB,RM Patidar,29,21,2,2,138.1,out,0
IPL_2024_015,2,RCB,GJ Maxwell,0,2,0,0,0.0,out,0
IPL_2024_015,2,RCB,C Green,9,9,1,0,100.0,out,0
IPL_2024_015,2,RCB,Anuj Rawat,11,21,0,0,52.38,out,0
IPL_2024_015,2,RCB,MK Lomror,33,13,3,3,253.85,out,0
IPL_2024_015,2,RCB,KD Karthik,4,8,0,0,50.0,out,0
IPL_2024_015,2,RCB,Mayank Dagar,0,1,0,0,0.0,out,0
IPL_2024_015,2,RCB,RJW Topley,3,6,0,0,50.0,not out,1
IPL_2024_015,2,RCB,Mohammed Siraj,12,8,0,2,150.0,out,0
IPL_2024_016,1,KKR,PD Salt,18,12,4,0,150.0,out,0
IPL_2024_016,1,KKR,SP Narine,85,39,7,7,217.95,out,0
IPL_2024_016,1,KKR,A Raghuvanshi,54,27,5,3,200.0,out,0
IPL_2024_016,1,KKR,AD Russell,41,19,4,3,215.79,out,0
IPL_2024_016,1,KKR,SS Iyer,18,11,0,2,163.64,out,0
IPL_2024_016,1,KKR,RK Singh,26,8,1,3,325.0,out,0
IPL_2024_016,1,KKR,Ramandeep Singh,2,2,0,0,100.0,out,0
IPL_2024_016,1,KKR,MA Starc,1,1,0,0,100.0,not out,1
IPL_2024_016,1,KKR,VR Iyer,5,2,1,0,250.0,not out,1
IPL_2024_016,2,DC,DA Warner,18,13,2,1,138.46,out,0
IPL_2024_016,2,DC,PP Shaw,10,7,2,0,142.86,out,0
IPL_2024_016,2,DC,MR Marsh,0,2,0,0,0.0,out,0
IPL_2024_016,2,DC,Abishek Porel,0,5,0,0,0.0,out,0
IPL_2024_016,2,DC,T Stubbs,54,32,4,4,168.75,out,0
IPL_2024_016,2,DC,RR Pant,55,25,4,5,220.0,out,0
IPL_2024_016,2,DC,AR Patel,0,1,0,0,0.0,out,0
IPL_2024_016,2,DC,Sumit Kumar,7,6,0,1,116.67,out,0
IPL_2024_016,2,DC,Rasikh Salam,1,5,0,0,20.0,out,0
IPL_2024_016,2,DC,A Nortje,4,6,0,0,66.67,out,0
IPL_2024_016,2,DC,I Sharma,1,3,0,0,33.33,not out,1
IPL_2024_017,1,GT,WP Saha,11,13,2,0,84.62,out,0
IPL_2024_017,1,GT,Shubman Gill,89,48,6,4,185.42,not out,1
IPL_2024_017,1,GT,KS Williamson,26,22,4,0,118.18,out,0
IPL_2024_017,1,GT,B Sai Sudharsan,33,19,6,0,173.68,out,0
IPL_2024_017,1,GT,V Shankar,8,10,0,0,80.0,out,0
IPL_2024_017,1,GT,R Tewatia,23,8,3,1,287.5,not out,1
IPL_2024_017,2,PBKS,S Dhawan,1,2,0,0,50.0,out,0
IPL_2024_017,2,PBKS,JM Bairstow,22,13,4,0,169.23,out,0
IPL_2024_017,2,PBKS,P Simran Singh,35,24,5,1,145.83,out,0
IPL_2024_017,2,PBKS,SM Curran,5,8,0,0,62.5,out,0
IPL_2024_017,2,PBKS,Sikandar Raza,15,16,0,0,93.75,out,0
IPL_2024_017,2,PBKS,Shashank Singh,61,29,6,4,210.34,not out,1
IPL_2024_017,2,PBKS,JM Sharma,16,8,0,2,200.0,out,0
IPL_2024_017,2,PBKS,Ashutosh Sharma,31,17,3,1,182.35,out,0
IPL_2024_017,2,PBKS,Harpreet Brar,1,2,0,0,50.0,not out,1
IPL_2024_018,1,CSK,R Ravindra,12,9,2,0,133.33,out,0
IPL_2024_018,1,CSK,RD Gaikwad,26,21,3,1,123.81,out,0
IPL_2024_018,1,CSK,AM Rahane,35,30,2,1,116.67,out,0
IPL_2024_018,1,CSK,S Dube,45,24,2,4,187.5,out,0
IPL_2024_018,1,CSK,RA Jadeja,31,23,4,0,134.78,not out,1
IPL_2024_018,1,CSK,DJ Mitchell,13,11,1,0,118.18,out,0
IPL_2024_018,1,CSK,MS Dhoni,1,2,0,0,50.0,not out,1
IPL_2024_018,2,SRH,TM Head,31,24,3,1,129.17,out,0
IPL_2024_018,2,SRH,Abhishek Sharma,37,12,3,4,308.33,out,0
IPL_2024_018,2,SRH,AK Markram,50,36,4,1,138.89,out,0
IPL_2024_018,2,SRH,Shahbaz Ahmed,18,19,0,1,94.74,out,0
IPL_2024_018,2,SRH,H Klaasen,10,11,1,0,90.91,not out,1
IPL_2024_018,2,SRH,Nithish Kumar Reddy,14,8,1,1,175.0,not out,1
IPL_2024_019,1,RCB,V Kohli,113,72,12,4,156.94,not out,1
IPL_2024_019,1,RCB,F du Plessis,44,33,2,2,133.33,out,0
IPL_2024_019,1,RCB,GJ Maxwell,1,3,0,0,33.33,out,0
IPL_2024_019,1,RCB,Saurav Chauhan,9,6,0,1,150.0,out,0
IPL_2024_019,1,RCB,C Green,5,6,0,0,83.33,not out,1
IPL_2024_019,2,RR,YBK Jaiswal,0,2,0,0,0.0,out,0
IPL_2024_019,2,RR,SV Samson,69,42,8,2,164.29,out,0
IPL_2024_019,2,RR,JC Buttler,100,58,9,4,172.41,not out,1
IPL_2024_019,2,RR,R Parag,4,4,1,0,100.0,out,0
IPL_2024_019,2,RR,Dhruv Jurel,2,3,0,0,66.67,out,0
IPL_2024_019,2,RR,SO Hetmyer,11,6,2,0,183.33,not out,1
IPL_2024_020,1,MI,RG Sharma,49,27,6,3,181.48,out,0
IPL_2024_020,1,MI,Ishan Kishan,42,23,4,2,182.61,out,0
IPL_2024_020,1,MI,SA Yadav,0,2,0,0,0.0,out,0
IPL_2024_020,1,MI,HH Pandya,39,33,3,1,118.18,out,0
IPL_2024_020,1,MI,Tilak Varma,6,5,1,0,120.0,out,0
IPL_2024_020,1,MI,TH David,45,21,2,4,214.29,not out,1
IPL_2024_020,1,MI,R Shepherd,39,10,3,4,390.0,not out,1
IPL_2024_020,2,DC,PP Shaw,66,40,8,3,165.0,out,0
IPL_2024_020,2,DC,DA Warner,10,8,1,1,125.0,out,0
IPL_2024_020,2,DC,Abishek Porel,41,31,5,0,132.26,out,0
IPL_2024_020,2,DC,T Stubbs,71,25,3,7,284.0,not out,1
IPL_2024_020,2,DC,RR Pant,1,3,0,0,33.33,out,0
IPL_2024_020,2,DC,AR Patel,8,7,1,0,114.29,out,0
IPL_2024_020,2,DC,Lalit Yadav,3,4,0,0,75.0,out,0
IPL_2024_020,2,DC,Kumar Kushagra,0,1,0,0,0.0,out,0
IPL_2024_020,2,DC,JA Richardson,2,2,0,0,100.0,out,0
IPL_2024_021,1,LSG,Q de Kock,6,4,0,1,150.0,out,0
IPL_2024_021,1,LSG,D Padikkal,7,7,1,0,100.0,out,0
IPL_2024_021,1,LSG,KL Rahul,33,31,3,0,106.45,out,0
IPL_2024_021,1,LSG,MP Stoinis,58,43,4,2,134.88,out,0
IPL_2024_021,1,LSG,N Pooran,32,22,0,3,145.45,not out,1
IPL_2024_021,1,LSG,A Badoni,20,11,3,0,181.82,out,0
IPL_2024_021,1,LSG,KH Pandya,2,2,0,0,100.0,not out,1
IPL_2024_021,2,GT,B Sai Sudharsan,31,23,4,0,134.78,out,0
IPL_2024_021,2,GT,Shubman Gill,19,21,2,0,90.48,out,0
IPL_2024_021,2,GT,KS Williamson,1,5,0,0,20.0,out,0
IPL_2024_021,2,GT,BR Sharath,2,5,0,0,40.0,out,0
IPL_2024_021,2,GT,V Shankar,17,17,0,1,100.0,out,0
IPL_2024_021,2,GT,DG Nalkande,12,11,0,1,109.09,out,0
IPL_2024_021,2,GT,R Tewatia,30,25,2,2,120.0,out,0
IPL_2024_021,2,GT,Rashid Khan,0,3,0,0,0.0,out,0
IPL_2024_021,2,GT,UT Yadav,2,4,0,0,50.0,out,0
IPL_2024_021,2,GT,SH Johnson,0,1,0,0,0.0,not out,1
IPL_2024_021,2,GT,Noor Ahmad,4,2,1,0,200.0,out,0
IPL_2024_022,1,KKR,PD Salt,0,1,0,0,0.0,out,0
IPL_2024_022,1,KKR,A Raghuvanshi,24,18,3,1,133.33,out,0
IPL_2024_022,1,KKR,SP Narine,27,20,3,2,135.0,out,0
IPL_2024_022,1,KKR,SS Iyer,34,32,3,0,106.25,out,0
IPL_2024_022,1,KKR,VR Iyer,3,8,0,0,37.5,out,0
IPL_2024_022,1,KKR,Ramandeep Singh,13,12,0,1,108.33,out,0
IPL_2024_022,1,KKR,RK Singh,9,14,0,0,64.29,out,0
IPL_2024_022,1,KKR,AD Russell,10,10,2,0,100.0,out,0
IPL_2024_022,1,KKR,AS Roy,3,3,0,0,100.0,not out,1
IPL_2024_022,1,KKR,MA Starc,0,3,0,0,0.0,out,0
IPL_2024_022,1,KKR,VG Arora,1,1,0,0,100.0,not out,1
IPL_2024_022,2,CSK,R Ravindra,15,8,3,0,187.5,out,0
IPL_2024_022,2,CSK,RD Gaikwad,67,58,9,0,115.52,not out,1
IPL_2024_022,2,CSK,DJ Mitchell,25,19,1,1,131.58,out,0
IPL_2024_022,2,CSK,S Dube,28,18,1,3,155.56,out,0
IPL_2024_022,2,CSK,MS Dhoni,1,3,0,0,33.33,not out,1
IPL_2024_023,1,SRH,TM Head,21,15,4,0,140.0,out,0
IPL_2024_023,1,SRH,Abhishek Sharma,16,11,2,1,145.45,out,0
IPL_2024_023,1,SRH,AK Markram,0,2,0,0,0.0,out,0
IPL_2024_023,1,SRH,Nithish Kumar Reddy,64,37,4,5,172.97,out,0
IPL_2024_023,1,SRH,RA Tripathi,11,14,1,0,78.57,out,0
IPL_2024_023,1,SRH,H Klaasen,9,9,1,0,100.0,out,0
IPL_2024_023,1,SRH,Abdul Samad,25,12,5,0,208.33,out,0
IPL_2024_023,1,SRH,Shahbaz Ahmed,14,7,1,1,200.0,not out,1
IPL_2024_023,1,SRH,PJ Cummins,3,4,0,0,75.0,out,0
IPL_2024_023,1,SRH,B Kumar,6,8,0,0,75.0,out,0
IPL_2024_023,1,SRH,JD Unadkat,6,1,0,1,600.0,not out,1
IPL_2024_023,2,PBKS,S Dhawan,14,16,2,0,87.5,out,0
IPL_2024_023,2,PBKS,JM Bairstow,0,3,0,0,0.0,out,0
IPL_2024_023,2,PBKS,P Simran Singh,4,6,1,0,66.67,out,0
IPL_2024_023,2,PBKS,SM Curran,29,22,2,2,131.82,out,0
IPL_2024_023,2,PBKS,Sikandar Raza,28,22,2,2,127.27,out,0
IPL_2024_023,2,PBKS,Shashank Singh,46,25,6,1,184.0,not out,1
IPL_2024_023,2,PBKS,JM Sharma,19,11,1,1,172.73,out,0
IPL_2024_023,2,PBKS,Ashutosh Sharma,33,15,3,2,220.0,not out,1
IPL_2024_024,1,RR,YBK Jaiswal,24,19,5,0,126.32,out,0
IPL_2024_024,1,RR,JC Buttler,8,10,0,0,80.0,out,0
IPL_2024_024,1,RR,SV Samson,68,38,7,2,178.95,not out,1
IPL_2024_024,1,RR,R Parag,76,48,3,5,158.33,out,0
IPL_2024_024,1,RR,SO Hetmyer,13,5,1,1,260.0,not out,1
IPL_2024_024,2,GT,B Sai Sudharsan,35,29,3,1,120.69,out,0
IPL_2024_024,2,GT,Shubman Gill,72,44,6,2,163.64,out,0
IPL_2024_024,2,GT,MS Wade,4,6,0,0,66.67,out,0
IPL_2024_024,2,GT,A Manohar,1,2,0,0,50.0,out,0
IPL_2024_024,2,GT,V Shankar,16,10,3,0,160.0,out,0
IPL_2024_024,2,GT,R Tewatia,22,11,3,0,200.0,out,0
IPL_2024_024,2,GT,M Shahrukh Khan,14,8,1,1,175.0,out,0
IPL_2024_024,2,GT,Rashid Khan,24,11,4,0,218.18,not out,1
IPL_2024_025,1,RCB,V Kohli,3,9,0,0,33.33,out,0
IPL_2024_025,1,RCB,F du Plessis,61,40,4,3,152.5,out,0
IPL_2024_025,1,RCB,WG Jacks,8,6,2,0,133.33,out,0
IPL_2024_025,1,RCB,RM Patidar,50,26,3,4,192.31,out,0
IPL_2024_025,1,RCB,GJ Maxwell,0,4,0,0,0.0,out,0
IPL_2024_025,1,RCB,KD Karthik,53,23,5,4,230.43,not out,1
IPL_2024_025,1,RCB,MK Lomror,0,1,0,0,0.0,out,0
IPL_2024_025,1,RCB,Saurav Chauhan,9,8,1,0,112.5,out,0
IPL_2024_025,1,RCB,Vijaykumar Vyshak,0,1,0,0,0.0,out,0
IPL_2024_025,1,RCB,Akash Deep,2,2,0,0,100.0,not out,1
IPL_2024_025,2,MI,Ishan Kishan,69,34,7,5,202.94,out,0
IPL_2024_025,2,MI,RG Sharma,38,24,3,3,158.33,out,0
IPL_2024_025,2,MI,SA Yadav,52,19,5,4,273.68,out,0
IPL_2024_025,2,MI,HH Pandya,21,6,0,3,350.0,not out,1
IPL_2024_025,2,MI,Tilak Varma,16,10,3,0,160.0,not out,1
IPL_2024_026,1,LSG,Q de Kock,19,13,4,0,146.15,out,0
IPL_2024_026,1,LSG,KL Rahul,39,22,5,1,177.27,out,0
IPL_2024_026,1,LSG,D Padikkal,3,6,0,0,50.0,out,0
IPL_2024_026,1,LSG,MP Stoinis,8,10,1,0,80.0,out,0
IPL_2024_026,1,LSG,N Pooran,0,1,0,0,0.0,out,0
IPL_2024_026,1,LSG,DJ Hooda,10,13,0,0,76.92,out,0
IPL_2024_026,1,LSG,A Badoni,55,35,5,1,157.14,not out,1
IPL_2024_026,1,LSG,KH Pandya,3,4,0,0,75.0,out,0
IPL_2024_026,1,LSG,Arshad Khan,20,16,2,0,125.0,not out,1
IPL_2024_026,2,DC,PP Shaw,32,22,6,0,145.45,out,0
IPL_2024_026,2,DC,DA Warner,8,9,1,0,88.89,out,0
IPL_2024_026,2,DC,J Fraser-McGurk,55,35,2,5,157.14,out,0
IPL_2024_026,2,DC,RR Pant,41,24,4,2,170.83,out,0
IPL_2024_026,2,DC,T Stubbs,15,9,0,1,166.67,not out,1
IPL_2024_026,2,DC,SD Hope,11,10,1,0,110.0,not out,1
IPL_2024_027,1,PBKS,Atharva Taide,15,12,2,0,125.0,out,0
IPL_2024_027,1,PBKS,JM Bairstow,15,19,1,0,78.95,out,0
IPL_2024_027,1,PBKS,P Simran Singh,10,14,1,0,71.43,out,0
IPL_2024_027,1,PBKS,SM Curran,6,10,0,0,60.0,out,0
IPL_2024_027,1,PBKS,JM Sharma,29,24,1,2,120.83,out,0
IPL_2024_027,1,PBKS,Shashank Singh,9,9,1,0,100.0,out,0
IPL_2024_027,1,PBKS,LS Livingstone,21,14,2,1,150.0,out,0
IPL_2024_027,1,PBKS,Ashutosh Sharma,31,16,1,3,193.75,out,0
IPL_2024_027,1,PBKS,Harpreet Brar,3,3,0,0,100.0,not out,1
IPL_2024_027,2,RR,YBK Jaiswal,39,28,4,0,139.29,out,0
IPL_2024_027,2,RR,Tanush Kotian,24,31,3,0,77.42,out,0
IPL_2024_027,2,RR,SV Samson,18,14,1,1,128.57,out,0
IPL_2024_027,2,RR,R Parag,23,18,1,1,127.78,out,0
IPL_2024_027,2,RR,Dhruv Jurel,6,11,0,0,54.55,out,0
IPL_2024_027,2,RR,SO Hetmyer,27,10,1,3,270.0,not out,1
IPL_2024_027,2,RR,R Powell,11,5,2,0,220.0,out,0
IPL_2024_027,2,RR,KA Maharaj,1,2,0,0,50.0,out,0
IPL_2024_028,1,LSG,Q de Kock,10,8,2,0,125.0,out,0
IPL_2024_028,1,LSG,KL Rahul,39,27,3,2,144.44,out,0
IPL_2024_028,1,LSG,DJ Hooda,8,10,1,0,80.0,out,0
IPL_2024_028,1,LSG,A Badoni,29,27,2,1,107.41,out,0
IPL_2024_028,1,LSG,MP Stoinis,10,5,2,0,200.0,out,0
IPL_2024_028,1,LSG,N Pooran,45,32,2,4,140.62,out,0
IPL_2024_028,1,LSG,KH Pandya,7,8,0,0,87.5,not out,1
IPL_2024_028,1,LSG,Arshad Khan (2),5,4,1,0,125.0,out,0
IPL_2024_028,2,KKR,PD Salt,89,47,14,3,189.36,not out,1
IPL_2024_028,2,KKR,SP Narine,6,6,1,0,100.0,out,0
IPL_2024_028,2,KKR,A Raghuvanshi,7,6,0,1,116.67,out,0
IPL_2024_028,2,KKR,SS Iyer,38,38,6,0,100.0,not out,1
IPL_2024_029,1,CSK,AM Rahane,5,8,1,0,62.5,out,0
IPL_2024_029,1,CSK,R Ravindra,21,16,2,1,131.25,out,0
IPL_2024_029,1,CSK,RD Gaikwad,69,40,5,5,172.5,out,0
IPL_2024_029,1,CSK,S Dube,66,38,10,2,173.68,not out,1
IPL_2024_029,1,CSK,DJ Mitchell,17,14,1,0,121.43,out,0
IPL_2024_029,1,CSK,MS Dhoni,20,4,0,3,500.0,not out,1
IPL_2024_029,2,MI,RG Sharma,105,63,11,5,166.67,not out,1
IPL_2024_029,2,MI,Ishan Kishan,23,15,3,1,153.33,out,0
IPL_2024_029,2,MI,SA Yadav,0,2,0,0,0.0,out,0
IPL_2024_029,2,MI,Tilak Varma,31,20,5,0,155.0,out,0
IPL_2024_029,2,MI,HH Pandya,2,6,0,0,33.33,out,0
IPL_2024_029,2,MI,TH David,13,5,0,2,260.0,out,0
IPL_2024_029,2,MI,R Shepherd,1,2,0,0,50.0,out,0
IPL_2024_029,2,MI,Mohammad Nabi,4,7,0,0,57.14,not out,1
IPL_2024_030,1,SRH,Abhishek Sharma,34,22,2,2,154.55,out,0
IPL_2024_030,1,SRH,TM Head,102,41,9,8,248.78,out,0
IPL_2024_030,1,SRH,H Klaasen,67,31,2,7,216.13,out,0
IPL_2024_030,1,SRH,AK Markram,32,17,2,2,188.24,not out,1
IPL_2024_030,1,SRH,Abdul Samad,37,10,4,3,370.0,not out,1
IPL_2024_030,2,RCB,V Kohli,42,20,6,2,210.0,out,0
IPL_2024_030,2,RCB,F du Plessis,62,28,7,4,221.43,out,0
IPL_2024_030,2,RCB,WG Jacks,7,4,1,0,175.0,out,0
IPL_2024_030,2,RCB,RM Patidar,9,5,0,1,180.0,out,0
IPL_2024_030,2,RCB,KD Karthik,83,35,5,7,237.14,out,0
IPL_2024_030,2,RCB,Saurav Chauhan,0,1,0,0,0.0,out,0
IPL_2024_030,2,RCB,MK Lomror,19,11,0,2,172.73,out,0
IPL_2024_030,2,RCB,Anuj Rawat,25,14,5,0,178.57,not out,1
IPL_2024_030,2,RCB,Vijaykumar Vyshak,1,2,0,0,50.0,not out,1
IPL_2024_031,1,KKR,PD Salt,10,13,1,0,76.92,out,0
IPL_2024_031,1,KKR,SP Narine,109,56,13,6,194.64,out,0
IPL_2024_031,1,KKR,A Raghuvanshi,30,18,5,0,166.67,out,0
IPL_2024_031,1,KKR,SS Iyer,11,7,1,1,157.14,out,0
IPL_2024_031,1,KKR,AD Russell,13,10,2,0,130.0,out,0
IPL_2024_031,1,KKR,RK Singh,20,9,1,2,222.22,not out,1
IPL_2024_031,1,KKR,VR Iyer,8,6,1,0,133.33,out,0
IPL_2024_031,1,KKR,Ramandeep Singh,1,1,0,0,100.0,not out,1
IPL_2024_031,2,RR,YBK Jaiswal,19,9,3,1,211.11,out,0
IPL_2024_031,2,RR,JC Buttler,107,60,9,6,178.33,not out,1
IPL_2024_031,2,RR,SV Samson,12,8,2,0,150.0,out,0
IPL_2024_031,2,RR,R Parag,34,14,4,2,242.86,out,0
IPL_2024_031,2,RR,Dhruv Jurel,2,4,0,0,50.0,out,0
IPL_2024_031,2,RR,R Ashwin,8,11,1,0,72.73,out,0
IPL_2024_031,2,RR,SO Hetmyer,0,1,0,0,0.0,out,0
IPL_2024_031,2,RR,R Powell,26,13,1,3,200.0,out,0
IPL_2024_031,2,RR,TA Boult,0,1,0,0,0.0,out,0
IPL_2024_032,1,GT,WP Saha,2,10,0,0,20.0,out,0
IPL_2024_032,1,GT,Shubman Gill,8,6,2,0,133.33,out,0
IPL_2024_032,1,GT,B Sai Sudharsan,12,9,2,0,133.33,out,0
IPL_2024_032,1,GT,DA Miller,2,6,0,0,33.33,out,0
IPL_2024_032,1,GT,A Manohar,8,14,1,0,57.14,out,0
IPL_2024_032,1,GT,R Tewatia,10,15,1,0,66.67,out,0
IPL_2024_032,1,GT,M Shahrukh Khan,0,1,0,0,0.0,out,0
IPL_2024_032,1,GT,Rashid Khan,31,24,2,1,129.17,out,0
IPL_2024_032,1,GT,MM Sharma,2,14,0,0,14.29,out,0
IPL_2024_032,1,GT,Noor Ahmad,1,7,0,0,14.29,out,0
IPL_2024_032,1,GT,SH Johnson,1,1,0,0,100.0,not out,1
IPL_2024_032,2,DC,PP Shaw,7,6,1,0,116.67,out,0
IPL_2024_032,2,DC,J Fraser-McGurk,20,10,2,2,200.0,out,0
IPL_2024_032,2,DC,SD Hope,19,10,1,2,190.0,out,0
IPL_2024_032,2,DC,Abishek Porel,15,7,2,1,214.29,out,0
IPL_2024_032,2,DC,RR Pant,16,11,1,1,145.45,not out,1
IPL_2024_032,2,DC,Sumit Kumar,9,9,2,0,100.0,not out,1
IPL_2024_033,1,MI,Ishan Kishan,8,8,1,0,100.0,out,0
IPL_2024_033,1,MI,RG Sharma,36,25,2,3,144.0,out,0
IPL_2024_033,1,MI,SA Yadav,78,53,7,3,147.17,out,0
IPL_2024_033,1,MI,Tilak Varma,34,18,2,2,188.89,not out,1
IPL_2024_033,1,MI,HH Pandya,10,6,0,1,166.67,out,0
IPL_2024_033,1,MI,TH David,14,7,2,1,200.0,out,0
IPL_2024_033,1,MI,R Shepherd,1,2,0,0,50.0,out,0
IPL_2024_033,1,MI,Mohammad Nabi,0,1,0,0,0.0,out,0
IPL_2024_033,2,PBKS,SM Curran,6,7,1,0,85.71,out,0
IPL_2024_033,2,PBKS,P Simran Singh,0,1,0,0,0.0,out,0
IPL_2024_033,2,PBKS,RR Rossouw,1,3,0,0,33.33,out,0
IPL_2024_033,2,PBKS,LS Livingstone,1,2,0,0,50.0,out,0
IPL_2024_033,2,PBKS,Shashank Singh,41,25,2,3,164.0,out,0
IPL_2024_033,2,PBKS,Harpreet Singh,13,15,2,0,86.67,out,0
IPL_2024_033,2,PBKS,JM Sharma,9,9,1,0,100.0,out,0
IPL_2024_033,2,PBKS,Ashutosh Sharma,61,28,2,7,217.86,out,0
IPL_2024_033,2,PBKS,Harpreet Brar,21,20,2,1,105.0,out,0
IPL_2024_033,2,PBKS,HV Patel,1,4,0,0,25.0,not out,1
IPL_2024_033,2,PBKS,K Rabada,8,3,0,1,266.67,out,0
IPL_2024_034,1,CSK,AM Rahane,36,24,5,1,150.0,out,0
IPL_2024_034,1,CSK,R Ravindra,0,1,0,0,0.0,out,0
IPL_2024_034,1,CSK,RD Gaikwad,17,13,1,0,130.77,out,0
IPL_2024_034,1,CSK,RA Jadeja,57,40,5,1,142.5,not out,1
IPL_2024_034,1,CSK,S Dube,3,8,0,0,37.5,out,0
IPL_2024_034,1,CSK,Sameer Rizvi,1,5,0,0,20.0,out,0
IPL_2024_034,1,CSK,MM Ali,30,20,0,3,150.0,out,0
IPL_2024_034,1,CSK,MS Dhoni,28,9,3,2,311.11,not out,1
IPL_2024_034,2,LSG,Q de Kock,54,43,5,1,125.58,out,0
IPL_2024_034,2,LSG,KL Rahul,82,53,9,3,154.72,out,0
IPL_2024_034,2,LSG,N Pooran,23,12,3,1,191.67,not out,1
IPL_2024_034,2,LSG,MP Stoinis,8,7,1,0,114.29,not out,1
IPL_2024_035,1,SRH,TM Head,89,32,11,6,278.12,out,0
IPL_2024_035,1,SRH,Abhishek Sharma,46,12,2,6,383.33,out,0
IPL_2024_035,1,SRH,AK Markram,1,3,0,0,33.33,out,0
IPL_2024_035,1,SRH,H Klaasen,15,8,0,2,187.5,out,0
IPL_2024_035,1,SRH,Shahbaz Ahmed,59,29,2,5,203.45,not out,1
IPL_2024_035,1,SRH,Nithish Kumar Reddy,37,27,2,2,137.04,out,0
IPL_2024_035,1,SRH,Abdul Samad,13,8,1,1,162.5,out,0
IPL_2024_035,1,SRH,PJ Cummins,1,1,0,0,100.0,out,0
IPL_2024_035,2,DC,PP Shaw,16,5,4,0,320.0,out,0
IPL_2024_035,2,DC,J Fraser-McGurk,65,18,5,7,361.11,out,0
IPL_2024_035,2,DC,DA Warner,1,3,0,0,33.33,out,0
IPL_2024_035,2,DC,Abishek Porel,42,22,7,1,190.91,out,0
IPL_2024_035,2,DC,T Stubbs,10,11,0,0,90.91,out,0
IPL_2024_035,2,DC,RR Pant,44,35,5,1,125.71,out,0
IPL_2024_035,2,DC,Lalit Yadav,7,8,1,0,87.5,out,0
IPL_2024_035,2,DC,AR Patel,6,8,0,0,75.0,out,0
IPL_2024_035,2,DC,A Nortje,0,2,0,0,0.0,out,0
IPL_2024_035,2,DC,Kuldeep Yadav,0,1,0,0,0.0,out,0
IPL_2024_035,2,DC,Mukesh Kumar,0,2,0,0,0.0,not out,1
IPL_2024_036,1,KKR,PD Salt,48,14,7,3,342.86,out,0
IPL_2024_036,1,KKR,SP Narine,10,15,2,0,66.67,out,0
IPL_2024_036,1,KKR,A Raghuvanshi,3,4,0,0,75.0,out,0
IPL_2024_036,1,KKR,VR Iyer,16,8,3,0,200.0,out,0
IPL_2024_036,1,KKR,SS Iyer,50,36,7,1,138.89,out,0
IPL_2024_036,1,KKR,RK Singh,24,16,2,1,150.0,out,0
IPL_2024_036,1,KKR,AD Russell,27,20,4,0,135.0,not out,1
IPL_2024_036,1,KKR,Ramandeep Singh,24,9,2,2,266.67,not out,1
IPL_2024_036,2,RCB,V Kohli,18,7,1,2,257.14,out,0
IPL_2024_036,2,RCB,F du Plessis,7,7,1,0,100.0,out,0
IPL_2024_036,2,RCB,WG Jacks,55,32,4,5,171.88,out,0
IPL_2024_036,2,RCB,RM Patidar,52,23,3,5,226.09,out,0
IPL_2024_036,2,RCB,C Green,6,4,0,1,150.0,out,0
IPL_2024_036,2,RCB,SS Prabhudessai,24,18,3,0,133.33,out,0
IPL_2024_036,2,RCB,MK Lomror,4,3,1,0,133.33,out,0
IPL_2024_036,2,RCB,KD Karthik,25,18,3,1,138.89,out,0
IPL_2024_036,2,RCB,KV Sharma,20,7,0,3,285.71,out,0
IPL_2024_036,2,RCB,LH Ferguson,1,1,0,0,100.0,out,0
IPL_2024_037,1,PBKS,SM Curran,20,19,2,0,105.26,out,0
IPL_2024_037,1,PBKS,P Simran Singh,35,21,3,3,166.67,out,0
IPL_2024_037,1,PBKS,RR Rossouw,9,7,2,0,128.57,out,0
IPL_2024_037,1,PBKS,JM Sharma,13,12,0,1,108.33,out,0
IPL_2024_037,1,PBKS,LS Livingstone,6,9,1,0,66.67,out,0
IPL_2024_037,1,PBKS,Shashank Singh,8,12,0,0,66.67,out,0
IPL_2024_037,1,PBKS,Ashutosh Sharma,3,8,0,0,37.5,out,0
IPL_2024_037,1,PBKS,Harpreet Singh,14,19,0,0,73.68,out,0
IPL_2024_037,1,PBKS,Harpreet Brar,29,12,4,1,241.67,out,0
IPL_2024_037,1,PBKS,HV Patel,0,1,0,0,0.0,out,0
IPL_2024_037,1,PBKS,K Rabada,1,1,0,0,100.0,not out,1
IPL_2024_037,2,GT,WP Saha,13,11,1,0,118.18,out,0
IPL_2024_037,2,GT,Shubman Gill,35,29,5,0,120.69,out,0
IPL_2024_037,2,GT,B Sai Sudharsan,31,34,3,0,91.18,out,0
IPL_2024_037,2,GT,DA Miller,4,6,0,0,66.67,out,0
IPL_2024_037,2,GT,Azmatullah Omarzai,13,10,0,1,130.0,out,0
IPL_2024_037,2,GT,R Tewatia,36,18,7,0,200.0,not out,1
IPL_2024_037,2,GT,M Shahrukh Khan,8,4,0,1,200.0,out,0
IPL_2024_037,2,GT,Rashid Khan,3,3,0,0,100.0,out,0
IPL_2024_038,1,MI,RG Sharma,6,5,1,0,120.0,out,0
IPL_2024_038,1,MI,SA Yadav,10,8,2,0,125.0,out,0
IPL_2024_038,1,MI,Ishan Kishan,0,3,0,0,0.0,out,0
IPL_2024_038,1,MI,Tilak Varma,65,45,5,3,144.44,out,0
IPL_2024_038,1,MI,Mohammad Nabi,23,17,2,1,135.29,out,0
IPL_2024_038,1,MI,N Wadhera,49,24,3,4,204.17,out,0
IPL_2024_038,1,MI,HH Pandya,10,10,1,0,100.0,out,0
IPL_2024_038,1,MI,TH David,3,5,0,0,60.0,out,0
IPL_2024_038,1,MI,G Coetzee,0,1,0,0,0.0,out,0
IPL_2024_038,1,MI,PP Chawla,1,1,0,0,100.0,not out,1
IPL_2024_038,1,MI,JJ Bumrah,2,1,0,0,200.0,not out,1
IPL_2024_038,2,RR,YBK Jaiswal,104,60,9,7,173.33,not out,1
IPL_2024_038,2,RR,JC Buttler,35,25,6,0,140.0,out,0
IPL_2024_038,2,RR,SV Samson,38,28,2,2,135.71,not out,1
IPL_2024_039,1,CSK,AM Rahane,1,3,0,0,33.33,out,0
IPL_2024_039,1,CSK,RD Gaikwad,108,60,12,3,180.0,not out,1
IPL_2024_039,1,CSK,DJ Mitchell,11,10,1,0,110.0,out,0
IPL_2024_039,1,CSK,RA Jadeja,16,19,2,0,84.21,out,0
IPL_2024_039,1,CSK,S Dube,66,27,3,7,244.44,out,0
IPL_2024_039,1,CSK,MS Dhoni,4,1,1,0,400.0,not out,1
IPL_2024_039,2,LSG,Q de Kock,0,3,0,0,0.0,out,0
IPL_2024_039,2,LSG,MP Stoinis,124,63,13,6,196.83,not out,1
IPL_2024_039,2,LSG,KL Rahul,16,14,1,1,114.29,out,0
IPL_2024_039,2,LSG,D Padikkal,13,19,0,0,68.42,out,0
IPL_2024_039,2,LSG,N Pooran,34,15,3,2,226.67,out,0
IPL_2024_039,2,LSG,DJ Hooda,17,6,2,1,283.33,not out,1
IPL_2024_040,1,DC,PP Shaw,11,7,2,0,157.14,out,0
IPL_2024_040,1,DC,J Fraser-McGurk,23,14,2,2,164.29,out,0
IPL_2024_040,1,DC,AR Patel,66,43,5,4,153.49,out,0
IPL_2024_040,1,DC,SD Hope,5,6,1,0,83.33,out,0
IPL_2024_040,1,DC,RR Pant,88,43,5,8,204.65,not out,1
IPL_2024_040,1,DC,T Stubbs,26,7,3,2,371.43,not out,1
IPL_2024_040,2,GT,WP Saha,39,25,5,1,156.0,out,0
IPL_2024_040,2,GT,Shubman Gill,6,5,1,0,120.0,out,0
IPL_2024_040,2,GT,B Sai Sudharsan,65,39,7,2,166.67,out,0
IPL_2024_040,2,GT,Azmatullah Omarzai,1,2,0,0,50.0,out,0
IPL_2024_040,2,GT,DA Miller,55,23,6,3,239.13,out,0
IPL_2024_040,2,GT,M Shahrukh Khan,8,5,0,1,160.0,out,0
IPL_2024_040,2,GT,R Tewatia,4,5,0,0,80.0,out,0
IPL_2024_040,2,GT,Rashid Khan,21,11,3,1,190.91,not out,1
IPL_2024_040,2,GT,R Sai Kishore,13,6,0,2,216.67,out,0
IPL_2024_041,1,RCB,V Kohli,51,43,4,1,118.6,out,0
IPL_2024_041,1,RCB,F du Plessis,25,12,3,1,208.33,out,0
IPL_2024_041,1,RCB,WG Jacks,6,9,0,0,66.67,out,0
IPL_2024_041,1,RCB,RM Patidar,50,20,2,5,250.0,out,0
IPL_2024_041,1,RCB,C Green,37,20,5,0,185.0,not out,1
IPL_2024_041,1,RCB,MK Lomror,7,4,1,0,175.0,out,0
IPL_2024_041,1,RCB,KD Karthik,11,6,2,0,183.33,out,0
IPL_2024_041,1,RCB,Swapnil Singh,12,6,1,1,200.0,out,0
IPL_2024_041,2,SRH,Abhishek Sharma,31,13,3,2,238.46,out,0
IPL_2024_041,2,SRH,TM Head,1,3,0,0,33.33,out,0
IPL_2024_041,2,SRH,AK Markram,7,8,1,0,87.5,out,0
IPL_2024_041,2,SRH,Nithish Kumar Reddy,13,13,0,1,100.0,out,0
IPL_2024_041,2,SRH,H Klaasen,7,3,0,1,233.33,out,0
IPL_2024_041,2,SRH,Shahbaz Ahmed,40,37,1,1,108.11,not out,1
IPL_2024_041,2,SRH,Abdul Samad,10,6,0,1,166.67,out,0
IPL_2024_041,2,SRH,PJ Cummins,31,15,1,3,206.67,out,0
IPL_2024_041,2,SRH,B Kumar,13,13,3,0,100.0,out,0
IPL_2024_041,2,SRH,JD Unadkat,8,10,1,0,80.0,not out,1
IPL_2024_042,1,KKR,PD Salt,75,37,6,6,202.7,out,0
IPL_2024_042,1,KKR,SP Narine,71,32,9,4,221.88,out,0
IPL_2024_042,1,KKR,VR Iyer,39,23,3,2,169.57,out,0
IPL_2024_042,1,KKR,AD Russell,24,12,2,2,200.0,out,0
IPL_2024_042,1,KKR,SS Iyer,28,10,1,3,280.0,out,0
IPL_2024_042,1,KKR,RK Singh,5,4,1,0,125.0,out,0
IPL_2024_042,1,KKR,Ramandeep Singh,6,3,0,1,200.0,not out,1
IPL_2024_042,2,PBKS,P Simran Singh,54,20,4,5,270.0,out,0
IPL_2024_042,2,PBKS,JM Bairstow,108,48,8,9,225.0,not out,1
IPL_2024_042,2,PBKS,RR Rossouw,26,16,1,2,162.5,out,0
IPL_2024_042,2,PBKS,Shashank Singh,68,28,2,8,242.86,not out,1
IPL_2024_043,1,DC,J Fraser-McGurk,84,27,11,6,311.11,out,0
IPL_2024_043,1,DC,Abishek Porel,36,27,3,1,133.33,out,0
IPL_2024_043,1,DC,SD Hope,41,17,0,5,241.18,out,0
IPL_2024_043,1,DC,RR Pant,29,19,2,2,152.63,out,0
IPL_2024_043,1,DC,T Stubbs,48,25,6,2,192.0,not out,1
IPL_2024_043,1,DC,AR Patel,11,6,0,1,183.33,not out,1
IPL_2024_043,2,MI,Ishan Kishan,20,14,4,0,142.86,out,0
IPL_2024_043,2,MI,RG Sharma,8,8,1,0,100.0,out,0
IPL_2024_043,2,MI,SA Yadav,26,13,3,2,200.0,out,0
IPL_2024_043,2,MI,Tilak Varma,63,32,4,4,196.88,out,0
IPL_2024_043,2,MI,HH Pandya,46,24,4,3,191.67,out,0
IPL_2024_043,2,MI,N Wadhera,4,2,1,0,200.0,out,0
IPL_2024_043,2,MI,TH David,37,17,2,3,217.65,out,0
IPL_2024_043,2,MI,Mohammad Nabi,7,4,0,1,175.0,out,0
IPL_2024_043,2,MI,PP Chawla,10,4,1,1,250.0,out,0
IPL_2024_043,2,MI,L Wood,9,3,0,1,300.0,not out,1
IPL_2024_044,1,LSG,Q de Kock,8,3,2,0,266.67,out,0
IPL_2024_044,1,LSG,MP Stoinis,0,4,0,0,0.0,out,0
IPL_2024_044,1,LSG,KL Rahul,76,48,8,2,158.33,out,0
IPL_2024_044,1,LSG,DJ Hooda,50,31,7,0,161.29,out,0
IPL_2024_044,1,LSG,N Pooran,11,11,1,0,100.0,out,0
IPL_2024_044,1,LSG,A Badoni,18,13,1,0,138.46,not out,1
IPL_2024_044,1,LSG,KH Pandya,15,11,1,0,136.36,not out,1
IPL_2024_044,2,RR,YBK Jaiswal,24,18,3,1,133.33,out,0
IPL_2024_044,2,RR,JC Buttler,34,18,4,1,188.89,out,0
IPL_2024_044,2,RR,SV Samson,71,33,7,4,215.15,not out,1
IPL_2024_044,2,RR,R Parag,14,11,0,1,127.27,out,0
IPL_2024_044,2,RR,Dhruv Jurel,52,34,5,2,152.94,not out,1
IPL_2024_045,1,GT,WP Saha,5,4,1,0,125.0,out,0
IPL_2024_045,1,GT,Shubman Gill,16,19,1,0,84.21,out,0
IPL_2024_045,1,GT,B Sai Sudharsan,84,49,8,4,171.43,not out,1
IPL_2024_045,1,GT,M Shahrukh Khan,58,30,3,5,193.33,out,0
IPL_2024_045,1,GT,DA Miller,26,19,2,1,136.84,not out,1
IPL_2024_045,2,RCB,V Kohli,70,44,6,3,159.09,not out,1
IPL_2024_045,2,RCB,F du Plessis,24,12,1,3,200.0,out,0
IPL_2024_045,2,RCB,WG Jacks,100,41,5,10,243.9,not out,1
IPL_2024_046,1,CSK,AM Rahane,9,12,1,0,75.0,out,0
IPL_2024_046,1,CSK,RD Gaikwad,98,54,10,3,181.48,out,0
IPL_2024_046,1,CSK,DJ Mitchell,52,32,7,1,162.5,out,0
IPL_2024_046,1,CSK,S Dube,39,20,1,4,195.0,not out,1
IPL_2024_046,1,CSK,MS Dhoni,5,2,1,0,250.0,not out,1
IPL_2024_046,2,SRH,TM Head,13,7,1,1,185.71,out,0
IPL_2024_046,2,SRH,Abhishek Sharma,15,9,1,1,166.67,out,0
IPL_2024_046,2,SRH,Anmolpreet Singh,0,1,0,0,0.0,out,0
IPL_2024_046,2,SRH,AK Markram,32,26,4,0,123.08,out,0
IPL_2024_046,2,SRH,Nithish Kumar Reddy,15,15,0,0,100.0,out,0
IPL_2024_046,2,SRH,H Klaasen,20,21,0,1,95.24,out,0
IPL_2024_046,2,SRH,Abdul Samad,19,18,1,1,105.56,out,0
IPL_2024_046,2,SRH,Shahbaz Ahmed,7,5,1,0,140.0,out,0
IPL_2024_046,2,SRH,PJ Cummins,5,7,1,0,71.43,out,0
IPL_2024_046,2,SRH,B Kumar,4,3,0,0,133.33,not out,1
IPL_2024_046,2,SRH,JD Unadkat,1,2,0,0,50.0,out,0
IPL_2024_047,1,DC,PP Shaw,13,7,3,0,185.71,out,0
IPL_2024_047,1,DC,J Fraser-McGurk,12,7,1,1,171.43,out,0
IPL_2024_047,1,DC,Abishek Porel,18,15,2,1,120.0,out,0
IPL_2024_047,1,DC,SD Hope,6,3,0,1,200.0,out,0
IPL_2024_047,1,DC,RR Pant,27,20,2,1,135.0,out,0
IPL_2024_047,1,DC,AR Patel,15,21,2,0,71.43,out,0
IPL_2024_047,1,DC,T Stubbs,4,7,0,0,57.14,out,0
IPL_2024_047,1,DC,Kumar Kushagra,1,3,0,0,33.33,out,0
IPL_2024_047,1,DC,Kuldeep Yadav,35,26,5,1,134.62,not out,1
IPL_2024_047,1,DC,Rasikh Salam,8,10,1,0,80.0,out,0
IPL_2024_047,1,DC,LB Williams,1,2,0,0,50.0,not out,1
IPL_2024_047,2,KKR,PD Salt,68,33,7,5,206.06,out,0
IPL_2024_047,2,KKR,SP Narine,15,10,3,0,150.0,out,0
IPL_2024_047,2,KKR,RK Singh,11,11,1,0,100.0,out,0
IPL_2024_047,2,KKR,SS Iyer,33,23,3,1,143.48,not out,1
IPL_2024_047,2,KKR,VR Iyer,26,23,2,1,113.04,not out,1
IPL_2024_048,1,MI,Ishan Kishan,32,36,3,0,88.89,out,0
IPL_2024_048,1,MI,RG Sharma,4,5,1,0,80.0,out,0
IPL_2024_048,1,MI,SA Yadav,10,6,0,1,166.67,out,0
IPL_2024_048,1,MI,Tilak Varma,7,11,1,0,63.64,out,0
IPL_2024_048,1,MI,HH Pandya,0,1,0,0,0.0,out,0
IPL_2024_048,1,MI,N Wadhera,46,41,4,2,112.2,out,0
IPL_2024_048,1,MI,TH David,35,18,3,1,194.44,not out,1
IPL_2024_048,1,MI,Mohammad Nabi,1,2,0,0,50.0,out,0
IPL_2024_048,1,MI,G Coetzee,1,2,0,0,50.0,not out,1
IPL_2024_048,2,LSG,KL Rahul,28,22,3,1,127.27,out,0
IPL_2024_048,2,LSG,AA Kulkarni,0,1,0,0,0.0,out,0
IPL_2024_048,2,LSG,MP Stoinis,62,45,7,2,137.78,out,0
IPL_2024_048,2,LSG,DJ Hooda,18,18,2,0,100.0,out,0
IPL_2024_048,2,LSG,N Pooran,14,14,1,0,100.0,not out,1
IPL_2024_048,2,LSG,AJ Turner,5,9,0,0,55.56,out,0
IPL_2024_048,2,LSG,A Badoni,6,6,1,0,100.0,out,0
IPL_2024_048,2,LSG,KH Pandya,1,1,0,0,100.0,not out,1
IPL_2024_049,1,CSK,AM Rahane,29,24,5,0,120.83,out,0
IPL_2024_049,1,CSK,RD Gaikwad,62,48,5,2,129.17,out,0
IPL_2024_049,1,CSK,S Dube,0,1,0,0,0.0,out,0
IPL_2024_049,1,CSK,RA Jadeja,2,4,0,0,50.0,out,0
IPL_2024_049,1,CSK,Sameer Rizvi,21,23,1,0,91.3,out,0
IPL_2024_049,1,CSK,MM Ali,15,9,1,1,166.67,out,0
IPL_2024_049,1,CSK,MS Dhoni,14,11,1,1,127.27,out,0
IPL_2024_049,1,CSK,DJ Mitchell,1,1,0,0,100.0,not out,1
IPL_2024_049,2,PBKS,P Simran Singh,13,10,1,1,130.0,out,0
IPL_2024_049,2,PBKS,JM Bairstow,46,30,7,1,153.33,out,0
IPL_2024_049,2,PBKS,RR Rossouw,43,23,5,2,186.96,out,0
IPL_2024_049,2,PBKS,Shashank Singh,25,26,1,1,96.15,not out,1
IPL_2024_049,2,PBKS,SM Curran,26,20,3,0,130.0,not out,1
IPL_2024_050,1,SRH,TM Head,58,44,6,3,131.82,out,0
IPL_2024_050,1,SRH,Abhishek Sharma,12,10,0,1,120.0,out,0
IPL_2024_050,1,SRH,Anmolpreet Singh,5,5,1,0,100.0,out,0
IPL_2024_050,1,SRH,Nithish Kumar Reddy,76,42,3,8,180.95,not out,1
IPL_2024_050,1,SRH,H Klaasen,42,19,3,3,221.05,not out,1
IPL_2024_050,2,RR,YBK Jaiswal,67,40,7,2,167.5,out,0
IPL_2024_050,2,RR,JC Buttler,0,1,0,0,0.0,out,0
IPL_2024_050,2,RR,SV Samson,0,3,0,0,0.0,out,0
IPL_2024_050,2,RR,R Parag,77,49,8,4,157.14,out,0
IPL_2024_050,2,RR,SO Hetmyer,13,9,1,1,144.44,out,0
IPL_2024_050,2,RR,R Powell,27,15,3,1,180.0,out,0
IPL_2024_050,2,RR,Dhruv Jurel,1,3,0,0,33.33,out,0
IPL_2024_050,2,RR,R Ashwin,2,2,0,0,100.0,not out,1
IPL_2024_051,1,KKR,PD Salt,5,3,1,0,166.67,out,0
IPL_2024_051,1,KKR,SP Narine,8,8,0,1,100.0,out,0
IPL_2024_051,1,KKR,A Raghuvanshi,13,6,0,2,216.67,out,0
IPL_2024_051,1,KKR,SS Iyer,6,4,1,0,150.0,out,0
IPL_2024_051,1,KKR,VR Iyer,70,52,6,3,134.62,out,0
IPL_2024_051,1,KKR,RK Singh,9,8,2,0,112.5,out,0
IPL_2024_051,1,KKR,MK Pandey,42,31,2,2,135.48,out,0
IPL_2024_051,1,KKR,AD Russell,7,2,0,1,350.0,out,0
IPL_2024_051,1,KKR,Ramandeep Singh,2,4,0,0,50.0,out,0
IPL_2024_051,1,KKR,MA Starc,0,2,0,0,0.0,out,0
IPL_2024_051,2,MI,Ishan Kishan,13,7,1,1,185.71,out,0
IPL_2024_051,2,MI,RG Sharma,11,12,0,1,91.67,out,0
IPL_2024_051,2,MI,Naman Dhir,11,11,2,0,100.0,out,0
IPL_2024_051,2,MI,SA Yadav,56,35,6,2,160.0,out,0
IPL_2024_051,2,MI,Tilak Varma,4,6,0,0,66.67,out,0
IPL_2024_051,2,MI,N Wadhera,6,11,1,0,54.55,out,0
IPL_2024_051,2,MI,HH Pandya,1,3,0,0,33.33,out,0
IPL_2024_051,2,MI,TH David,24,20,1,1,120.0,out,0
IPL_2024_051,2,MI,G Coetzee,8,7,0,1,114.29,out,0
IPL_2024_051,2,MI,PP Chawla,0,1,0,0,0.0,out,0
IPL_2024_051,2,MI,JJ Bumrah,1,1,0,0,100.0,not out,1
IPL_2024_052,1,GT,WP Saha,1,7,0,0,14.29,out,0
IPL_2024_052,1,GT,Shubman Gill,2,7,0,0,28.57,out,0
IPL_2024_052,1,GT,B Sai Sudharsan,6,14,0,0,42.86,out,0
IPL_2024_052,1,GT,M Shahrukh Khan,37,24,5,1,154.17,out,0
IPL_2024_052,1,GT,DA Miller,30,20,3,2,150.0,out,0
IPL_2024_052,1,GT,R Tewatia,35,21,5,1,166.67,out,0
IPL_2024_052,1,GT,Rashid Khan,18,14,2,1,128.57,out,0
IPL_2024_052,1,GT,V Shankar,10,7,2,0,142.86,out,0
IPL_2024_052,1,GT,MJ Suthar,1,2,0,0,50.0,out,0
IPL_2024_052,1,GT,MM Sharma,0,1,0,0,0.0,out,0
IPL_2024_052,2,RCB,V Kohli,42,27,2,4,155.56,out,0
IPL_2024_052,2,RCB,F du Plessis,64,23,10,3,278.26,out,0
IPL_2024_052,2,RCB,WG Jacks,1,3,0,0,33.33,out,0
IPL_2024_052,2,RCB,RM Patidar,2,3,0,0,66.67,out,0
IPL_2024_052,2,RCB,GJ Maxwell,4,3,1,0,133.33,out,0
IPL_2024_052,2,RCB,C Green,1,2,0,0,50.0,out,0
IPL_2024_052,2,RCB,KD Karthik,21,12,3,0,175.0,not out,1
IPL_2024_052,2,RCB,Swapnil Singh,15,9,2,1,166.67,not out,1
IPL_2024_053,1,CSK,AM Rahane,9,7,1,0,128.57,out,0
IPL_2024_053,1,CSK,RD Gaikwad,32,21,4,1,152.38,out,0
IPL_2024_053,1,CSK,DJ Mitchell,30,19,2,1,157.89,out,0
IPL_2024_053,1,CSK,S Dube,0,1,0,0,0.0,out,0
IPL_2024_053,1,CSK,MM Ali,17,20,2,0,85.0,out,0
IPL_2024_053,1,CSK,RA Jadeja,43,26,3,2,165.38,out,0
IPL_2024_053,1,CSK,MJ Santner,11,11,1,0,100.0,out,0
IPL_2024_053,1,CSK,SN Thakur,17,11,2,1,154.55,out,0
IPL_2024_053,1,CSK,MS Dhoni,0,1,0,0,0.0,out,0
IPL_2024_053,1,CSK,TU Deshpande,0,1,0,0,0.0,not out,1
IPL_2024_053,1,CSK,RJ Gleeson,2,2,0,0,100.0,not out,1
IPL_2024_053,2,PBKS,P Simran Singh,30,23,2,2,130.43,out,0
IPL_2024_053,2,PBKS,JM Bairstow,7,6,1,0,116.67,out,0
IPL_2024_053,2,PBKS,RR Rossouw,0,3,0,0,0.0,out,0
IPL_2024_053,2,PBKS,Shashank Singh,27,20,4,0,135.0,out,0
IPL_2024_053,2,PBKS,SM Curran,7,11,0,0,63.64,out,0
IPL_2024_053,2,PBKS,JM Sharma,0,1,0,0,0.0,out,0
IPL_2024_053,2,PBKS,Ashutosh Sharma,3,10,0,0,30.0,out,0
IPL_2024_053,2,PBKS,Harpreet Brar,17,13,2,0,130.77,not out,1
IPL_2024_053,2,PBKS,HV Patel,12,13,1,1,92.31,out,0
IPL_2024_053,2,PBKS,RD Chahar,16,10,2,1,160.0,out,0
IPL_2024_053,2,PBKS,K Rabada,11,10,0,1,110.0,not out,1
IPL_2024_054,1,KKR,PD Salt,32,14,5,1,228.57,out,0
IPL_2024_054,1,KKR,SP Narine,81,39,6,7,207.69,out,0
IPL_2024_054,1,KKR,A Raghuvanshi,32,26,3,1,123.08,out,0
IPL_2024_054,1,KKR,AD Russell,12,8,1,1,150.0,out,0
IPL_2024_054,1,KKR,RK Singh,16,11,2,0,145.45,out,0
IPL_2024_054,1,KKR,SS Iyer,23,15,3,0,153.33,out,0
IPL_2024_054,1,KKR,Ramandeep Singh,25,6,1,3,416.67,not out,1
IPL_2024_054,1,KKR,VR Iyer,1,1,0,0,100.0,not out,1
IPL_2024_054,2,LSG,KL Rahul,25,21,3,0,119.05,out,0
IPL_2024_054,2,LSG,AA Kulkarni,9,7,2,0,128.57,out,0
IPL_2024_054,2,LSG,MP Stoinis,36,21,4,2,171.43,out,0
IPL_2024_054,2,LSG,DJ Hooda,5,3,1,0,166.67,out,0
IPL_2024_054,2,LSG,N Pooran,10,8,0,1,125.0,out,0
IPL_2024_054,2,LSG,A Badoni,15,12,0,1,125.0,out,0
IPL_2024_054,2,LSG,AJ Turner,16,9,0,2,177.78,out,0
IPL_2024_054,2,LSG,KH Pandya,5,6,0,0,83.33,out,0
IPL_2024_054,2,LSG,Yudhvir Singh,7,7,0,1,100.0,out,0
IPL_2024_054,2,LSG,Ravi Bishnoi,2,3,0,0,66.67,out,0
IPL_2024_055,1,SRH,TM Head,48,30,7,1,160.0,out,0
IPL_2024_055,1,SRH,Abhishek Sharma,11,16,0,1,68.75,out,0
IPL_2024_055,1,SRH,MA Agarwal,5,6,1,0,83.33,out,0
IPL_2024_055,1,SRH,Nithish Kumar Reddy,20,15,2,0,133.33,out,0
IPL_2024_055,1,SRH,H Klaasen,2,4,0,0,50.0,out,0
IPL_2024_055,1,SRH,M Jansen,17,12,1,1,141.67,out,0
IPL_2024_055,1,SRH,Shahbaz Ahmed,10,12,0,0,83.33,out,0
IPL_2024_055,1,SRH,Abdul Samad,3,4,0,0,75.0,out,0
IPL_2024_055,1,SRH,PJ Cummins,35,17,2,2,205.88,not out,1
IPL_2024_055,1,SRH,Sanvir Singh,8,7,0,0,114.29,not out,1
IPL_2024_055,2,MI,Ishan Kishan,9,7,2,0,128.57,out,0
IPL_2024_055,2,MI,RG Sharma,4,5,1,0,80.0,out,0
IPL_2024_055,2,MI,Naman Dhir,0,9,0,0,0.0,out,0
IPL_2024_055,2,MI,SA Yadav,102,51,12,6,200.0,not out,1
IPL_2024_055,2,MI,Tilak Varma,37,32,6,0,115.62,not out,1
IPL_2024_056,1,DC,J Fraser-McGurk,50,20,7,3,250.0,out,0
IPL_2024_056,1,DC,Abishek Porel,65,36,7,3,180.56,out,0
IPL_2024_056,1,DC,SD Hope,1,1,0,0,100.0,out,0
IPL_2024_056,1,DC,AR Patel,15,10,1,1,150.0,out,0
IPL_2024_056,1,DC,RR Pant,15,13,0,1,115.38,out,0
IPL_2024_056,1,DC,T Stubbs,41,20,3,3,205.0,out,0
IPL_2024_056,1,DC,Gulbadin Naib,19,15,1,1,126.67,out,0
IPL_2024_056,1,DC,Rasikh Salam,9,3,2,0,300.0,out,0
IPL_2024_056,1,DC,Kuldeep Yadav,5,2,1,0,250.0,not out,1
IPL_2024_056,2,RR,YBK Jaiswal,4,2,1,0,200.0,out,0
IPL_2024_056,2,RR,SV Samson,86,46,8,6,186.96,out,0
IPL_2024_056,2,RR,JC Buttler,19,17,2,1,111.76,out,0
IPL_2024_056,2,RR,R Parag,27,22,1,3,122.73,out,0
IPL_2024_056,2,RR,SB Dubey,25,12,2,2,208.33,out,0
IPL_2024_056,2,RR,R Powell,13,10,1,1,130.0,out,0
IPL_2024_056,2,RR,D Ferreira,1,3,0,0,33.33,out,0
IPL_2024_056,2,RR,R Ashwin,2,3,0,0,66.67,out,0
IPL_2024_056,2,RR,TA Boult,2,3,0,0,66.67,not out,1
IPL_2024_056,2,RR,Avesh Khan,7,3,1,0,233.33,not out,1
IPL_2024_057,1,LSG,KL Rahul,29,33,1,1,87.88,out,0
IPL_2024_057,1,LSG,Q de Kock,2,5,0,0,40.0,out,0
IPL_2024_057,1,LSG,MP Stoinis,3,5,0,0,60.0,out,0
IPL_2024_057,1,LSG,KH Pandya,24,21,0,2,114.29,out,0
IPL_2024_057,1,LSG,N Pooran,48,26,6,1,184.62,not out,1
IPL_2024_057,1,LSG,A Badoni,55,30,9,0,183.33,not out,1
IPL_2024_057,2,SRH,Abhishek Sharma,75,28,8,6,267.86,not out,1
IPL_2024_057,2,SRH,TM Head,89,30,8,8,296.67,not out,1
IPL_2024_058,1,RCB,V Kohli,92,47,7,6,195.74,out,0
IPL_2024_058,1,RCB,F du Plessis,9,7,2,0,128.57,out,0
IPL_2024_058,1,RCB,WG Jacks,12,7,1,1,171.43,out,0
IPL_2024_058,1,RCB,RM Patidar,55,23,3,6,239.13,out,0
IPL_2024_058,1,RCB,C Green,46,27,5,1,170.37,out,0
IPL_2024_058,1,RCB,KD Karthik,18,7,1,2,257.14,out,0
IPL_2024_058,1,RCB,MK Lomror,0,2,0,0,0.0,out,0
IPL_2024_058,1,RCB,Swapnil Singh,1,1,0,0,100.0,not out,1
IPL_2024_058,2,PBKS,P Simran Singh,6,4,1,0,150.0,out,0
IPL_2024_058,2,PBKS,RR Rossouw,61,27,9,3,225.93,out,0
IPL_2024_058,2,PBKS,JM Bairstow,27,16,4,1,168.75,out,0
IPL_2024_058,2,PBKS,Shashank Singh,37,19,4,2,194.74,out,0
IPL_2024_058,2,PBKS,JM Sharma,5,4,1,0,125.0,out,0
IPL_2024_058,2,PBKS,LS Livingstone,0,2,0,0,0.0,out,0
IPL_2024_058,2,PBKS,SM Curran,22,16,2,0,137.5,out,0
IPL_2024_058,2,PBKS,Ashutosh Sharma,8,5,0,1,160.0,out,0
IPL_2024_058,2,PBKS,RD Chahar,5,5,1,0,100.0,not out,1
IPL_2024_058,2,PBKS,HV Patel,0,1,0,0,0.0,out,0
IPL_2024_058,2,PBKS,Arshdeep Singh,4,3,1,0,133.33,out,0
IPL_2024_059,1,GT,B Sai Sudharsan,103,51,5,8,201.96,out,0
IPL_2024_059,1,GT,Shubman Gill,104,55,9,6,189.09,out,0
IPL_2024_059,1,GT,DA Miller,16,11,1,0,145.45,not out,1
IPL_2024_059,1,GT,M Shahrukh Khan,2,3,0,0,66.67,out,0
IPL_2024_059,2,CSK,AM Rahane,1,5,0,0,20.0,out,0
IPL_2024_059,2,CSK,R Ravindra,1,2,0,0,50.0,out,0
IPL_2024_059,2,CSK,DJ Mitchell,63,34,7,3,185.29,out,0
IPL_2024_059,2,CSK,RD Gaikwad,0,3,0,0,0.0,out,0
IPL_2024_059,2,CSK,MM Ali,56,36,4,4,155.56,out,0
IPL_2024_059,2,CSK,S Dube,21,13,2,1,161.54,out,0
IPL_2024_059,2,CSK,RA Jadeja,18,10,2,1,180.0,out,0
IPL_2024_059,2,CSK,MS Dhoni,26,11,1,3,236.36,not out,1
IPL_2024_059,2,CSK,MJ Santner,0,2,0,0,0.0,out,0
IPL_2024_059,2,CSK,SN Thakur,3,4,0,0,75.0,not out,1
IPL_2024_060,1,KKR,PD Salt,6,5,0,1,120.0,out,0
IPL_2024_060,1,KKR,VR Iyer,42,21,6,2,200.0,out,0
IPL_2024_060,1,KKR,SP Narine,0,1,0,0,0.0,out,0
IPL_2024_060,1,KKR,SS Iyer,7,10,1,0,70.0,out,0
IPL_2024_060,1,KKR,N Rana,33,23,4,1,143.48,out,0
IPL_2024_060,1,KKR,AD Russell,24,14,2,2,171.43,out,0
IPL_2024_060,1,KKR,RK Singh,20,12,0,2,166.67,out,0
IPL_2024_060,1,KKR,Ramandeep Singh,17,8,1,1,212.5,not out,1
IPL_2024_060,1,KKR,MA Starc,2,2,0,0,100.0,not out,1
IPL_2024_060,2,MI,Ishan Kishan,40,22,5,2,181.82,out,0
IPL_2024_060,2,MI,RG Sharma,19,24,1,1,79.17,out,0
IPL_2024_060,2,MI,SA Yadav,11,14,1,0,78.57,out,0
IPL_2024_060,2,MI,Tilak Varma,32,17,5,1,188.24,out,0
IPL_2024_060,2,MI,HH Pandya,2,4,0,0,50.0,out,0
IPL_2024_060,2,MI,TH David,0,3,0,0,0.0,out,0
IPL_2024_060,2,MI,N Wadhera,3,3,0,0,100.0,out,0
IPL_2024_060,2,MI,Naman Dhir,17,6,1,2,283.33,out,0
IPL_2024_060,2,MI,A Kamboj,2,2,0,0,100.0,not out,1
IPL_2024_060,2,MI,PP Chawla,1,2,0,0,50.0,not out,1
IPL_2024_061,1,RR,YBK Jaiswal,24,21,3,1,114.29,out,0
IPL_2024_061,1,RR,JC Buttler,21,25,2,0,84.0,out,0
IPL_2024_061,1,RR,SV Samson,15,19,0,0,78.95,out,0
IPL_2024_061,1,RR,R Parag,47,35,1,3,134.29,not out,1
IPL_2024_061,1,RR,Dhruv Jurel,28,18,1,2,155.56,out,0
IPL_2024_061,1,RR,SB Dubey,0,1,0,0,0.0,out,0
IPL_2024_061,1,RR,R Ashwin,1,1,0,0,100.0,not out,1
IPL_2024_061,2,CSK,R Ravindra,27,18,1,2,150.0,out,0
IPL_2024_061,2,CSK,RD Gaikwad,42,41,1,2,102.44,not out,1
IPL_2024_061,2,CSK,DJ Mitchell,22,13,4,0,169.23,out,0
IPL_2024_061,2,CSK,MM Ali,10,13,0,0,76.92,out,0
IPL_2024_061,2,CSK,S Dube,18,11,2,1,163.64,out,0
IPL_2024_061,2,CSK,RA Jadeja,5,6,0,0,83.33,out,0
IPL_2024_061,2,CSK,Sameer Rizvi,15,8,3,0,187.5,not out,1
IPL_2024_062,1,RCB,V Kohli,27,13,1,3,207.69,out,0
IPL_2024_062,1,RCB,F du Plessis,6,7,1,0,85.71,out,0
IPL_2024_062,1,RCB,WG Jacks,41,29,3,2,141.38,out,0
IPL_2024_062,1,RCB,RM Patidar,52,32,3,3,162.5,out,0
IPL_2024_062,1,RCB,C Green,32,24,1,2,133.33,not out,1
IPL_2024_062,1,RCB,MK Lomror,13,8,0,1,162.5,out,0
IPL_2024_062,1,RCB,KD Karthik,0,2,0,0,0.0,out,0
IPL_2024_062,1,RCB,Swapnil Singh,0,1,0,0,0.0,out,0
IPL_2024_062,1,RCB,KV Sharma,6,4,1,0,150.0,out,0
IPL_2024_062,2,DC,DA Warner,1,2,0,0,50.0,out,0
IPL_2024_062,2,DC,J Fraser-McGurk,21,8,2,2,262.5,out,0
IPL_2024_062,2,DC,Abishek Porel,2,3,0,0,66.67,out,0
IPL_2024_062,2,DC,SD Hope,29,23,4,0,126.09,out,0
IPL_2024_062,2,DC,Kumar Kushagra,2,3,0,0,66.67,out,0
IPL_2024_062,2,DC,AR Patel,57,39,5,3,146.15,out,0
IPL_2024_062,2,DC,T Stubbs,3,4,0,0,75.0,out,0
IPL_2024_062,2,DC,Rasikh Salam,10,12,1,0,83.33,out,0
IPL_2024_062,2,DC,Mukesh Kumar,3,7,0,0,42.86,out,0
IPL_2024_062,2,DC,Kuldeep Yadav,6,10,0,0,60.0,out,0
IPL_2024_062,2,DC,I Sharma,0,4,0,0,0.0,not out,1
IPL_2024_064,1,DC,J Fraser-McGurk,0,2,0,0,0.0,out,0
IPL_2024_064,1,DC,SD Hope,38,27,3,2,140.74,out,0
IPL_2024_064,1,DC,Abishek Porel,58,33,5,4,175.76,out,0
IPL_2024_064,1,DC,RR Pant,33,23,5,0,143.48,out,0
IPL_2024_064,1,DC,T Stubbs,57,25,3,4,228.0,not out,1
IPL_2024_064,1,DC,AR Patel,14,10,2,0,140.0,not out,1
IPL_2024_064,2,LSG,Q de Kock,12,8,2,0,150.0,out,0
IPL_2024_064,2,LSG,KL Rahul,5,3,1,0,166.67,out,0
IPL_2024_064,2,LSG,MP Stoinis,5,7,1,0,71.43,out,0
IPL_2024_064,2,LSG,DJ Hooda,0,2,0,0,0.0,out,0
IPL_2024_064,2,LSG,N Pooran,61,27,6,4,225.93,out,0
IPL_2024_064,2,LSG,A Badoni,6,9,0,0,66.67,out,0
IPL_2024_064,2,LSG,KH Pandya,18,18,2,0,100.0,out,0
IPL_2024_064,2,LSG,Arshad Khan,58,33,3,5,175.76,not out,1
IPL_2024_064,2,LSG,Yudhvir Singh,14,7,1,1,200.0,out,0
IPL_2024_064,2,LSG,Ravi Bishnoi,2,2,0,0,100.0,out,0
IPL_2024_064,2,LSG,Naveen-ul-Haq,2,4,0,0,50.0,not out,1
IPL_2024_065,1,RR,YBK Jaiswal,4,4,1,0,100.0,out,0
IPL_2024_065,1,RR,SV Samson,18,15,3,0,120.0,out,0
IPL_2024_065,1,RR,T Kohler-Cadmore,18,23,2,1,78.26,out,0
IPL_2024_065,1,RR,R Parag,48,34,6,0,141.18,out,0
IPL_2024_065,1,RR,R Ashwin,28,19,3,1,147.37,out,0
IPL_2024_065,1,RR,Dhruv Jurel,0,1,0,0,0.0,out,0
IPL_2024_065,1,RR,R Powell,4,5,1,0,80.0,out,0
IPL_2024_065,1,RR,D Ferreira,7,8,0,0,87.5,out,0
IPL_2024_065,1,RR,TA Boult,12,9,2,0,133.33,out,0
IPL_2024_065,1,RR,Avesh Khan,3,2,0,0,150.0,not out,1
IPL_2024_065,2,PBKS,P Simran Singh,6,4,1,0,150.0,out,0
IPL_2024_065,2,PBKS,RR Rossouw,22,13,5,0,169.23,out,0
IPL_2024_065,2,PBKS,JM Bairstow,14,22,1,0,63.64,out,0
IPL_2024_065,2,PBKS,Shashank Singh,0,2,0,0,0.0,out,0
IPL_2024_065,2,PBKS,SM Curran,63,41,5,3,153.66,not out,1
IPL_2024_065,2,PBKS,JM Sharma,22,20,0,2,110.0,out,0
IPL_2024_065,2,PBKS,Ashutosh Sharma,17,11,1,1,154.55,not out,1
IPL_2024_067,1,LSG,KL Rahul,55,41,3,3,134.15,out,0
IPL_2024_067,1,LSG,D Padikkal,0,1,0,0,0.0,out,0
IPL_2024_067,1,LSG,MP Stoinis,28,22,5,0,127.27,out,0
IPL_2024_067,1,LSG,DJ Hooda,11,9,1,0,122.22,out,0
IPL_2024_067,1,LSG,N Pooran,75,29,5,8,258.62,out,0
IPL_2024_067,1,LSG,Arshad Khan,0,1,0,0,0.0,out,0
IPL_2024_067,1,LSG,KH Pandya,12,7,1,1,171.43,not out,1
IPL_2024_067,1,LSG,A Badoni,22,10,1,2,220.0,not out,1
IPL_2024_067,2,MI,RG Sharma,68,38,10,3,178.95,out,0
IPL_2024_067,2,MI,D Brevis,23,20,1,2,115.0,out,0
IPL_2024_067,2,MI,SA Yadav,0,3,0,0,0.0,out,0
IPL_2024_067,2,MI,Ishan Kishan,14,15,1,0,93.33,out,0
IPL_2024_067,2,MI,HH Pandya,16,13,1,1,123.08,out,0
IPL_2024_067,2,MI,N Wadhera,1,3,0,0,33.33,out,0
IPL_2024_067,2,MI,Naman Dhir,62,28,4,5,221.43,not out,1
IPL_2024_067,2,MI,R Shepherd,1,1,0,0,100.0,not out,1
IPL_2024_068,1,RCB,V Kohli,47,29,3,4,162.07,out,0
IPL_2024_068,1,RCB,F du Plessis,54,39,3,3,138.46,out,0
IPL_2024_068,1,RCB,RM Patidar,41,23,2,4,178.26,out,0
IPL_2024_068,1,RCB,C Green,38,17,3,3,223.53,not out,1
IPL_2024_068,1,RCB,KD Karthik,14,6,1,1,233.33,out,0
IPL_2024_068,1,RCB,GJ Maxwell,16,5,2,1,320.0,out,0
IPL_2024_068,1,RCB,MK Lomror,0,1,0,0,0.0,not out,1
IPL_2024_068,2,CSK,RD Gaikwad,0,1,0,0,0.0,out,0
IPL_2024_068,2,CSK,DJ Mitchell,4,6,0,0,66.67,out,0
IPL_2024_068,2,CSK,R Ravindra,61,37,5,3,164.86,out,0
IPL_2024_068,2,CSK,AM Rahane,33,22,3,1,150.0,out,0
IPL_2024_068,2,CSK,S Dube,7,15,0,0,46.67,out,0
IPL_2024_068,2,CSK,RA Jadeja,42,22,3,3,190.91,not out,1
IPL_2024_068,2,CSK,MJ Santner,3,4,0,0,75.0,out,0
IPL_2024_068,2,CSK,MS Dhoni,25,13,3,1,192.31,out,0
IPL_2024_068,2,CSK,SN Thakur,1,2,0,0,50.0,not out,1
IPL_2024_069,1,PBKS,Atharva Taide,46,27,5,2,170.37,out,0
IPL_2024_069,1,PBKS,P Simran Singh,71,45,7,4,157.78,out,0
IPL_2024_069,1,PBKS,RR Rossouw,49,24,3,4,204.17,out,0
IPL_2024_069,1,PBKS,Shashank Singh,2,4,0,0,50.0,out,0
IPL_2024_069,1,PBKS,JM Sharma,32,15,2,2,213.33,not out,1
IPL_2024_069,1,PBKS,Ashutosh Sharma,2,3,0,0,66.67,out,0
IPL_2024_069,1,PBKS,Shivam Singh,2,3,0,0,66.67,not out,1
IPL_2024_069,2,SRH,TM Head,0,1,0,0,0.0,out,0
IPL_2024_069,2,SRH,RA Tripathi,33,18,4,2,183.33,out,0
IPL_2024_069,2,SRH,Abhishek Sharma,66,28,5,6,235.71,out,0
IPL_2024_069,2,SRH,Nithish Kumar Reddy,37,25,1,3,148.0,out,0
IPL_2024_069,2,SRH,H Klaasen,42,26,3,2,161.54,out,0
IPL_2024_069,2,SRH,Shahbaz Ahmed,3,6,0,0,50.0,out,0
IPL_2024_069,2,SRH,Abdul Samad,11,8,0,1,137.5,not out,1
IPL_2024_069,2,SRH,Sanvir Singh,6,4,1,0,150.0,not out,1
IPL_2024_000,1,SRH,TM Head,0,2,0,0,0.0,out,0
IPL_2024_000,1,SRH,RA Tripathi,55,35,7,1,157.14,out,0
IPL_2024_000,1,SRH,Abhishek Sharma,3,4,0,0,75.0,out,0
IPL_2024_000,1,SRH,Nithish Kumar Reddy,9,10,1,0,90.0,out,0
IPL_2024_000,1,SRH,Shahbaz Ahmed,0,1,0,0,0.0,out,0
IPL_2024_000,1,SRH,H Klaasen,32,21,3,1,152.38,out,0
IPL_2024_000,1,SRH,Abdul Samad,16,12,0,2,133.33,out,0
IPL_2024_000,1,SRH,Sanvir Singh,0,1,0,0,0.0,out,0
IPL_2024_000,1,SRH,PJ Cummins,30,24,2,2,125.0,out,0
IPL_2024_000,1,SRH,B Kumar,0,4,0,0,0.0,out,0
IPL_2024_000,1,SRH,V Viyaskanth,7,5,0,0,140.0,not out,1
IPL_2024_000,2,KKR,Rahmanullah Gurbaz,23,14,2,2,164.29,out,0
IPL_2024_000,2,KKR,SP Narine,21,16,4,0,131.25,out,0
IPL_2024_000,2,KKR,VR Iyer,51,28,5,4,182.14,not out,1
IPL_2024_000,2,KKR,SS Iyer,58,24,5,4,241.67,not out,1
IPL_2024_000,1,RCB,V Kohli,33,24,3,1,137.5,out,0
IPL_2024_000,1,RCB,F du Plessis,17,14,2,1,121.43,out,0
IPL_2024_000,1,RCB,C Green,27,21,2,1,128.57,out,0
IPL_2024_000,1,RCB,RM Patidar,34,22,2,2,154.55,out,0
IPL_2024_000,1,RCB,GJ Maxwell,0,1,0,0,0.0,out,0
IPL_2024_000,1,RCB,MK Lomror,32,17,2,2,188.24,out,0
IPL_2024_000,1,RCB,KD Karthik,11,13,1,0,84.62,out,0
IPL_2024_000,1,RCB,Swapnil Singh,9,4,0,1,225.0,not out,1
IPL_2024_000,1,RCB,KV Sharma,5,4,1,0,125.0,out,0
IPL_2024_000,2,RR,YBK Jaiswal,45,30,8,0,150.0,out,0
IPL_2024_000,2,RR,T Kohler-Cadmore,20,15,4,0,133.33,out,0
IPL_2024_000,2,RR,SV Samson,17,13,0,1,130.77,out,0
IPL_2024_000,2,RR,R Parag,36,26,2,2,138.46,out,0
IPL_2024_000,2,RR,Dhruv Jurel,8,8,1,0,100.0,out,0
IPL_2024_000,2,RR,SO Hetmyer,26,14,3,1,185.71,out,0
IPL_2024_000,2,RR,R Powell,16,8,2,1,200.0,not out,1
IPL_2024_000,1,SRH,TM Head,34,28,3,1,121.43,out,0
IPL_2024_000,1,SRH,Abhishek Sharma,12,5,1,1,240.0,out,0
IPL_2024_000,1,SRH,RA Tripathi,37,15,5,2,246.67,out,0
IPL_2024_000,1,SRH,AK Markram,1,2,0,0,50.0,out,0
IPL_2024_000,1,SRH,H Klaasen,50,34,0,4,147.06,out,0
IPL_2024_000,1,SRH,Nithish Kumar Reddy,5,10,0,0,50.0,out,0
IPL_2024_000,1,SRH,Abdul Samad,0,1,0,0,0.0,out,0
IPL_2024_000,1,SRH,Shahbaz Ahmed,18,18,0,1,100.0,out,0
IPL_2024_000,1,SRH,PJ Cummins,5,5,1,0,100.0,not out,1
IPL_2024_000,1,SRH,JD Unadkat,5,2,1,0,250.0,out,0
IPL_2024_000,2,RR,YBK Jaiswal,42,21,4,3,200.0,out,0
IPL_2024_000,2,RR,T Kohler-Cadmore,10,16,1,0,62.5,out,0
IPL_2024_000,2,RR,SV Samson,10,11,1,0,90.91,out,0
IPL_2024_000,2,RR,R Parag,6,10,0,0,60.0,out,0
IPL_2024_000,2,RR,Dhruv Jurel,56,35,7,2,160.0,not out,1
IPL_2024_000,2,RR,R Ashwin,0,3,0,0,0.0,out,0
IPL_2024_000,2,RR,SO Hetmyer,4,10,0,0,40.0,out,0
IPL_2024_000,2,RR,R Powell,6,12,0,0,50.0,out,0
IPL_2024_000,2,RR,TA Boult,0,3,0,0,0.0,not out,1
IPL_2024_000,1,SRH,Abhishek Sharma,2,5,0,0,40.0,out,0
IPL_2024_000,1,SRH,RA Tripathi,9,13,1,0,69.23,out,0
IPL_2024_000,1,SRH,TM Head,0,1,0,0,0.0,out,0
IPL_2024_000,1,SRH,AK Markram,20,23,3,0,86.96,out,0
IPL_2024_000,1,SRH,Nithish Kumar Reddy,13,10,1,1,130.0,out,0
IPL_2024_000,1,SRH,H Klaasen,16,17,1,0,94.12,out,0
IPL_2024_000,1,SRH,Shahbaz Ahmed,8,7,0,1,114.29,out,0
IPL_2024_000,1,SRH,Abdul Samad,4,4,0,0,100.0,out,0
IPL_2024_000,1,SRH,PJ Cummins,24,19,2,1,126.32,out,0
IPL_2024_000,1,SRH,JD Unadkat,4,11,0,0,36.36,out,0
IPL_2024_000,1,SRH,B Kumar,0,1,0,0,0.0,not out,1
IPL_2024_000,2,KKR,Rahmanullah Gurbaz,39,32,5,2,121.88,out,0
IPL_2024_000,2,KKR,SP Narine,6,2,0,1,300.0,out,0
IPL_2024_000,2,KKR,VR Iyer,52,26,4,3,200.0,not out,1
IPL_2024_000,2,KKR,SS Iyer,6,3,1,0,200.0,not out,1
IPL_2025_001,1,KKR,Q de Kock,4,5,1,0,80.0,out,0
IPL_2025_001,1,KKR,AM Rahane,56,31,6,4,180.65,out,0
IPL_2025_001,1,KKR,SP Narine,44,26,5,3,169.23,out,0
IPL_2025_001,1,KKR,VR Iyer,6,7,1,0,85.71,out,0
IPL_2025_001,1,KKR,A Raghuvanshi,30,22,2,1,136.36,out,0
IPL_2025_001,1,KKR,RK Singh,12,10,1,0,120.0,out,0
IPL_2025_001,1,KKR,AD Russell,4,3,1,0,133.33,out,0
IPL_2025_001,1,KKR,Ramandeep Singh,6,9,0,0,66.67,not out,1
IPL_2025_001,1,KKR,Harshit Rana,5,6,1,0,83.33,out,0
IPL_2025_001,1,KKR,SH Johnson,1,1,0,0,100.0,not out,1
IPL_2025_001,2,RCB,PD Salt,56,31,9,2,180.65,out,0
IPL_2025_001,2,RCB,V Kohli,59,36,4,3,163.89,not out,1
IPL_2025_001,2,RCB,D Padikkal,10,10,1,0,100.0,out,0
IPL_2025_001,2,RCB,RM Patidar,34,16,5,1,212.5,out,0
IPL_2025_001,2,RCB,LS Livingstone,15,5,2,1,300.0,not out,1
IPL_2025_002,1,SRH,Abhishek Sharma,24,11,5,0,218.18,out,0
IPL_2025_002,1,SRH,TM Head,67,31,9,3,216.13,out,0
IPL_2025_002,1,SRH,Ishan Kishan,106,47,11,6,225.53,not out,1
IPL_2025_002,1,SRH,Nithish Kumar Reddy,30,15,4,1,200.0,out,0
IPL_2025_002,1,SRH,H Klaasen,34,14,5,1,242.86,out,0
IPL_2025_002,1,SRH,Aniket Verma,7,3,0,1,233.33,out,0
IPL_2025_002,1,SRH,A Manohar,0,1,0,0,0.0,out,0
IPL_2025_002,1,SRH,PJ Cummins,0,1,0,0,0.0,not out,1
IPL_2025_002,2,RR,YBK Jaiswal,1,5,0,0,20.0,out,0
IPL_2025_002,2,RR,SV Samson,66,37,7,4,178.38,out,0
IPL_2025_002,2,RR,R Parag,4,2,1,0,200.0,out,0
IPL_2025_002,2,RR,N Rana,11,8,2,0,137.5,out,0
IPL_2025_002,2,RR,Dhruv Jurel,70,35,5,6,200.0,out,0
IPL_2025_002,2,RR,SB Dubey,34,11,1,4,309.09,not out,1
IPL_2025_002,2,RR,SO Hetmyer,42,23,1,4,182.61,out,0
IPL_2025_002,2,RR,JC Archer,1,1,0,0,100.0,not out,1
IPL_2025_003,1,MI,RG Sharma,0,4,0,0,0.0,out,0
IPL_2025_003,1,MI,WG Jacks,11,7,2,0,157.14,out,0
IPL_2025_003,1,MI,RD Rickelton,13,7,3,0,185.71,out,0
IPL_2025_003,1,MI,SA Yadav,29,26,2,1,111.54,out,0
IPL_2025_003,1,MI,Tilak Varma,31,25,2,2,124.0,out,0
IPL_2025_003,1,MI,R Minz,3,9,0,0,33.33,out,0
IPL_2025_003,1,MI,Naman Dhir,17,12,1,0,141.67,out,0
IPL_2025_003,1,MI,MJ Santner,11,13,1,0,84.62,out,0
IPL_2025_003,1,MI,DL Chahar,28,15,2,2,186.67,not out,1
IPL_2025_003,1,MI,TA Boult,1,2,0,0,50.0,out,0
IPL_2025_003,1,MI,PVSN Raju,1,1,0,0,100.0,not out,1
IPL_2025_003,2,CSK,R Ravindra,65,45,2,4,144.44,not out,1
IPL_2025_003,2,CSK,RA Tripathi,2,3,0,0,66.67,out,0
IPL_2025_003,2,CSK,RD Gaikwad,53,26,6,3,203.85,out,0
IPL_2025_003,2,CSK,S Dube,9,7,0,1,128.57,out,0
IPL_2025_003,2,CSK,DJ Hooda,3,5,0,0,60.0,out,0
IPL_2025_003,2,CSK,SM Curran,4,9,0,0,44.44,out,0
IPL_2025_003,2,CSK,RA Jadeja,17,18,1,0,94.44,out,0
IPL_2025_003,2,CSK,MS Dhoni,0,2,0,0,0.0,not out,1
IPL_2025_004,1,LSG,AK Markram,15,13,1,1,115.38,out,0
IPL_2025_004,1,LSG,MR Marsh,72,36,6,6,200.0,out,0
IPL_2025_004,1,LSG,N Pooran,75,30,6,7,250.0,out,0
IPL_2025_004,1,LSG,RR Pant,0,6,0,0,0.0,out,0
IPL_2025_004,1,LSG,DA Miller,27,19,1,2,142.11,not out,1
IPL_2025_004,1,LSG,A Badoni,4,5,0,0,80.0,out,0
IPL_2025_004,1,LSG,SN Thakur,0,2,0,0,0.0,out,0
IPL_2025_004,1,LSG,Shahbaz Ahmed,9,8,1,0,112.5,out,0
IPL_2025_004,1,LSG,Ravi Bishnoi,0,2,0,0,0.0,out,0
IPL_2025_004,2,DC,J Fraser-McGurk,1,2,0,0,50.0,out,0
IPL_2025_004,2,DC,F du Plessis,29,18,3,2,161.11,out,0
IPL_2025_004,2,DC,Abishek Porel,0,2,0,0,0.0,out,0
IPL_2025_004,2,DC,Sameer Rizvi,4,4,1,0,100.0,out,0
IPL_2025_004,2,DC,AR Patel,22,11,3,1,200.0,out,0
IPL_2025_004,2,DC,T Stubbs,34,22,1,3,154.55,out,0
IPL_2025_004,2,DC,Ashutosh Sharma,66,31,5,5,212.9,not out,1
IPL_2025_004,2,DC,V Nigam,39,15,5,2,260.0,out,0
IPL_2025_004,2,DC,MA Starc,2,5,0,0,40.0,out,0
IPL_2025_004,2,DC,Kuldeep Yadav,5,5,1,0,100.0,out,0
IPL_2025_004,2,DC,MM Sharma,1,2,0,0,50.0,not out,1
IPL_2025_005,1,PBKS,Priyansh Arya,47,23,7,2,204.35,out,0
IPL_2025_005,1,PBKS,P Simran Singh,5,8,1,0,62.5,out,0
IPL_2025_005,1,PBKS,SS Iyer,97,42,5,9,230.95,not out,1
IPL_2025_005,1,PBKS,Azmatullah Omarzai,16,15,2,1,106.67,out,0
IPL_2025_005,1,PBKS,GJ Maxwell,0,1,0,0,0.0,out,0
IPL_2025_005,1,PBKS,MP Stoinis,20,15,1,2,133.33,out,0
IPL_2025_005,1,PBKS,Shashank Singh,44,16,6,2,275.0,not out,1
IPL_2025_005,2,GT,B Sai Sudharsan,74,41,5,6,180.49,out,0
IPL_2025_005,2,GT,Shubman Gill,33,14,2,3,235.71,out,0
IPL_2025_005,2,GT,JC Buttler,54,33,4,2,163.64,out,0
IPL_2025_005,2,GT,SE Rutherford,46,28,4,3,164.29,out,0
IPL_2025_005,2,GT,R Tewatia,6,2,0,1,300.0,out,0
IPL_2025_005,2,GT,Arshad Khan,1,1,0,0,100.0,not out,1
IPL_2025_005,2,GT,M Shahrukh Khan,6,1,0,1,600.0,not out,1
IPL_2025_006,1,RR,YBK Jaiswal,29,24,2,2,120.83,out,0
IPL_2025_006,1,RR,SV Samson,13,11,2,0,118.18,out,0
IPL_2025_006,1,RR,R Parag,25,15,0,3,166.67,out,0
IPL_2025_006,1,RR,N Rana,8,9,0,0,88.89,out,0
IPL_2025_006,1,RR,PWH de Silva,4,4,0,0,100.0,out,0
IPL_2025_006,1,RR,Dhruv Jurel,33,28,5,0,117.86,out,0
IPL_2025_006,1,RR,SB Dubey,9,12,1,0,75.0,out,0
IPL_2025_006,1,RR,SO Hetmyer,7,8,1,0,87.5,out,0
IPL_2025_006,1,RR,JC Archer,16,7,0,2,228.57,out,0
IPL_2025_006,1,RR,M Theekshana,1,1,0,0,100.0,not out,1
IPL_2025_006,1,RR,TU Deshpande,2,1,0,0,200.0,not out,1
IPL_2025_006,2,KKR,MM Ali,5,12,0,0,41.67,out,0
IPL_2025_006,2,KKR,Q de Kock,97,61,8,6,159.02,not out,1
IPL_2025_006,2,KKR,AM Rahane,18,15,1,1,120.0,out,0
IPL_2025_006,2,KKR,A Raghuvanshi,22,17,2,0,129.41,not out,1
IPL_2025_007,1,SRH,TM Head,47,28,5,3,167.86,out,0
IPL_2025_007,1,SRH,Abhishek Sharma,6,6,1,0,100.0,out,0
IPL_2025_007,1,SRH,Ishan Kishan,0,1,0,0,0.0,out,0
IPL_2025_007,1,SRH,Nithish Kumar Reddy,32,28,2,0,114.29,out,0
IPL_2025_007,1,SRH,H Klaasen,26,17,2,1,152.94,out,0
IPL_2025_007,1,SRH,Aniket Verma,36,13,0,5,276.92,out,0
IPL_2025_007,1,SRH,A Manohar,2,6,0,0,33.33,out,0
IPL_2025_007,1,SRH,HV Patel,12,11,0,0,109.09,not out,1
IPL_2025_007,1,SRH,PJ Cummins,18,4,0,3,450.0,out,0
IPL_2025_007,1,SRH,Mohammed Shami,1,3,0,0,33.33,out,0
IPL_2025_007,1,SRH,Simarjeet Singh,3,4,0,0,75.0,not out,1
IPL_2025_007,2,LSG,MR Marsh,52,31,7,2,167.74,out,0
IPL_2025_007,2,LSG,AK Markram,1,4,0,0,25.0,out,0
IPL_2025_007,2,LSG,N Pooran,70,26,6,6,269.23,out,0
IPL_2025_007,2,LSG,RR Pant,15,15,0,1,100.0,out,0
IPL_2025_007,2,LSG,A Badoni,6,6,1,0,100.0,out,0
IPL_2025_007,2,LSG,DA Miller,13,7,2,0,185.71,not out,1
IPL_2025_007,2,LSG,Abdul Samad,22,8,2,2,275.0,not out,1
IPL_2025_008,1,RCB,PD Salt,32,16,5,1,200.0,out,0
IPL_2025_008,1,RCB,V Kohli,31,30,2,1,103.33,out,0
IPL_2025_008,1,RCB,D Padikkal,27,14,2,2,192.86,out,0
IPL_2025_008,1,RCB,RM Patidar,51,32,4,3,159.38,out,0
IPL_2025_008,1,RCB,LS Livingstone,10,9,0,1,111.11,out,0
IPL_2025_008,1,RCB,JM Sharma,12,6,1,1,200.0,out,0
IPL_2025_008,1,RCB,TH David,22,8,1,3,275.0,not out,1
IPL_2025_008,1,RCB,KH Pandya,0,3,0,0,0.0,out,0
IPL_2025_008,1,RCB,B Kumar,0,2,0,0,0.0,not out,1
IPL_2025_008,2,CSK,R Ravindra,41,31,5,0,132.26,out,0
IPL_2025_008,2,CSK,RA Tripathi,5,3,1,0,166.67,out,0
IPL_2025_008,2,CSK,RD Gaikwad,0,4,0,0,0.0,out,0
IPL_2025_008,2,CSK,DJ Hooda,4,9,1,0,44.44,out,0
IPL_2025_008,2,CSK,SM Curran,8,13,0,0,61.54,out,0
IPL_2025_008,2,CSK,S Dube,19,15,2,1,126.67,out,0
IPL_2025_008,2,CSK,RA Jadeja,25,19,2,1,131.58,out,0
IPL_2025_008,2,CSK,R Ashwin,11,8,1,0,137.5,out,0
IPL_2025_008,2,CSK,MS Dhoni,30,16,3,2,187.5,not out,1
IPL_2025_008,2,CSK,Noor Ahmad,0,2,0,0,0.0,not out,1
IPL_2025_009,1,GT,B Sai Sudharsan,63,41,4,2,153.66,out,0
IPL_2025_009,1,GT,Shubman Gill,38,27,4,1,140.74,out,0
IPL_2025_009,1,GT,JC Buttler,39,24,5,1,162.5,out,0
IPL_2025_009,1,GT,M Shahrukh Khan,9,7,0,1,128.57,out,0
IPL_2025_009,1,GT,SE Rutherford,18,11,0,2,163.64,out,0
IPL_2025_009,1,GT,K Rabada,7,5,0,1,140.0,not out,1
IPL_2025_009,1,GT,Rashid Khan,6,4,0,1,150.0,out,0
IPL_2025_009,1,GT,R Sai Kishore,1,1,0,0,100.0,out,0
IPL_2025_009,2,MI,RG Sharma,8,4,2,0,200.0,out,0
IPL_2025_009,2,MI,Tilak Varma,39,36,3,1,108.33,out,0
IPL_2025_009,2,MI,RD Rickelton,6,9,1,0,66.67,out,0
IPL_2025_009,2,MI,SA Yadav,48,28,1,4,171.43,out,0
IPL_2025_009,2,MI,R Minz,3,6,0,0,50.0,out,0
IPL_2025_009,2,MI,HH Pandya,11,17,1,0,64.71,out,0
IPL_2025_009,2,MI,Naman Dhir,18,11,3,0,163.64,not out,1
IPL_2025_009,2,MI,MJ Santner,18,9,1,2,200.0,not out,1
IPL_2025_010,1,SRH,Abhishek Sharma,1,1,0,0,100.0,out,0
IPL_2025_010,1,SRH,TM Head,22,12,4,0,183.33,out,0
IPL_2025_010,1,SRH,Ishan Kishan,2,5,0,0,40.0,out,0
IPL_2025_010,1,SRH,Nithish Kumar Reddy,0,2,0,0,0.0,out,0
IPL_2025_010,1,SRH,Aniket Verma,74,41,5,6,180.49,out,0
IPL_2025_010,1,SRH,H Klaasen,32,19,2,2,168.42,out,0
IPL_2025_010,1,SRH,A Manohar,4,6,0,0,66.67,out,0
IPL_2025_010,1,SRH,PJ Cummins,2,7,0,0,28.57,out,0
IPL_2025_010,1,SRH,PWA Mulder,9,11,1,0,81.82,out,0
IPL_2025_010,1,SRH,HV Patel,5,9,0,0,55.56,out,0
IPL_2025_010,1,SRH,Mohammed Shami,1,1,0,0,100.0,not out,1
IPL_2025_010,2,DC,J Fraser-McGurk,38,32,4,2,118.75,out,0
IPL_2025_010,2,DC,F du Plessis,50,27,3,3,185.19,out,0
IPL_2025_010,2,DC,Abishek Porel,34,18,2,2,188.89,not out,1
IPL_2025_010,2,DC,KL Rahul,15,5,2,1,300.0,out,0
IPL_2025_010,2,DC,T Stubbs,21,14,3,0,150.0,not out,1
IPL_2025_011,1,RR,YBK Jaiswal,4,3,1,0,133.33,out,0
IPL_2025_011,1,RR,N Rana,81,36,10,5,225.0,out,0
IPL_2025_011,1,RR,SV Samson,20,16,1,1,125.0,out,0
IPL_2025_011,1,RR,R Parag,37,28,2,2,132.14,out,0
IPL_2025_011,1,RR,Dhruv Jurel,3,7,0,0,42.86,out,0
IPL_2025_011,1,RR,PWH de Silva,4,5,0,0,80.0,out,0
IPL_2025_011,1,RR,SO Hetmyer,19,16,1,1,118.75,out,0
IPL_2025_011,1,RR,JC Archer,0,2,0,0,0.0,out,0
IPL_2025_011,1,RR,K Kartikeya,1,1,0,0,100.0,out,0
IPL_2025_011,1,RR,M Theekshana,2,4,0,0,50.0,not out,1
IPL_2025_011,1,RR,TU Deshpande,1,2,0,0,50.0,not out,1
IPL_2025_011,2,CSK,R Ravindra,0,4,0,0,0.0,out,0
IPL_2025_011,2,CSK,RD Gaikwad,63,44,7,1,143.18,out,0
IPL_2025_011,2,CSK,RA Tripathi,23,19,3,1,121.05,out,0
IPL_2025_011,2,CSK,S Dube,18,10,1,2,180.0,out,0
IPL_2025_011,2,CSK,V Shankar,9,6,0,1,150.0,out,0
IPL_2025_011,2,CSK,RA Jadeja,32,22,2,1,145.45,not out,1
IPL_2025_011,2,CSK,MS Dhoni,16,11,1,1,145.45,out,0
IPL_2025_011,2,CSK,J Overton,11,4,0,1,275.0,not out,1
IPL_2025_012,1,KKR,Q de Kock,1,3,0,0,33.33,out,0
IPL_2025_012,1,KKR,SP Narine,0,2,0,0,0.0,out,0
IPL_2025_012,1,KKR,AM Rahane,11,7,1,1,157.14,out,0
IPL_2025_012,1,KKR,A Raghuvanshi,26,16,3,1,162.5,out,0
IPL_2025_012,1,KKR,VR Iyer,3,9,0,0,33.33,out,0
IPL_2025_012,1,KKR,RK Singh,17,14,1,1,121.43,out,0
IPL_2025_012,1,KKR,MK Pandey,19,14,2,1,135.71,out,0
IPL_2025_012,1,KKR,AD Russell,5,11,1,0,45.45,out,0
IPL_2025_012,1,KKR,Ramandeep Singh,22,12,1,2,183.33,out,0
IPL_2025_012,1,KKR,Harshit Rana,4,8,0,0,50.0,out,0
IPL_2025_012,1,KKR,SH Johnson,1,3,0,0,33.33,not out,1
IPL_2025_012,2,MI,RG Sharma,13,12,0,1,108.33,out,0
IPL_2025_012,2,MI,RD Rickelton,62,41,4,5,151.22,not out,1
IPL_2025_012,2,MI,WG Jacks,16,17,0,1,94.12,out,0
IPL_2025_012,2,MI,SA Yadav,27,9,3,2,300.0,not out,1
IPL_2025_013,1,LSG,AK Markram,28,18,4,1,155.56,out,0
IPL_2025_013,1,LSG,MR Marsh,0,1,0,0,0.0,out,0
IPL_2025_013,1,LSG,N Pooran,44,30,5,2,146.67,out,0
IPL_2025_013,1,LSG,RR Pant,2,5,0,0,40.0,out,0
IPL_2025_013,1,LSG,A Badoni,41,33,1,3,124.24,out,0
IPL_2025_013,1,LSG,DA Miller,19,18,3,0,105.56,out,0
IPL_2025_013,1,LSG,Abdul Samad,27,12,2,2,225.0,out,0
IPL_2025_013,1,LSG,SN Thakur,3,3,0,0,100.0,not out,1
IPL_2025_013,1,LSG,Avesh Khan,0,0,0,0,0.0,not out,1
IPL_2025_013,2,PBKS,Priyansh Arya,8,9,1,0,88.89,out,0
IPL_2025_013,2,PBKS,P Simran Singh,69,34,9,3,202.94,out,0
IPL_2025_013,2,PBKS,SS Iyer,52,30,3,4,173.33,not out,1
IPL_2025_013,2,PBKS,N Wadhera,43,25,3,4,172.0,not out,1
IPL_2025_014,1,RCB,PD Salt,14,13,1,1,107.69,out,0
IPL_2025_014,1,RCB,V Kohli,7,6,1,0,116.67,out,0
IPL_2025_014,1,RCB,D Padikkal,4,3,1,0,133.33,out,0
IPL_2025_014,1,RCB,RM Patidar,12,12,2,0,100.0,out,0
IPL_2025_014,1,RCB,LS Livingstone,54,40,1,5,135.0,out,0
IPL_2025_014,1,RCB,JM Sharma,33,21,5,1,157.14,out,0
IPL_2025_014,1,RCB,KH Pandya,5,5,1,0,100.0,out,0
IPL_2025_014,1,RCB,TH David,32,18,3,2,177.78,out,0
IPL_2025_014,1,RCB,B Kumar,1,2,0,0,50.0,not out,1
IPL_2025_014,2,GT,B Sai Sudharsan,49,36,7,1,136.11,out,0
IPL_2025_014,2,GT,Shubman Gill,14,14,1,1,100.0,out,0
IPL_2025_014,2,GT,JC Buttler,73,39,5,6,187.18,not out,1
IPL_2025_014,2,GT,SE Rutherford,30,18,1,3,166.67,not out,1
IPL_2025_015,1,KKR,Q de Kock,1,6,0,0,16.67,out,0
IPL_2025_015,1,KKR,SP Narine,7,7,0,1,100.0,out,0
IPL_2025_015,1,KKR,AM Rahane,38,27,1,4,140.74,out,0
IPL_2025_015,1,KKR,A Raghuvanshi,50,32,5,2,156.25,out,0
IPL_2025_015,1,KKR,VR Iyer,60,29,7,3,206.9,out,0
IPL_2025_015,1,KKR,RK Singh,32,17,4,1,188.24,not out,1
IPL_2025_015,1,KKR,AD Russell,1,2,0,0,50.0,out,0
IPL_2025_015,2,SRH,TM Head,4,2,1,0,200.0,out,0
IPL_2025_015,2,SRH,Ishan Kishan,2,5,0,0,40.0,out,0
IPL_2025_015,2,SRH,Abhishek Sharma,2,6,0,0,33.33,out,0
IPL_2025_015,2,SRH,PHKD Mendis,27,20,1,2,135.0,out,0
IPL_2025_015,2,SRH,Nithish Kumar Reddy,19,15,2,1,126.67,out,0
IPL_2025_015,2,SRH,H Klaasen,33,21,2,2,157.14,out,0
IPL_2025_015,2,SRH,Aniket Verma,6,6,1,0,100.0,out,0
IPL_2025_015,2,SRH,PJ Cummins,14,15,2,0,93.33,out,0
IPL_2025_015,2,SRH,HV Patel,3,5,0,0,60.0,out,0
IPL_2025_015,2,SRH,Simarjeet Singh,0,1,0,0,0.0,out,0
IPL_2025_015,2,SRH,Mohammed Shami,2,4,0,0,50.0,not out,1
IPL_2025_016,1,LSG,MR Marsh,60,31,9,2,193.55,out,0
IPL_2025_016,1,LSG,AK Markram,53,38,2,4,139.47,out,0
IPL_2025_016,1,LSG,N Pooran,12,6,1,1,200.0,out,0
IPL_2025_016,1,LSG,RR Pant,2,6,0,0,33.33,out,0
IPL_2025_016,1,LSG,A Badoni,30,19,4,0,157.89,out,0
IPL_2025_016,1,LSG,DA Miller,27,14,3,1,192.86,out,0
IPL_2025_016,1,LSG,Abdul Samad,4,2,1,0,200.0,out,0
IPL_2025_016,1,LSG,SN Thakur,5,2,1,0,250.0,not out,1
IPL_2025_016,1,LSG,Akash Deep,0,1,0,0,0.0,out,0
IPL_2025_016,1,LSG,Avesh Khan,2,1,0,0,200.0,not out,1
IPL_2025_016,2,MI,WG Jacks,5,7,0,0,71.43,out,0
IPL_2025_016,2,MI,RD Rickelton,10,5,2,0,200.0,out,0
IPL_2025_016,2,MI,Naman Dhir,46,24,4,3,191.67,out,0
IPL_2025_016,2,MI,SA Yadav,67,43,9,1,155.81,out,0
IPL_2025_016,2,MI,Tilak Varma,25,23,2,0,108.7,out,0
IPL_2025_016,2,MI,HH Pandya,28,16,2,1,175.0,not out,1
IPL_2025_016,2,MI,MJ Santner,2,2,0,0,100.0,not out,1
IPL_2025_017,1,DC,J Fraser-McGurk,0,5,0,0,0.0,out,0
IPL_2025_017,1,DC,Abishek Porel,33,20,4,1,165.0,out,0
IPL_2025_017,1,DC,KL Rahul,77,51,6,3,150.98,out,0
IPL_2025_017,1,DC,AR Patel,21,14,2,1,150.0,out,0
IPL_2025_017,1,DC,Sameer Rizvi,20,15,1,1,133.33,out,0
IPL_2025_017,1,DC,T Stubbs,24,12,2,1,200.0,not out,1
IPL_2025_017,1,DC,Ashutosh Sharma,1,1,0,0,100.0,out,0
IPL_2025_017,1,DC,V Nigam,1,2,0,0,50.0,not out,1
IPL_2025_017,2,CSK,R Ravindra,3,6,0,0,50.0,out,0
IPL_2025_017,2,CSK,DP Conway,13,14,1,0,92.86,out,0
IPL_2025_017,2,CSK,RD Gaikwad,5,4,1,0,125.0,out,0
IPL_2025_017,2,CSK,V Shankar,69,54,5,1,127.78,not out,1
IPL_2025_017,2,CSK,S Dube,18,15,1,1,120.0,out,0
IPL_2025_017,2,CSK,RA Jadeja,2,3,0,0,66.67,out,0
IPL_2025_017,2,CSK,MS Dhoni,30,26,1,1,115.38,not out,1
IPL_2025_018,1,RR,YBK Jaiswal,67,45,3,5,148.89,out,0
IPL_2025_018,1,RR,SV Samson,38,26,6,0,146.15,out,0
IPL_2025_018,1,RR,R Parag,43,25,3,3,172.0,not out,1
IPL_2025_018,1,RR,N Rana,12,7,2,0,171.43,out,0
IPL_2025_018,1,RR,SO Hetmyer,20,12,2,1,166.67,out,0
IPL_2025_018,1,RR,Dhruv Jurel,13,5,1,1,260.0,not out,1
IPL_2025_018,2,PBKS,Priyansh Arya,0,1,0,0,0.0,out,0
IPL_2025_018,2,PBKS,SS Iyer,10,5,2,0,200.0,out,0
IPL_2025_018,2,PBKS,P Simran Singh,17,16,2,0,106.25,out,0
IPL_2025_018,2,PBKS,MP Stoinis,1,7,0,0,14.29,out,0
IPL_2025_018,2,PBKS,N Wadhera,62,41,4,3,151.22,out,0
IPL_2025_018,2,PBKS,GJ Maxwell,30,21,3,1,142.86,out,0
IPL_2025_018,2,PBKS,Suryansh Shedge,2,4,0,0,50.0,out,0
IPL_2025_018,2,PBKS,Shashank Singh,10,13,0,0,76.92,not out,1
IPL_2025_018,2,PBKS,M Jansen,3,6,0,0,50.0,out,0
IPL_2025_018,2,PBKS,Arshdeep Singh,1,5,0,0,20.0,out,0
IPL_2025_018,2,PBKS,LH Ferguson,4,1,1,0,400.0,not out,1
IPL_2025_021,1,LSG,AK Markram,47,28,4,2,167.86,out,0
IPL_2025_021,1,LSG,MR Marsh,81,48,6,5,168.75,out,0
IPL_2025_021,1,LSG,N Pooran,87,36,7,8,241.67,not out,1
IPL_2025_021,1,LSG,Abdul Samad,6,4,1,0,150.0,out,0
IPL_2025_021,1,LSG,DA Miller,4,4,0,0,100.0,not out,1
IPL_2025_021,2,KKR,Q de Kock,15,9,0,2,166.67,out,0
IPL_2025_021,2,KKR,SP Narine,30,13,4,2,230.77,out,0
IPL_2025_021,2,KKR,AM Rahane,61,35,8,2,174.29,out,0
IPL_2025_021,2,KKR,VR Iyer,45,29,6,1,155.17,out,0
IPL_2025_021,2,KKR,Ramandeep Singh,1,2,0,0,50.0,out,0
IPL_2025_021,2,KKR,A Raghuvanshi,5,4,1,0,125.0,out,0
IPL_2025_021,2,KKR,RK Singh,38,15,6,2,253.33,not out,1
IPL_2025_021,2,KKR,AD Russell,7,4,0,1,175.0,out,0
IPL_2025_021,2,KKR,Harshit Rana,10,9,2,0,111.11,not out,1
IPL_2025_019,1,SRH,Abhishek Sharma,18,16,4,0,112.5,out,0
IPL_2025_019,1,SRH,TM Head,8,5,2,0,160.0,out,0
IPL_2025_019,1,SRH,Ishan Kishan,17,14,2,0,121.43,out,0
IPL_2025_019,1,SRH,Nithish Kumar Reddy,31,34,3,0,91.18,out,0
IPL_2025_019,1,SRH,H Klaasen,27,19,2,1,142.11,out,0
IPL_2025_019,1,SRH,Aniket Verma,18,14,2,0,128.57,out,0
IPL_2025_019,1,SRH,PHKD Mendis,1,5,0,0,20.0,out,0
IPL_2025_019,1,SRH,PJ Cummins,22,9,3,1,244.44,not out,1
IPL_2025_019,1,SRH,Simarjeet Singh,0,2,0,0,0.0,out,0
IPL_2025_019,1,SRH,Mohammed Shami,6,2,1,0,300.0,not out,1
IPL_2025_019,2,GT,B Sai Sudharsan,5,9,0,0,55.56,out,0
IPL_2025_019,2,GT,Shubman Gill,61,43,9,0,141.86,not out,1
IPL_2025_019,2,GT,JC Buttler,0,3,0,0,0.0,out,0
IPL_2025_019,2,GT,Washington Sundar,49,29,5,2,168.97,out,0
IPL_2025_019,2,GT,SE Rutherford,35,16,6,1,218.75,not out,1
IPL_2025_020,1,RCB,PD Salt,4,2,1,0,200.0,out,0
IPL_2025_020,1,RCB,D Padikkal,37,22,2,3,168.18,out,0
IPL_2025_020,1,RCB,V Kohli,67,42,8,2,159.52,out,0
IPL_2025_020,1,RCB,RM Patidar,64,32,5,4,200.0,out,0
IPL_2025_020,1,RCB,LS Livingstone,0,2,0,0,0.0,out,0
IPL_2025_020,1,RCB,JM Sharma,40,19,2,4,210.53,not out,1
IPL_2025_020,1,RCB,TH David,1,1,0,0,100.0,not out,1
IPL_2025_020,2,MI,RG Sharma,17,9,2,1,188.89,out,0
IPL_2025_020,2,MI,RD Rickelton,17,10,4,0,170.0,out,0
IPL_2025_020,2,MI,WG Jacks,22,18,2,1,122.22,out,0
IPL_2025_020,2,MI,SA Yadav,28,26,5,0,107.69,out,0
IPL_2025_020,2,MI,Tilak Varma,56,29,4,4,193.1,out,0
IPL_2025_020,2,MI,HH Pandya,42,15,3,4,280.0,out,0
IPL_2025_020,2,MI,Naman Dhir,11,6,1,1,183.33,out,0
IPL_2025_020,2,MI,MJ Santner,8,4,0,1,200.0,out,0
IPL_2025_020,2,MI,DL Chahar,0,1,0,0,0.0,out,0
IPL_2025_020,2,MI,TA Boult,1,1,0,0,100.0,not out,1
IPL_2025_020,2,MI,JJ Bumrah,0,1,0,0,0.0,not out,1
IPL_2025_022,1,PBKS,Priyansh Arya,103,42,7,9,245.24,out,0
IPL_2025_022,1,PBKS,P Simran Singh,0,2,0,0,0.0,out,0
IPL_2025_022,1,PBKS,SS Iyer,9,7,0,1,128.57,out,0
IPL_2025_022,1,PBKS,MP Stoinis,4,7,0,0,57.14,out,0
IPL_2025_022,1,PBKS,N Wadhera,9,7,0,1,128.57,out,0
IPL_2025_022,1,PBKS,GJ Maxwell,1,2,0,0,50.0,out,0
IPL_2025_022,1,PBKS,Shashank Singh,52,36,2,3,144.44,not out,1
IPL_2025_022,1,PBKS,M Jansen,34,19,2,2,178.95,not out,1
IPL_2025_022,2,CSK,R Ravindra,36,23,6,0,156.52,out,0
IPL_2025_022,2,CSK,DP Conway,69,49,6,2,140.82,out,0
IPL_2025_022,2,CSK,RD Gaikwad,1,3,0,0,33.33,out,0
IPL_2025_022,2,CSK,S Dube,42,27,3,2,155.56,out,0
IPL_2025_022,2,CSK,MS Dhoni,27,12,1,3,225.0,out,0
IPL_2025_022,2,CSK,RA Jadeja,9,5,0,1,180.0,not out,1
IPL_2025_022,2,CSK,V Shankar,2,2,0,0,100.0,not out,1
IPL_2025_023,1,GT,B Sai Sudharsan,82,53,8,3,154.72,out,0
IPL_2025_023,1,GT,Shubman Gill,2,3,0,0,66.67,out,0
IPL_2025_023,1,GT,JC Buttler,36,25,5,0,144.0,out,0
IPL_2025_023,1,GT,M Shahrukh Khan,36,20,4,2,180.0,out,0
IPL_2025_023,1,GT,SE Rutherford,7,3,0,1,233.33,out,0
IPL_2025_023,1,GT,R Tewatia,24,12,2,2,200.0,not out,1
IPL_2025_023,1,GT,Rashid Khan,12,4,1,1,300.0,out,0
IPL_2025_023,2,RR,YBK Jaiswal,6,7,1,0,85.71,out,0
IPL_2025_023,2,RR,SV Samson,41,28,4,2,146.43,out,0
IPL_2025_023,2,RR,N Rana,1,3,0,0,33.33,out,0
IPL_2025_023,2,RR,R Parag,26,14,1,3,185.71,out,0
IPL_2025_023,2,RR,Dhruv Jurel,5,4,1,0,125.0,out,0
IPL_2025_023,2,RR,SO Hetmyer,52,32,4,3,162.5,out,0
IPL_2025_023,2,RR,SB Dubey,1,3,0,0,33.33,out,0
IPL_2025_023,2,RR,JC Archer,4,4,0,0,100.0,out,0
IPL_2025_023,2,RR,M Theekshana,5,13,0,0,38.46,out,0
IPL_2025_023,2,RR,TU Deshpande,3,3,0,0,100.0,out,0
IPL_2025_023,2,RR,Sandeep Sharma,6,5,0,0,120.0,not out,1
IPL_2025_024,1,RCB,PD Salt,37,17,4,3,217.65,out,0
IPL_2025_024,1,RCB,V Kohli,22,14,1,2,157.14,out,0
IPL_2025_024,1,RCB,D Padikkal,1,8,0,0,12.5,out,0
IPL_2025_024,1,RCB,RM Patidar,25,23,1,1,108.7,out,0
IPL_2025_024,1,RCB,LS Livingstone,4,6,0,0,66.67,out,0
IPL_2025_024,1,RCB,JM Sharma,3,11,0,0,27.27,out,0
IPL_2025_024,1,RCB,KH Pandya,18,18,1,0,100.0,out,0
IPL_2025_024,1,RCB,TH David,37,20,2,4,185.0,not out,1
IPL_2025_024,1,RCB,B Kumar,1,4,0,0,25.0,not out,1
IPL_2025_024,2,DC,F du Plessis,2,7,0,0,28.57,out,0
IPL_2025_024,2,DC,J Fraser-McGurk,7,6,1,0,116.67,out,0
IPL_2025_024,2,DC,KL Rahul,93,53,7,6,175.47,not out,1
IPL_2025_024,2,DC,Abishek Porel,7,7,1,0,100.0,out,0
IPL_2025_024,2,DC,AR Patel,15,11,2,0,136.36,out,0
IPL_2025_024,2,DC,T Stubbs,38,23,4,1,165.22,not out,1
IPL_2025_025,1,CSK,R Ravindra,4,9,0,0,44.44,out,0
IPL_2025_025,1,CSK,DP Conway,12,11,2,0,109.09,out,0
IPL_2025_025,1,CSK,RA Tripathi,16,22,1,0,72.73,out,0
IPL_2025_025,1,CSK,V Shankar,29,21,2,1,138.1,out,0
IPL_2025_025,1,CSK,S Dube,31,29,3,0,106.9,not out,1
IPL_2025_025,1,CSK,R Ashwin,1,7,0,0,14.29,out,0
IPL_2025_025,1,CSK,RA Jadeja,0,2,0,0,0.0,out,0
IPL_2025_025,1,CSK,DJ Hooda,0,4,0,0,0.0,out,0
IPL_2025_025,1,CSK,MS Dhoni,1,4,0,0,25.0,out,0
IPL_2025_025,1,CSK,Noor Ahmad,1,8,0,0,12.5,out,0
IPL_2025_025,1,CSK,A Kamboj,3,3,0,0,100.0,not out,1
IPL_2025_025,2,KKR,Q de Kock,23,16,0,3,143.75,out,0
IPL_2025_025,2,KKR,SP Narine,44,18,2,5,244.44,out,0
IPL_2025_025,2,KKR,AM Rahane,20,17,1,1,117.65,not out,1
IPL_2025_025,2,KKR,RK Singh,15,12,1,1,125.0,not out,1
IPL_2025_026,1,GT,B Sai Sudharsan,56,37,7,1,151.35,out,0
IPL_2025_026,1,GT,Shubman Gill,60,38,6,1,157.89,out,0
IPL_2025_026,1,GT,JC Buttler,16,14,2,0,114.29,out,0
IPL_2025_026,1,GT,Washington Sundar,2,3,0,0,66.67,out,0
IPL_2025_026,1,GT,SE Rutherford,22,19,3,0,115.79,out,0
IPL_2025_026,1,GT,M Shahrukh Khan,11,6,0,1,183.33,not out,1
IPL_2025_026,1,GT,R Tewatia,0,1,0,0,0.0,out,0
IPL_2025_026,1,GT,Rashid Khan,4,2,0,0,200.0,not out,1
IPL_2025_026,2,LSG,AK Markram,58,31,9,1,187.1,out,0
IPL_2025_026,2,LSG,RR Pant,21,18,4,0,116.67,out,0
IPL_2025_026,2,LSG,N Pooran,61,34,1,7,179.41,out,0
IPL_2025_026,2,LSG,A Badoni,28,20,2,1,140.0,not out,1
IPL_2025_026,2,LSG,DA Miller,7,11,0,0,63.64,out,0
IPL_2025_026,2,LSG,Abdul Samad,2,3,0,0,66.67,not out,1
IPL_2025_027,1,PBKS,Priyansh Arya,36,13,2,4,276.92,out,0
IPL_2025_027,1,PBKS,P Simran Singh,42,23,7,1,182.61,out,0
IPL_2025_027,1,PBKS,SS Iyer,82,36,6,6,227.78,out,0
IPL_2025_027,1,PBKS,N Wadhera,27,22,2,1,122.73,out,0
IPL_2025_027,1,PBKS,Shashank Singh,2,3,0,0,66.67,out,0
IPL_2025_027,1,PBKS,GJ Maxwell,3,7,0,0,42.86,out,0
IPL_2025_027,1,PBKS,MP Stoinis,34,11,1,4,309.09,not out,1
IPL_2025_027,1,PBKS,M Jansen,5,5,0,0,100.0,not out,1
IPL_2025_027,2,SRH,TM Head,66,37,9,3,178.38,out,0
IPL_2025_027,2,SRH,Abhishek Sharma,141,55,14,10,256.36,out,0
IPL_2025_027,2,SRH,H Klaasen,21,14,2,1,150.0,not out,1
IPL_2025_027,2,SRH,Ishan Kishan,9,6,1,0,150.0,not out,1
IPL_2025_028,1,RR,YBK Jaiswal,75,47,10,2,159.57,out,0
IPL_2025_028,1,RR,SV Samson,15,19,1,0,78.95,out,0
IPL_2025_028,1,RR,R Parag,30,22,3,1,136.36,out,0
IPL_2025_028,1,RR,Dhruv Jurel,35,23,2,2,152.17,not out,1
IPL_2025_028,1,RR,SO Hetmyer,9,8,1,0,112.5,out,0
IPL_2025_028,1,RR,N Rana,4,1,1,0,400.0,not out,1
IPL_2025_028,2,RCB,PD Salt,65,33,5,6,196.97,out,0
IPL_2025_028,2,RCB,V Kohli,62,45,4,2,137.78,not out,1
IPL_2025_028,2,RCB,D Padikkal,40,28,5,1,142.86,not out,1
IPL_2025_029,1,MI,RG Sharma,18,12,2,1,150.0,out,0
IPL_2025_029,1,MI,RD Rickelton,41,25,5,2,164.0,out,0
IPL_2025_029,1,MI,SA Yadav,40,28,5,2,142.86,out,0
IPL_2025_029,1,MI,Tilak Varma,59,33,6,3,178.79,out,0
IPL_2025_029,1,MI,HH Pandya,2,4,0,0,50.0,out,0
IPL_2025_029,1,MI,Naman Dhir,38,17,4,2,223.53,not out,1
IPL_2025_029,1,MI,WG Jacks,1,1,0,0,100.0,not out,1
IPL_2025_029,2,DC,J Fraser-McGurk,0,1,0,0,0.0,out,0
IPL_2025_029,2,DC,KK Nair,89,40,12,5,222.5,out,0
IPL_2025_029,2,DC,Abishek Porel,33,25,3,1,132.0,out,0
IPL_2025_029,2,DC,KL Rahul,15,13,1,0,115.38,out,0
IPL_2025_029,2,DC,AR Patel,9,6,2,0,150.0,out,0
IPL_2025_029,2,DC,T Stubbs,1,4,0,0,25.0,out,0
IPL_2025_029,2,DC,Ashutosh Sharma,17,14,2,0,121.43,out,0
IPL_2025_029,2,DC,V Nigam,14,8,1,1,175.0,out,0
IPL_2025_029,2,DC,MA Starc,1,1,0,0,100.0,not out,1
IPL_2025_029,2,DC,Kuldeep Yadav,1,1,0,0,100.0,out,0
IPL_2025_029,2,DC,MM Sharma,0,1,0,0,0.0,out,0
IPL_2025_030,1,LSG,AK Markram,6,6,1,0,100.0,out,0
IPL_2025_030,1,LSG,MR Marsh,30,25,2,2,120.0,out,0
IPL_2025_030,1,LSG,N Pooran,8,9,2,0,88.89,out,0
IPL_2025_030,1,LSG,RR Pant,63,49,4,4,128.57,out,0
IPL_2025_030,1,LSG,A Badoni,22,17,1,2,129.41,out,0
IPL_2025_030,1,LSG,Abdul Samad,20,11,0,2,181.82,out,0
IPL_2025_030,1,LSG,SN Thakur,6,4,1,0,150.0,out,0
IPL_2025_030,2,CSK,SK Rasheed,27,19,6,0,142.11,out,0
IPL_2025_030,2,CSK,R Ravindra,37,22,5,0,168.18,out,0
IPL_2025_030,2,CSK,RA Tripathi,9,10,1,0,90.0,out,0
IPL_2025_030,2,CSK,RA Jadeja,7,11,0,0,63.64,out,0
IPL_2025_030,2,CSK,S Dube,43,37,3,2,116.22,not out,1
IPL_2025_030,2,CSK,V Shankar,9,8,1,0,112.5,out,0
IPL_2025_030,2,CSK,MS Dhoni,26,11,4,1,236.36,not out,1
IPL_2025_031,1,PBKS,Priyansh Arya,22,12,3,1,183.33,out,0
IPL_2025_031,1,PBKS,P Simran Singh,30,15,2,3,200.0,out,0
IPL_2025_031,1,PBKS,SS Iyer,0,2,0,0,0.0,out,0
IPL_2025_031,1,PBKS,JP Inglis,2,6,0,0,33.33,out,0
IPL_2025_031,1,PBKS,N Wadhera,10,9,2,0,111.11,out,0
IPL_2025_031,1,PBKS,GJ Maxwell,7,10,1,0,70.0,out,0
IPL_2025_031,1,PBKS,Suryansh Shedge,4,4,0,0,100.0,out,0
IPL_2025_031,1,PBKS,Shashank Singh,18,17,1,1,105.88,out,0
IPL_2025_031,1,PBKS,M Jansen,1,2,0,0,50.0,out,0
IPL_2025_031,1,PBKS,XC Bartlett,11,15,1,0,73.33,out,0
IPL_2025_031,1,PBKS,Arshdeep Singh,1,1,0,0,100.0,not out,1
IPL_2025_031,2,KKR,Q de Kock,2,4,0,0,50.0,out,0
IPL_2025_031,2,KKR,SP Narine,5,4,1,0,125.0,out,0
IPL_2025_031,2,KKR,A Raghuvanshi,37,28,5,1,132.14,out,0
IPL_2025_031,2,KKR,AM Rahane,17,17,1,1,100.0,out,0
IPL_2025_031,2,KKR,VR Iyer,7,4,0,0,175.0,out,0
IPL_2025_031,2,KKR,RK Singh,2,9,0,0,22.22,out,0
IPL_2025_031,2,KKR,AD Russell,17,11,1,2,154.55,out,0
IPL_2025_031,2,KKR,Ramandeep Singh,0,1,0,0,0.0,out,0
IPL_2025_031,2,KKR,Harshit Rana,3,6,0,0,50.0,out,0
IPL_2025_031,2,KKR,VG Arora,0,7,0,0,0.0,out,0
IPL_2025_032,1,DC,J Fraser-McGurk,9,6,2,0,150.0,out,0
IPL_2025_032,1,DC,Abishek Porel,49,37,5,1,132.43,out,0
IPL_2025_032,1,DC,KK Nair,0,3,0,0,0.0,out,0
IPL_2025_032,1,DC,KL Rahul,38,32,2,2,118.75,out,0
IPL_2025_032,1,DC,T Stubbs,34,18,2,2,188.89,not out,1
IPL_2025_032,1,DC,AR Patel,34,14,4,2,242.86,out,0
IPL_2025_032,1,DC,Ashutosh Sharma,15,11,2,0,136.36,not out,1
IPL_2025_032,2,RR,YBK Jaiswal,51,37,3,4,137.84,out,0
IPL_2025_032,2,RR,SV Samson,31,19,2,3,163.16,out,0
IPL_2025_032,2,RR,R Parag,8,11,1,0,72.73,out,0
IPL_2025_032,2,RR,N Rana,51,28,6,2,182.14,out,0
IPL_2025_032,2,RR,Dhruv Jurel,26,17,0,2,152.94,out,0
IPL_2025_032,2,RR,SO Hetmyer,15,9,1,0,166.67,not out,1
IPL_2025_032,3,RR,SO Hetmyer,6,4,1,0,150.0,not out,1
IPL_2025_032,3,RR,R Parag,4,2,1,0,200.0,out,0
IPL_2025_032,4,DC,KL Rahul,7,3,1,0,233.33,not out,1
IPL_2025_032,4,DC,T Stubbs,6,1,0,1,600.0,not out,1
IPL_2025_033,1,SRH,Abhishek Sharma,40,28,7,0,142.86,out,0
IPL_2025_033,1,SRH,TM Head,28,29,3,0,96.55,out,0
IPL_2025_033,1,SRH,Ishan Kishan,2,3,0,0,66.67,out,0
IPL_2025_033,1,SRH,Nithish Kumar Reddy,19,21,1,0,90.48,out,0
IPL_2025_033,1,SRH,H Klaasen,37,28,3,2,132.14,out,0
IPL_2025_033,1,SRH,Aniket Verma,18,8,0,2,225.0,not out,1
IPL_2025_033,1,SRH,PJ Cummins,8,4,0,1,200.0,not out,1
IPL_2025_033,2,MI,RD Rickelton,31,23,5,0,134.78,out,0
IPL_2025_033,2,MI,RG Sharma,26,16,0,3,162.5,out,0
IPL_2025_033,2,MI,WG Jacks,36,26,3,2,138.46,out,0
IPL_2025_033,2,MI,SA Yadav,26,15,2,2,173.33,out,0
IPL_2025_033,2,MI,Tilak Varma,21,17,2,0,123.53,not out,1
IPL_2025_033,2,MI,HH Pandya,21,9,3,1,233.33,out,0
IPL_2025_033,2,MI,Naman Dhir,0,3,0,0,0.0,out,0
IPL_2025_033,2,MI,MJ Santner,0,1,0,0,0.0,not out,1
IPL_2025_034,1,RCB,PD Salt,4,4,1,0,100.0,out,0
IPL_2025_034,1,RCB,RM Patidar,23,18,1,1,127.78,out,0
IPL_2025_034,1,RCB,V Kohli,1,3,0,0,33.33,out,0
IPL_2025_034,1,RCB,LS Livingstone,4,6,1,0,66.67,out,0
IPL_2025_034,1,RCB,JM Sharma,2,7,0,0,28.57,out,0
IPL_2025_034,1,RCB,KH Pandya,1,2,0,0,50.0,out,0
IPL_2025_034,1,RCB,TH David,50,26,5,3,192.31,not out,1
IPL_2025_034,1,RCB,MS Bhandage,1,4,0,0,25.0,out,0
IPL_2025_034,1,RCB,B Kumar,8,13,1,0,61.54,out,0
IPL_2025_034,1,RCB,Yash Dayal,0,1,0,0,0.0,out,0
IPL_2025_034,1,RCB,JR Hazlewood,0,1,0,0,0.0,not out,1
IPL_2025_034,2,PBKS,Priyansh Arya,16,11,1,1,145.45,out,0
IPL_2025_034,2,PBKS,P Simran Singh,13,9,2,0,144.44,out,0
IPL_2025_034,2,PBKS,SS Iyer,7,10,0,0,70.0,out,0
IPL_2025_034,2,PBKS,JP Inglis,14,17,2,0,82.35,out,0
IPL_2025_034,2,PBKS,N Wadhera,33,19,3,3,173.68,not out,1
IPL_2025_034,2,PBKS,Shashank Singh,1,5,0,0,20.0,out,0
IPL_2025_034,2,PBKS,MP Stoinis,7,2,0,1,350.0,not out,1
IPL_2025_035,1,DC,Abishek Porel,18,9,3,1,200.0,out,0
IPL_2025_035,1,DC,KK Nair,31,18,2,2,172.22,out,0
IPL_2025_035,1,DC,KL Rahul,28,14,4,1,200.0,out,0
IPL_2025_035,1,DC,AR Patel,39,32,1,2,121.88,out,0
IPL_2025_035,1,DC,T Stubbs,31,21,2,1,147.62,out,0
IPL_2025_035,1,DC,Ashutosh Sharma,37,19,2,3,194.74,out,0
IPL_2025_035,1,DC,V Nigam,0,1,0,0,0.0,out,0
IPL_2025_035,1,DC,D Ferreira,1,3,0,0,33.33,out,0
IPL_2025_035,1,DC,MA Starc,2,2,0,0,100.0,not out,1
IPL_2025_035,1,DC,Kuldeep Yadav,4,1,1,0,400.0,not out,1
IPL_2025_035,2,GT,B Sai Sudharsan,36,21,5,1,171.43,out,0
IPL_2025_035,2,GT,Shubman Gill,7,5,1,0,140.0,out,0
IPL_2025_035,2,GT,JC Buttler,97,54,11,4,179.63,not out,1
IPL_2025_035,2,GT,SE Rutherford,43,34,1,3,126.47,out,0
IPL_2025_035,2,GT,R Tewatia,11,3,1,1,366.67,not out,1
IPL_2025_036,1,LSG,MR Marsh,4,6,0,0,66.67,out,0
IPL_2025_036,1,LSG,AK Markram,66,45,5,3,146.67,out,0
IPL_2025_036,1,LSG,N Pooran,11,8,2,0,137.5,out,0
IPL_2025_036,1,LSG,RR Pant,3,9,0,0,33.33,out,0
IPL_2025_036,1,LSG,A Badoni,50,34,5,1,147.06,out,0
IPL_2025_036,1,LSG,DA Miller,7,8,0,0,87.5,not out,1
IPL_2025_036,1,LSG,Abdul Samad,30,10,0,4,300.0,not out,1
IPL_2025_036,2,RR,YBK Jaiswal,74,52,5,4,142.31,out,0
IPL_2025_036,2,RR,V Suryavanshi,34,20,2,3,170.0,out,0
IPL_2025_036,2,RR,N Rana,8,7,0,1,114.29,out,0
IPL_2025_036,2,RR,R Parag,39,26,3,2,150.0,out,0
IPL_2025_036,2,RR,Dhruv Jurel,6,5,0,0,120.0,not out,1
IPL_2025_036,2,RR,SO Hetmyer,12,7,2,0,171.43,out,0
IPL_2025_036,2,RR,SB Dubey,3,3,0,0,100.0,not out,1
IPL_2025_037,1,PBKS,Priyansh Arya,22,15,3,1,146.67,out,0
IPL_2025_037,1,PBKS,P Simran Singh,33,17,5,1,194.12,out,0
IPL_2025_037,1,PBKS,SS Iyer,6,10,1,0,60.0,out,0
IPL_2025_037,1,PBKS,JP Inglis,29,17,2,1,170.59,out,0
IPL_2025_037,1,PBKS,N Wadhera,5,6,0,0,83.33,out,0
IPL_2025_037,1,PBKS,Shashank Singh,31,33,1,0,93.94,not out,1
IPL_2025_037,1,PBKS,MP Stoinis,1,2,0,0,50.0,out,0
IPL_2025_037,1,PBKS,M Jansen,25,20,0,2,125.0,not out,1
IPL_2025_037,2,RCB,PD Salt,1,3,0,0,33.33,out,0
IPL_2025_037,2,RCB,V Kohli,73,54,7,1,135.19,not out,1
IPL_2025_037,2,RCB,D Padikkal,61,35,6,4,174.29,out,0
IPL_2025_037,2,RCB,RM Patidar,12,13,1,0,92.31,out,0
IPL_2025_037,2,RCB,JM Sharma,11,8,0,1,137.5,not out,1
IPL_2025_038,1,CSK,SK Rasheed,19,20,1,0,95.0,out,0
IPL_2025_038,1,CSK,R Ravindra,5,9,0,0,55.56,out,0
IPL_2025_038,1,CSK,A Mhatre,32,15,4,2,213.33,out,0
IPL_2025_038,1,CSK,RA Jadeja,53,35,4,2,151.43,not out,1
IPL_2025_038,1,CSK,S Dube,50,32,2,4,156.25,out,0
IPL_2025_038,1,CSK,MS Dhoni,4,6,0,0,66.67,out,0
IPL_2025_038,1,CSK,J Overton,4,3,1,0,133.33,not out,1
IPL_2025_038,2,MI,RD Rickelton,24,19,3,1,126.32,out,0
IPL_2025_038,2,MI,RG Sharma,76,45,4,6,168.89,not out,1
IPL_2025_038,2,MI,SA Yadav,68,30,6,5,226.67,not out,1
IPL_2025_039,1,GT,B Sai Sudharsan,52,36,6,1,144.44,out,0
IPL_2025_039,1,GT,Shubman Gill,90,55,10,3,163.64,out,0
IPL_2025_039,1,GT,JC Buttler,41,23,8,0,178.26,not out,1
IPL_2025_039,1,GT,R Tewatia,0,2,0,0,0.0,out,0
IPL_2025_039,1,GT,M Shahrukh Khan,11,5,0,1,220.0,not out,1
IPL_2025_039,2,KKR,Rahmanullah Gurbaz,1,4,0,0,25.0,out,0
IPL_2025_039,2,KKR,SP Narine,17,13,2,1,130.77,out,0
IPL_2025_039,2,KKR,AM Rahane,50,36,5,1,138.89,out,0
IPL_2025_039,2,KKR,VR Iyer,14,19,0,0,73.68,out,0
IPL_2025_039,2,KKR,RK Singh,17,14,1,1,121.43,out,0
IPL_2025_039,2,KKR,AD Russell,21,15,3,1,140.0,out,0
IPL_2025_039,2,KKR,Ramandeep Singh,1,2,0,0,50.0,out,0
IPL_2025_039,2,KKR,MM Ali,0,2,0,0,0.0,out,0
IPL_2025_039,2,KKR,A Raghuvanshi,27,13,3,1,207.69,not out,1
IPL_2025_039,2,KKR,Harshit Rana,1,2,0,0,50.0,not out,1
IPL_2025_040,1,LSG,AK Markram,52,33,2,3,157.58,out,0
IPL_2025_040,1,LSG,MR Marsh,45,36,3,1,125.0,out,0
IPL_2025_040,1,LSG,N Pooran,9,5,2,0,180.0,out,0
IPL_2025_040,1,LSG,Abdul Samad,2,8,0,0,25.0,out,0
IPL_2025_040,1,LSG,DA Miller,14,15,1,0,93.33,not out,1
IPL_2025_040,1,LSG,A Badoni,36,21,6,0,171.43,out,0
IPL_2025_040,1,LSG,RR Pant,0,2,0,0,0.0,out,0
IPL_2025_040,2,DC,Abishek Porel,51,36,5,1,141.67,out,0
IPL_2025_040,2,DC,KK Nair,15,9,2,1,166.67,out,0
IPL_2025_040,2,DC,KL Rahul,57,42,3,3,135.71,not out,1
IPL_2025_040,2,DC,AR Patel,34,20,1,4,170.0,not out,1
IPL_2025_041,1,SRH,TM Head,0,4,0,0,0.0,out,0
IPL_2025_041,1,SRH,Abhishek Sharma,8,8,0,1,100.0,out,0
IPL_2025_041,1,SRH,Ishan Kishan,1,4,0,0,25.0,out,0
IPL_2025_041,1,SRH,Nithish Kumar Reddy,2,6,0,0,33.33,out,0
IPL_2025_041,1,SRH,H Klaasen,71,44,9,2,161.36,out,0
IPL_2025_041,1,SRH,Aniket Verma,12,14,1,0,85.71,out,0
IPL_2025_041,1,SRH,A Manohar,43,37,2,3,116.22,out,0
IPL_2025_041,1,SRH,PJ Cummins,1,2,0,0,50.0,out,0
IPL_2025_041,1,SRH,HV Patel,1,1,0,0,100.0,not out,1
IPL_2025_041,2,MI,RD Rickelton,11,8,2,0,137.5,out,0
IPL_2025_041,2,MI,RG Sharma,70,46,8,3,152.17,out,0
IPL_2025_041,2,MI,WG Jacks,22,19,2,1,115.79,out,0
IPL_2025_041,2,MI,SA Yadav,40,19,5,2,210.53,not out,1
IPL_2025_041,2,MI,Tilak Varma,2,2,0,0,100.0,not out,1
IPL_2025_042,1,RCB,PD Salt,26,23,4,0,113.04,out,0
IPL_2025_042,1,RCB,V Kohli,70,42,8,2,166.67,out,0
IPL_2025_042,1,RCB,D Padikkal,50,27,4,3,185.19,out,0
IPL_2025_042,1,RCB,TH David,23,15,2,1,153.33,out,0
IPL_2025_042,1,RCB,RM Patidar,1,3,0,0,33.33,out,0
IPL_2025_042,1,RCB,JM Sharma,20,10,4,0,200.0,not out,1
IPL_2025_042,2,RR,YBK Jaiswal,49,19,7,3,257.89,out,0
IPL_2025_042,2,RR,V Suryavanshi,16,12,0,2,133.33,out,0
IPL_2025_042,2,RR,N Rana,28,22,3,1,127.27,out,0
IPL_2025_042,2,RR,R Parag,22,10,2,2,220.0,out,0
IPL_2025_042,2,RR,Dhruv Jurel,47,34,3,3,138.24,out,0
IPL_2025_042,2,RR,SO Hetmyer,11,8,1,0,137.5,out,0
IPL_2025_042,2,RR,SB Dubey,12,7,1,1,171.43,out,0
IPL_2025_042,2,RR,JC Archer,0,1,0,0,0.0,out,0
IPL_2025_042,2,RR,PWH de Silva,1,3,0,0,33.33,out,0
IPL_2025_042,2,RR,TU Deshpande,1,2,0,0,50.0,not out,1
IPL_2025_042,2,RR,Fazalhaq Farooqi,2,2,0,0,100.0,not out,1
IPL_2025_043,1,CSK,SK Rasheed,0,1,0,0,0.0,out,0
IPL_2025_043,1,CSK,SM Curran,9,10,1,0,90.0,out,0
IPL_2025_043,1,CSK,A Mhatre,30,19,6,0,157.89,out,0
IPL_2025_043,1,CSK,RA Jadeja,21,17,1,1,123.53,out,0
IPL_2025_043,1,CSK,D Brevis,42,25,1,4,168.0,out,0
IPL_2025_043,1,CSK,S Dube,12,9,2,0,133.33,out,0
IPL_2025_043,1,CSK,DJ Hooda,22,21,1,1,104.76,out,0
IPL_2025_043,1,CSK,MS Dhoni,6,10,1,0,60.0,out,0
IPL_2025_043,1,CSK,A Kamboj,2,4,0,0,50.0,out,0
IPL_2025_043,1,CSK,Noor Ahmad,2,3,0,0,66.67,out,0
IPL_2025_043,1,CSK,KK Ahmed,1,2,0,0,50.0,not out,1
IPL_2025_043,2,SRH,Abhishek Sharma,0,2,0,0,0.0,out,0
IPL_2025_043,2,SRH,Ishan Kishan,44,34,5,1,129.41,out,0
IPL_2025_043,2,SRH,TM Head,19,16,4,0,118.75,out,0
IPL_2025_043,2,SRH,H Klaasen,7,8,1,0,87.5,out,0
IPL_2025_043,2,SRH,Aniket Verma,19,19,0,2,100.0,out,0
IPL_2025_043,2,SRH,PHKD Mendis,32,22,3,0,145.45,not out,1
IPL_2025_043,2,SRH,Nithish Kumar Reddy,19,13,2,0,146.15,not out,1
IPL_2025_044,1,PBKS,Priyansh Arya,69,35,8,4,197.14,out,0
IPL_2025_044,1,PBKS,P Simran Singh,83,49,6,6,169.39,out,0
IPL_2025_044,1,PBKS,SS Iyer,25,16,1,1,156.25,not out,1
IPL_2025_044,1,PBKS,GJ Maxwell,7,8,1,0,87.5,out,0
IPL_2025_044,1,PBKS,M Jansen,3,7,0,0,42.86,out,0
IPL_2025_044,1,PBKS,JP Inglis,11,6,2,0,183.33,not out,1
IPL_2025_044,2,KKR,Rahmanullah Gurbaz,1,3,0,0,33.33,not out,1
IPL_2025_044,2,KKR,SP Narine,4,3,1,0,133.33,not out,1
IPL_2025_045,1,MI,RD Rickelton,58,32,6,4,181.25,out,0
IPL_2025_045,1,MI,RG Sharma,12,5,0,2,240.0,out,0
IPL_2025_045,1,MI,WG Jacks,29,21,3,1,138.1,out,0
IPL_2025_045,1,MI,SA Yadav,54,28,4,4,192.86,out,0
IPL_2025_045,1,MI,Tilak Varma,6,5,1,0,120.0,out,0
IPL_2025_045,1,MI,HH Pandya,5,7,0,0,71.43,out,0
IPL_2025_045,1,MI,Naman Dhir,25,11,2,2,227.27,not out,1
IPL_2025_045,1,MI,C Bosch,20,10,2,1,200.0,out,0
IPL_2025_045,1,MI,DL Chahar,1,1,0,0,100.0,not out,1
IPL_2025_045,2,LSG,MR Marsh,34,24,3,2,141.67,out,0
IPL_2025_045,2,LSG,AK Markram,9,11,2,0,81.82,out,0
IPL_2025_045,2,LSG,N Pooran,27,15,1,3,180.0,out,0
IPL_2025_045,2,LSG,RR Pant,4,2,1,0,200.0,out,0
IPL_2025_045,2,LSG,A Badoni,35,22,2,2,159.09,out,0
IPL_2025_045,2,LSG,DA Miller,24,16,3,0,150.0,out,0
IPL_2025_045,2,LSG,Abdul Samad,2,4,0,0,50.0,out,0
IPL_2025_045,2,LSG,Ravi Bishnoi,13,14,0,2,92.86,out,0
IPL_2025_045,2,LSG,Avesh Khan,0,1,0,0,0.0,out,0
IPL_2025_045,2,LSG,Prince Yadav,4,9,0,0,44.44,not out,1
IPL_2025_045,2,LSG,DS Rathi,1,3,0,0,33.33,out,0
IPL_2025_046,1,DC,Abishek Porel,28,11,2,2,254.55,out,0
IPL_2025_046,1,DC,F du Plessis,22,26,2,0,84.62,out,0
IPL_2025_046,1,DC,KK Nair,4,4,1,0,100.0,out,0
IPL_2025_046,1,DC,KL Rahul,41,39,3,0,105.13,out,0
IPL_2025_046,1,DC,AR Patel,15,13,1,1,115.38,out,0
IPL_2025_046,1,DC,T Stubbs,34,18,5,1,188.89,out,0
IPL_2025_046,1,DC,Ashutosh Sharma,2,3,0,0,66.67,out,0
IPL_2025_046,1,DC,V Nigam,12,6,1,1,200.0,out,0
IPL_2025_046,1,DC,PVD Chameera,0,1,0,0,0.0,not out,1
IPL_2025_046,2,RCB,JG Bethell,12,6,1,1,200.0,out,0
IPL_2025_046,2,RCB,V Kohli,51,47,4,0,108.51,out,0
IPL_2025_046,2,RCB,D Padikkal,0,2,0,0,0.0,out,0
IPL_2025_046,2,RCB,RM Patidar,6,6,1,0,100.0,out,0
IPL_2025_046,2,RCB,KH Pandya,73,47,5,4,155.32,not out,1
IPL_2025_046,2,RCB,TH David,19,5,3,1,380.0,not out,1
IPL_2025_047,1,GT,B Sai Sudharsan,39,30,4,1,130.0,out,0
IPL_2025_047,1,GT,Shubman Gill,84,50,5,4,168.0,out,0
IPL_2025_047,1,GT,JC Buttler,50,26,3,4,192.31,not out,1
IPL_2025_047,1,GT,Washington Sundar,13,8,0,1,162.5,out,0
IPL_2025_047,1,GT,R Tewatia,9,4,0,1,225.0,out,0
IPL_2025_047,1,GT,M Shahrukh Khan,5,2,1,0,250.0,not out,1
IPL_2025_047,2,RR,YBK Jaiswal,70,40,9,2,175.0,not out,1
IPL_2025_047,2,RR,V Suryavanshi,101,38,7,11,265.79,out,0
IPL_2025_047,2,RR,N Rana,4,2,1,0,200.0,out,0
IPL_2025_047,2,RR,R Parag,32,15,2,2,213.33,not out,1
IPL_2025_048,1,KKR,Rahmanullah Gurbaz,26,12,5,1,216.67,out,0
IPL_2025_048,1,KKR,SP Narine,27,16,2,2,168.75,out,0
IPL_2025_048,1,KKR,AM Rahane,26,14,4,1,185.71,out,0
IPL_2025_048,1,KKR,A Raghuvanshi,44,32,3,2,137.5,out,0
IPL_2025_048,1,KKR,VR Iyer,7,5,1,0,140.0,out,0
IPL_2025_048,1,KKR,RK Singh,36,25,3,1,144.0,out,0
IPL_2025_048,1,KKR,AD Russell,17,9,2,1,188.89,out,0
IPL_2025_048,1,KKR,R Powell,5,5,1,0,100.0,out,0
IPL_2025_048,1,KKR,AS Roy,0,1,0,0,0.0,out,0
IPL_2025_048,1,KKR,Harshit Rana,0,1,0,0,0.0,not out,1
IPL_2025_048,1,KKR,CV Varun,1,1,0,0,100.0,not out,1
IPL_2025_048,2,DC,Abishek Porel,4,2,1,0,200.0,out,0
IPL_2025_048,2,DC,KK Nair,15,13,2,0,115.38,out,0
IPL_2025_048,2,DC,F du Plessis,62,45,7,2,137.78,out,0
IPL_2025_048,2,DC,KL Rahul,7,5,1,0,140.0,out,0
IPL_2025_048,2,DC,AR Patel,43,23,4,3,186.96,out,0
IPL_2025_048,2,DC,T Stubbs,1,3,0,0,33.33,out,0
IPL_2025_048,2,DC,V Nigam,38,19,5,2,200.0,out,0
IPL_2025_048,2,DC,Ashutosh Sharma,7,6,0,1,116.67,out,0
IPL_2025_048,2,DC,MA Starc,0,1,0,0,0.0,out,0
IPL_2025_048,2,DC,PVD Chameera,2,3,0,0,66.67,not out,1
IPL_2025_048,2,DC,Kuldeep Yadav,1,1,0,0,100.0,not out,1
IPL_2025_049,1,CSK,SK Rasheed,11,12,1,1,91.67,out,0
IPL_2025_049,1,CSK,A Mhatre,7,6,1,0,116.67,out,0
IPL_2025_049,1,CSK,SM Curran,88,47,9,4,187.23,out,0
IPL_2025_049,1,CSK,RA Jadeja,17,12,4,0,141.67,out,0
IPL_2025_049,1,CSK,D Brevis,32,26,2,1,123.08,out,0
IPL_2025_049,1,CSK,S Dube,6,6,1,0,100.0,out,0
IPL_2025_049,1,CSK,MS Dhoni,11,4,1,1,275.0,out,0
IPL_2025_049,1,CSK,DJ Hooda,2,2,0,0,100.0,out,0
IPL_2025_049,1,CSK,A Kamboj,0,1,0,0,0.0,out,0
IPL_2025_049,1,CSK,Noor Ahmad,0,1,0,0,0.0,out,0
IPL_2025_049,2,PBKS,Priyansh Arya,23,15,5,0,153.33,out,0
IPL_2025_049,2,PBKS,P Simran Singh,54,36,5,3,150.0,out,0
IPL_2025_049,2,PBKS,SS Iyer,72,41,5,4,175.61,out,0
IPL_2025_049,2,PBKS,N Wadhera,5,3,1,0,166.67,out,0
IPL_2025_049,2,PBKS,Shashank Singh,23,12,1,2,191.67,out,0
IPL_2025_049,2,PBKS,JP Inglis,6,6,1,0,100.0,not out,1
IPL_2025_049,2,PBKS,Suryansh Shedge,1,3,0,0,33.33,out,0
IPL_2025_049,2,PBKS,M Jansen,4,2,1,0,200.0,not out,1
IPL_2025_050,1,MI,RD Rickelton,61,38,7,3,160.53,out,0
IPL_2025_050,1,MI,RG Sharma,53,36,9,0,147.22,out,0
IPL_2025_050,1,MI,SA Yadav,48,23,4,3,208.7,not out,1
IPL_2025_050,1,MI,HH Pandya,48,23,6,1,208.7,not out,1
IPL_2025_050,2,RR,YBK Jaiswal,13,6,0,2,216.67,out,0
IPL_2025_050,2,RR,V Suryavanshi,0,2,0,0,0.0,out,0
IPL_2025_050,2,RR,N Rana,9,11,2,0,81.82,out,0
IPL_2025_050,2,RR,R Parag,16,8,3,0,200.0,out,0
IPL_2025_050,2,RR,Dhruv Jurel,11,11,0,1,100.0,out,0
IPL_2025_050,2,RR,SO Hetmyer,0,1,0,0,0.0,out,0
IPL_2025_050,2,RR,SB Dubey,15,9,2,1,166.67,out,0
IPL_2025_050,2,RR,JC Archer,30,27,2,2,111.11,out,0
IPL_2025_050,2,RR,M Theekshana,2,9,0,0,22.22,out,0
IPL_2025_050,2,RR,K Kartikeya,2,4,0,0,50.0,out,0
IPL_2025_050,2,RR,Akash Madhwal,4,9,0,0,44.44,not out,1
IPL_2025_051,1,GT,B Sai Sudharsan,48,23,9,0,208.7,out,0
IPL_2025_051,1,GT,Shubman Gill,76,38,10,2,200.0,out,0
IPL_2025_051,1,GT,JC Buttler,64,37,3,4,172.97,out,0
IPL_2025_051,1,GT,Washington Sundar,21,16,0,1,131.25,out,0
IPL_2025_051,1,GT,M Shahrukh Khan,6,2,0,1,300.0,not out,1
IPL_2025_051,1,GT,R Tewatia,6,3,0,1,200.0,out,0
IPL_2025_051,1,GT,Rashid Khan,0,1,0,0,0.0,out,0
IPL_2025_051,2,SRH,TM Head,20,16,4,0,125.0,out,0
IPL_2025_051,2,SRH,Abhishek Sharma,74,41,4,6,180.49,out,0
IPL_2025_051,2,SRH,Ishan Kishan,13,17,0,0,76.47,out,0
IPL_2025_051,2,SRH,H Klaasen,23,18,1,1,127.78,out,0
IPL_2025_051,2,SRH,Aniket Verma,3,7,0,0,42.86,out,0
IPL_2025_051,2,SRH,Nithish Kumar Reddy,21,10,1,2,210.0,not out,1
IPL_2025_051,2,SRH,PHKD Mendis,0,1,0,0,0.0,out,0
IPL_2025_051,2,SRH,PJ Cummins,19,10,1,1,190.0,not out,1
IPL_2025_052,1,RCB,JG Bethell,55,33,8,2,166.67,out,0
IPL_2025_052,1,RCB,V Kohli,62,33,5,5,187.88,out,0
IPL_2025_052,1,RCB,D Padikkal,17,15,1,1,113.33,out,0
IPL_2025_052,1,RCB,RM Patidar,11,15,1,0,73.33,out,0
IPL_2025_052,1,RCB,JM Sharma,7,8,1,0,87.5,out,0
IPL_2025_052,1,RCB,TH David,2,3,0,0,66.67,not out,1
IPL_2025_052,1,RCB,R Shepherd,53,14,4,6,378.57,not out,1
IPL_2025_052,2,CSK,A Mhatre,94,48,9,5,195.83,out,0
IPL_2025_052,2,CSK,SK Rasheed,14,11,1,1,127.27,out,0
IPL_2025_052,2,CSK,SM Curran,5,5,1,0,100.0,out,0
IPL_2025_052,2,CSK,RA Jadeja,77,45,8,2,171.11,not out,1
IPL_2025_052,2,CSK,D Brevis,0,1,0,0,0.0,out,0
IPL_2025_052,2,CSK,MS Dhoni,12,8,0,1,150.0,out,0
IPL_2025_052,2,CSK,S Dube,8,3,0,1,266.67,not out,1
IPL_2025_053,1,KKR,Rahmanullah Gurbaz,35,25,4,1,140.0,out,0
IPL_2025_053,1,KKR,SP Narine,11,9,1,1,122.22,out,0
IPL_2025_053,1,KKR,AM Rahane,30,24,1,2,125.0,out,0
IPL_2025_053,1,KKR,A Raghuvanshi,44,31,5,0,141.94,out,0
IPL_2025_053,1,KKR,AD Russell,57,25,4,6,228.0,not out,1
IPL_2025_053,1,KKR,RK Singh,19,6,1,2,316.67,not out,1
IPL_2025_053,2,RR,YBK Jaiswal,34,21,5,1,161.9,out,0
IPL_2025_053,2,RR,V Suryavanshi,4,2,1,0,200.0,out,0
IPL_2025_053,2,RR,KS Rathore,0,5,0,0,0.0,out,0
IPL_2025_053,2,RR,R Parag,95,45,6,8,211.11,out,0
IPL_2025_053,2,RR,Dhruv Jurel,0,1,0,0,0.0,out,0
IPL_2025_053,2,RR,PWH de Silva,0,2,0,0,0.0,out,0
IPL_2025_053,2,RR,SO Hetmyer,29,23,1,1,126.09,out,0
IPL_2025_053,2,RR,SB Dubey,25,14,1,2,178.57,not out,1
IPL_2025_053,2,RR,JC Archer,12,8,1,0,150.0,out,0
IPL_2025_054,1,PBKS,Priyansh Arya,1,4,0,0,25.0,out,0
IPL_2025_054,1,PBKS,P Simran Singh,91,48,6,7,189.58,out,0
IPL_2025_054,1,PBKS,JP Inglis,30,14,1,4,214.29,out,0
IPL_2025_054,1,PBKS,SS Iyer,45,25,4,2,180.0,out,0
IPL_2025_054,1,PBKS,N Wadhera,16,9,2,1,177.78,out,0
IPL_2025_054,1,PBKS,Shashank Singh,33,15,4,1,220.0,not out,1
IPL_2025_054,1,PBKS,MP Stoinis,15,5,1,1,300.0,not out,1
IPL_2025_054,2,LSG,AK Markram,13,10,1,1,130.0,out,0
IPL_2025_054,2,LSG,MR Marsh,0,5,0,0,0.0,out,0
IPL_2025_054,2,LSG,N Pooran,6,5,1,0,120.0,out,0
IPL_2025_054,2,LSG,RR Pant,18,17,2,1,105.88,out,0
IPL_2025_054,2,LSG,A Badoni,74,40,5,5,185.0,out,0
IPL_2025_054,2,LSG,DA Miller,11,8,0,1,137.5,out,0
IPL_2025_054,2,LSG,Abdul Samad,45,24,2,4,187.5,out,0
IPL_2025_054,2,LSG,Avesh Khan,19,10,3,1,190.0,not out,1
IPL_2025_054,2,LSG,Prince Yadav,1,1,0,0,100.0,not out,1
IPL_2025_055,1,DC,KK Nair,0,1,0,0,0.0,out,0
IPL_2025_055,1,DC,Abishek Porel,8,10,1,0,80.0,out,0
IPL_2025_055,1,DC,F du Plessis,3,8,0,0,37.5,out,0
IPL_2025_055,1,DC,KL Rahul,10,14,1,0,71.43,out,0
IPL_2025_055,1,DC,AR Patel,6,7,1,0,85.71,out,0
IPL_2025_055,1,DC,T Stubbs,41,36,4,0,113.89,not out,1
IPL_2025_055,1,DC,V Nigam,18,17,1,1,105.88,out,0
IPL_2025_055,1,DC,Ashutosh Sharma,41,26,2,3,157.69,out,0
IPL_2025_055,1,DC,MA Starc,1,1,0,0,100.0,not out,1
IPL_2025_056,1,MI,RD Rickelton,2,2,0,0,100.0,out,0
IPL_2025_056,1,MI,WG Jacks,53,35,5,3,151.43,out,0
IPL_2025_056,1,MI,RG Sharma,7,8,1,0,87.5,out,0
IPL_2025_056,1,MI,SA Yadav,35,24,5,0,145.83,out,0
IPL_2025_056,1,MI,Tilak Varma,7,7,0,0,100.0,out,0
IPL_2025_056,1,MI,HH Pandya,1,3,0,0,33.33,out,0
IPL_2025_056,1,MI,Naman Dhir,7,10,1,0,70.0,out,0
IPL_2025_056,1,MI,C Bosch,27,22,1,2,122.73,out,0
IPL_2025_056,1,MI,DL Chahar,8,8,1,0,100.0,not out,1
IPL_2025_056,1,MI,KV Sharma,1,1,0,0,100.0,not out,1
IPL_2025_056,2,GT,B Sai Sudharsan,5,5,1,0,100.0,out,0
IPL_2025_056,2,GT,Shubman Gill,43,46,3,1,93.48,out,0
IPL_2025_056,2,GT,JC Buttler,30,27,3,1,111.11,out,0
IPL_2025_056,2,GT,SE Rutherford,28,15,2,2,186.67,out,0
IPL_2025_056,2,GT,M Shahrukh Khan,6,6,1,0,100.0,out,0
IPL_2025_056,2,GT,R Tewatia,11,8,1,0,137.5,not out,1
IPL_2025_056,2,GT,Rashid Khan,2,3,0,0,66.67,out,0
IPL_2025_056,2,GT,G Coetzee,12,6,1,1,200.0,out,0
IPL_2025_056,2,GT,Arshad Khan,1,1,0,0,100.0,not out,1
IPL_2025_057,1,KKR,Rahmanullah Gurbaz,11,9,1,1,122.22,out,0
IPL_2025_057,1,KKR,AM Rahane,48,33,4,2,145.45,out,0
IPL_2025_057,1,KKR,SP Narine,26,17,4,1,152.94,out,0
IPL_2025_057,1,KKR,A Raghuvanshi,1,2,0,0,50.0,out,0
IPL_2025_057,1,KKR,MK Pandey,36,28,1,1,128.57,not out,1
IPL_2025_057,1,KKR,AD Russell,38,21,4,3,180.95,out,0
IPL_2025_057,1,KKR,RK Singh,9,6,2,0,150.0,out,0
IPL_2025_057,1,KKR,Ramandeep Singh,4,4,0,0,100.0,not out,1
IPL_2025_057,2,CSK,A Mhatre,0,2,0,0,0.0,out,0
IPL_2025_057,2,CSK,Urvil Patel,31,11,1,4,281.82,out,0
IPL_2025_057,2,CSK,DP Conway,0,2,0,0,0.0,out,0
IPL_2025_057,2,CSK,R Ashwin,8,7,1,0,114.29,out,0
IPL_2025_057,2,CSK,RA Jadeja,19,10,2,1,190.0,out,0
IPL_2025_057,2,CSK,S Dube,45,40,2,3,112.5,out,0
IPL_2025_057,2,CSK,D Brevis,52,25,4,4,208.0,out,0
IPL_2025_057,2,CSK,MS Dhoni,17,18,0,1,94.44,not out,1
IPL_2025_057,2,CSK,Noor Ahmad,2,2,0,0,100.0,out,0
IPL_2025_057,2,CSK,A Kamboj,4,1,1,0,400.0,not out,1
IPL_2025_058,1,PBKS,Priyansh Arya,70,34,5,6,205.88,out,0
IPL_2025_058,1,PBKS,P Simran Singh,50,28,7,0,178.57,not out,1
IPL_2025_059,1,PBKS,Priyansh Arya,9,7,1,0,128.57,out,0
IPL_2025_059,1,PBKS,P Simran Singh,21,10,3,1,210.0,out,0
IPL_2025_059,1,PBKS,MJ Owen,0,2,0,0,0.0,out,0
IPL_2025_059,1,PBKS,SS Iyer,30,25,5,0,120.0,out,0
IPL_2025_059,1,PBKS,N Wadhera,70,37,5,5,189.19,out,0
IPL_2025_059,1,PBKS,Shashank Singh,59,30,5,3,196.67,not out,1
IPL_2025_059,1,PBKS,Azmatullah Omarzai,21,9,3,1,233.33,not out,1
IPL_2025_059,2,RR,YBK Jaiswal,50,25,9,1,200.0,out,0
IPL_2025_059,2,RR,V Suryavanshi,40,15,4,4,266.67,out,0
IPL_2025_059,2,RR,SV Samson,20,16,1,1,125.0,out,0
IPL_2025_059,2,RR,R Parag,13,11,0,1,118.18,out,0
IPL_2025_059,2,RR,Dhruv Jurel,53,31,3,4,170.97,out,0
IPL_2025_059,2,RR,SO Hetmyer,11,12,1,0,91.67,out,0
IPL_2025_059,2,RR,SB Dubey,7,7,0,0,100.0,not out,1
IPL_2025_059,2,RR,PWH de Silva,0,1,0,0,0.0,out,0
IPL_2025_059,2,RR,KT Maphaka,8,2,2,0,400.0,not out,1
IPL_2025_060,1,DC,KL Rahul,112,65,14,4,172.31,not out,1
IPL_2025_060,1,DC,F du Plessis,5,10,0,0,50.0,out,0
IPL_2025_060,1,DC,Abishek Porel,30,19,1,3,157.89,out,0
IPL_2025_060,1,DC,AR Patel,25,16,2,1,156.25,out,0
IPL_2025_060,1,DC,T Stubbs,21,10,0,2,210.0,not out,1
IPL_2025_060,2,GT,B Sai Sudharsan,108,61,12,4,177.05,not out,1
IPL_2025_060,2,GT,Shubman Gill,93,53,3,7,175.47,not out,1
IPL_2025_061,1,LSG,MR Marsh,65,39,6,4,166.67,out,0
IPL_2025_061,1,LSG,AK Markram,61,38,4,4,160.53,out,0
IPL_2025_061,1,LSG,RR Pant,7,6,1,0,116.67,out,0
IPL_2025_061,1,LSG,N Pooran,45,26,6,1,173.08,out,0
IPL_2025_061,1,LSG,A Badoni,3,5,0,0,60.0,out,0
IPL_2025_061,1,LSG,Abdul Samad,3,6,0,0,50.0,out,0
IPL_2025_061,1,LSG,SN Thakur,4,1,1,0,400.0,out,0
IPL_2025_061,1,LSG,Akash Deep,6,1,0,1,600.0,not out,1
IPL_2025_061,2,SRH,Atharva Taide,13,9,3,0,144.44,out,0
IPL_2025_061,2,SRH,Abhishek Sharma,59,20,4,6,295.0,out,0
IPL_2025_061,2,SRH,Ishan Kishan,35,28,3,2,125.0,out,0
IPL_2025_061,2,SRH,H Klaasen,47,28,4,1,167.86,out,0
IPL_2025_061,2,SRH,PHKD Mendis,32,21,3,0,152.38,out,0
IPL_2025_061,2,SRH,Aniket Verma,5,2,1,0,250.0,not out,1
IPL_2025_061,2,SRH,Nithish Kumar Reddy,5,2,1,0,250.0,not out,1
IPL_2025_062,1,CSK,A Mhatre,43,20,8,1,215.0,out,0
IPL_2025_062,1,CSK,DP Conway,10,8,2,0,125.0,out,0
IPL_2025_062,1,CSK,Urvil Patel,0,2,0,0,0.0,out,0
IPL_2025_062,1,CSK,R Ashwin,13,8,1,1,162.5,out,0
IPL_2025_062,1,CSK,RA Jadeja,1,5,0,0,20.0,out,0
IPL_2025_062,1,CSK,D Brevis,42,25,2,3,168.0,out,0
IPL_2025_062,1,CSK,S Dube,39,32,2,2,121.88,out,0
IPL_2025_062,1,CSK,MS Dhoni,16,17,0,1,94.12,out,0
IPL_2025_062,1,CSK,A Kamboj,5,3,1,0,166.67,not out,1
IPL_2025_062,1,CSK,Noor Ahmad,2,1,0,0,200.0,not out,1
IPL_2025_062,2,RR,YBK Jaiswal,36,19,5,2,189.47,out,0
IPL_2025_062,2,RR,V Suryavanshi,57,33,4,4,172.73,out,0
IPL_2025_062,2,RR,SV Samson,41,31,3,2,132.26,out,0
IPL_2025_062,2,RR,R Parag,3,4,0,0,75.0,out,0
IPL_2025_062,2,RR,Dhruv Jurel,31,12,2,3,258.33,not out,1
IPL_2025_062,2,RR,SO Hetmyer,12,5,1,1,240.0,not out,1
IPL_2025_063,1,MI,RD Rickelton,25,18,0,2,138.89,out,0
IPL_2025_063,1,MI,RG Sharma,5,5,1,0,100.0,out,0
IPL_2025_063,1,MI,WG Jacks,21,13,3,1,161.54,out,0
IPL_2025_063,1,MI,SA Yadav,73,43,7,4,169.77,not out,1
IPL_2025_063,1,MI,Tilak Varma,27,27,1,1,100.0,out,0
IPL_2025_063,1,MI,HH Pandya,3,6,0,0,50.0,out,0
IPL_2025_063,1,MI,Naman Dhir,24,8,2,2,300.0,not out,1
IPL_2025_063,2,DC,KL Rahul,11,6,2,0,183.33,out,0
IPL_2025_063,2,DC,F du Plessis,6,7,1,0,85.71,out,0
IPL_2025_063,2,DC,Abishek Porel,6,9,0,0,66.67,out,0
IPL_2025_063,2,DC,Sameer Rizvi,39,35,6,1,111.43,out,0
IPL_2025_063,2,DC,V Nigam,20,11,3,1,181.82,out,0
IPL_2025_063,2,DC,T Stubbs,2,4,0,0,50.0,out,0
IPL_2025_063,2,DC,Ashutosh Sharma,18,16,1,1,112.5,out,0
IPL_2025_063,2,DC,M Tiwari,3,4,0,0,75.0,out,0
IPL_2025_063,2,DC,PVD Chameera,8,10,0,0,80.0,not out,1
IPL_2025_063,2,DC,Kuldeep Yadav,7,8,0,0,87.5,out,0
IPL_2025_063,2,DC,Mustafizur Rahman,0,1,0,0,0.0,out,0
IPL_2025_064,1,LSG,AK Markram,36,24,3,2,150.0,out,0
IPL_2025_064,1,LSG,MR Marsh,117,64,10,8,182.81,out,0
IPL_2025_064,1,LSG,N Pooran,56,27,4,5,207.41,not out,1
IPL_2025_064,1,LSG,RR Pant,16,6,0,2,266.67,not out,1
IPL_2025_064,2,GT,B Sai Sudharsan,21,16,4,0,131.25,out,0
IPL_2025_064,2,GT,Shubman Gill,35,20,7,0,175.0,out,0
IPL_2025_064,2,GT,JC Buttler,33,18,3,2,183.33,out,0
IPL_2025_064,2,GT,SE Rutherford,38,22,1,3,172.73,out,0
IPL_2025_064,2,GT,M Shahrukh Khan,57,29,5,3,196.55,out,0
IPL_2025_064,2,GT,R Tewatia,2,3,0,0,66.67,out,0
IPL_2025_064,2,GT,Arshad Khan,1,3,0,0,33.33,out,0
IPL_2025_064,2,GT,Rashid Khan,4,4,0,0,100.0,not out,1
IPL_2025_064,2,GT,K Rabada,2,3,0,0,66.67,out,0
IPL_2025_064,2,GT,R Sai Kishore,1,2,0,0,50.0,out,0
IPL_2025_065,1,SRH,Abhishek Sharma,34,17,3,3,200.0,out,0
IPL_2025_065,1,SRH,TM Head,17,10,3,0,170.0,out,0
IPL_2025_065,1,SRH,H Klaasen,24,13,2,2,184.62,out,0
IPL_2025_065,1,SRH,Ishan Kishan,94,48,7,5,195.83,not out,1
IPL_2025_065,1,SRH,Aniket Verma,26,9,1,3,288.89,out,0
IPL_2025_065,1,SRH,Nithish Kumar Reddy,4,7,0,0,57.14,out,0
IPL_2025_065,1,SRH,A Manohar,12,11,0,1,109.09,out,0
IPL_2025_065,1,SRH,PJ Cummins,13,6,0,1,216.67,not out,1
IPL_2025_065,2,RCB,PD Salt,62,32,4,5,193.75,out,0
IPL_2025_065,2,RCB,V Kohli,43,25,7,1,172.0,out,0
IPL_2025_065,2,RCB,MA Agarwal,11,10,1,0,110.0,out,0
IPL_2025_065,2,RCB,RM Patidar,18,16,1,0,112.5,out,0
IPL_2025_065,2,RCB,JM Sharma,24,15,1,2,160.0,out,0
IPL_2025_065,2,RCB,R Shepherd,0,1,0,0,0.0,out,0
IPL_2025_065,2,RCB,TH David,1,5,0,0,20.0,out,0
IPL_2025_065,2,RCB,KH Pandya,8,6,2,0,133.33,out,0
IPL_2025_065,2,RCB,B Kumar,3,2,0,0,150.0,out,0
IPL_2025_065,2,RCB,Yash Dayal,3,6,0,0,50.0,out,0
IPL_2025_065,2,RCB,L Ngidi,0,2,0,0,0.0,not out,1
IPL_2025_067,1,CSK,A Mhatre,34,17,3,3,200.0,out,0
IPL_2025_067,1,CSK,DP Conway,52,35,6,2,148.57,out,0
IPL_2025_067,1,CSK,Urvil Patel,37,19,4,2,194.74,out,0
IPL_2025_067,1,CSK,S Dube,17,8,0,2,212.5,out,0
IPL_2025_067,1,CSK,D Brevis,57,23,4,5,247.83,out,0
IPL_2025_067,1,CSK,RA Jadeja,21,18,1,1,116.67,not out,1
IPL_2025_067,2,GT,B Sai Sudharsan,41,28,6,0,146.43,out,0
IPL_2025_067,2,GT,Shubman Gill,13,9,1,1,144.44,out,0
IPL_2025_067,2,GT,JC Buttler,5,7,0,0,71.43,out,0
IPL_2025_067,2,GT,SE Rutherford,0,4,0,0,0.0,out,0
IPL_2025_067,2,GT,M Shahrukh Khan,19,15,0,2,126.67,out,0
IPL_2025_067,2,GT,R Tewatia,14,10,1,0,140.0,out,0
IPL_2025_067,2,GT,Rashid Khan,12,8,1,1,150.0,out,0
IPL_2025_067,2,GT,G Coetzee,5,5,1,0,100.0,out,0
IPL_2025_067,2,GT,Arshad Khan,20,14,0,3,142.86,out,0
IPL_2025_067,2,GT,R Sai Kishore,3,7,0,0,42.86,out,0
IPL_2025_067,2,GT,Mohammed Siraj,3,4,0,0,75.0,not out,1
IPL_2025_068,1,SRH,Abhishek Sharma,32,16,4,2,200.0,out,0
IPL_2025_068,1,SRH,TM Head,76,40,6,6,190.0,out,0
IPL_2025_068,1,SRH,H Klaasen,105,39,7,9,269.23,not out,1
IPL_2025_068,1,SRH,Ishan Kishan,29,20,4,1,145.0,out,0
IPL_2025_068,1,SRH,Aniket Verma,12,6,1,1,200.0,not out,1
IPL_2025_068,2,KKR,Q de Kock,9,13,0,0,69.23,out,0
IPL_2025_068,2,KKR,SP Narine,31,16,3,3,193.75,out,0
IPL_2025_068,2,KKR,AM Rahane,15,8,3,0,187.5,out,0
IPL_2025_068,2,KKR,A Raghuvanshi,14,18,1,0,77.78,out,0
IPL_2025_068,2,KKR,RK Singh,9,6,0,1,150.0,out,0
IPL_2025_068,2,KKR,AD Russell,0,1,0,0,0.0,out,0
IPL_2025_068,2,KKR,MK Pandey,37,23,2,3,160.87,out,0
IPL_2025_068,2,KKR,Ramandeep Singh,13,5,0,2,260.0,out,0
IPL_2025_068,2,KKR,Harshit Rana,34,21,2,3,161.9,out,0
IPL_2025_068,2,KKR,VG Arora,0,1,0,0,0.0,out,0
IPL_2025_069,1,MI,RD Rickelton,27,20,5,0,135.0,out,0
IPL_2025_069,1,MI,RG Sharma,24,21,2,1,114.29,out,0
IPL_2025_069,1,MI,SA Yadav,57,39,6,2,146.15,out,0
IPL_2025_069,1,MI,Tilak Varma,1,4,0,0,25.0,out,0
IPL_2025_069,1,MI,WG Jacks,17,8,2,1,212.5,out,0
IPL_2025_069,1,MI,HH Pandya,26,15,2,2,173.33,out,0
IPL_2025_069,1,MI,Naman Dhir,20,12,0,2,166.67,out,0
IPL_2025_069,1,MI,MJ Santner,1,1,0,0,100.0,not out,1
IPL_2025_069,2,PBKS,Priyansh Arya,62,35,9,2,177.14,out,0
IPL_2025_069,2,PBKS,P Simran Singh,13,16,1,1,81.25,out,0
IPL_2025_069,2,PBKS,JP Inglis,73,42,9,3,173.81,out,0
IPL_2025_069,2,PBKS,SS Iyer,26,16,1,2,162.5,not out,1
IPL_2025_069,2,PBKS,N Wadhera,2,2,0,0,100.0,not out,1
IPL_2025_070,1,LSG,MR Marsh,67,37,4,5,181.08,out,0
IPL_2025_070,1,LSG,MP Breetzke,14,12,1,1,116.67,out,0
IPL_2025_070,1,LSG,RR Pant,118,61,11,8,193.44,not out,1
IPL_2025_070,1,LSG,N Pooran,13,10,1,0,130.0,out,0
IPL_2025_070,1,LSG,Abdul Samad,1,1,0,0,100.0,not out,1
IPL_2025_070,2,RCB,PD Salt,30,19,6,0,157.89,out,0
IPL_2025_070,2,RCB,V Kohli,54,30,10,0,180.0,out,0
IPL_2025_070,2,RCB,RM Patidar,14,7,1,1,200.0,out,0
IPL_2025_070,2,RCB,LS Livingstone,0,1,0,0,0.0,out,0
IPL_2025_070,2,RCB,MA Agarwal,41,23,5,0,178.26,not out,1
IPL_2025_070,2,RCB,JM Sharma,85,33,8,6,257.58,not out,1
IPL_2025_000,1,PBKS,Priyansh Arya,7,5,1,0,140.0,out,0
IPL_2025_000,1,PBKS,P Simran Singh,18,10,2,1,180.0,out,0
IPL_2025_000,1,PBKS,JP Inglis,4,7,0,0,57.14,out,0
IPL_2025_000,1,PBKS,SS Iyer,2,3,0,0,66.67,out,0
IPL_2025_000,1,PBKS,N Wadhera,8,10,1,0,80.0,out,0
IPL_2025_000,1,PBKS,MP Stoinis,26,17,2,2,152.94,out,0
IPL_2025_000,1,PBKS,Shashank Singh,3,5,0,0,60.0,out,0
IPL_2025_000,1,PBKS,Musheer Khan,0,3,0,0,0.0,out,0
IPL_2025_000,1,PBKS,Azmatullah Omarzai,18,12,1,1,150.0,out,0
IPL_2025_000,1,PBKS,Harpreet Brar,4,11,0,0,36.36,out,0
IPL_2025_000,1,PBKS,KA Jamieson,0,3,0,0,0.0,not out,1
IPL_2025_000,2,RCB,PD Salt,56,27,6,3,207.41,not out,1
IPL_2025_000,2,RCB,V Kohli,12,12,2,0,100.0,out,0
IPL_2025_000,2,RCB,MA Agarwal,19,13,2,1,146.15,out,0
IPL_2025_000,2,RCB,RM Patidar,15,8,1,1,187.5,not out,1
IPL_2025_000,1,MI,RG Sharma,81,50,9,4,162.0,out,0
IPL_2025_000,1,MI,JM Bairstow,47,22,4,3,213.64,out,0
IPL_2025_000,1,MI,SA Yadav,33,20,1,3,165.0,out,0
IPL_2025_000,1,MI,Tilak Varma,25,11,0,3,227.27,out,0
IPL_2025_000,1,MI,HH Pandya,22,9,0,3,244.44,not out,1
IPL_2025_000,1,MI,Naman Dhir,9,6,0,1,150.0,out,0
IPL_2025_000,1,MI,MJ Santner,0,2,0,0,0.0,not out,1
IPL_2025_000,2,GT,B Sai Sudharsan,80,49,10,1,163.27,out,0
IPL_2025_000,2,GT,Shubman Gill,1,2,0,0,50.0,out,0
IPL_2025_000,2,GT,BKG Mendis,20,10,1,2,200.0,out,0
IPL_2025_000,2,GT,Washington Sundar,48,24,5,3,200.0,out,0
IPL_2025_000,2,GT,SE Rutherford,24,15,4,0,160.0,out,0
IPL_2025_000,2,GT,R Tewatia,16,11,1,1,145.45,not out,1
IPL_2025_000,2,GT,M Shahrukh Khan,13,7,0,1,185.71,out,0
IPL_2025_000,2,GT,Rashid Khan,0,2,0,0,0.0,not out,1
IPL_2025_000,1,MI,RG Sharma,8,7,1,0,114.29,out,0
IPL_2025_000,1,MI,JM Bairstow,38,24,3,2,158.33,out,0
IPL_2025_000,1,MI,Tilak Varma,44,29,2,2,151.72,out,0
IPL_2025_000,1,MI,SA Yadav,44,26,4,3,169.23,out,0
IPL_2025_000,1,MI,HH Pandya,15,13,1,1,115.38,out,0
IPL_2025_000,1,MI,Naman Dhir,37,18,7,0,205.56,out,0
IPL_2025_000,1,MI,RA Bawa,8,4,0,0,200.0,not out,1
IPL_2025_000,1,MI,MJ Santner,0,1,0,0,0.0,not out,1
IPL_2025_000,2,PBKS,Priyansh Arya,20,10,2,1,200.0,out,0
IPL_2025_000,2,PBKS,P Simran Singh,6,9,1,0,66.67,out,0
IPL_2025_000,2,PBKS,JP Inglis,38,21,5,2,180.95,out,0
IPL_2025_000,2,PBKS,SS Iyer,87,41,5,8,212.2,not out,1
IPL_2025_000,2,PBKS,N Wadhera,48,29,4,2,165.52,out,0
IPL_2025_000,2,PBKS,Shashank Singh,2,3,0,0,66.67,out,0
IPL_2025_000,2,PBKS,MP Stoinis,2,2,0,0,100.0,not out,1
IPL_2025_000,1,RCB,PD Salt,16,9,2,1,177.78,out,0
IPL_2025_000,1,RCB,V Kohli,43,35,3,0,122.86,out,0
IPL_2025_000,1,RCB,MA Agarwal,24,18,2,1,133.33,out,0
IPL_2025_000,1,RCB,RM Patidar,26,16,1,2,162.5,out,0
IPL_2025_000,1,RCB,LS Livingstone,25,15,0,2,166.67,out,0
IPL_2025_000,1,RCB,JM Sharma,24,10,2,2,240.0,out,0
IPL_2025_000,1,RCB,R Shepherd,17,9,1,1,188.89,out,0
IPL_2025_000,1,RCB,KH Pandya,4,5,0,0,80.0,out,0
IPL_2025_000,1,RCB,B Kumar,1,2,0,0,50.0,out,0
IPL_2025_000,1,RCB,Yash Dayal,1,1,0,0,100.0,not out,1
IPL_2025_000,2,PBKS,Priyansh Arya,24,19,4,0,126.32,out,0
IPL_2025_000,2,PBKS,P Simran Singh,26,22,0,2,118.18,out,0
IPL_2025_000,2,PBKS,JP Inglis,39,23,1,4,169.57,out,0
IPL_2025_000,2,PBKS,SS Iyer,1,2,0,0,50.0,out,0
IPL_2025_000,2,PBKS,N Wadhera,15,18,0,1,83.33,out,0
IPL_2025_000,2,PBKS,Shashank Singh,61,30,3,6,203.33,not out,1
IPL_2025_000,2,PBKS,MP Stoinis,6,2,0,1,300.0,out,0
IPL_2025_000,2,PBKS,Azmatullah Omarzai,1,2,0,0,50.0,out,0
IPL_2025_000,2,PBKS,KA Jamieson,0,2,0,0,0.0,not out,1
IPL_2025_066,1,PBKS,Priyansh Arya,6,9,1,0,66.67,out,0
IPL_2025_066,1,PBKS,P Simran Singh,28,18,4,1,155.56,out,0
IPL_2025_066,1,PBKS,JP Inglis,32,12,3,2,266.67,out,0
IPL_2025_066,1,PBKS,SS Iyer,53,34,5,2,155.88,out,0
IPL_2025_066,1,PBKS,N Wadhera,16,16,1,0,100.0,out,0
IPL_2025_066,1,PBKS,Shashank Singh,11,10,0,0,110.0,out,0
IPL_2025_066,1,PBKS,MP Stoinis,44,16,3,4,275.0,not out,1
IPL_2025_066,1,PBKS,Azmatullah Omarzai,1,3,0,0,33.33,out,0
IPL_2025_066,1,PBKS,M Jansen,0,2,0,0,0.0,out,0
IPL_2025_066,1,PBKS,Harpreet Brar,7,2,0,1,350.0,not out,1
IPL_2025_066,2,DC,KL Rahul,35,21,6,1,166.67,out,0
IPL_2025_066,2,DC,F du Plessis,23,15,2,1,153.33,out,0
IPL_2025_066,2,DC,KK Nair,44,27,5,2,162.96,out,0
IPL_2025_066,2,DC,Sediqullah Atal,22,16,0,2,137.5,out,0
IPL_2025_066,2,DC,Sameer Rizvi,58,25,3,5,232.0,not out,1
IPL_2025_066,2,DC,T Stubbs,18,14,2,0,128.57,not out,1
IPL_2026_001,1,SRH,TM Head,11,9,2,0,122.22,out,0
IPL_2026_001,1,SRH,Abhishek Sharma,7,8,0,1,87.5,out,0
IPL_2026_001,1,SRH,Ishan Kishan,80,38,8,5,210.53,out,0
IPL_2026_001,1,SRH,Nithish Kumar Reddy,1,6,0,0,16.67,out,0
IPL_2026_001,1,SRH,H Klaasen,31,22,2,1,140.91,out,0
IPL_2026_001,1,SRH,S Arora,9,6,0,1,150.0,out,0
IPL_2026_001,1,SRH,Aniket Verma,43,18,3,4,238.89,out,0
IPL_2026_001,1,SRH,Harsh Dubey,3,3,0,0,100.0,out,0
IPL_2026_001,1,SRH,HV Patel,0,2,0,0,0.0,out,0
IPL_2026_001,1,SRH,DA Payne,6,5,0,0,120.0,not out,1
IPL_2026_001,1,SRH,JD Unadkat,4,3,0,0,133.33,not out,1
IPL_2026_001,2,RCB,PD Salt,8,7,2,0,114.29,out,0
IPL_2026_001,2,RCB,D Padikkal,61,26,7,4,234.62,out,0
IPL_2026_001,2,RCB,V Kohli,69,38,5,5,181.58,not out,1
IPL_2026_001,2,RCB,RM Patidar,31,12,2,3,258.33,out,0
IPL_2026_001,2,RCB,JM Sharma,0,1,0,0,0.0,out,0
IPL_2026_001,2,RCB,TH David,16,10,1,1,160.0,not out,1
IPL_2026_002,1,KKR,AM Rahane,67,40,3,5,167.5,out,0
IPL_2026_002,1,KKR,FH Allen,37,17,6,2,217.65,out,0
IPL_2026_002,1,KKR,C Green,18,10,1,1,180.0,out,0
IPL_2026_002,1,KKR,A Raghuvanshi,51,29,6,2,175.86,out,0
IPL_2026_002,1,KKR,RK Singh,33,21,4,0,157.14,not out,1
IPL_2026_002,1,KKR,Ramandeep Singh,4,4,0,0,100.0,not out,1
IPL_2026_002,2,MI,RD Rickelton,81,43,4,8,188.37,out,0
IPL_2026_002,2,MI,RG Sharma,78,38,6,6,205.26,out,0
IPL_2026_002,2,MI,SA Yadav,16,8,3,0,200.0,out,0
IPL_2026_002,2,MI,Tilak Varma,20,14,4,0,142.86,out,0
IPL_2026_002,2,MI,HH Pandya,18,11,3,0,163.64,not out,1
IPL_2026_002,2,MI,Naman Dhir,5,2,1,0,250.0,not out,1
IPL_2026_003,1,CSK,SV Samson,6,7,1,0,85.71,out,0
IPL_2026_003,1,CSK,RD Gaikwad,6,11,1,0,54.55,out,0
IPL_2026_003,1,CSK,A Mhatre,0,1,0,0,0.0,out,0
IPL_2026_003,1,CSK,SN Khan,17,12,2,1,141.67,out,0
IPL_2026_003,1,CSK,MW Short,2,7,0,0,28.57,out,0
IPL_2026_003,1,CSK,Kartik Sharma,18,15,0,1,120.0,out,0
IPL_2026_003,1,CSK,S Dube,6,4,0,1,150.0,out,0
IPL_2026_003,1,CSK,J Overton,43,36,2,2,119.44,out,0
IPL_2026_003,1,CSK,Noor Ahmad,1,9,0,0,11.11,out,0
IPL_2026_003,1,CSK,MJ Henry,5,7,1,0,71.43,out,0
IPL_2026_003,1,CSK,A Kamboj,7,10,1,0,70.0,not out,1
IPL_2026_003,2,RR,YBK Jaiswal,38,36,3,1,105.56,not out,1
IPL_2026_003,2,RR,V Suryavanshi,52,17,4,5,305.88,out,0
IPL_2026_003,2,RR,Dhruv Jurel,18,9,4,0,200.0,out,0
IPL_2026_003,2,RR,R Parag,14,11,1,1,127.27,not out,1
IPL_2026_004,1,GT,B Sai Sudharsan,13,11,2,0,118.18,out,0
IPL_2026_004,1,GT,Shubman Gill,39,27,6,0,144.44,out,0
IPL_2026_004,1,GT,JC Buttler,38,33,3,2,115.15,out,0
IPL_2026_004,1,GT,GD Phillips,25,17,1,1,147.06,out,0
IPL_2026_004,1,GT,Washington Sundar,18,16,2,0,112.5,out,0
IPL_2026_004,1,GT,M Shahrukh Khan,4,6,0,0,66.67,out,0
IPL_2026_004,1,GT,R Tewatia,11,10,1,0,110.0,not out,1
IPL_2026_004,1,GT,Rashid Khan,0,1,0,0,0.0,not out,1
IPL_2026_004,2,PBKS,Priyansh Arya,7,8,0,1,87.5,out,0
IPL_2026_004,2,PBKS,C Connolly,72,44,5,5,163.64,not out,1
IPL_2026_004,2,PBKS,P Simran Singh,37,24,1,4,154.17,out,0
IPL_2026_004,2,PBKS,SS Iyer,18,11,0,2,163.64,out,0
IPL_2026_004,2,PBKS,N Wadhera,3,6,0,0,50.0,out,0
IPL_2026_004,2,PBKS,Shashank Singh,4,5,0,0,80.0,out,0
IPL_2026_004,2,PBKS,MP Stoinis,0,2,0,0,0.0,out,0
IPL_2026_004,2,PBKS,M Jansen,9,10,0,1,90.0,out,0
IPL_2026_004,2,PBKS,XC Bartlett,11,5,0,1,220.0,not out,1
IPL_2026_005,1,LSG,MR Marsh,35,28,2,3,125.0,out,0
IPL_2026_005,1,LSG,RR Pant,7,9,1,0,77.78,out,0
IPL_2026_005,1,LSG,AK Markram,11,8,1,1,137.5,out,0
IPL_2026_005,1,LSG,A Badoni,0,3,0,0,0.0,out,0
IPL_2026_005,1,LSG,N Pooran,8,8,1,0,100.0,out,0
IPL_2026_005,1,LSG,Abdul Samad,36,25,3,1,144.0,out,0
IPL_2026_005,1,LSG,MD Choudhary,14,11,2,0,127.27,out,0
IPL_2026_005,1,LSG,Shahbaz Ahmed,15,16,1,0,93.75,not out,1
IPL_2026_005,1,LSG,Mohammed Shami,1,2,0,0,50.0,out,0
IPL_2026_005,1,LSG,A Nortje,0,1,0,0,0.0,out,0
IPL_2026_005,1,LSG,Mohsin Khan,0,1,0,0,0.0,out,0
IPL_2026_005,2,DC,KL Rahul,0,1,0,0,0.0,out,0
IPL_2026_005,2,DC,N Rana,15,17,2,1,88.24,out,0
IPL_2026_005,2,DC,P Nissanka,1,5,0,0,20.0,out,0
IPL_2026_005,2,DC,Sameer Rizvi,70,47,5,4,148.94,not out,1
IPL_2026_005,2,DC,AR Patel,0,1,0,0,0.0,out,0
IPL_2026_005,2,DC,T Stubbs,39,32,3,1,121.88,not out,1
IPL_2026_006,1,SRH,TM Head,46,21,6,3,219.05,out,0
IPL_2026_006,1,SRH,Abhishek Sharma,48,21,4,4,228.57,out,0
IPL_2026_006,1,SRH,Ishan Kishan,14,9,3,0,155.56,out,0
IPL_2026_006,1,SRH,H Klaasen,52,35,4,1,148.57,out,0
IPL_2026_006,1,SRH,Aniket Verma,1,4,0,0,25.0,out,0
IPL_2026_006,1,SRH,Nithish Kumar Reddy,39,24,4,1,162.5,out,0
IPL_2026_006,1,SRH,S Arora,0,1,0,0,0.0,out,0
IPL_2026_006,1,SRH,Harsh Dubey,9,3,2,0,300.0,not out,1
IPL_2026_006,1,SRH,Shivang Kumar,4,2,1,0,200.0,out,0
IPL_2026_006,2,KKR,AM Rahane,8,10,0,0,80.0,out,0
IPL_2026_006,2,KKR,FH Allen,28,7,4,2,400.0,out,0
IPL_2026_006,2,KKR,A Raghuvanshi,52,29,6,2,179.31,out,0
IPL_2026_006,2,KKR,C Green,2,2,0,0,100.0,out,0
IPL_2026_006,2,KKR,RK Singh,35,25,4,1,140.0,out,0
IPL_2026_006,2,KKR,AS Roy,0,2,0,0,0.0,out,0
IPL_2026_006,2,KKR,Ramandeep Singh,10,9,1,0,111.11,out,0
IPL_2026_006,2,KKR,SP Narine,12,4,0,2,300.0,out,0
IPL_2026_006,2,KKR,Kartik Tyagi,5,5,1,0,100.0,out,0
IPL_2026_006,2,KKR,VG Arora,1,2,0,0,50.0,not out,1
IPL_2026_006,2,KKR,CV Varun,0,1,0,0,0.0,out,0
IPL_2026_007,1,CSK,SV Samson,7,7,1,0,100.0,out,0
IPL_2026_007,1,CSK,RD Gaikwad,28,22,2,0,127.27,out,0
IPL_2026_007,1,CSK,A Mhatre,73,43,6,5,169.77,out,0
IPL_2026_007,1,CSK,S Dube,45,27,5,1,166.67,not out,1
IPL_2026_007,1,CSK,Kartik Sharma,1,3,0,0,33.33,out,0
IPL_2026_007,1,CSK,SN Khan,32,12,6,1,266.67,out,0
IPL_2026_007,1,CSK,PR Veer,6,7,1,0,85.71,not out,1
IPL_2026_007,2,PBKS,Priyansh Arya,39,11,3,4,354.55,out,0
IPL_2026_007,2,PBKS,P Simran Singh,43,34,6,1,126.47,out,0
IPL_2026_007,2,PBKS,C Connolly,36,22,6,0,163.64,out,0
IPL_2026_007,2,PBKS,SS Iyer,50,29,4,3,172.41,out,0
IPL_2026_007,2,PBKS,N Wadhera,10,9,0,1,111.11,out,0
IPL_2026_007,2,PBKS,MP Stoinis,9,3,2,0,300.0,not out,1
IPL_2026_007,2,PBKS,Shashank Singh,14,6,2,0,233.33,not out,1
IPL_2026_008,1,MI,RD Rickelton,9,11,2,0,81.82,out,0
IPL_2026_008,1,MI,RG Sharma,35,26,5,1,134.62,out,0
IPL_2026_008,1,MI,Tilak Varma,0,2,0,0,0.0,out,0
IPL_2026_008,1,MI,SA Yadav,51,36,3,2,141.67,out,0
IPL_2026_008,1,MI,SE Rutherford,5,7,1,0,71.43,out,0
IPL_2026_008,1,MI,Naman Dhir,28,21,2,1,133.33,out,0
IPL_2026_008,1,MI,MJ Santner,18,13,2,0,138.46,not out,1
IPL_2026_008,1,MI,C Bosch,11,4,2,0,275.0,not out,1
IPL_2026_008,2,DC,KL Rahul,1,3,0,0,33.33,out,0
IPL_2026_008,2,DC,P Nissanka,44,30,6,1,146.67,out,0
IPL_2026_008,2,DC,N Rana,0,3,0,0,0.0,out,0
IPL_2026_008,2,DC,Sameer Rizvi,90,51,7,7,176.47,out,0
IPL_2026_008,2,DC,DA Miller,21,18,4,0,116.67,not out,1
IPL_2026_008,2,DC,T Stubbs,3,4,0,0,75.0,not out,1
IPL_2026_009,1,RR,YBK Jaiswal,55,36,6,3,152.78,out,0
IPL_2026_009,1,RR,V Suryavanshi,31,18,5,1,172.22,out,0
IPL_2026_009,1,RR,Dhruv Jurel,75,42,5,5,178.57,out,0
IPL_2026_009,1,RR,R Parag,8,4,0,1,200.0,out,0
IPL_2026_009,1,RR,SO Hetmyer,18,8,1,2,225.0,out,0
IPL_2026_009,1,RR,D Ferreira,1,3,0,0,33.33,out,0
IPL_2026_009,1,RR,RA Jadeja,7,7,1,0,100.0,not out,1
IPL_2026_009,1,RR,JC Archer,1,2,0,0,50.0,not out,1
IPL_2026_009,2,GT,B Sai Sudharsan,73,44,9,3,165.91,out,0
IPL_2026_009,2,GT,Kumar Kushagra,18,14,3,0,128.57,out,0
IPL_2026_009,2,GT,JC Buttler,26,14,5,0,185.71,out,0
IPL_2026_009,2,GT,GD Phillips,3,4,0,0,75.0,out,0
IPL_2026_009,2,GT,Washington Sundar,4,2,1,0,200.0,out,0
IPL_2026_009,2,GT,R Tewatia,12,6,1,1,200.0,out,0
IPL_2026_009,2,GT,M Shahrukh Khan,11,4,1,1,275.0,out,0
IPL_2026_009,2,GT,Rashid Khan,24,16,3,0,150.0,out,0
IPL_2026_009,2,GT,K Rabada,23,16,1,2,143.75,not out,1
IPL_2026_009,2,GT,Ashok Sharma,0,1,0,0,0.0,not out,1
IPL_2026_010,1,SRH,TM Head,7,8,1,0,87.5,out,0
IPL_2026_010,1,SRH,Abhishek Sharma,0,2,0,0,0.0,out,0
IPL_2026_010,1,SRH,Ishan Kishan,1,4,0,0,25.0,out,0
IPL_2026_010,1,SRH,LS Livingstone,14,20,0,1,70.0,out,0
IPL_2026_010,1,SRH,H Klaasen,62,41,5,2,151.22,out,0
IPL_2026_010,1,SRH,Nithish Kumar Reddy,56,33,3,5,169.7,out,0
IPL_2026_010,1,SRH,Aniket Verma,2,5,0,0,40.0,not out,1
IPL_2026_010,1,SRH,Harsh Dubey,0,1,0,0,0.0,out,0
IPL_2026_010,1,SRH,Shivang Kumar,5,4,1,0,125.0,out,0
IPL_2026_010,1,SRH,HV Patel,4,2,1,0,200.0,out,0
IPL_2026_010,2,LSG,AK Markram,45,27,6,2,166.67,out,0
IPL_2026_010,2,LSG,MR Marsh,14,12,2,0,116.67,out,0
IPL_2026_010,2,LSG,RR Pant,68,50,9,0,136.0,not out,1
IPL_2026_010,2,LSG,A Badoni,12,9,1,0,133.33,out,0
IPL_2026_010,2,LSG,N Pooran,1,4,0,0,25.0,out,0
IPL_2026_010,2,LSG,Abdul Samad,16,12,2,0,133.33,out,0
IPL_2026_010,2,LSG,MD Choudhary,2,5,0,0,40.0,not out,1
IPL_2026_011,1,RCB,PD Salt,46,30,3,2,153.33,out,0
IPL_2026_011,1,RCB,V Kohli,28,18,2,1,155.56,out,0
IPL_2026_011,1,RCB,D Padikkal,50,29,5,2,172.41,out,0
IPL_2026_011,1,RCB,RM Patidar,48,19,1,6,252.63,not out,1
IPL_2026_011,1,RCB,TH David,70,25,3,8,280.0,not out,1
IPL_2026_011,2,CSK,SV Samson,9,5,0,1,180.0,out,0
IPL_2026_011,2,CSK,RD Gaikwad,7,3,0,1,233.33,out,0
IPL_2026_011,2,CSK,A Mhatre,1,3,0,0,33.33,out,0
IPL_2026_011,2,CSK,SN Khan,50,25,8,2,200.0,out,0
IPL_2026_011,2,CSK,Kartik Sharma,6,3,0,1,200.0,out,0
IPL_2026_011,2,CSK,S Dube,18,13,2,1,138.46,out,0
IPL_2026_011,2,CSK,PR Veer,43,29,6,1,148.28,out,0
IPL_2026_011,2,CSK,J Overton,37,16,4,2,231.25,out,0
IPL_2026_011,2,CSK,A Kamboj,19,12,1,1,158.33,not out,1
IPL_2026_011,2,CSK,Noor Ahmad,8,8,0,1,100.0,out,0
IPL_2026_011,2,CSK,MJ Henry,2,3,0,0,66.67,out,0
IPL_2026_012,1,KKR,AM Rahane,8,6,1,0,133.33,not out,1
IPL_2026_012,1,KKR,FH Allen,6,7,1,0,85.71,out,0
IPL_2026_012,1,KKR,C Green,4,2,1,0,200.0,out,0
IPL_2026_012,1,KKR,A Raghuvanshi,7,7,0,0,100.0,not out,1
IPL_2026_013,1,RR,YBK Jaiswal,77,32,10,4,240.62,not out,1
IPL_2026_013,1,RR,V Suryavanshi,39,14,1,5,278.57,out,0
IPL_2026_013,1,RR,Dhruv Jurel,2,3,0,0,66.67,out,0
IPL_2026_013,1,RR,R Parag,20,10,1,2,200.0,out,0
IPL_2026_013,1,RR,SO Hetmyer,6,7,0,0,85.71,not out,1
IPL_2026_013,2,MI,RD Rickelton,8,4,0,1,200.0,out,0
IPL_2026_013,2,MI,RG Sharma,5,6,0,0,83.33,out,0
IPL_2026_013,2,MI,SA Yadav,6,3,0,1,200.0,out,0
IPL_2026_013,2,MI,Tilak Varma,14,10,2,0,140.0,out,0
IPL_2026_013,2,MI,HH Pandya,9,6,2,0,150.0,out,0
IPL_2026_013,2,MI,Naman Dhir,25,13,3,1,192.31,out,0
IPL_2026_013,2,MI,SE Rutherford,25,8,2,2,312.5,out,0
IPL_2026_013,2,MI,SN Thakur,8,7,1,0,114.29,out,0
IPL_2026_013,2,MI,DL Chahar,6,5,1,0,120.0,not out,1
IPL_2026_013,2,MI,TA Boult,1,2,0,0,50.0,out,0
IPL_2026_013,2,MI,JJ Bumrah,5,2,1,0,250.0,not out,1
IPL_2026_014,1,GT,B Sai Sudharsan,12,7,2,0,171.43,out,0
IPL_2026_014,1,GT,Shubman Gill,70,45,4,5,155.56,out,0
IPL_2026_014,1,GT,JC Buttler,52,27,3,5,192.59,out,0
IPL_2026_014,1,GT,Washington Sundar,55,32,6,2,171.88,out,0
IPL_2026_014,1,GT,GD Phillips,14,9,1,1,155.56,not out,1
IPL_2026_014,1,GT,R Tewatia,1,1,0,0,100.0,not out,1
IPL_2026_014,2,DC,P Nissanka,41,24,6,1,170.83,out,0
IPL_2026_014,2,DC,KL Rahul,92,52,11,4,176.92,out,0
IPL_2026_014,2,DC,N Rana,5,6,1,0,83.33,out,0
IPL_2026_014,2,DC,Sameer Rizvi,0,1,0,0,0.0,out,0
IPL_2026_014,2,DC,DA Miller,41,20,3,3,205.0,not out,1
IPL_2026_014,2,DC,AR Patel,2,3,0,0,66.67,out,0
IPL_2026_014,2,DC,T Stubbs,7,6,0,0,116.67,out,0
IPL_2026_014,2,DC,V Nigam,12,7,2,0,171.43,out,0
IPL_2026_014,2,DC,Kuldeep Yadav,1,1,0,0,100.0,out,0
IPL_2026_015,1,KKR,AM Rahane,41,24,4,2,170.83,out,0
IPL_2026_015,1,KKR,FH Allen,9,8,2,0,112.5,out,0
IPL_2026_015,1,KKR,A Raghuvanshi,45,33,5,2,136.36,out,0
IPL_2026_015,1,KKR,C Green,32,24,3,1,133.33,not out,1
IPL_2026_015,1,KKR,RK Singh,4,7,0,0,57.14,out,0
IPL_2026_015,1,KKR,R Powell,39,24,4,2,162.5,not out,1
IPL_2026_015,2,LSG,MR Marsh,15,11,1,1,136.36,out,0
IPL_2026_015,2,LSG,AK Markram,22,15,2,1,146.67,out,0
IPL_2026_015,2,LSG,RR Pant,10,9,1,0,111.11,out,0
IPL_2026_015,2,LSG,A Badoni,54,34,7,2,158.82,out,0
IPL_2026_015,2,LSG,N Pooran,13,15,0,1,86.67,out,0
IPL_2026_015,2,LSG,Abdul Samad,2,4,0,0,50.0,out,0
IPL_2026_015,2,LSG,MD Choudhary,54,27,2,7,200.0,not out,1
IPL_2026_015,2,LSG,Mohammed Shami,1,3,0,0,33.33,out,0
IPL_2026_015,2,LSG,Avesh Khan,1,3,0,0,33.33,not out,1
IPL_2026_016,1,RCB,PD Salt,0,1,0,0,0.0,out,0
IPL_2026_016,1,RCB,D Padikkal,14,7,3,0,200.0,out,0
IPL_2026_016,1,RCB,V Kohli,32,16,7,0,200.0,out,0
IPL_2026_016,1,RCB,RM Patidar,63,40,4,4,157.5,out,0
IPL_2026_016,1,RCB,KH Pandya,1,6,0,0,16.67,out,0
IPL_2026_016,1,RCB,JM Sharma,5,8,0,0,62.5,out,0
IPL_2026_016,1,RCB,TH David,13,9,2,0,144.44,out,0
IPL_2026_016,1,RCB,R Shepherd,22,11,2,1,200.0,out,0
IPL_2026_016,1,RCB,VR Iyer,29,15,1,2,193.33,not out,1
IPL_2026_016,1,RCB,B Kumar,9,7,1,0,128.57,not out,1
IPL_2026_016,2,RR,YBK Jaiswal,13,8,0,2,162.5,out,0
IPL_2026_016,2,RR,V Suryavanshi,78,26,8,7,300.0,out,0
IPL_2026_016,2,RR,Dhruv Jurel,81,43,8,3,188.37,not out,1
IPL_2026_016,2,RR,SO Hetmyer,0,1,0,0,0.0,out,0
IPL_2026_016,2,RR,R Parag,3,5,0,0,60.0,out,0
IPL_2026_016,2,RR,RA Jadeja,24,25,1,0,96.0,not out,1
IPL_2026_017,1,SRH,Abhishek Sharma,74,28,5,8,264.29,out,0
IPL_2026_017,1,SRH,TM Head,38,23,5,1,165.22,out,0
IPL_2026_017,1,SRH,Ishan Kishan,27,17,3,1,158.82,out,0
IPL_2026_017,1,SRH,H Klaasen,39,33,1,1,118.18,out,0
IPL_2026_017,1,SRH,Aniket Verma,18,9,1,1,200.0,out,0
IPL_2026_017,1,SRH,S Arora,9,8,0,1,112.5,out,0
IPL_2026_017,1,SRH,Nithish Kumar Reddy,0,1,0,0,0.0,not out,1
IPL_2026_017,1,SRH,Harsh Dubey,1,2,0,0,50.0,not out,1
IPL_2026_017,2,PBKS,Priyansh Arya,57,20,5,5,285.0,out,0
IPL_2026_017,2,PBKS,P Simran Singh,51,25,4,4,204.0,out,0
IPL_2026_017,2,PBKS,C Connolly,11,12,1,0,91.67,out,0
IPL_2026_017,2,PBKS,SS Iyer,69,33,5,5,209.09,not out,1
IPL_2026_017,2,PBKS,N Wadhera,14,14,0,1,100.0,out,0
IPL_2026_017,2,PBKS,Shashank Singh,16,9,1,1,177.78,not out,1
IPL_2026_018,1,CSK,SV Samson,115,56,15,4,205.36,not out,1
IPL_2026_018,1,CSK,RD Gaikwad,15,18,1,0,83.33,out,0
IPL_2026_018,1,CSK,A Mhatre,59,36,3,4,163.89,out,0
IPL_2026_018,1,CSK,S Dube,20,10,2,1,200.0,not out,1
IPL_2026_018,2,DC,P Nissanka,41,24,5,2,170.83,out,0
IPL_2026_018,2,DC,KL Rahul,18,10,2,1,180.0,out,0
IPL_2026_018,2,DC,AR Patel,1,2,0,0,50.0,out,0
IPL_2026_018,2,DC,Sameer Rizvi,6,9,1,0,66.67,out,0
IPL_2026_018,2,DC,DA Miller,17,14,1,1,121.43,out,0
IPL_2026_018,2,DC,T Stubbs,60,38,4,3,157.89,out,0
IPL_2026_018,2,DC,Ashutosh Sharma,19,10,1,2,190.0,out,0
IPL_2026_018,2,DC,Auqib Nabi,4,2,1,0,200.0,out,0
IPL_2026_018,2,DC,Kuldeep Yadav,4,7,0,0,57.14,out,0
IPL_2026_018,2,DC,L Ngidi,3,5,0,0,60.0,out,0
IPL_2026_018,2,DC,T Natarajan,1,2,0,0,50.0,not out,1
IPL_2026_019,1,LSG,AK Markram,30,21,5,1,142.86,out,0
IPL_2026_019,1,LSG,MR Marsh,11,4,1,1,275.0,out,0
IPL_2026_019,1,LSG,RR Pant,18,11,2,1,163.64,out,0
IPL_2026_019,1,LSG,A Badoni,9,11,1,0,81.82,out,0
IPL_2026_019,1,LSG,N Pooran,19,21,0,2,90.48,out,0
IPL_2026_019,1,LSG,Abdul Samad,18,22,2,0,81.82,out,0
IPL_2026_019,1,LSG,MD Choudhary,18,14,1,1,128.57,out,0
IPL_2026_019,1,LSG,GF Linde,16,10,3,0,160.0,out,0
IPL_2026_019,1,LSG,Mohammed Shami,12,5,1,1,240.0,not out,1
IPL_2026_019,1,LSG,Avesh Khan,4,1,1,0,400.0,not out,1
IPL_2026_019,2,GT,B Sai Sudharsan,15,14,3,0,107.14,out,0
IPL_2026_019,2,GT,Shubman Gill,56,40,6,1,140.0,out,0
IPL_2026_019,2,GT,JC Buttler,60,37,11,0,162.16,out,0
IPL_2026_019,2,GT,Washington Sundar,21,13,2,1,161.54,not out,1
IPL_2026_019,2,GT,R Tewatia,10,8,1,0,125.0,not out,1
IPL_2026_020,1,RCB,PD Salt,78,36,6,6,216.67,out,0
IPL_2026_020,1,RCB,V Kohli,50,38,5,1,131.58,out,0
IPL_2026_020,1,RCB,RM Patidar,53,20,4,5,265.0,out,0
IPL_2026_020,1,RCB,TH David,34,16,2,3,212.5,not out,1
IPL_2026_020,1,RCB,JM Sharma,10,9,1,0,111.11,out,0
IPL_2026_020,1,RCB,R Shepherd,2,2,0,0,100.0,not out,1
IPL_2026_020,2,MI,RD Rickelton,37,22,3,3,168.18,out,0
IPL_2026_020,2,MI,RG Sharma,19,13,2,1,146.15,out,0
IPL_2026_020,2,MI,SA Yadav,33,22,5,0,150.0,out,0
IPL_2026_020,2,MI,Tilak Varma,1,3,0,0,33.33,out,0
IPL_2026_020,2,MI,HH Pandya,40,22,6,1,181.82,out,0
IPL_2026_020,2,MI,SE Rutherford,71,31,1,9,229.03,not out,1
IPL_2026_020,2,MI,Naman Dhir,1,2,0,0,50.0,out,0
IPL_2026_020,2,MI,MJ Santner,8,6,1,0,133.33,not out,1
IPL_2026_021,1,SRH,Abhishek Sharma,0,1,0,0,0.0,out,0
IPL_2026_021,1,SRH,Ishan Kishan,91,44,8,6,206.82,out,0
IPL_2026_021,1,SRH,TM Head,18,18,3,0,100.0,out,0
IPL_2026_021,1,SRH,H Klaasen,40,26,1,3,153.85,out,0
IPL_2026_021,1,SRH,Nithish Kumar Reddy,28,13,0,4,215.38,out,0
IPL_2026_021,1,SRH,S Arora,24,13,2,2,184.62,not out,1
IPL_2026_021,1,SRH,Aniket Verma,6,5,1,0,120.0,out,0
IPL_2026_021,2,RR,YBK Jaiswal,1,5,0,0,20.0,out,0
IPL_2026_021,2,RR,V Suryavanshi,0,1,0,0,0.0,out,0
IPL_2026_021,2,RR,Dhruv Jurel,0,2,0,0,0.0,out,0
IPL_2026_021,2,RR,LG Pretorius,0,2,0,0,0.0,out,0
IPL_2026_021,2,RR,RA Jadeja,45,32,5,0,140.62,out,0
IPL_2026_021,2,RR,R Parag,4,6,1,0,66.67,out,0
IPL_2026_021,2,RR,D Ferreira,69,44,8,3,156.82,out,0
IPL_2026_021,2,RR,JC Archer,2,5,0,0,40.0,out,0
IPL_2026_021,2,RR,TU Deshpande,25,11,0,3,227.27,out,0
IPL_2026_021,2,RR,Ravi Bishnoi,0,1,0,0,0.0,out,0
IPL_2026_021,2,RR,N Burger,3,5,0,0,60.0,not out,1
IPL_2026_022,1,CSK,SV Samson,48,32,4,3,150.0,out,0
IPL_2026_022,1,CSK,RD Gaikwad,7,6,1,0,116.67,out,0
IPL_2026_022,1,CSK,A Mhatre,38,17,6,2,223.53,out,0
IPL_2026_022,1,CSK,D Brevis,41,29,4,2,141.38,out,0
IPL_2026_022,1,CSK,SN Khan,23,18,1,2,127.78,out,0
IPL_2026_022,1,CSK,S Dube,13,12,1,0,108.33,not out,1
IPL_2026_022,1,CSK,J Overton,7,6,1,0,116.67,not out,1
IPL_2026_022,2,KKR,FH Allen,1,3,0,0,33.33,out,0
IPL_2026_022,2,KKR,SP Narine,24,17,2,2,141.18,out,0
IPL_2026_022,2,KKR,AM Rahane,28,22,0,2,127.27,out,0
IPL_2026_022,2,KKR,A Raghuvanshi,27,19,3,1,142.11,out,0
IPL_2026_022,2,KKR,RK Singh,6,12,0,0,50.0,out,0
IPL_2026_022,2,KKR,C Green,0,1,0,0,0.0,out,0
IPL_2026_022,2,KKR,R Powell,31,22,1,2,140.91,not out,1
IPL_2026_022,2,KKR,Ramandeep Singh,35,23,4,1,152.17,out,0
IPL_2026_022,2,KKR,AS Roy,1,1,0,0,100.0,not out,1
IPL_2026_023,1,LSG,MR Marsh,40,32,3,2,125.0,out,0
IPL_2026_023,1,LSG,AK Markram,12,8,0,1,150.0,out,0
IPL_2026_023,1,LSG,RR Pant,1,6,0,0,16.67,out,0
IPL_2026_023,1,LSG,N Pooran,1,7,0,0,14.29,out,0
IPL_2026_023,1,LSG,A Badoni,38,24,4,1,158.33,out,0
IPL_2026_023,1,LSG,Abdul Samad,0,2,0,0,0.0,out,0
IPL_2026_023,1,LSG,MD Choudhary,39,28,3,2,139.29,out,0
IPL_2026_023,1,LSG,GF Linde,7,7,1,0,100.0,out,0
IPL_2026_023,1,LSG,Mohammed Shami,0,1,0,0,0.0,out,0
IPL_2026_023,1,LSG,Avesh Khan,1,2,0,0,50.0,out,0
IPL_2026_023,1,LSG,DS Rathi,0,3,0,0,0.0,not out,1
IPL_2026_023,2,RCB,PD Salt,7,8,1,0,87.5,out,0
IPL_2026_023,2,RCB,V Kohli,49,34,6,1,144.12,out,0
IPL_2026_023,2,RCB,D Padikkal,10,11,1,0,90.91,out,0
IPL_2026_023,2,RCB,RM Patidar,27,13,1,3,207.69,out,0
IPL_2026_023,2,RCB,JM Sharma,23,9,2,2,255.56,out,0
IPL_2026_023,2,RCB,TH David,14,8,1,1,175.0,not out,1
IPL_2026_023,2,RCB,R Shepherd,14,8,1,1,175.0,not out,1
IPL_2026_024,1,MI,RD Rickelton,2,8,0,0,25.0,out,0
IPL_2026_024,1,MI,Q de Kock,112,60,8,7,186.67,not out,1
IPL_2026_024,1,MI,SA Yadav,0,1,0,0,0.0,out,0
IPL_2026_024,1,MI,Naman Dhir,50,31,3,3,161.29,out,0
IPL_2026_024,1,MI,HH Pandya,14,12,0,1,116.67,out,0
IPL_2026_024,1,MI,SE Rutherford,1,5,0,0,20.0,out,0
IPL_2026_024,1,MI,Tilak Varma,8,3,2,0,266.67,out,0
IPL_2026_024,2,PBKS,Priyansh Arya,15,9,2,1,166.67,out,0
IPL_2026_024,2,PBKS,P Simran Singh,80,39,11,2,205.13,not out,1
IPL_2026_024,2,PBKS,C Connolly,17,12,1,2,141.67,out,0
IPL_2026_024,2,PBKS,SS Iyer,66,35,5,4,188.57,out,0
IPL_2026_024,2,PBKS,MP Stoinis,10,5,2,0,200.0,not out,1
IPL_2026_025,1,KKR,TL Seifert,19,14,2,1,135.71,out,0
IPL_2026_025,1,KKR,AM Rahane,0,1,0,0,0.0,out,0
IPL_2026_025,1,KKR,A Raghuvanshi,8,4,2,0,200.0,out,0
IPL_2026_025,1,KKR,C Green,79,55,7,4,143.64,out,0
IPL_2026_025,1,KKR,R Powell,27,20,2,2,135.0,out,0
IPL_2026_025,1,KKR,AS Roy,9,7,1,0,128.57,out,0
IPL_2026_025,1,KKR,RK Singh,1,2,0,0,50.0,out,0
IPL_2026_025,1,KKR,Ramandeep Singh,17,8,2,1,212.5,out,0
IPL_2026_025,1,KKR,SP Narine,0,5,0,0,0.0,out,0
IPL_2026_025,1,KKR,Kartik Tyagi,6,4,0,1,150.0,out,0
IPL_2026_025,1,KKR,VG Arora,0,1,0,0,0.0,not out,1
IPL_2026_025,2,GT,B Sai Sudharsan,22,16,1,2,137.5,out,0
IPL_2026_025,2,GT,Shubman Gill,86,50,8,4,172.0,out,0
IPL_2026_025,2,GT,JC Buttler,25,15,2,2,166.67,out,0
IPL_2026_025,2,GT,Washington Sundar,13,13,1,0,100.0,out,0
IPL_2026_025,2,GT,GD Phillips,19,16,2,0,118.75,out,0
IPL_2026_025,2,GT,R Tewatia,7,6,0,0,116.67,not out,1
IPL_2026_025,2,GT,M Shahrukh Khan,3,2,0,0,150.0,not out,1
IPL_2026_026,1,RCB,PD Salt,63,38,4,3,165.79,out,0
IPL_2026_026,1,RCB,V Kohli,19,13,3,0,146.15,out,0
IPL_2026_026,1,RCB,D Padikkal,18,13,1,1,138.46,out,0
IPL_2026_026,1,RCB,TH David,26,17,3,1,152.94,out,0
IPL_2026_026,1,RCB,RM Patidar,8,4,0,1,200.0,out,0
IPL_2026_026,1,RCB,JM Sharma,14,20,1,0,70.0,out,0
IPL_2026_026,1,RCB,R Shepherd,1,4,0,0,25.0,out,0
IPL_2026_026,1,RCB,KH Pandya,12,10,0,1,120.0,out,0
IPL_2026_026,1,RCB,B Kumar,3,2,0,0,150.0,not out,1
IPL_2026_026,2,DC,P Nissanka,1,2,0,0,50.0,out,0
IPL_2026_026,2,DC,KL Rahul,57,34,6,2,167.65,out,0
IPL_2026_026,2,DC,KK Nair,5,5,1,0,100.0,out,0
IPL_2026_026,2,DC,Sameer Rizvi,2,3,0,0,66.67,out,0
IPL_2026_026,2,DC,T Stubbs,60,47,4,1,127.66,not out,1
IPL_2026_026,2,DC,AR Patel,26,19,3,0,136.84,out,0
IPL_2026_026,2,DC,DA Miller,22,10,1,2,220.0,not out,1
IPL_2026_027,1,SRH,Abhishek Sharma,59,22,6,4,268.18,out,0
IPL_2026_027,1,SRH,TM Head,23,20,3,1,115.0,out,0
IPL_2026_027,1,SRH,Ishan Kishan,0,1,0,0,0.0,out,0
IPL_2026_027,1,SRH,H Klaasen,59,39,6,2,151.28,out,0
IPL_2026_027,1,SRH,Aniket Verma,2,4,0,0,50.0,out,0
IPL_2026_027,1,SRH,Nithish Kumar Reddy,12,8,0,1,150.0,out,0
IPL_2026_027,1,SRH,S Arora,13,12,2,0,108.33,out,0
IPL_2026_027,1,SRH,LS Livingstone,1,5,0,0,20.0,out,0
IPL_2026_027,1,SRH,Shivang Kumar,12,8,1,1,150.0,out,0
IPL_2026_027,1,SRH,PP Hinge,0,1,0,0,0.0,not out,1
IPL_2026_027,2,CSK,SV Samson,7,3,0,1,233.33,out,0
IPL_2026_027,2,CSK,RD Gaikwad,19,13,3,0,146.15,out,0
IPL_2026_027,2,CSK,A Mhatre,30,13,5,1,230.77,out,0
IPL_2026_027,2,CSK,MW Short,34,30,3,0,113.33,out,0
IPL_2026_027,2,CSK,SN Khan,25,19,3,0,131.58,out,0
IPL_2026_027,2,CSK,D Brevis,0,4,0,0,0.0,out,0
IPL_2026_027,2,CSK,S Dube,21,16,1,1,131.25,out,0
IPL_2026_027,2,CSK,J Overton,16,15,1,0,106.67,out,0
IPL_2026_027,2,CSK,A Kamboj,13,8,0,1,162.5,not out,1
IPL_2026_027,2,CSK,Noor Ahmad,1,1,0,0,100.0,not out,1
IPL_2026_028,1,RR,YBK Jaiswal,39,29,4,2,134.48,out,0
IPL_2026_028,1,RR,V Suryavanshi,46,28,6,2,164.29,out,0
IPL_2026_028,1,RR,Dhruv Jurel,5,7,0,0,71.43,out,0
IPL_2026_028,1,RR,R Parag,12,14,1,0,85.71,out,0
IPL_2026_028,1,RR,SO Hetmyer,15,18,0,0,83.33,out,0
IPL_2026_028,1,RR,D Ferreira,7,7,0,1,100.0,out,0
IPL_2026_028,1,RR,RA Jadeja,9,7,1,0,128.57,out,0
IPL_2026_028,1,RR,JC Archer,8,5,1,0,160.0,out,0
IPL_2026_028,1,RR,Ravi Bishnoi,0,2,0,0,0.0,out,0
IPL_2026_028,1,RR,Brijesh Sharma,1,3,0,0,33.33,not out,1
IPL_2026_028,2,KKR,TL Seifert,0,1,0,0,0.0,out,0
IPL_2026_028,2,KKR,A Raghuvanshi,10,19,1,0,52.63,out,0
IPL_2026_028,2,KKR,AM Rahane,0,2,0,0,0.0,out,0
IPL_2026_028,2,KKR,C Green,27,13,4,1,207.69,out,0
IPL_2026_028,2,KKR,R Powell,23,20,2,1,115.0,out,0
IPL_2026_028,2,KKR,RK Singh,53,34,5,2,155.88,not out,1
IPL_2026_028,2,KKR,Ramandeep Singh,10,13,1,0,76.92,out,0
IPL_2026_028,2,KKR,AS Roy,29,16,1,2,181.25,not out,1
IPL_2026_029,1,PBKS,Priyansh Arya,93,37,4,9,251.35,out,0
IPL_2026_029,1,PBKS,P Simran Singh,0,1,0,0,0.0,out,0
IPL_2026_029,1,PBKS,C Connolly,87,46,8,7,189.13,out,0
IPL_2026_029,1,PBKS,SS Iyer,5,6,0,0,83.33,out,0
IPL_2026_029,1,PBKS,MP Stoinis,29,16,2,2,181.25,out,0
IPL_2026_029,1,PBKS,N Wadhera,13,7,1,1,185.71,out,0
IPL_2026_029,1,PBKS,Shashank Singh,17,6,1,2,283.33,out,0
IPL_2026_029,1,PBKS,M Jansen,1,1,0,0,100.0,not out,1
IPL_2026_029,2,LSG,MR Marsh,40,28,3,2,142.86,out,0
IPL_2026_029,2,LSG,A Badoni,35,21,5,1,166.67,out,0
IPL_2026_029,2,LSG,RR Pant,43,23,1,4,186.96,out,0
IPL_2026_029,2,LSG,N Pooran,9,9,1,0,100.0,out,0
IPL_2026_029,2,LSG,AK Markram,42,22,3,3,190.91,out,0
IPL_2026_029,2,LSG,MD Choudhary,21,17,1,1,123.53,not out,1
IPL_2026_029,2,LSG,Himmat Singh,1,1,0,0,100.0,not out,1
IPL_2026_030,1,MI,Q de Kock,13,11,1,1,118.18,out,0
IPL_2026_030,1,MI,DV Malewar,2,4,0,0,50.0,out,0
IPL_2026_030,1,MI,Naman Dhir,45,32,6,1,140.62,out,0
IPL_2026_030,1,MI,SA Yadav,15,10,1,1,150.0,out,0
IPL_2026_030,1,MI,Tilak Varma,101,45,8,7,224.44,not out,1
IPL_2026_030,1,MI,HH Pandya,15,16,1,0,93.75,out,0
IPL_2026_030,1,MI,SE Rutherford,1,2,0,0,50.0,not out,1
IPL_2026_030,2,GT,B Sai Sudharsan,0,1,0,0,0.0,out,0
IPL_2026_030,2,GT,JC Buttler,5,6,1,0,83.33,out,0
IPL_2026_030,2,GT,Shubman Gill,14,13,3,0,107.69,out,0
IPL_2026_030,2,GT,Washington Sundar,26,17,5,0,152.94,out,0
IPL_2026_030,2,GT,GD Phillips,6,8,0,0,75.0,out,0
IPL_2026_030,2,GT,R Tewatia,8,11,1,0,72.73,out,0
IPL_2026_030,2,GT,M Shahrukh Khan,17,13,1,1,130.77,out,0
IPL_2026_030,2,GT,Rashid Khan,4,6,0,0,66.67,out,0
IPL_2026_030,2,GT,K Rabada,12,14,2,0,85.71,out,0
IPL_2026_030,2,GT,Ashok Sharma,1,3,0,0,33.33,not out,1
IPL_2026_030,2,GT,Mohammed Siraj,0,3,0,0,0.0,out,0
IPL_2026_031,1,SRH,Abhishek Sharma,135,68,10,10,198.53,not out,1
IPL_2026_031,1,SRH,TM Head,37,26,2,2,142.31,out,0
IPL_2026_031,1,SRH,Ishan Kishan,25,13,2,1,192.31,out,0
IPL_2026_031,1,SRH,H Klaasen,37,13,3,3,284.62,not out,1
IPL_2026_031,2,DC,P Nissanka,8,6,0,1,133.33,out,0
IPL_2026_031,2,DC,KL Rahul,37,23,1,3,160.87,out,0
IPL_2026_031,2,DC,N Rana,57,30,7,3,190.0,out,0
IPL_2026_031,2,DC,Sameer Rizvi,41,28,2,2,146.43,out,0
IPL_2026_031,2,DC,DA Miller,0,1,0,0,0.0,out,0
IPL_2026_031,2,DC,T Stubbs,27,16,3,1,168.75,out,0
IPL_2026_031,2,DC,Ashutosh Sharma,14,10,2,0,140.0,out,0
IPL_2026_031,2,DC,AR Patel,2,3,0,0,66.67,out,0
IPL_2026_031,2,DC,Kuldeep Yadav,1,2,0,0,50.0,not out,1
IPL_2026_031,2,DC,L Ngidi,0,1,0,0,0.0,out,0
IPL_2026_032,1,RR,YBK Jaiswal,22,12,4,0,183.33,out,0
IPL_2026_032,1,RR,V Suryavanshi,8,11,2,0,72.73,out,0
IPL_2026_032,1,RR,Dhruv Jurel,0,1,0,0,0.0,out,0
IPL_2026_032,1,RR,R Parag,20,19,2,1,105.26,out,0
IPL_2026_032,1,RR,SO Hetmyer,22,18,2,1,122.22,out,0
IPL_2026_032,1,RR,RA Jadeja,43,29,2,1,148.28,not out,1
IPL_2026_032,1,RR,D Ferreira,20,19,2,0,105.26,out,0
IPL_2026_032,1,RR,SB Dubey,19,11,3,0,172.73,not out,1
IPL_2026_032,2,LSG,MR Marsh,55,41,6,2,134.15,out,0
IPL_2026_032,2,LSG,A Badoni,0,1,0,0,0.0,out,0
IPL_2026_032,2,LSG,RR Pant,0,3,0,0,0.0,out,0
IPL_2026_032,2,LSG,AK Markram,0,6,0,0,0.0,out,0
IPL_2026_032,2,LSG,N Pooran,22,25,3,0,88.0,out,0
IPL_2026_032,2,LSG,Himmat Singh,15,15,0,1,100.0,out,0
IPL_2026_032,2,LSG,MD Choudhary,7,3,0,1,233.33,out,0
IPL_2026_032,2,LSG,Mohammed Shami,6,4,0,1,150.0,out,0
IPL_2026_032,2,LSG,MP Yadav,5,5,1,0,100.0,out,0
IPL_2026_032,2,LSG,DS Rathi,2,2,0,0,100.0,not out,1
IPL_2026_032,2,LSG,Mohsin Khan,0,3,0,0,0.0,out,0
IPL_2026_033,1,CSK,SV Samson,101,54,10,6,187.04,not out,1
IPL_2026_033,1,CSK,RD Gaikwad,22,14,3,1,157.14,out,0
IPL_2026_033,1,CSK,SN Khan,14,8,3,0,175.0,out,0
IPL_2026_033,1,CSK,S Dube,5,8,0,0,62.5,out,0
IPL_2026_033,1,CSK,D Brevis,21,11,1,2,190.91,out,0
IPL_2026_033,1,CSK,Kartik Sharma,18,19,0,2,94.74,out,0
IPL_2026_033,1,CSK,J Overton,15,7,2,1,214.29,out,0
IPL_2026_033,1,CSK,AJ Hosein,2,2,0,0,100.0,not out,1
IPL_2026_033,2,MI,Q de Kock,7,10,0,1,70.0,out,0
IPL_2026_033,2,MI,DV Malewar,0,1,0,0,0.0,out,0
IPL_2026_033,2,MI,SA Yadav,36,30,5,0,120.0,out,0
IPL_2026_033,2,MI,Naman Dhir,0,3,0,0,0.0,out,0
IPL_2026_033,2,MI,Tilak Varma,37,29,5,0,127.59,out,0
IPL_2026_033,2,MI,HH Pandya,1,2,0,0,50.0,out,0
IPL_2026_033,2,MI,SE Rutherford,0,1,0,0,0.0,out,0
IPL_2026_033,2,MI,SN Thakur,6,12,0,0,50.0,out,0
IPL_2026_033,2,MI,Krish Bhagat,7,15,0,0,46.67,out,0
IPL_2026_033,2,MI,JJ Bumrah,2,5,0,0,40.0,out,0
IPL_2026_033,2,MI,Ashwani Kumar,1,6,0,0,16.67,not out,1
IPL_2026_034,1,GT,B Sai Sudharsan,100,58,11,5,172.41,out,0
IPL_2026_034,1,GT,Shubman Gill,32,24,2,1,133.33,out,0
IPL_2026_034,1,GT,JC Buttler,25,16,2,1,156.25,out,0
IPL_2026_034,1,GT,Washington Sundar,19,12,1,1,158.33,not out,1
IPL_2026_034,1,GT,JO Holder,23,10,1,2,230.0,not out,1
IPL_2026_034,2,RCB,JG Bethell,14,10,3,0,140.0,out,0
IPL_2026_034,2,RCB,V Kohli,81,44,8,4,184.09,out,0
IPL_2026_034,2,RCB,D Padikkal,55,27,2,6,203.7,out,0
IPL_2026_034,2,RCB,RM Patidar,8,5,0,1,160.0,out,0
IPL_2026_034,2,RCB,JM Sharma,10,6,1,1,166.67,out,0
IPL_2026_034,2,RCB,TH David,10,9,0,1,111.11,not out,1
IPL_2026_034,2,RCB,KH Pandya,23,12,3,1,191.67,not out,1
IPL_2026_035,1,DC,P Nissanka,11,7,2,0,157.14,out,0
IPL_2026_035,1,DC,KL Rahul,152,67,16,9,226.87,not out,1
IPL_2026_035,1,DC,N Rana,91,44,11,4,206.82,out,0
IPL_2026_035,1,DC,DA Miller,3,3,0,0,100.0,not out,1
IPL_2026_035,2,PBKS,Priyansh Arya,43,17,2,5,252.94,out,0
IPL_2026_035,2,PBKS,P Simran Singh,76,26,9,5,292.31,out,0
IPL_2026_035,2,PBKS,C Connolly,17,10,1,1,170.0,out,0
IPL_2026_035,2,PBKS,SS Iyer,71,36,3,7,197.22,not out,1
IPL_2026_035,2,PBKS,N Wadhera,25,15,3,1,166.67,out,0
IPL_2026_035,2,PBKS,Shashank Singh,19,10,2,1,190.0,not out,1
IPL_2026_036,1,RR,YBK Jaiswal,10,8,2,0,125.0,out,0
IPL_2026_036,1,RR,V Suryavanshi,103,37,5,12,278.38,out,0
IPL_2026_036,1,RR,Dhruv Jurel,51,35,8,1,145.71,out,0
IPL_2026_036,1,RR,R Parag,7,9,0,0,77.78,out,0
IPL_2026_036,1,RR,D Ferreira,33,16,3,3,206.25,out,0
IPL_2026_036,1,RR,SO Hetmyer,11,10,1,0,110.0,out,0
IPL_2026_036,1,RR,RA Jadeja,4,3,1,0,133.33,not out,1
IPL_2026_036,1,RR,JC Archer,2,2,0,0,100.0,not out,1
IPL_2026_036,2,SRH,TM Head,6,5,0,1,120.0,out,0
IPL_2026_036,2,SRH,Ishan Kishan,74,31,11,3,238.71,out,0
IPL_2026_036,2,SRH,Abhishek Sharma,57,29,11,1,196.55,out,0
IPL_2026_036,2,SRH,H Klaasen,29,24,3,1,120.83,out,0
IPL_2026_036,2,SRH,Nithish Kumar Reddy,36,18,2,3,200.0,out,0
IPL_2026_036,2,SRH,S Arora,8,3,0,1,266.67,not out,1
IPL_2026_036,2,SRH,Aniket Verma,1,1,0,0,100.0,not out,1
IPL_2026_037,1,CSK,SV Samson,11,15,2,0,73.33,out,0
IPL_2026_037,1,CSK,RD Gaikwad,74,60,6,4,123.33,not out,1
IPL_2026_037,1,CSK,Urvil Patel,4,3,1,0,133.33,out,0
IPL_2026_037,1,CSK,SN Khan,0,1,0,0,0.0,out,0
IPL_2026_037,1,CSK,D Brevis,2,9,0,0,22.22,out,0
IPL_2026_037,1,CSK,S Dube,22,17,3,1,129.41,out,0
IPL_2026_037,1,CSK,Kartik Sharma,15,9,3,0,166.67,out,0
IPL_2026_037,1,CSK,J Overton,18,6,3,1,300.0,out,0
IPL_2026_037,2,GT,B Sai Sudharsan,87,46,4,7,189.13,out,0
IPL_2026_037,2,GT,Shubman Gill,33,23,1,3,143.48,out,0
IPL_2026_037,2,GT,JC Buttler,39,30,4,1,130.0,not out,1
IPL_2026_037,2,GT,Washington Sundar,1,1,0,0,100.0,not out,1
IPL_2026_038,1,KKR,AM Rahane,10,15,0,1,66.67,out,0
IPL_2026_038,1,KKR,TL Seifert,0,3,0,0,0.0,out,0
IPL_2026_038,1,KKR,A Raghuvanshi,9,8,1,0,112.5,out,0
IPL_2026_038,1,KKR,C Green,34,21,0,3,161.9,out,0
IPL_2026_038,1,KKR,R Powell,1,4,0,0,25.0,out,0
IPL_2026_038,1,KKR,RK Singh,83,51,7,5,162.75,not out,1
IPL_2026_038,1,KKR,AS Roy,0,1,0,0,0.0,out,0
IPL_2026_038,1,KKR,Ramandeep Singh,6,11,0,0,54.55,out,0
IPL_2026_038,1,KKR,SP Narine,4,6,0,0,66.67,not out,1
IPL_2026_038,2,LSG,AK Markram,31,27,2,1,114.81,out,0
IPL_2026_038,2,LSG,MR Marsh,2,3,0,0,66.67,out,0
IPL_2026_038,2,LSG,RR Pant,42,38,4,1,110.53,out,0
IPL_2026_038,2,LSG,N Pooran,9,12,0,1,75.0,out,0
IPL_2026_038,2,LSG,A Badoni,24,19,0,2,126.32,out,0
IPL_2026_038,2,LSG,MD Choudhary,1,2,0,0,50.0,out,0
IPL_2026_038,2,LSG,Himmat Singh,19,10,2,1,190.0,out,0
IPL_2026_038,2,LSG,GF Linde,8,4,2,0,200.0,out,0
IPL_2026_038,2,LSG,Mohammed Shami,11,6,1,1,183.33,not out,1
IPL_2026_038,2,LSG,Prince Yadav,0,1,0,0,0.0,not out,1
IPL_2026_038,3,LSG,N Pooran,0,1,0,0,0.0,out,0
IPL_2026_038,3,LSG,RR Pant,1,1,0,0,100.0,not out,1
IPL_2026_038,3,LSG,AK Markram,0,1,0,0,0.0,out,0
IPL_2026_038,4,KKR,RK Singh,4,1,1,0,400.0,not out,1
IPL_2026_039,1,DC,SU Parakh,0,2,0,0,0.0,out,0
IPL_2026_039,1,DC,N Rana,1,9,0,0,11.11,out,0
IPL_2026_039,1,DC,KL Rahul,1,3,0,0,33.33,out,0
IPL_2026_039,1,DC,Sameer Rizvi,0,1,0,0,0.0,out,0
IPL_2026_039,1,DC,T Stubbs,5,3,1,0,166.67,out,0
IPL_2026_039,1,DC,AR Patel,0,3,0,0,0.0,out,0
IPL_2026_039,1,DC,Abishek Porel,30,33,3,0,90.91,out,0
IPL_2026_039,1,DC,DA Miller,19,18,3,0,105.56,out,0
IPL_2026_039,1,DC,KA Jamieson,12,13,1,1,92.31,out,0
IPL_2026_039,1,DC,Kuldeep Yadav,3,11,0,0,27.27,out,0
IPL_2026_039,1,DC,PVD Chameera,0,3,0,0,0.0,not out,1
IPL_2026_039,2,RCB,JG Bethell,20,11,1,2,181.82,out,0
IPL_2026_039,2,RCB,V Kohli,23,15,1,2,153.33,not out,1
IPL_2026_039,2,RCB,D Padikkal,34,13,3,3,261.54,not out,1
IPL_2026_040,1,PBKS,P Simran Singh,59,44,6,1,134.09,out,0
IPL_2026_040,1,PBKS,Priyansh Arya,29,11,5,1,263.64,out,0
IPL_2026_040,1,PBKS,C Connolly,30,14,2,3,214.29,out,0
IPL_2026_040,1,PBKS,SS Iyer,30,27,1,1,111.11,out,0
IPL_2026_040,1,PBKS,MP Stoinis,62,22,4,6,281.82,not out,1
IPL_2026_040,1,PBKS,Suryansh Shedge,3,2,0,0,150.0,not out,1
IPL_2026_040,2,RR,YBK Jaiswal,51,27,7,1,188.89,out,0
IPL_2026_040,2,RR,V Suryavanshi,43,16,3,5,268.75,out,0
IPL_2026_040,2,RR,Dhruv Jurel,16,20,0,1,80.0,out,0
IPL_2026_040,2,RR,R Parag,29,16,2,2,181.25,out,0
IPL_2026_040,2,RR,D Ferreira,52,26,6,3,200.0,not out,1
IPL_2026_040,2,RR,SB Dubey,31,12,3,2,258.33,not out,1
IPL_2026_041,1,MI,WG Jacks,46,22,5,3,209.09,out,0
IPL_2026_041,1,MI,RD Rickelton,123,55,10,8,223.64,not out,1
IPL_2026_041,1,MI,SA Yadav,5,5,1,0,100.0,out,0
IPL_2026_041,1,MI,Naman Dhir,22,17,3,0,129.41,out,0
IPL_2026_041,1,MI,HH Pandya,31,15,2,2,206.67,out,0
IPL_2026_041,1,MI,Tilak Varma,7,5,0,1,140.0,out,0
IPL_2026_041,1,MI,R Minz,1,1,0,0,100.0,not out,1
IPL_2026_041,2,SRH,Abhishek Sharma,45,24,4,3,187.5,out,0
IPL_2026_041,2,SRH,TM Head,76,30,4,8,253.33,out,0
IPL_2026_041,2,SRH,Ishan Kishan,0,1,0,0,0.0,out,0
IPL_2026_041,2,SRH,H Klaasen,65,30,7,4,216.67,not out,1
IPL_2026_041,2,SRH,Nithish Kumar Reddy,21,17,3,0,123.53,out,0
IPL_2026_041,2,SRH,S Arora,30,10,2,3,300.0,not out,1
IPL_2026_042,1,RCB,JG Bethell,5,5,1,0,100.0,out,0
IPL_2026_042,1,RCB,V Kohli,28,13,5,1,215.38,out,0
IPL_2026_042,1,RCB,D Padikkal,40,24,5,2,166.67,out,0
IPL_2026_042,1,RCB,RM Patidar,19,15,2,1,126.67,out,0
IPL_2026_042,1,RCB,JM Sharma,1,3,0,0,33.33,out,0
IPL_2026_042,1,RCB,TH David,9,6,0,1,150.0,out,0
IPL_2026_042,1,RCB,KH Pandya,4,4,1,0,100.0,out,0
IPL_2026_042,1,RCB,R Shepherd,17,15,0,2,113.33,out,0
IPL_2026_042,1,RCB,B Kumar,15,15,2,0,100.0,not out,1
IPL_2026_042,1,RCB,VR Iyer,12,15,1,0,80.0,out,0
IPL_2026_042,1,RCB,JR Hazlewood,0,1,0,0,0.0,out,0
IPL_2026_042,2,GT,B Sai Sudharsan,6,5,1,0,120.0,out,0
IPL_2026_042,2,GT,Shubman Gill,43,18,4,3,238.89,out,0
IPL_2026_042,2,GT,JC Buttler,39,19,2,4,205.26,out,0
IPL_2026_042,2,GT,Washington Sundar,12,12,0,1,100.0,out,0
IPL_2026_042,2,GT,M Shahrukh Khan,8,8,1,0,100.0,out,0
IPL_2026_042,2,GT,R Tewatia,27,17,4,0,158.82,not out,1
IPL_2026_042,2,GT,JO Holder,12,10,0,1,120.0,out,0
IPL_2026_042,2,GT,Rashid Khan,7,6,1,0,116.67,not out,1
IPL_2026_043,1,RR,YBK Jaiswal,6,3,0,1,200.0,out,0
IPL_2026_043,1,RR,Dhruv Jurel,42,30,4,1,140.0,out,0
IPL_2026_043,1,RR,V Suryavanshi,4,2,1,0,200.0,out,0
IPL_2026_043,1,RR,R Parag,90,50,8,5,180.0,out,0
IPL_2026_043,1,RR,RA Jadeja,20,14,1,1,142.86,out,0
IPL_2026_043,1,RR,D Ferreira,47,14,2,6,335.71,not out,1
IPL_2026_043,1,RR,SB Dubey,6,6,1,0,100.0,out,0
IPL_2026_043,1,RR,JC Archer,1,1,0,0,100.0,not out,1
IPL_2026_043,2,DC,P Nissanka,62,33,6,3,187.88,out,0
IPL_2026_043,2,DC,KL Rahul,75,40,6,5,187.5,out,0
IPL_2026_043,2,DC,N Rana,33,17,3,2,194.12,out,0
IPL_2026_043,2,DC,T Stubbs,18,11,1,1,163.64,not out,1
IPL_2026_043,2,DC,Ashutosh Sharma,25,15,4,0,166.67,not out,1
IPL_2026_044,1,MI,WG Jacks,1,5,0,0,20.0,out,0
IPL_2026_044,1,MI,RD Rickelton,37,24,0,5,154.17,out,0
IPL_2026_044,1,MI,Naman Dhir,57,37,4,3,154.05,out,0
IPL_2026_044,1,MI,SA Yadav,21,12,3,1,175.0,out,0
IPL_2026_044,1,MI,Tilak Varma,5,8,0,0,62.5,out,0
IPL_2026_044,1,MI,HH Pandya,18,23,2,0,78.26,out,0
IPL_2026_044,1,MI,R Minz,5,3,1,0,166.67,out,0
IPL_2026_044,1,MI,Krish Bhagat,3,6,0,0,50.0,not out,1
IPL_2026_044,1,MI,TA Boult,7,2,0,1,350.0,not out,1
IPL_2026_044,2,CSK,SV Samson,11,9,2,0,122.22,out,0
IPL_2026_044,2,CSK,RD Gaikwad,67,48,5,2,139.58,not out,1
IPL_2026_044,2,CSK,Urvil Patel,24,12,2,2,200.0,out,0
IPL_2026_044,2,CSK,Kartik Sharma,54,40,4,3,135.0,not out,1
IPL_2026_045,1,SRH,Abhishek Sharma,15,10,1,1,150.0,out,0
IPL_2026_045,1,SRH,TM Head,61,28,9,3,217.86,out,0
IPL_2026_045,1,SRH,Ishan Kishan,42,29,4,2,144.83,out,0
IPL_2026_045,1,SRH,H Klaasen,11,8,1,1,137.5,out,0
IPL_2026_045,1,SRH,R Smaran,4,4,1,0,100.0,out,0
IPL_2026_045,1,SRH,Aniket Verma,6,8,1,0,75.0,out,0
IPL_2026_045,1,SRH,S Arora,2,6,0,0,33.33,out,0
IPL_2026_045,1,SRH,PJ Cummins,10,8,0,1,125.0,out,0
IPL_2026_045,1,SRH,Shivang Kumar,1,2,0,0,50.0,out,0
IPL_2026_045,1,SRH,E Malinga,2,6,0,0,33.33,not out,1
IPL_2026_045,1,SRH,HV Patel,6,5,1,0,120.0,out,0
IPL_2026_045,2,KKR,AM Rahane,43,36,4,1,119.44,out,0
IPL_2026_045,2,KKR,FH Allen,29,13,3,2,223.08,out,0
IPL_2026_045,2,KKR,A Raghuvanshi,59,47,5,2,125.53,out,0
IPL_2026_045,2,KKR,RK Singh,22,11,2,1,200.0,not out,1
IPL_2026_045,2,KKR,C Green,3,3,0,0,100.0,not out,1
IPL_2026_046,1,PBKS,Priyansh Arya,2,2,0,0,100.0,out,0
IPL_2026_046,1,PBKS,C Connolly,0,1,0,0,0.0,out,0
IPL_2026_046,1,PBKS,SS Iyer,19,21,3,0,90.48,out,0
IPL_2026_046,1,PBKS,P Simran Singh,15,14,2,0,107.14,out,0
IPL_2026_046,1,PBKS,N Wadhera,0,6,0,0,0.0,out,0
IPL_2026_046,1,PBKS,Suryansh Shedge,57,29,3,5,196.55,out,0
IPL_2026_046,1,PBKS,MP Stoinis,40,31,5,1,129.03,out,0
IPL_2026_046,1,PBKS,M Jansen,20,11,1,1,181.82,out,0
IPL_2026_046,1,PBKS,XC Bartlett,0,1,0,0,0.0,out,0
IPL_2026_046,1,PBKS,Vijaykumar Vyshak,1,3,0,0,33.33,not out,1
IPL_2026_046,1,PBKS,Arshdeep Singh,1,1,0,0,100.0,not out,1
IPL_2026_046,2,GT,B Sai Sudharsan,57,41,5,1,139.02,out,0
IPL_2026_046,2,GT,Shubman Gill,5,4,1,0,125.0,out,0
IPL_2026_046,2,GT,JC Buttler,26,22,1,2,118.18,out,0
IPL_2026_046,2,GT,N Sindhu,15,11,0,1,136.36,out,0
IPL_2026_046,2,GT,Washington Sundar,40,23,5,1,173.91,not out,1
IPL_2026_046,2,GT,R Tewatia,2,6,0,0,33.33,out,0
IPL_2026_046,2,GT,JO Holder,5,7,0,0,71.43,out,0
IPL_2026_046,2,GT,Arshad Khan,8,5,1,0,160.0,not out,1
IPL_2026_047,1,LSG,MR Marsh,44,25,4,3,176.0,out,0
IPL_2026_047,1,LSG,JP Inglis,13,5,3,0,260.0,out,0
IPL_2026_047,1,LSG,N Pooran,63,21,1,8,300.0,out,0
IPL_2026_047,1,LSG,RR Pant,15,10,1,1,150.0,out,0
IPL_2026_047,1,LSG,AK Markram,31,25,1,1,124.0,not out,1
IPL_2026_047,1,LSG,Akshat Raghuwanshi,11,7,0,1,157.14,out,0
IPL_2026_047,1,LSG,Himmat Singh,40,31,2,2,129.03,not out,1
IPL_2026_047,2,MI,RD Rickelton,83,32,6,8,259.38,out,0
IPL_2026_047,2,MI,RG Sharma,84,44,6,7,190.91,out,0
IPL_2026_047,2,MI,Tilak Varma,11,13,0,0,84.62,out,0
IPL_2026_047,2,MI,SA Yadav,12,7,2,0,171.43,out,0
IPL_2026_047,2,MI,Naman Dhir,23,12,3,1,191.67,not out,1
IPL_2026_047,2,MI,WG Jacks,10,4,0,1,250.0,not out,1
IPL_2026_048,1,DC,P Nissanka,19,15,3,1,126.67,out,0
IPL_2026_048,1,DC,KL Rahul,12,13,2,0,92.31,out,0
IPL_2026_048,1,DC,N Rana,15,13,2,0,115.38,out,0
IPL_2026_048,1,DC,KK Nair,13,13,2,0,100.0,out,0
IPL_2026_048,1,DC,AR Patel,2,6,0,0,33.33,out,0
IPL_2026_048,1,DC,T Stubbs,38,31,1,2,122.58,out,0
IPL_2026_048,1,DC,Sameer Rizvi,40,24,0,4,166.67,not out,1
IPL_2026_048,1,DC,Ashutosh Sharma,14,5,0,2,280.0,out,0
IPL_2026_048,2,CSK,SV Samson,87,52,7,6,167.31,not out,1
IPL_2026_048,2,CSK,RD Gaikwad,6,13,1,0,46.15,out,0
IPL_2026_048,2,CSK,Urvil Patel,17,9,0,2,188.89,out,0
IPL_2026_048,2,CSK,Kartik Sharma,41,31,4,2,132.26,not out,1
IPL_2026_049,1,SRH,Abhishek Sharma,35,13,2,4,269.23,out,0
IPL_2026_049,1,SRH,TM Head,38,19,3,3,200.0,out,0
IPL_2026_049,1,SRH,Ishan Kishan,55,32,2,4,171.88,out,0
IPL_2026_049,1,SRH,H Klaasen,69,43,3,4,160.47,out,0
IPL_2026_049,1,SRH,Nithish Kumar Reddy,29,13,2,2,223.08,not out,1
IPL_2026_049,2,PBKS,Priyansh Arya,1,3,0,0,33.33,out,0
IPL_2026_049,2,PBKS,P Simran Singh,3,4,0,0,75.0,out,0
IPL_2026_049,2,PBKS,SS Iyer,5,5,1,0,100.0,out,0
IPL_2026_049,2,PBKS,C Connolly,107,59,7,8,181.36,not out,1
IPL_2026_049,2,PBKS,MP Stoinis,28,14,3,2,200.0,out,0
IPL_2026_049,2,PBKS,Suryansh Shedge,25,17,1,2,147.06,out,0
IPL_2026_049,2,PBKS,Shashank Singh,4,3,1,0,133.33,out,0
IPL_2026_049,2,PBKS,M Jansen,19,16,0,1,118.75,out,0
IPL_2026_049,2,PBKS,Vijaykumar Vyshak,1,1,0,0,100.0,not out,1
IPL_2026_050,1,LSG,MR Marsh,111,56,9,9,198.21,out,0
IPL_2026_050,1,LSG,AA Kulkarni,17,24,1,0,70.83,out,0
IPL_2026_050,1,LSG,N Pooran,38,23,4,1,165.22,out,0
IPL_2026_050,1,LSG,RR Pant,32,10,4,2,320.0,not out,1
IPL_2026_050,1,LSG,AK Markram,1,1,0,0,100.0,not out,1
IPL_2026_050,2,RCB,JG Bethell,4,5,1,0,80.0,out,0
IPL_2026_050,2,RCB,D Padikkal,34,25,3,1,136.0,out,0
IPL_2026_050,2,RCB,V Kohli,0,2,0,0,0.0,out,0
IPL_2026_050,2,RCB,RM Patidar,61,31,3,6,196.77,out,0
IPL_2026_050,2,RCB,JM Sharma,1,3,0,0,33.33,out,0
IPL_2026_050,2,RCB,TH David,40,17,4,3,235.29,out,0
IPL_2026_050,2,RCB,KH Pandya,28,16,2,2,175.0,not out,1
IPL_2026_050,2,RCB,R Shepherd,23,15,3,1,153.33,not out,1
IPL_2026_051,1,DC,P Nissanka,50,29,5,3,172.41,out,0
IPL_2026_051,1,DC,KL Rahul,23,14,4,0,164.29,out,0
IPL_2026_051,1,DC,N Rana,8,10,1,0,80.0,out,0
IPL_2026_051,1,DC,Sameer Rizvi,3,7,0,0,42.86,out,0
IPL_2026_051,1,DC,T Stubbs,2,4,0,0,50.0,out,0
IPL_2026_051,1,DC,AR Patel,11,22,0,0,50.0,out,0
IPL_2026_051,1,DC,Ashutosh Sharma,39,28,3,3,139.29,out,0
IPL_2026_051,1,DC,V Nigam,3,3,0,0,100.0,not out,1
IPL_2026_051,1,DC,MA Starc,0,2,0,0,0.0,out,0
IPL_2026_051,1,DC,L Ngidi,1,1,0,0,100.0,not out,1
IPL_2026_051,2,KKR,AM Rahane,13,9,1,1,144.44,out,0
IPL_2026_051,2,KKR,FH Allen,100,47,5,10,212.77,not out,1
IPL_2026_051,2,KKR,A Raghuvanshi,1,3,0,0,33.33,out,0
IPL_2026_051,2,KKR,C Green,33,27,0,2,122.22,not out,1
IPL_2026_052,1,GT,B Sai Sudharsan,55,36,6,2,152.78,out,0
IPL_2026_052,1,GT,Shubman Gill,84,44,9,3,190.91,out,0
IPL_2026_052,1,GT,JC Buttler,13,10,1,1,130.0,out,0
IPL_2026_052,1,GT,Washington Sundar,37,20,2,3,185.0,not out,1
IPL_2026_052,1,GT,JO Holder,7,7,1,0,100.0,out,0
IPL_2026_052,1,GT,R Tewatia,14,4,0,2,350.0,not out,1
IPL_2026_052,2,RR,YBK Jaiswal,3,4,0,0,75.0,out,0
IPL_2026_052,2,RR,V Suryavanshi,36,16,3,3,225.0,out,0
IPL_2026_052,2,RR,Dhruv Jurel,24,10,1,3,240.0,out,0
IPL_2026_052,2,RR,SO Hetmyer,6,7,1,0,85.71,out,0
IPL_2026_052,2,RR,RA Jadeja,38,25,3,2,152.0,out,0
IPL_2026_052,2,RR,D Ferreira,4,2,1,0,200.0,out,0
IPL_2026_052,2,RR,SB Dubey,15,14,1,1,107.14,out,0
IPL_2026_052,2,RR,MD Shanaka,16,11,2,0,145.45,out,0
IPL_2026_052,2,RR,JC Archer,5,6,1,0,83.33,out,0
IPL_2026_052,2,RR,TU Deshpande,1,3,0,0,33.33,out,0
IPL_2026_052,2,RR,Brijesh Sharma,1,1,0,0,100.0,not out,1
IPL_2026_053,1,LSG,JP Inglis,85,33,10,6,257.58,out,0
IPL_2026_053,1,LSG,MR Marsh,10,10,0,1,100.0,out,0
IPL_2026_053,1,LSG,N Pooran,1,3,0,0,33.33,out,0
IPL_2026_053,1,LSG,RR Pant,15,12,2,0,125.0,out,0
IPL_2026_053,1,LSG,AK Markram,6,7,0,0,85.71,out,0
IPL_2026_053,1,LSG,Akshat Raghuwanshi,18,18,1,0,100.0,out,0
IPL_2026_053,1,LSG,Shahbaz Ahmed,43,25,3,3,172.0,not out,1
IPL_2026_053,1,LSG,Himmat Singh,17,12,1,1,141.67,out,0
IPL_2026_053,1,LSG,Mohammed Shami,0,1,0,0,0.0,out,0
IPL_2026_053,2,CSK,SV Samson,28,14,3,2,200.0,out,0
IPL_2026_053,2,CSK,RD Gaikwad,42,28,3,2,150.0,out,0
IPL_2026_053,2,CSK,Urvil Patel,65,23,2,8,282.61,out,0
IPL_2026_053,2,CSK,Kartik Sharma,20,20,1,0,100.0,out,0
IPL_2026_053,2,CSK,D Brevis,10,12,1,0,83.33,out,0
IPL_2026_053,2,CSK,PR Veer,17,12,0,2,141.67,not out,1
IPL_2026_053,2,CSK,S Dube,15,7,0,2,214.29,not out,1
IPL_2026_054,1,MI,RD Rickelton,2,4,0,0,50.0,out,0
IPL_2026_054,1,MI,RG Sharma,22,10,2,2,220.0,out,0
IPL_2026_054,1,MI,Naman Dhir,47,32,5,2,146.88,out,0
IPL_2026_054,1,MI,SA Yadav,0,1,0,0,0.0,out,0
IPL_2026_054,1,MI,Tilak Varma,57,42,3,2,135.71,out,0
IPL_2026_054,1,MI,WG Jacks,10,10,1,0,100.0,out,0
IPL_2026_054,1,MI,RA Bawa,16,14,1,0,114.29,out,0
IPL_2026_054,1,MI,C Bosch,5,5,0,0,100.0,not out,1
IPL_2026_054,1,MI,DL Chahar,1,2,0,0,50.0,not out,1
IPL_2026_054,2,RCB,JG Bethell,27,27,2,0,100.0,out,0
IPL_2026_054,2,RCB,V Kohli,0,1,0,0,0.0,out,0
IPL_2026_054,2,RCB,D Padikkal,12,11,1,1,109.09,out,0
IPL_2026_054,2,RCB,RM Patidar,8,8,1,0,100.0,out,0
IPL_2026_054,2,RCB,KH Pandya,73,46,4,5,158.7,out,0
IPL_2026_054,2,RCB,JM Sharma,18,12,1,2,150.0,out,0
IPL_2026_054,2,RCB,TH David,0,1,0,0,0.0,out,0
IPL_2026_054,2,RCB,R Shepherd,4,11,0,0,36.36,out,0
IPL_2026_054,2,RCB,Rasikh Salam,3,2,0,0,150.0,not out,1
IPL_2026_054,2,RCB,B Kumar,7,2,0,1,350.0,not out,1
IPL_2026_055,1,PBKS,Priyansh Arya,56,33,2,6,169.7,out,0
IPL_2026_055,1,PBKS,P Simran Singh,18,15,3,0,120.0,out,0
IPL_2026_055,1,PBKS,SS Iyer,59,36,5,3,163.89,not out,1
IPL_2026_055,1,PBKS,C Connolly,38,27,3,2,140.74,out,0
IPL_2026_055,1,PBKS,MP Stoinis,1,2,0,0,50.0,out,0
IPL_2026_055,1,PBKS,Shashank Singh,0,1,0,0,0.0,out,0
IPL_2026_055,1,PBKS,Suryansh Shedge,21,8,2,2,262.5,not out,1
IPL_2026_055,2,DC,KL Rahul,9,8,2,0,112.5,out,0
IPL_2026_055,2,DC,Abishek Porel,5,6,1,0,83.33,out,0
IPL_2026_055,2,DC,SU Parakh,13,6,1,1,216.67,out,0
IPL_2026_055,2,DC,T Stubbs,12,17,1,0,70.59,out,0
IPL_2026_055,2,DC,AR Patel,56,30,8,2,186.67,out,0
IPL_2026_055,2,DC,DA Miller,51,28,3,4,182.14,out,0
IPL_2026_055,2,DC,Ashutosh Sharma,24,10,2,2,240.0,out,0
IPL_2026_055,2,DC,M Tiwari,18,8,2,1,225.0,not out,1
IPL_2026_055,2,DC,Auqib Nabi,10,2,1,1,500.0,not out,1
IPL_2026_056,1,GT,B Sai Sudharsan,61,44,5,2,138.64,out,0
IPL_2026_056,1,GT,Shubman Gill,5,7,1,0,71.43,out,0
IPL_2026_056,1,GT,JC Buttler,7,11,1,0,63.64,out,0
IPL_2026_056,1,GT,N Sindhu,22,14,3,1,157.14,out,0
IPL_2026_056,1,GT,Washington Sundar,50,33,7,1,151.52,out,0
IPL_2026_056,1,GT,JO Holder,11,10,0,0,110.0,not out,1
IPL_2026_056,1,GT,R Tewatia,4,1,1,0,400.0,not out,1
IPL_2026_056,2,SRH,TM Head,0,4,0,0,0.0,out,0
IPL_2026_056,2,SRH,Ishan Kishan,11,7,1,1,157.14,out,0
IPL_2026_056,2,SRH,Abhishek Sharma,6,4,0,1,150.0,out,0
IPL_2026_056,2,SRH,R Smaran,9,15,1,0,60.0,out,0
IPL_2026_056,2,SRH,H Klaasen,14,16,2,0,87.5,out,0
IPL_2026_056,2,SRH,S Arora,16,13,3,0,123.08,out,0
IPL_2026_056,2,SRH,Nithish Kumar Reddy,2,4,0,0,50.0,out,0
IPL_2026_056,2,SRH,PJ Cummins,19,9,1,2,211.11,out,0
IPL_2026_056,2,SRH,Shivang Kumar,4,6,0,0,66.67,out,0
IPL_2026_056,2,SRH,PP Hinge,3,8,0,0,37.5,out,0
IPL_2026_056,2,SRH,E Malinga,0,3,0,0,0.0,not out,1
IPL_2026_057,1,KKR,AM Rahane,19,13,3,1,146.15,out,0
IPL_2026_057,1,KKR,FH Allen,18,8,3,1,225.0,out,0
IPL_2026_057,1,KKR,A Raghuvanshi,71,46,7,3,154.35,out,0
IPL_2026_057,1,KKR,C Green,32,24,3,1,133.33,out,0
IPL_2026_057,1,KKR,RK Singh,49,29,3,2,168.97,not out,1
IPL_2026_057,2,RCB,JG Bethell,15,12,2,1,125.0,out,0
IPL_2026_057,2,RCB,V Kohli,105,60,11,3,175.0,not out,1
IPL_2026_057,2,RCB,D Padikkal,39,27,7,0,144.44,out,0
IPL_2026_057,2,RCB,RM Patidar,11,8,0,1,137.5,out,0
IPL_2026_057,2,RCB,TH David,2,3,0,0,66.67,out,0
IPL_2026_057,2,RCB,JM Sharma,8,5,1,0,160.0,not out,1
IPL_2026_058,1,PBKS,Priyansh Arya,22,17,4,0,129.41,out,0
IPL_2026_058,1,PBKS,P Simran Singh,57,32,6,4,178.12,out,0
IPL_2026_058,1,PBKS,C Connolly,21,22,2,1,95.45,out,0
IPL_2026_058,1,PBKS,SS Iyer,4,2,1,0,200.0,out,0
IPL_2026_058,1,PBKS,Suryansh Shedge,8,5,0,1,160.0,out,0
IPL_2026_058,1,PBKS,Shashank Singh,2,3,0,0,66.67,out,0
IPL_2026_058,1,PBKS,Azmatullah Omarzai,38,17,2,4,223.53,out,0
IPL_2026_058,1,PBKS,M Jansen,2,7,0,0,28.57,out,0
IPL_2026_058,1,PBKS,Vishnu Vinod,15,8,1,1,187.5,not out,1
IPL_2026_058,1,PBKS,XC Bartlett,18,7,2,1,257.14,not out,1
IPL_2026_058,2,MI,RG Sharma,25,26,0,2,96.15,out,0
IPL_2026_058,2,MI,RD Rickelton,48,23,4,4,208.7,out,0
IPL_2026_058,2,MI,Naman Dhir,9,6,0,1,150.0,out,0
IPL_2026_058,2,MI,Tilak Varma,75,33,6,6,227.27,not out,1
IPL_2026_058,2,MI,SE Rutherford,20,21,1,1,95.24,out,0
IPL_2026_058,2,MI,WG Jacks,25,10,2,2,250.0,not out,1
IPL_2026_059,1,CSK,SV Samson,20,20,3,0,100.0,out,0
IPL_2026_059,1,CSK,RD Gaikwad,13,9,2,0,144.44,out,0
IPL_2026_059,1,CSK,Urvil Patel,6,7,1,0,85.71,out,0
IPL_2026_059,1,CSK,Kartik Sharma,71,42,6,5,169.05,out,0
IPL_2026_059,1,CSK,D Brevis,25,16,0,2,156.25,out,0
IPL_2026_059,1,CSK,S Dube,32,16,3,2,200.0,not out,1
IPL_2026_059,1,CSK,PR Veer,13,10,1,0,130.0,not out,1
IPL_2026_059,2,LSG,MR Marsh,90,38,9,7,236.84,out,0
IPL_2026_059,2,LSG,JP Inglis,36,32,3,1,112.5,out,0
IPL_2026_059,2,LSG,N Pooran,32,17,1,4,188.24,not out,1
IPL_2026_059,2,LSG,Abdul Samad,7,3,0,1,233.33,out,0
IPL_2026_059,2,LSG,MD Choudhary,13,10,2,0,130.0,not out,1
IPL_2026_060,1,KKR,AM Rahane,14,14,1,1,100.0,out,0
IPL_2026_060,1,KKR,FH Allen,93,35,4,10,265.71,out,0
IPL_2026_060,1,KKR,A Raghuvanshi,82,44,4,7,186.36,not out,1
IPL_2026_060,1,KKR,C Green,52,28,3,4,185.71,not out,1
IPL_2026_060,2,GT,B Sai Sudharsan,53,28,6,3,189.29,not out,1
IPL_2026_060,2,GT,Shubman Gill,85,49,5,7,173.47,out,0
IPL_2026_060,2,GT,N Sindhu,1,4,0,0,25.0,out,0
IPL_2026_060,2,GT,JC Buttler,57,35,5,2,162.86,out,0
IPL_2026_060,2,GT,R Tewatia,2,4,0,0,50.0,out,0
IPL_2026_061,1,RCB,JG Bethell,11,7,2,0,157.14,out,0
IPL_2026_061,1,RCB,V Kohli,58,37,4,3,156.76,out,0
IPL_2026_061,1,RCB,D Padikkal,45,25,4,3,180.0,out,0
IPL_2026_061,1,RCB,VR Iyer,73,40,8,4,182.5,not out,1
IPL_2026_061,1,RCB,TH David,28,12,2,2,233.33,out,0
IPL_2026_061,2,PBKS,Priyansh Arya,0,3,0,0,0.0,out,0
IPL_2026_061,2,PBKS,C Connolly,37,22,3,3,168.18,out,0
IPL_2026_061,2,PBKS,P Simran Singh,2,5,0,0,40.0,out,0
IPL_2026_061,2,PBKS,SS Iyer,1,3,0,0,33.33,out,0
IPL_2026_061,2,PBKS,Suryansh Shedge,35,22,2,2,159.09,out,0
IPL_2026_061,2,PBKS,MP Stoinis,37,25,5,0,148.0,out,0
IPL_2026_061,2,PBKS,Shashank Singh,56,27,4,4,207.41,out,0
IPL_2026_061,2,PBKS,Azmatullah Omarzai,14,10,1,1,140.0,out,0
IPL_2026_061,2,PBKS,Harpreet Brar,5,3,1,0,166.67,not out,1
IPL_2026_062,1,RR,YBK Jaiswal,12,9,3,0,133.33,out,0
IPL_2026_062,1,RR,V Suryavanshi,46,21,5,3,219.05,out,0
IPL_2026_062,1,RR,Dhruv Jurel,53,40,5,2,132.5,out,0
IPL_2026_062,1,RR,R Parag,51,26,3,5,196.15,out,0
IPL_2026_062,1,RR,D Ferreira,0,1,0,0,0.0,out,0
IPL_2026_062,1,RR,Ravi Singh,4,2,1,0,200.0,out,0
IPL_2026_062,1,RR,SB Dubey,5,9,0,0,55.56,out,0
IPL_2026_062,1,RR,MD Shanaka,10,8,0,1,125.0,out,0
IPL_2026_062,1,RR,JC Archer,2,2,0,0,100.0,not out,1
IPL_2026_062,1,RR,AF Milne,2,2,0,0,100.0,not out,1
IPL_2026_062,2,DC,Abishek Porel,51,31,7,1,164.52,out,0
IPL_2026_062,2,DC,KL Rahul,56,42,1,3,133.33,out,0
IPL_2026_062,2,DC,SU Parakh,9,8,1,0,112.5,out,0
IPL_2026_062,2,DC,AR Patel,34,18,2,2,188.89,not out,1
IPL_2026_062,2,DC,T Stubbs,4,6,0,0,66.67,out,0
IPL_2026_062,2,DC,DA Miller,9,6,0,1,150.0,out,0
IPL_2026_062,2,DC,Ashutosh Sharma,18,5,1,2,360.0,not out,1
IPL_2026_063,1,CSK,SV Samson,27,13,5,1,207.69,out,0
IPL_2026_063,1,CSK,RD Gaikwad,15,21,0,0,71.43,out,0
IPL_2026_063,1,CSK,Urvil Patel,13,8,0,2,162.5,out,0
IPL_2026_063,1,CSK,Kartik Sharma,32,19,3,2,168.42,out,0
IPL_2026_063,1,CSK,D Brevis,44,27,2,4,162.96,out,0
IPL_2026_063,1,CSK,S Dube,26,23,3,1,113.04,out,0
IPL_2026_063,1,CSK,PR Veer,11,9,2,0,122.22,out,0
IPL_2026_063,1,CSK,AJ Hosein,3,1,0,0,300.0,not out,1
IPL_2026_063,2,SRH,Abhishek Sharma,26,21,3,1,123.81,out,0
IPL_2026_063,2,SRH,TM Head,6,6,1,0,100.0,out,0
IPL_2026_063,2,SRH,Ishan Kishan,70,47,7,3,148.94,out,0
IPL_2026_063,2,SRH,H Klaasen,47,26,6,2,180.77,out,0
IPL_2026_063,2,SRH,Nithish Kumar Reddy,11,7,1,0,157.14,out,0
IPL_2026_063,2,SRH,S Arora,10,5,0,1,200.0,not out,1
IPL_2026_063,2,SRH,R Smaran,5,2,1,0,250.0,not out,1
IPL_2026_064,1,LSG,MR Marsh,96,57,11,5,168.42,out,0
IPL_2026_064,1,LSG,JP Inglis,60,29,7,3,206.9,out,0
IPL_2026_064,1,LSG,N Pooran,16,11,0,2,145.45,out,0
IPL_2026_064,1,LSG,RR Pant,35,23,2,2,152.17,out,0
IPL_2026_064,1,LSG,A Badoni,0,1,0,0,0.0,out,0
IPL_2026_064,2,RR,YBK Jaiswal,43,23,8,1,186.96,out,0
IPL_2026_064,2,RR,V Suryavanshi,93,38,7,10,244.74,out,0
IPL_2026_064,2,RR,Dhruv Jurel,53,38,3,3,139.47,not out,1
IPL_2026_064,2,RR,LG Pretorius,7,6,0,0,116.67,out,0
IPL_2026_064,2,RR,D Ferreira,16,10,1,1,160.0,not out,1
IPL_2026_065,1,MI,RD Rickelton,6,7,1,0,85.71,out,0
IPL_2026_065,1,MI,RG Sharma,15,13,0,2,115.38,out,0
IPL_2026_065,1,MI,Naman Dhir,0,3,0,0,0.0,out,0
IPL_2026_065,1,MI,Tilak Varma,20,32,0,1,62.5,out,0
IPL_2026_065,1,MI,SA Yadav,15,6,2,1,250.0,out,0
IPL_2026_065,1,MI,HH Pandya,26,27,2,1,96.3,out,0
IPL_2026_065,1,MI,WG Jacks,14,7,1,1,200.0,out,0
IPL_2026_065,1,MI,C Bosch,32,18,3,2,177.78,not out,1
IPL_2026_065,1,MI,DL Chahar,10,7,2,0,142.86,out,0
IPL_2026_065,2,KKR,AM Rahane,21,17,4,0,123.53,out,0
IPL_2026_065,2,KKR,FH Allen,8,5,2,0,160.0,out,0
IPL_2026_065,2,KKR,MK Pandey,45,33,6,0,136.36,out,0
IPL_2026_065,2,KKR,C Green,4,8,0,0,50.0,out,0
IPL_2026_065,2,KKR,R Powell,40,30,4,2,133.33,out,0
IPL_2026_065,2,KKR,T Dahiya,11,12,2,0,91.67,out,0
IPL_2026_065,2,KKR,RK Singh,9,5,2,0,180.0,not out,1
IPL_2026_065,2,KKR,AS Roy,4,4,0,0,100.0,not out,1
IPL_2026_066,1,GT,B Sai Sudharsan,84,53,7,4,158.49,out,0
IPL_2026_066,1,GT,Shubman Gill,64,37,7,3,172.97,out,0
IPL_2026_066,1,GT,JC Buttler,57,27,5,4,211.11,not out,1
IPL_2026_066,1,GT,R Tewatia,0,1,0,0,0.0,out,0
IPL_2026_066,1,GT,Washington Sundar,7,3,0,1,233.33,out,0
IPL_2026_066,2,CSK,SV Samson,0,1,0,0,0.0,out,0
IPL_2026_066,2,CSK,RD Gaikwad,16,7,1,2,228.57,out,0
IPL_2026_066,2,CSK,MW Short,24,14,3,1,171.43,out,0
IPL_2026_066,2,CSK,Urvil Patel,0,2,0,0,0.0,out,0
IPL_2026_066,2,CSK,Kartik Sharma,19,15,3,0,126.67,out,0
IPL_2026_066,2,CSK,D Brevis,8,10,0,0,80.0,out,0
IPL_2026_066,2,CSK,S Dube,47,17,4,4,276.47,out,0
IPL_2026_066,2,CSK,A Kamboj,19,8,1,2,237.5,out,0
IPL_2026_066,2,CSK,Noor Ahmad,1,5,0,0,20.0,out,0
IPL_2026_066,2,CSK,Mukesh Choudhary,2,2,0,0,100.0,not out,1
IPL_2026_066,2,CSK,SH Johnson,0,1,0,0,0.0,out,0
IPL_2026_067,1,SRH,Abhishek Sharma,56,22,4,5,254.55,out,0
IPL_2026_067,1,SRH,TM Head,26,16,5,0,162.5,out,0
IPL_2026_067,1,SRH,Ishan Kishan,79,46,8,3,171.74,out,0
IPL_2026_067,1,SRH,H Klaasen,51,24,2,5,212.5,out,0
IPL_2026_067,1,SRH,Nithish Kumar Reddy,29,12,1,3,241.67,not out,1
IPL_2026_067,2,RCB,VR Iyer,44,19,4,4,231.58,out,0
IPL_2026_067,2,RCB,V Kohli,15,11,2,0,136.36,out,0
IPL_2026_067,2,RCB,D Padikkal,21,14,2,1,150.0,out,0
IPL_2026_067,2,RCB,RM Patidar,56,39,6,1,143.59,out,0
IPL_2026_067,2,RCB,KH Pandya,41,31,5,0,132.26,not out,1
IPL_2026_067,2,RCB,TH David,15,7,1,1,214.29,not out,1
IPL_2026_068,1,LSG,JP Inglis,72,44,9,2,163.64,out,0
IPL_2026_068,1,LSG,AA Kulkarni,0,1,0,0,0.0,out,0
IPL_2026_068,1,LSG,N Pooran,2,7,0,0,28.57,out,0
IPL_2026_068,1,LSG,A Badoni,43,18,5,3,238.89,out,0
IPL_2026_068,1,LSG,RR Pant,26,22,3,0,118.18,out,0
IPL_2026_068,1,LSG,Abdul Samad,37,20,3,3,185.0,not out,1
IPL_2026_068,1,LSG,MD Choudhary,1,3,0,0,33.33,out,0
IPL_2026_068,1,LSG,Arjun Tendulkar,5,5,0,0,100.0,not out,1
IPL_2026_068,2,PBKS,Priyansh Arya,0,1,0,0,0.0,out,0
IPL_2026_068,2,PBKS,C Connolly,18,10,4,0,180.0,out,0
IPL_2026_068,2,PBKS,P Simran Singh,69,39,7,2,176.92,out,0
IPL_2026_068,2,PBKS,SS Iyer,101,51,11,5,198.04,not out,1
IPL_2026_068,2,PBKS,Suryansh Shedge,9,7,1,0,128.57,not out,1
IPL_2026_069,1,RR,YBK Jaiswal,27,17,1,3,158.82,out,0
IPL_2026_069,1,RR,V Suryavanshi,4,6,0,0,66.67,out,0
IPL_2026_069,1,RR,Dhruv Jurel,38,26,3,2,146.15,out,0
IPL_2026_069,1,RR,R Parag,14,8,2,1,175.0,out,0
IPL_2026_069,1,RR,MD Shanaka,29,15,0,3,193.33,out,0
IPL_2026_069,1,RR,D Ferreira,18,15,0,2,120.0,out,0
IPL_2026_069,1,RR,JC Archer,32,15,1,3,213.33,out,0
IPL_2026_069,1,RR,SB Dubey,5,6,0,0,83.33,out,0
IPL_2026_069,1,RR,RA Jadeja,19,11,3,0,172.73,not out,1
IPL_2026_069,1,RR,N Burger,10,3,0,1,333.33,not out,1
IPL_2026_069,2,MI,RG Sharma,0,4,0,0,0.0,out,0
IPL_2026_069,2,MI,Naman Dhir,6,5,1,0,120.0,out,0
IPL_2026_069,2,MI,RD Rickelton,12,7,1,1,171.43,out,0
IPL_2026_069,2,MI,SA Yadav,60,42,3,4,142.86,out,0
IPL_2026_069,2,MI,Tilak Varma,3,7,0,0,42.86,out,0
IPL_2026_069,2,MI,WG Jacks,33,18,3,2,183.33,out,0
IPL_2026_069,2,MI,HH Pandya,34,15,3,2,226.67,out,0
IPL_2026_069,2,MI,C Bosch,2,4,0,0,50.0,out,0
IPL_2026_069,2,MI,SN Thakur,10,11,1,0,90.91,not out,1
IPL_2026_069,2,MI,DL Chahar,8,5,0,1,160.0,out,0
IPL_2026_069,2,MI,AM Ghazanfar,2,3,0,0,66.67,not out,1
IPL_2026_070,1,DC,Abishek Porel,22,18,4,0,122.22,out,0
IPL_2026_070,1,DC,KL Rahul,60,30,5,4,200.0,out,0
IPL_2026_070,1,DC,SU Parakh,24,17,3,1,141.18,out,0
IPL_2026_070,1,DC,AR Patel,39,25,3,2,156.0,out,0
IPL_2026_070,1,DC,DA Miller,28,19,0,3,147.37,out,0
IPL_2026_070,1,DC,Ashutosh Sharma,18,11,2,1,163.64,not out,1
IPL_2026_070,1,DC,T Stubbs,0,1,0,0,0.0,not out,1
IPL_2026_070,2,KKR,AM Rahane,63,39,4,4,161.54,out,0
IPL_2026_070,2,KKR,FH Allen,20,13,3,1,153.85,out,0
IPL_2026_070,2,KKR,MK Pandey,25,16,2,2,156.25,out,0
IPL_2026_070,2,KKR,C Green,2,3,0,0,66.67,out,0
IPL_2026_070,2,KKR,R Powell,29,21,3,1,138.1,out,0
IPL_2026_070,2,KKR,RK Singh,0,1,0,0,0.0,out,0
IPL_2026_070,2,KKR,T Dahiya,1,3,0,0,33.33,out,0
IPL_2026_070,2,KKR,AS Roy,9,8,1,0,112.5,out,0
IPL_2026_070,2,KKR,CV Varun,5,5,1,0,100.0,out,0
IPL_2026_070,2,KKR,Kartik Tyagi,0,1,0,0,0.0,out,0
IPL_2026_070,2,KKR,SR Dubey,4,2,1,0,200.0,not out,1
IPL_2026_000,1,RCB,VR Iyer,19,7,3,1,271.43,out,0
IPL_2026_000,1,RCB,V Kohli,43,25,5,1,172.0,out,0
IPL_2026_000,1,RCB,D Padikkal,30,19,5,0,157.89,out,0
IPL_2026_000,1,RCB,RM Patidar,93,33,5,9,281.82,not out,1
IPL_2026_000,1,RCB,KH Pandya,43,28,5,2,153.57,out,0
IPL_2026_000,1,RCB,TH David,4,5,0,0,80.0,out,0
IPL_2026_000,1,RCB,JM Sharma,15,5,1,1,300.0,not out,1
IPL_2026_000,2,GT,B Sai Sudharsan,14,9,3,0,155.56,out,0
IPL_2026_000,2,GT,Shubman Gill,2,7,0,0,28.57,out,0
IPL_2026_000,2,GT,JC Buttler,29,11,4,2,263.64,out,0
IPL_2026_000,2,GT,N Sindhu,5,3,1,0,166.67,out,0
IPL_2026_000,2,GT,Washington Sundar,8,8,1,0,100.0,out,0
IPL_2026_000,2,GT,JO Holder,0,3,0,0,0.0,out,0
IPL_2026_000,2,GT,R Tewatia,68,43,8,4,158.14,out,0
IPL_2026_000,2,GT,Rashid Khan,8,9,0,1,88.89,out,0
IPL_2026_000,2,GT,K Rabada,9,5,2,0,180.0,out,0
IPL_2026_000,2,GT,Mohammed Siraj,5,13,1,0,38.46,out,0
IPL_2026_000,2,GT,M Prasidh Krishna,6,7,1,0,85.71,not out,1
IPL_2026_000,1,RR,YBK Jaiswal,29,29,4,0,100.0,out,0
IPL_2026_000,1,RR,V Suryavanshi,97,29,5,12,334.48,out,0
IPL_2026_000,1,RR,Dhruv Jurel,50,21,5,3,238.1,out,0
IPL_2026_000,1,RR,R Parag,26,12,2,2,216.67,out,0
IPL_2026_000,1,RR,D Ferreira,12,9,1,0,133.33,out,0
IPL_2026_000,1,RR,MD Shanaka,5,3,1,0,166.67,out,0
IPL_2026_000,1,RR,RA Jadeja,12,9,1,0,133.33,not out,1
IPL_2026_000,1,RR,JC Archer,4,5,1,0,80.0,out,0
IPL_2026_000,1,RR,N Burger,1,1,0,0,100.0,out,0
IPL_2026_000,1,RR,SS Mishra,1,3,0,0,33.33,not out,1
IPL_2026_000,2,SRH,Abhishek Sharma,0,2,0,0,0.0,out,0
IPL_2026_000,2,SRH,Ishan Kishan,33,11,3,3,300.0,out,0
IPL_2026_000,2,SRH,TM Head,17,8,2,1,212.5,out,0
IPL_2026_000,2,SRH,R Smaran,1,4,0,0,25.0,out,0
IPL_2026_000,2,SRH,H Klaasen,18,10,2,1,180.0,out,0
IPL_2026_000,2,SRH,Nithish Kumar Reddy,38,20,3,2,190.0,out,0
IPL_2026_000,2,SRH,Salil Arora,35,21,2,2,166.67,out,0
IPL_2026_000,2,SRH,PJ Cummins,1,2,0,0,50.0,out,0
IPL_2026_000,2,SRH,Shivang Kumar,27,24,3,0,112.5,out,0
IPL_2026_000,2,SRH,E Malinga,5,8,0,0,62.5,out,0
IPL_2026_000,2,SRH,Sakib Hussain,5,7,1,0,71.43,not out,1
IPL_2026_000,1,RR,YBK Jaiswal,1,2,0,0,50.0,out,0
IPL_2026_000,1,RR,V Suryavanshi,96,47,8,7,204.26,out,0
IPL_2026_000,1,RR,Dhruv Jurel,7,6,1,0,116.67,out,0
IPL_2026_000,1,RR,RA Jadeja,45,35,5,1,128.57,not out,1
IPL_2026_000,1,RR,R Parag,11,6,1,1,183.33,out,0
IPL_2026_000,1,RR,MD Shanaka,3,9,0,0,33.33,out,0
IPL_2026_000,1,RR,JC Archer,7,4,0,1,175.0,out,0
IPL_2026_000,1,RR,D Ferreira,38,11,2,4,345.45,not out,1
IPL_2026_000,2,GT,B Sai Sudharsan,58,32,8,1,181.25,out,0
IPL_2026_000,2,GT,Shubman Gill,104,53,15,3,196.23,out,0
IPL_2026_000,2,GT,JC Buttler,9,9,0,0,100.0,not out,1
IPL_2026_000,2,GT,Washington Sundar,16,9,2,1,177.78,out,0
IPL_2026_000,2,GT,R Tewatia,17,9,2,1,188.89,not out,1
IPL_2026_000,1,GT,B Sai Sudharsan,12,12,2,0,100.0,out,0
IPL_2026_000,1,GT,Shubman Gill,10,8,2,0,125.0,out,0
IPL_2026_000,1,GT,N Sindhu,20,18,3,0,111.11,out,0
IPL_2026_000,1,GT,JC Buttler,19,23,1,0,82.61,out,0
IPL_2026_000,1,GT,Washington Sundar,50,37,5,0,135.14,not out,1
IPL_2026_000,1,GT,Arshad Khan,15,6,0,2,250.0,out,0
IPL_2026_000,1,GT,R Tewatia,7,5,1,0,140.0,out,0
IPL_2026_000,1,GT,JO Holder,7,5,1,0,140.0,out,0
IPL_2026_000,1,GT,Rashid Khan,7,3,0,1,233.33,out,0
IPL_2026_000,1,GT,K Rabada,3,3,0,0,100.0,not out,1
IPL_2026_000,2,RCB,VR Iyer,32,16,4,2,200.0,out,0
IPL_2026_000,2,RCB,V Kohli,75,42,9,3,178.57,not out,1
IPL_2026_000,2,RCB,D Padikkal,1,4,0,0,25.0,out,0
IPL_2026_000,2,RCB,RM Patidar,15,13,1,1,115.38,out,0
IPL_2026_000,2,RCB,KH Pandya,1,2,0,0,50.0,out,0
IPL_2026_000,2,RCB,TH David,24,17,3,1,141.18,out,0
IPL_2026_000,2,RCB,JM Sharma,11,14,1,0,78.57,not out,1
