match_id,innings,team,player,overs,balls_bowled,maidens,runs_conceded,wickets,economy,bowling_avg,bowling_sr
IPL_2019_001,1,CSK,DL Chahar,4.1,25,0,16,0,3.84,,
IPL_2019_001,1,CSK,Harbhajan Singh,4.0,24,0,22,3,5.5,7.33,8.0
IPL_2019_001,1,CSK,SK Raina,1.0,6,0,6,0,6.0,,
IPL_2019_001,1,CSK,Imran Tahir,4.0,24,0,9,3,2.25,3.0,8.0
IPL_2019_001,1,CSK,RA Jadeja,4.0,24,0,16,2,4.0,8.0,12.0
IPL_2019_001,1,CSK,DJ Bravo,0.1,1,0,0,1,0.0,0.0,1.0
IPL_2019_001,2,RCB,YS Chahal,4.0,24,0,6,1,1.5,6.0,24.0
IPL_2019_001,2,RCB,Navdeep Saini,4.1,25,0,23,0,5.52,,
IPL_2019_001,2,RCB,MM Ali,4.0,24,0,19,1,4.75,19.0,24.0
IPL_2019_001,2,RCB,UT Yadav,3.0,18,0,12,0,4.0,,
IPL_2019_001,2,RCB,Mohammed Siraj,2.0,12,0,5,1,2.5,5.0,12.0
IPL_2019_001,2,RCB,S Dube,0.4,4,0,2,0,3.0,,
IPL_2019_002,1,KKR,M Prasidh Krishna,4.1,25,0,31,0,7.44,,
IPL_2019_002,1,KKR,PP Chawla,3.0,18,0,23,1,7.67,23.0,18.0
IPL_2019_002,1,KKR,LH Ferguson,4.0,24,0,36,0,9.0,,
IPL_2019_002,1,KKR,SP Narine,3.0,18,0,29,0,9.67,,
IPL_2019_002,1,KKR,Kuldeep Yadav,2.0,12,0,18,0,9.0,,
IPL_2019_002,1,KKR,AD Russell,3.0,18,0,32,2,10.67,16.0,9.0
IPL_2019_002,1,KKR,N Rana,1.0,6,0,9,0,9.0,,
IPL_2019_002,2,SRH,B Kumar,4.0,24,0,37,0,9.25,,
IPL_2019_002,2,SRH,Shakib Al Hasan,3.4,22,0,41,1,11.18,41.0,22.0
IPL_2019_002,2,SRH,Sandeep Sharma,4.0,24,0,40,1,10.0,40.0,24.0
IPL_2019_002,2,SRH,S Kaul,4.0,24,0,35,1,8.75,35.0,24.0
IPL_2019_002,2,SRH,Rashid Khan,4.0,24,0,27,1,6.75,27.0,24.0
IPL_2019_003,1,MI,Rasikh Salam,4.2,26,0,39,0,9.0,,
IPL_2019_003,1,MI,MJ McClenaghan,4.0,24,0,40,3,10.0,13.33,8.0
IPL_2019_003,1,MI,JJ Bumrah,4.0,24,0,41,1,10.25,41.0,24.0
IPL_2019_003,1,MI,HH Pandya,4.0,24,0,41,1,10.25,41.0,24.0
IPL_2019_003,1,MI,KH Pandya,2.0,12,0,21,0,10.5,,
IPL_2019_003,1,MI,BCJ Cutting,2.0,12,0,27,1,13.5,27.0,12.0
IPL_2019_003,2,DC,TA Boult,4.0,24,0,41,1,10.25,41.0,24.0
IPL_2019_003,2,DC,I Sharma,4.0,24,0,35,2,8.75,17.5,12.0
IPL_2019_003,2,DC,K Rabada,4.0,24,0,20,2,5.0,10.0,12.0
IPL_2019_003,2,DC,R Tewatia,1.2,8,0,12,1,9.0,12.0,8.0
IPL_2019_003,2,DC,KMA Paul,3.0,18,0,19,1,6.33,19.0,18.0
IPL_2019_003,2,DC,AR Patel,3.0,18,0,42,1,14.0,42.0,18.0
IPL_2019_004,1,RR,DS Kulkarni,4.0,24,0,27,1,6.75,27.0,24.0
IPL_2019_004,1,RR,K Gowtham,4.0,24,0,34,1,8.5,34.0,24.0
IPL_2019_004,1,RR,JC Archer,4.0,24,0,17,0,4.25,,
IPL_2019_004,1,RR,BA Stokes,4.0,24,0,50,2,12.5,25.0,12.0
IPL_2019_004,1,RR,JD Unadkat,3.0,18,0,43,0,14.33,,
IPL_2019_004,1,RR,S Gopal,1.0,6,0,5,0,5.0,,
IPL_2019_004,2,PBKS,SM Curran,4.0,24,0,51,2,12.75,25.5,12.0
IPL_2019_004,2,PBKS,Mujeeb Ur Rahman,4.0,24,0,30,2,7.5,15.0,12.0
IPL_2019_004,2,PBKS,Mohammed Shami,4.0,24,0,33,0,8.25,,
IPL_2019_004,2,PBKS,R Ashwin,4.0,24,0,20,1,5.0,20.0,24.0
IPL_2019_004,2,PBKS,AS Rajpoot,4.2,26,0,32,2,7.38,16.0,13.0
IPL_2019_005,1,CSK,DL Chahar,4.0,24,0,19,1,4.75,19.0,24.0
IPL_2019_005,1,CSK,SN Thakur,2.0,12,0,20,0,10.0,,
IPL_2019_005,1,CSK,Harbhajan Singh,4.0,24,0,28,0,7.0,,
IPL_2019_005,1,CSK,RA Jadeja,4.0,24,0,24,1,6.0,24.0,24.0
IPL_2019_005,1,CSK,Imran Tahir,2.0,12,0,20,1,10.0,20.0,12.0
IPL_2019_005,1,CSK,DJ Bravo,4.0,24,0,31,3,7.75,10.33,8.0
IPL_2019_005,2,DC,I Sharma,3.0,18,0,32,1,10.67,32.0,18.0
IPL_2019_005,2,DC,AR Patel,4.0,24,0,16,0,4.0,,
IPL_2019_005,2,DC,K Rabada,3.4,22,0,26,1,7.09,26.0,22.0
IPL_2019_005,2,DC,A Mishra,4.0,24,0,35,2,8.75,17.5,12.0
IPL_2019_005,2,DC,R Tewatia,2.0,12,0,20,0,10.0,,
IPL_2019_005,2,DC,KMA Paul,3.1,19,0,18,0,5.68,,
IPL_2019_006,1,PBKS,Mohammed Shami,4.1,25,0,43,1,10.32,43.0,25.0
IPL_2019_006,1,PBKS,CV Varun,3.0,18,0,35,1,11.67,35.0,18.0
IPL_2019_006,1,PBKS,GC Viljoen,4.0,24,0,35,1,8.75,35.0,24.0
IPL_2019_006,1,PBKS,AJ Tye,4.0,24,0,37,1,9.25,37.0,24.0
IPL_2019_006,1,PBKS,R Ashwin,4.0,24,0,46,0,11.5,,
IPL_2019_006,1,PBKS,Mandeep Singh,1.0,6,0,18,0,18.0,,
IPL_2019_006,2,KKR,M Prasidh Krishna,4.0,24,0,41,0,10.25,,
IPL_2019_006,2,KKR,LH Ferguson,4.0,24,0,40,1,10.0,40.0,24.0
IPL_2019_006,2,KKR,AD Russell,3.0,18,0,21,2,7.0,10.5,9.0
IPL_2019_006,2,KKR,Kuldeep Yadav,4.0,24,0,30,0,7.5,,
IPL_2019_006,2,KKR,SP Narine,2.0,12,0,26,0,13.0,,
IPL_2019_006,2,KKR,PP Chawla,3.0,18,0,27,1,9.0,27.0,18.0
IPL_2019_007,1,RCB,UT Yadav,4.0,24,0,25,2,6.25,12.5,12.0
IPL_2019_007,1,RCB,Navdeep Saini,4.1,25,0,39,0,9.36,,
IPL_2019_007,1,RCB,Mohammed Siraj,4.0,24,0,38,2,9.5,19.0,12.0
IPL_2019_007,1,RCB,YS Chahal,4.0,24,0,41,4,10.25,10.25,6.0
IPL_2019_007,1,RCB,C de Grandhomme,3.0,18,0,26,0,8.67,,
IPL_2019_007,1,RCB,MM Ali,1.0,6,0,13,0,13.0,,
IPL_2019_007,2,MI,MJ McClenaghan,2.0,12,0,24,0,12.0,,
IPL_2019_007,2,MI,SL Malinga,4.0,24,0,45,0,11.25,,
IPL_2019_007,2,MI,JJ Bumrah,4.0,24,0,20,3,5.0,6.67,8.0
IPL_2019_007,2,MI,HH Pandya,3.0,18,0,38,0,12.67,,
IPL_2019_007,2,MI,KH Pandya,4.0,24,0,28,0,7.0,,
IPL_2019_007,2,MI,M Markande,3.0,18,0,23,1,7.67,23.0,18.0
IPL_2019_008,1,SRH,B Kumar,4.0,24,0,52,0,13.0,,
IPL_2019_008,1,SRH,Sandeep Sharma,4.0,24,0,38,0,9.5,,
IPL_2019_008,1,SRH,Rashid Khan,4.0,24,0,24,1,6.0,24.0,24.0
IPL_2019_008,1,SRH,S Kaul,4.1,25,0,30,0,7.2,,
IPL_2019_008,1,SRH,S Nadeem,3.0,18,0,36,1,12.0,36.0,18.0
IPL_2019_008,1,SRH,V Shankar,1.0,6,0,13,0,13.0,,
IPL_2019_008,2,RR,DS Kulkarni,3.0,18,0,39,0,13.0,,
IPL_2019_008,2,RR,K Gowtham,2.0,12,0,25,0,12.5,,
IPL_2019_008,2,RR,JC Archer,4.0,24,0,40,0,10.0,,
IPL_2019_008,2,RR,BA Stokes,3.0,18,0,41,1,13.67,41.0,18.0
IPL_2019_008,2,RR,S Gopal,4.0,24,0,27,3,6.75,9.0,8.0
IPL_2019_008,2,RR,JD Unadkat,3.0,18,0,24,1,8.0,24.0,18.0
IPL_2019_009,1,PBKS,R Ashwin,4.0,24,0,25,0,6.25,,
IPL_2019_009,1,PBKS,Mohammed Shami,4.0,24,0,42,2,10.5,21.0,12.0
IPL_2019_009,1,PBKS,GC Viljoen,4.0,24,0,41,2,10.25,20.5,12.0
IPL_2019_009,1,PBKS,AJ Tye,4.0,24,0,38,1,9.5,38.0,24.0
IPL_2019_009,1,PBKS,M Ashwin,4.0,24,0,26,2,6.5,13.0,12.0
IPL_2019_009,2,MI,MJ McClenaghan,4.0,24,0,34,0,8.5,,
IPL_2019_009,2,MI,SL Malinga,3.0,18,0,23,0,7.67,,
IPL_2019_009,2,MI,JJ Bumrah,3.4,22,0,23,0,6.27,,
IPL_2019_009,2,MI,HH Pandya,3.0,18,0,36,0,12.0,,
IPL_2019_009,2,MI,KH Pandya,4.0,24,0,43,2,10.75,21.5,12.0
IPL_2019_009,2,MI,M Markande,1.0,6,0,11,0,11.0,,
IPL_2019_010,1,DC,K Rabada,4.0,24,0,40,1,10.0,40.0,24.0
IPL_2019_010,1,DC,S Lamichhane,4.0,24,0,29,1,7.25,29.0,24.0
IPL_2019_010,1,DC,CH Morris,4.0,24,0,39,1,9.75,39.0,24.0
IPL_2019_010,1,DC,HV Patel,4.1,25,0,38,2,9.12,19.0,12.5
IPL_2019_010,1,DC,A Mishra,4.0,24,0,35,1,8.75,35.0,24.0
IPL_2019_010,2,KKR,M Prasidh Krishna,4.0,24,0,32,0,8.0,,
IPL_2019_010,2,KKR,LH Ferguson,4.0,24,0,36,1,9.0,36.0,24.0
IPL_2019_010,2,KKR,PP Chawla,4.0,24,0,36,1,9.0,36.0,24.0
IPL_2019_010,2,KKR,AD Russell,3.0,18,0,28,1,9.33,28.0,18.0
IPL_2019_010,2,KKR,Kuldeep Yadav,4.0,24,0,41,2,10.25,20.5,12.0
IPL_2019_010,2,KKR,N Rana,1.0,6,0,9,0,9.0,,
IPL_2019_010,3,KKR,M Prasidh Krishna,1.0,6,0,10,1,10.0,10.0,6.0
IPL_2019_010,4,DC,K Rabada,1.0,6,0,7,1,7.0,7.0,6.0
IPL_2019_011,1,RCB,MM Ali,3.0,18,0,29,0,9.67,,
IPL_2019_011,1,RCB,UT Yadav,4.0,24,0,47,0,11.75,,
IPL_2019_011,1,RCB,YS Chahal,4.0,24,0,43,1,10.75,43.0,24.0
IPL_2019_011,1,RCB,Mohammed Siraj,4.0,24,0,39,0,9.75,,
IPL_2019_011,1,RCB,P Ray Barman,4.0,24,0,56,0,14.0,,
IPL_2019_011,1,RCB,C de Grandhomme,1.0,6,0,16,0,16.0,,
IPL_2019_011,2,SRH,B Kumar,3.0,18,0,25,0,8.33,,
IPL_2019_011,2,SRH,Mohammad Nabi,4.0,24,0,15,4,3.75,3.75,6.0
IPL_2019_011,2,SRH,Sandeep Sharma,3.5,23,0,19,3,4.96,6.33,7.67
IPL_2019_011,2,SRH,S Kaul,3.0,18,0,15,0,5.0,,
IPL_2019_011,2,SRH,Rashid Khan,4.0,24,0,25,0,6.25,,
IPL_2019_011,2,SRH,V Shankar,2.1,13,0,10,0,4.62,,
IPL_2019_012,1,RR,DS Kulkarni,4.1,25,0,35,1,8.4,35.0,25.0
IPL_2019_012,1,RR,JC Archer,4.0,24,0,17,2,4.25,8.5,12.0
IPL_2019_012,1,RR,BA Stokes,3.0,18,0,30,1,10.0,30.0,18.0
IPL_2019_012,1,RR,S Gopal,3.0,18,0,23,0,7.67,,
IPL_2019_012,1,RR,K Gowtham,2.0,12,0,13,0,6.5,,
IPL_2019_012,1,RR,JD Unadkat,4.0,24,0,51,1,12.75,51.0,24.0
IPL_2019_012,2,CSK,DL Chahar,4.0,24,0,18,2,4.5,9.0,12.0
IPL_2019_012,2,CSK,SN Thakur,4.0,24,0,42,2,10.5,21.0,12.0
IPL_2019_012,2,CSK,MJ Santner,2.1,13,0,25,0,11.54,,
IPL_2019_012,2,CSK,RA Jadeja,2.0,12,0,23,0,11.5,,
IPL_2019_012,2,CSK,Imran Tahir,4.0,24,0,23,2,5.75,11.5,12.0
IPL_2019_012,2,CSK,DJ Bravo,4.0,24,0,31,2,7.75,15.5,12.0
IPL_2019_013,1,DC,K Rabada,4.0,24,0,32,2,8.0,16.0,12.0
IPL_2019_013,1,DC,CH Morris,4.0,24,0,29,3,7.25,9.67,8.0
IPL_2019_013,1,DC,Avesh Khan,3.0,18,0,29,0,9.67,,
IPL_2019_013,1,DC,S Lamichhane,4.0,24,0,28,2,7.0,14.0,12.0
IPL_2019_013,1,DC,HV Patel,4.0,24,0,31,0,7.75,,
IPL_2019_013,1,DC,GH Vihari,1.0,6,0,9,0,9.0,,
IPL_2019_013,2,PBKS,R Ashwin,4.0,24,0,28,2,7.0,14.0,12.0
IPL_2019_013,2,PBKS,SM Curran,2.2,14,0,12,4,5.14,3.0,3.5
IPL_2019_013,2,PBKS,Mohammed Shami,4.0,24,0,27,2,6.75,13.5,12.0
IPL_2019_013,2,PBKS,GC Viljoen,3.0,18,0,26,1,8.67,26.0,18.0
IPL_2019_013,2,PBKS,Mujeeb Ur Rahman,4.0,24,0,35,0,8.75,,
IPL_2019_013,2,PBKS,M Ashwin,2.0,12,0,19,0,9.5,,
IPL_2019_014,1,RR,K Gowtham,4.0,24,0,20,0,5.0,,
IPL_2019_014,1,RR,DS Kulkarni,3.0,18,0,25,0,8.33,,
IPL_2019_014,1,RR,JC Archer,4.1,25,0,48,1,11.52,48.0,25.0
IPL_2019_014,1,RR,S Gopal,4.0,24,0,12,3,3.0,4.0,8.0
IPL_2019_014,1,RR,VR Aaron,1.0,6,0,16,0,16.0,,
IPL_2019_014,1,RR,STR Binny,1.0,6,0,6,0,6.0,,
IPL_2019_014,1,RR,BA Stokes,3.0,18,0,29,0,9.67,,
IPL_2019_014,2,RCB,UT Yadav,3.5,23,0,39,0,10.17,,
IPL_2019_014,2,RCB,Navdeep Saini,4.0,24,0,39,0,9.75,,
IPL_2019_014,2,RCB,Mohammed Siraj,4.0,24,0,24,1,6.0,24.0,24.0
IPL_2019_014,2,RCB,YS Chahal,4.0,24,0,15,2,3.75,7.5,12.0
IPL_2019_014,2,RCB,MP Stoinis,3.0,18,0,28,0,9.33,,
IPL_2019_014,2,RCB,MM Ali,1.0,6,0,14,0,14.0,,
IPL_2019_015,1,CSK,DL Chahar,3.0,18,0,22,1,7.33,22.0,18.0
IPL_2019_015,1,CSK,SN Thakur,4.0,24,0,34,0,8.5,,
IPL_2019_015,1,CSK,MM Sharma,3.0,18,0,27,1,9.0,27.0,18.0
IPL_2019_015,1,CSK,Imran Tahir,4.0,24,0,25,1,6.25,25.0,24.0
IPL_2019_015,1,CSK,RA Jadeja,2.0,12,0,10,1,5.0,10.0,12.0
IPL_2019_015,1,CSK,DJ Bravo,4.1,25,0,47,1,11.28,47.0,25.0
IPL_2019_015,2,MI,JP Behrendorff,4.0,24,0,22,2,5.5,11.0,12.0
IPL_2019_015,2,MI,SL Malinga,4.1,25,0,33,3,7.92,11.0,8.33
IPL_2019_015,2,MI,HH Pandya,4.0,24,0,23,3,5.75,7.67,8.0
IPL_2019_015,2,MI,JJ Bumrah,4.1,25,0,27,0,6.48,,
IPL_2019_015,2,MI,RD Chahar,2.0,12,0,10,0,5.0,,
IPL_2019_015,2,MI,KH Pandya,2.0,12,0,11,0,5.5,,
IPL_2019_016,1,SRH,B Kumar,4.0,24,0,26,2,6.5,13.0,12.0
IPL_2019_016,1,SRH,Mohammad Nabi,4.0,24,0,23,2,5.75,11.5,12.0
IPL_2019_016,1,SRH,S Kaul,4.0,24,0,34,2,8.5,17.0,12.0
IPL_2019_016,1,SRH,Rashid Khan,4.0,24,0,19,1,4.75,19.0,24.0
IPL_2019_016,1,SRH,Sandeep Sharma,4.0,24,0,25,1,6.25,25.0,24.0
IPL_2019_016,2,DC,S Lamichhane,4.0,24,0,32,1,8.0,32.0,24.0
IPL_2019_016,2,DC,AR Patel,4.0,24,0,21,1,5.25,21.0,24.0
IPL_2019_016,2,DC,CH Morris,3.0,18,0,30,0,10.0,,
IPL_2019_016,2,DC,K Rabada,3.3,21,0,32,1,9.14,32.0,21.0
IPL_2019_016,2,DC,R Tewatia,3.0,18,0,9,1,3.0,9.0,18.0
IPL_2019_016,2,DC,I Sharma,1.0,6,0,4,1,4.0,4.0,6.0
IPL_2019_017,1,KKR,M Prasidh Krishna,3.0,18,0,41,0,13.67,,
IPL_2019_017,1,KKR,PP Chawla,4.0,24,0,32,0,8.0,,
IPL_2019_017,1,KKR,SP Narine,4.0,24,0,29,1,7.25,29.0,24.0
IPL_2019_017,1,KKR,LH Ferguson,2.0,12,0,32,0,16.0,,
IPL_2019_017,1,KKR,Kuldeep Yadav,4.0,24,0,31,1,7.75,31.0,24.0
IPL_2019_017,1,KKR,N Rana,2.0,12,0,20,1,10.0,20.0,12.0
IPL_2019_017,1,KKR,AD Russell,1.0,6,0,16,0,16.0,,
IPL_2019_017,2,RCB,TG Southee,4.0,24,0,57,0,14.25,,
IPL_2019_017,2,RCB,Navdeep Saini,4.1,25,0,32,2,7.68,16.0,12.5
IPL_2019_017,2,RCB,YS Chahal,4.0,24,0,25,1,6.25,25.0,24.0
IPL_2019_017,2,RCB,Mohammed Siraj,2.4,16,0,33,0,12.38,,
IPL_2019_017,2,RCB,P Negi,3.1,19,0,21,2,6.63,10.5,9.5
IPL_2019_017,2,RCB,MP Stoinis,1.4,10,0,27,0,16.2,,
IPL_2019_018,1,PBKS,Mohammed Shami,4.0,24,0,40,0,10.0,,
IPL_2019_018,1,PBKS,R Ashwin,4.0,24,0,22,3,5.5,7.33,8.0
IPL_2019_018,1,PBKS,SM Curran,4.0,24,0,34,0,8.5,,
IPL_2019_018,1,PBKS,AJ Tye,4.0,24,0,37,0,9.25,,
IPL_2019_018,1,PBKS,M Ashwin,4.0,24,0,22,0,5.5,,
IPL_2019_018,2,CSK,DL Chahar,4.2,26,0,37,1,8.54,37.0,26.0
IPL_2019_018,2,CSK,Harbhajan Singh,4.0,24,0,17,2,4.25,8.5,12.0
IPL_2019_018,2,CSK,SC Kuggeleijn,4.0,24,0,36,2,9.0,18.0,12.0
IPL_2019_018,2,CSK,RA Jadeja,4.0,24,0,24,0,6.0,,
IPL_2019_018,2,CSK,Imran Tahir,4.0,24,0,20,0,5.0,,
IPL_2019_019,1,SRH,B Kumar,4.0,24,0,33,1,8.25,33.0,24.0
IPL_2019_019,1,SRH,Sandeep Sharma,3.0,18,0,19,1,6.33,19.0,18.0
IPL_2019_019,1,SRH,Mohammad Nabi,4.0,24,0,13,1,3.25,13.0,24.0
IPL_2019_019,1,SRH,YK Pathan,1.0,6,0,8,0,8.0,,
IPL_2019_019,1,SRH,S Kaul,4.1,25,0,33,2,7.92,16.5,12.5
IPL_2019_019,1,SRH,Rashid Khan,4.0,24,0,24,1,6.0,24.0,24.0
IPL_2019_019,2,MI,JP Behrendorff,4.0,24,0,28,1,7.0,28.0,24.0
IPL_2019_019,2,MI,JJ Bumrah,3.0,18,0,16,1,5.33,16.0,18.0
IPL_2019_019,2,MI,RD Chahar,4.0,24,0,21,2,5.25,10.5,12.0
IPL_2019_019,2,MI,AS Joseph,3.4,22,0,12,6,3.27,2.0,3.67
IPL_2019_019,2,MI,KH Pandya,2.0,12,0,9,0,4.5,,
IPL_2019_019,2,MI,HH Pandya,1.0,6,0,7,0,7.0,,
IPL_2019_020,1,DC,I Sharma,4.0,24,0,31,0,7.75,,
IPL_2019_020,1,DC,CH Morris,4.1,25,0,26,2,6.24,13.0,12.5
IPL_2019_020,1,DC,K Rabada,4.0,24,0,20,4,5.0,5.0,6.0
IPL_2019_020,1,DC,AR Patel,4.0,24,0,22,1,5.5,22.0,24.0
IPL_2019_020,1,DC,S Lamichhane,4.0,24,0,46,1,11.5,46.0,24.0
IPL_2019_020,2,RCB,TG Southee,2.0,12,0,26,1,13.0,26.0,12.0
IPL_2019_020,2,RCB,Navdeep Saini,4.1,25,0,22,2,5.28,11.0,12.5
IPL_2019_020,2,RCB,YS Chahal,4.0,24,0,34,0,8.5,,
IPL_2019_020,2,RCB,P Negi,3.0,18,0,27,1,9.0,27.0,18.0
IPL_2019_020,2,RCB,Mohammed Siraj,1.5,11,0,14,1,7.64,14.0,11.0
IPL_2019_020,2,RCB,MM Ali,4.0,24,0,22,1,5.5,22.0,24.0
IPL_2019_021,1,KKR,PP Chawla,4.0,24,0,19,0,4.75,,
IPL_2019_021,1,KKR,M Prasidh Krishna,4.2,26,0,32,1,7.38,32.0,26.0
IPL_2019_021,1,KKR,SP Narine,4.0,24,0,25,0,6.25,,
IPL_2019_021,1,KKR,Kuldeep Yadav,4.0,24,0,33,0,8.25,,
IPL_2019_021,1,KKR,HF Gurney,4.0,24,0,24,2,6.0,12.0,12.0
IPL_2019_021,2,RR,DS Kulkarni,3.0,18,0,30,0,10.0,,
IPL_2019_021,2,RR,K Gowtham,1.0,6,0,22,0,22.0,,
IPL_2019_021,2,RR,JC Archer,3.0,18,0,15,0,5.0,,
IPL_2019_021,2,RR,S Gopal,4.0,24,0,36,2,9.0,18.0,12.0
IPL_2019_021,2,RR,S Midhun,2.0,12,0,28,0,14.0,,
IPL_2019_021,2,RR,BA Stokes,0.5,5,0,6,0,7.2,,
IPL_2019_022,1,PBKS,AS Rajpoot,4.0,24,0,23,0,5.75,,
IPL_2019_022,1,PBKS,Mujeeb Ur Rahman,4.0,24,0,34,1,8.5,34.0,24.0
IPL_2019_022,1,PBKS,Mohammed Shami,4.0,24,0,30,1,7.5,30.0,24.0
IPL_2019_022,1,PBKS,R Ashwin,4.0,24,0,30,1,7.5,30.0,24.0
IPL_2019_022,1,PBKS,SM Curran,4.0,24,0,30,0,7.5,,
IPL_2019_022,2,SRH,B Kumar,4.0,24,0,25,0,6.25,,
IPL_2019_022,2,SRH,Sandeep Sharma,4.0,24,0,21,2,5.25,10.5,12.0
IPL_2019_022,2,SRH,Rashid Khan,4.0,24,0,20,1,5.0,20.0,24.0
IPL_2019_022,2,SRH,Mohammad Nabi,3.5,23,0,43,0,11.22,,
IPL_2019_022,2,SRH,S Kaul,4.0,24,0,42,1,10.5,42.0,24.0
IPL_2019_023,1,CSK,DL Chahar,4.0,24,0,20,3,5.0,6.67,8.0
IPL_2019_023,1,CSK,Harbhajan Singh,4.0,24,0,15,2,3.75,7.5,12.0
IPL_2019_023,1,CSK,RA Jadeja,4.0,24,0,16,1,4.0,16.0,24.0
IPL_2019_023,1,CSK,SC Kuggeleijn,4.0,24,0,33,0,8.25,,
IPL_2019_023,1,CSK,Imran Tahir,4.0,24,0,21,2,5.25,10.5,12.0
IPL_2019_023,2,KKR,PP Chawla,4.0,24,0,28,1,7.0,28.0,24.0
IPL_2019_023,2,KKR,M Prasidh Krishna,4.1,25,0,22,0,5.28,,
IPL_2019_023,2,KKR,SP Narine,3.2,20,0,18,2,5.4,9.0,10.0
IPL_2019_023,2,KKR,Kuldeep Yadav,4.0,24,0,16,0,4.0,,
IPL_2019_023,2,KKR,HF Gurney,2.1,13,0,19,0,8.77,,
IPL_2019_024,1,MI,JP Behrendorff,4.0,24,0,35,1,8.75,35.0,24.0
IPL_2019_024,1,MI,JJ Bumrah,4.0,24,0,37,1,9.25,37.0,24.0
IPL_2019_024,1,MI,AS Joseph,2.0,12,0,21,0,10.5,,
IPL_2019_024,1,MI,RD Chahar,4.0,24,0,27,0,6.75,,
IPL_2019_024,1,MI,HH Pandya,4.0,24,0,54,2,13.5,27.0,12.0
IPL_2019_024,1,MI,KH Pandya,2.0,12,0,17,0,8.5,,
IPL_2019_024,2,PBKS,AS Rajpoot,4.1,25,0,51,1,12.24,51.0,25.0
IPL_2019_024,2,PBKS,Mohammed Shami,4.0,24,0,18,3,4.5,6.0,8.0
IPL_2019_024,2,PBKS,GC Viljoen,4.0,24,0,27,0,6.75,,
IPL_2019_024,2,PBKS,R Ashwin,4.0,24,0,37,1,9.25,37.0,24.0
IPL_2019_024,2,PBKS,SM Curran,4.0,24,0,53,1,13.25,53.0,24.0
IPL_2019_025,1,CSK,DL Chahar,4.0,24,0,34,2,8.5,17.0,12.0
IPL_2019_025,1,CSK,MJ Santner,4.0,24,0,20,1,5.0,20.0,24.0
IPL_2019_025,1,CSK,SN Thakur,4.0,24,0,43,2,10.75,21.5,12.0
IPL_2019_025,1,CSK,RA Jadeja,4.0,24,0,20,2,5.0,10.0,12.0
IPL_2019_025,1,CSK,Imran Tahir,4.0,24,0,28,0,7.0,,
IPL_2019_025,2,RR,DS Kulkarni,3.0,18,0,14,1,4.67,14.0,18.0
IPL_2019_025,2,RR,JD Unadkat,3.0,18,0,23,1,7.67,23.0,18.0
IPL_2019_025,2,RR,JC Archer,4.0,24,0,23,1,5.75,23.0,24.0
IPL_2019_025,2,RR,R Parag,3.0,18,0,24,0,8.0,,
IPL_2019_025,2,RR,S Gopal,4.0,24,0,31,0,7.75,,
IPL_2019_025,2,RR,BA Stokes,3.1,19,0,36,2,11.37,18.0,9.5
IPL_2019_026,1,DC,I Sharma,4.0,24,0,20,1,5.0,20.0,24.0
IPL_2019_026,1,DC,CH Morris,4.0,24,0,37,2,9.25,18.5,12.0
IPL_2019_026,1,DC,K Rabada,4.0,24,0,42,2,10.5,21.0,12.0
IPL_2019_026,1,DC,AR Patel,4.0,24,0,30,0,7.5,,
IPL_2019_026,1,DC,KMA Paul,4.1,25,0,45,2,10.8,22.5,12.5
IPL_2019_026,2,KKR,M Prasidh Krishna,3.0,18,0,26,1,8.67,26.0,18.0
IPL_2019_026,2,KKR,LH Ferguson,3.0,18,0,36,0,12.0,,
IPL_2019_026,2,KKR,AD Russell,3.0,18,0,29,1,9.67,29.0,18.0
IPL_2019_026,2,KKR,Kuldeep Yadav,4.0,24,0,27,0,6.75,,
IPL_2019_026,2,KKR,PP Chawla,2.5,17,0,35,0,12.35,,
IPL_2019_026,2,KKR,CR Brathwaite,1.0,6,0,13,0,13.0,,
IPL_2019_026,2,KKR,N Rana,2.0,12,0,12,1,6.0,12.0,12.0
IPL_2019_027,1,RR,K Gowtham,3.0,18,0,39,0,13.0,,
IPL_2019_027,1,RR,DS Kulkarni,4.0,24,0,38,1,9.5,38.0,24.0
IPL_2019_027,1,RR,JC Archer,4.0,24,0,39,3,9.75,13.0,8.0
IPL_2019_027,1,RR,JD Unadkat,4.0,24,0,34,1,8.5,34.0,24.0
IPL_2019_027,1,RR,S Gopal,4.0,24,0,21,0,5.25,,
IPL_2019_027,1,RR,LS Livingstone,1.0,6,0,13,0,13.0,,
IPL_2019_027,2,MI,JP Behrendorff,3.0,18,0,30,0,10.0,,
IPL_2019_027,2,MI,AS Joseph,3.0,18,0,53,0,17.67,,
IPL_2019_027,2,MI,RD Chahar,4.0,24,0,35,1,8.75,35.0,24.0
IPL_2019_027,2,MI,JJ Bumrah,4.0,24,0,24,2,6.0,12.0,12.0
IPL_2019_027,2,MI,KH Pandya,4.0,24,0,33,3,8.25,11.0,8.0
IPL_2019_027,2,MI,HH Pandya,1.3,9,0,11,0,7.33,,
IPL_2019_028,1,RCB,UT Yadav,4.0,24,0,40,0,10.0,,
IPL_2019_028,1,RCB,Navdeep Saini,4.0,24,0,22,0,5.5,,
IPL_2019_028,1,RCB,Mohammed Siraj,4.0,24,0,54,1,13.5,54.0,24.0
IPL_2019_028,1,RCB,YS Chahal,4.0,24,0,34,2,8.5,17.0,12.0
IPL_2019_028,1,RCB,MM Ali,4.0,24,0,18,1,4.5,18.0,24.0
IPL_2019_028,2,PBKS,SM Curran,3.0,18,0,31,0,10.33,,
IPL_2019_028,2,PBKS,Mohammed Shami,4.0,24,0,43,1,10.75,43.0,24.0
IPL_2019_028,2,PBKS,R Ashwin,4.0,24,0,29,1,7.25,29.0,24.0
IPL_2019_028,2,PBKS,M Ashwin,4.0,24,0,24,0,6.0,,
IPL_2019_028,2,PBKS,AJ Tye,4.0,24,0,40,0,10.0,,
IPL_2019_028,2,PBKS,SN Khan,0.2,2,0,6,0,18.0,,
IPL_2019_029,1,CSK,DL Chahar,4.0,24,0,36,0,9.0,,
IPL_2019_029,1,CSK,SN Thakur,4.0,24,0,18,2,4.5,9.0,12.0
IPL_2019_029,1,CSK,MJ Santner,4.0,24,0,25,1,6.25,25.0,24.0
IPL_2019_029,1,CSK,RA Jadeja,4.0,24,0,48,0,12.0,,
IPL_2019_029,1,CSK,Imran Tahir,4.0,24,0,26,4,6.5,6.5,6.0
IPL_2019_029,2,KKR,M Prasidh Krishna,4.0,24,0,29,0,7.25,,
IPL_2019_029,2,KKR,HF Gurney,4.0,24,0,37,1,9.25,37.0,24.0
IPL_2019_029,2,KKR,AD Russell,1.0,6,0,16,0,16.0,,
IPL_2019_029,2,KKR,SP Narine,4.0,24,0,18,2,4.5,9.0,12.0
IPL_2019_029,2,KKR,Kuldeep Yadav,3.0,18,0,28,0,9.33,,
IPL_2019_029,2,KKR,PP Chawla,3.4,22,0,32,2,8.73,16.0,11.0
IPL_2019_030,1,SRH,B Kumar,4.1,25,0,32,2,7.68,16.0,12.5
IPL_2019_030,1,SRH,KK Ahmed,4.0,24,0,30,3,7.5,10.0,8.0
IPL_2019_030,1,SRH,Sandeep Sharma,4.0,24,0,31,0,7.75,,
IPL_2019_030,1,SRH,DJ Hooda,1.0,6,0,8,0,8.0,,
IPL_2019_030,1,SRH,Abhishek Sharma,1.0,6,0,10,1,10.0,10.0,6.0
IPL_2019_030,1,SRH,V Shankar,2.0,12,0,17,0,8.5,,
IPL_2019_030,1,SRH,Rashid Khan,4.0,24,0,23,1,5.75,23.0,24.0
IPL_2019_030,2,DC,I Sharma,3.0,18,0,18,0,6.0,,
IPL_2019_030,2,DC,K Rabada,3.5,23,0,20,4,5.22,5.0,5.75
IPL_2019_030,2,DC,CH Morris,3.0,18,0,22,3,7.33,7.33,6.0
IPL_2019_030,2,DC,AR Patel,2.0,12,0,23,0,11.5,,
IPL_2019_030,2,DC,KMA Paul,4.1,25,0,15,3,3.6,5.0,8.33
IPL_2019_030,2,DC,A Mishra,3.0,18,0,13,0,4.33,,
IPL_2019_031,1,MI,JP Behrendorff,4.0,24,0,50,1,12.5,50.0,24.0
IPL_2019_031,1,MI,SL Malinga,4.0,24,0,33,4,8.25,8.25,6.0
IPL_2019_031,1,MI,JJ Bumrah,4.0,24,0,24,0,6.0,,
IPL_2019_031,1,MI,HH Pandya,3.0,18,0,22,1,7.33,22.0,18.0
IPL_2019_031,1,MI,RD Chahar,4.0,24,0,31,0,7.75,,
IPL_2019_031,1,MI,KH Pandya,1.0,6,0,10,0,10.0,,
IPL_2019_031,2,RCB,UT Yadav,2.0,12,0,24,0,12.0,,
IPL_2019_031,2,RCB,Navdeep Saini,3.0,18,0,33,0,11.0,,
IPL_2019_031,2,RCB,Mohammed Siraj,2.0,12,0,19,1,9.5,19.0,12.0
IPL_2019_031,2,RCB,YS Chahal,4.0,24,0,27,2,6.75,13.5,12.0
IPL_2019_031,2,RCB,P Negi,4.0,24,0,45,0,11.25,,
IPL_2019_031,2,RCB,MM Ali,4.0,24,0,18,2,4.5,9.0,12.0
IPL_2019_032,1,RR,DS Kulkarni,4.0,24,0,38,1,9.5,38.0,24.0
IPL_2019_032,1,RR,JD Unadkat,4.0,24,0,49,1,12.25,49.0,24.0
IPL_2019_032,1,RR,JC Archer,4.1,25,0,21,3,5.04,7.0,8.33
IPL_2019_032,1,RR,IS Sodhi,4.0,24,0,40,1,10.0,40.0,24.0
IPL_2019_032,1,RR,S Gopal,4.0,24,0,32,0,8.0,,
IPL_2019_032,2,PBKS,Arshdeep Singh,4.0,24,0,42,2,10.5,21.0,12.0
IPL_2019_032,2,PBKS,Mujeeb Ur Rahman,3.0,18,0,19,0,6.33,,
IPL_2019_032,2,PBKS,M Ashwin,4.0,24,0,23,1,5.75,23.0,24.0
IPL_2019_032,2,PBKS,R Ashwin,4.0,24,0,23,2,5.75,11.5,12.0
IPL_2019_032,2,PBKS,Mohammed Shami,4.0,24,0,46,2,11.5,23.0,12.0
IPL_2019_032,2,PBKS,Mandeep Singh,1.0,6,0,8,0,8.0,,
IPL_2019_033,1,SRH,B Kumar,4.0,24,0,22,0,5.5,,
IPL_2019_033,1,SRH,KK Ahmed,4.0,24,0,24,1,6.0,24.0,24.0
IPL_2019_033,1,SRH,Sandeep Sharma,4.0,24,0,31,0,7.75,,
IPL_2019_033,1,SRH,S Nadeem,2.0,12,0,24,1,12.0,24.0,12.0
IPL_2019_033,1,SRH,Rashid Khan,4.0,24,0,17,2,4.25,8.5,12.0
IPL_2019_033,1,SRH,V Shankar,2.0,12,0,11,1,5.5,11.0,12.0
IPL_2019_033,2,CSK,DL Chahar,3.0,18,0,31,1,10.33,31.0,18.0
IPL_2019_033,2,CSK,SN Thakur,3.0,18,0,28,0,9.33,,
IPL_2019_033,2,CSK,Imran Tahir,4.0,24,0,20,2,5.0,10.0,12.0
IPL_2019_033,2,CSK,RA Jadeja,4.0,24,0,22,0,5.5,,
IPL_2019_033,2,CSK,KV Sharma,2.5,17,0,33,1,11.65,33.0,17.0
IPL_2019_034,1,DC,I Sharma,3.0,18,0,18,0,6.0,,
IPL_2019_034,1,DC,K Rabada,4.0,24,0,37,2,9.25,18.5,12.0
IPL_2019_034,1,DC,CH Morris,3.0,18,0,38,0,12.67,,
IPL_2019_034,1,DC,KMA Paul,3.1,19,0,36,0,11.37,,
IPL_2019_034,1,DC,A Mishra,3.0,18,0,18,1,6.0,18.0,18.0
IPL_2019_034,1,DC,AR Patel,4.0,24,0,17,1,4.25,17.0,24.0
IPL_2019_034,2,MI,HH Pandya,2.0,12,0,17,1,8.5,17.0,12.0
IPL_2019_034,2,MI,RD Chahar,4.0,24,0,17,3,4.25,5.67,8.0
IPL_2019_034,2,MI,SL Malinga,4.0,24,0,40,1,10.0,40.0,24.0
IPL_2019_034,2,MI,J Yadav,4.0,24,0,25,0,6.25,,
IPL_2019_034,2,MI,JJ Bumrah,4.0,24,0,19,2,4.75,9.5,12.0
IPL_2019_034,2,MI,KH Pandya,2.0,12,0,7,1,3.5,7.0,12.0
IPL_2019_035,1,KKR,HF Gurney,4.0,24,0,39,1,9.75,39.0,24.0
IPL_2019_035,1,KKR,SP Narine,4.0,24,0,31,1,7.75,31.0,24.0
IPL_2019_035,1,KKR,M Prasidh Krishna,4.0,24,0,53,0,13.25,,
IPL_2019_035,1,KKR,AD Russell,3.0,18,0,17,1,5.67,17.0,18.0
IPL_2019_035,1,KKR,Kuldeep Yadav,4.0,24,0,58,1,14.5,58.0,24.0
IPL_2019_035,1,KKR,PP Chawla,1.0,6,0,10,0,10.0,,
IPL_2019_035,2,RCB,DW Steyn,4.0,24,0,44,2,11.0,22.0,12.0
IPL_2019_035,2,RCB,Navdeep Saini,4.0,24,0,31,1,7.75,31.0,24.0
IPL_2019_035,2,RCB,Mohammed Siraj,4.0,24,0,31,0,7.75,,
IPL_2019_035,2,RCB,MP Stoinis,4.0,24,0,31,1,7.75,31.0,24.0
IPL_2019_035,2,RCB,YS Chahal,3.0,18,0,41,0,13.67,,
IPL_2019_035,2,RCB,MM Ali,1.0,6,0,13,0,13.0,,
IPL_2019_036,1,RR,STR Binny,3.0,18,0,19,1,6.33,19.0,18.0
IPL_2019_036,1,RR,DS Kulkarni,3.0,18,0,30,0,10.0,,
IPL_2019_036,1,RR,S Gopal,4.0,24,0,21,2,5.25,10.5,12.0
IPL_2019_036,1,RR,JC Archer,4.0,24,0,22,1,5.5,22.0,24.0
IPL_2019_036,1,RR,JD Unadkat,4.0,24,0,48,1,12.0,48.0,24.0
IPL_2019_036,1,RR,R Parag,2.0,12,0,17,0,8.5,,
IPL_2019_036,2,MI,HH Pandya,4.0,24,0,31,0,7.75,,
IPL_2019_036,2,MI,KH Pandya,2.0,12,0,24,0,12.0,,
IPL_2019_036,2,MI,SL Malinga,3.1,19,0,32,0,10.11,,
IPL_2019_036,2,MI,RD Chahar,4.0,24,0,29,3,7.25,9.67,8.0
IPL_2019_036,2,MI,JJ Bumrah,4.0,24,0,22,1,5.5,22.0,24.0
IPL_2019_036,2,MI,M Markande,2.0,12,0,24,0,12.0,,
IPL_2019_037,1,DC,I Sharma,4.0,24,0,27,0,6.75,,
IPL_2019_037,1,DC,S Lamichhane,4.0,24,0,40,3,10.0,13.33,8.0
IPL_2019_037,1,DC,K Rabada,4.0,24,0,26,2,6.5,13.0,12.0
IPL_2019_037,1,DC,A Mishra,4.0,24,0,41,0,10.25,,
IPL_2019_037,1,DC,AR Patel,3.0,18,0,22,2,7.33,11.0,9.0
IPL_2019_037,1,DC,SE Rutherford,1.0,6,0,5,0,5.0,,
IPL_2019_037,2,PBKS,Mohammed Shami,4.0,24,0,22,1,5.5,22.0,24.0
IPL_2019_037,2,PBKS,SM Curran,3.5,23,0,32,0,8.35,,
IPL_2019_037,2,PBKS,GC Viljoen,4.0,24,0,38,2,9.5,19.0,12.0
IPL_2019_037,2,PBKS,Harpreet Brar,2.0,12,0,24,0,12.0,,
IPL_2019_037,2,PBKS,R Ashwin,3.0,18,0,24,0,8.0,,
IPL_2019_037,2,PBKS,M Ashwin,3.1,19,0,17,0,5.37,,
IPL_2019_038,1,SRH,B Kumar,4.0,24,0,34,2,8.5,17.0,12.0
IPL_2019_038,1,SRH,S Nadeem,4.0,24,0,31,0,7.75,,
IPL_2019_038,1,SRH,KK Ahmed,4.0,24,0,30,3,7.5,10.0,8.0
IPL_2019_038,1,SRH,Sandeep Sharma,4.0,24,0,37,1,9.25,37.0,24.0
IPL_2019_038,1,SRH,Rashid Khan,4.0,24,0,23,1,5.75,23.0,24.0
IPL_2019_038,2,KKR,HF Gurney,2.0,12,0,15,0,7.5,,
IPL_2019_038,2,KKR,Y Prithvi Raj,3.0,18,0,27,1,9.0,27.0,18.0
IPL_2019_038,2,KKR,PP Chawla,3.0,18,0,38,0,12.67,,
IPL_2019_038,2,KKR,SP Narine,4.0,24,0,36,0,9.0,,
IPL_2019_038,2,KKR,KC Cariappa,2.0,12,0,33,0,16.5,,
IPL_2019_038,2,KKR,AD Russell,1.0,6,0,8,0,8.0,,
IPL_2019_039,1,CSK,DL Chahar,4.0,24,0,25,2,6.25,12.5,12.0
IPL_2019_039,1,CSK,SN Thakur,4.0,24,0,40,0,10.0,,
IPL_2019_039,1,CSK,RA Jadeja,4.0,24,0,29,2,7.25,14.5,12.0
IPL_2019_039,1,CSK,DJ Bravo,4.0,24,0,34,2,8.5,17.0,12.0
IPL_2019_039,1,CSK,Imran Tahir,4.0,24,0,31,1,7.75,31.0,24.0
IPL_2019_039,2,RCB,DW Steyn,4.0,24,0,30,2,7.5,15.0,12.0
IPL_2019_039,2,RCB,Navdeep Saini,4.1,25,0,25,1,6.0,25.0,25.0
IPL_2019_039,2,RCB,UT Yadav,4.0,24,0,50,2,12.5,25.0,12.0
IPL_2019_039,2,RCB,P Negi,1.0,6,0,7,0,7.0,,
IPL_2019_039,2,RCB,MP Stoinis,3.0,18,0,21,0,7.0,,
IPL_2019_039,2,RCB,YS Chahal,4.0,24,0,24,1,6.0,24.0,24.0
IPL_2019_040,1,DC,I Sharma,4.0,24,0,30,1,7.5,30.0,24.0
IPL_2019_040,1,DC,K Rabada,4.0,24,0,36,2,9.0,18.0,12.0
IPL_2019_040,1,DC,AR Patel,4.0,24,0,39,1,9.75,39.0,24.0
IPL_2019_040,1,DC,A Mishra,3.0,18,0,28,0,9.33,,
IPL_2019_040,1,DC,CH Morris,4.0,24,0,40,1,10.0,40.0,24.0
IPL_2019_040,1,DC,SE Rutherford,1.0,6,0,14,0,14.0,,
IPL_2019_040,2,RR,STR Binny,1.0,6,0,3,0,3.0,,
IPL_2019_040,2,RR,DS Kulkarni,4.0,24,0,51,1,12.75,51.0,24.0
IPL_2019_040,2,RR,JD Unadkat,3.2,20,0,36,0,10.8,,
IPL_2019_040,2,RR,S Gopal,4.1,25,0,46,2,11.04,23.0,12.5
IPL_2019_040,2,RR,JC Archer,4.0,24,0,31,0,7.75,,
IPL_2019_040,2,RR,R Parag,3.0,18,0,25,1,8.33,25.0,18.0
IPL_2019_041,1,CSK,DL Chahar,4.0,24,0,28,1,7.0,28.0,24.0
IPL_2019_041,1,CSK,Harbhajan Singh,4.0,24,0,39,2,9.75,19.5,12.0
IPL_2019_041,1,CSK,RA Jadeja,4.0,24,0,33,0,8.25,,
IPL_2019_041,1,CSK,DJ Bravo,4.0,24,0,34,0,8.5,,
IPL_2019_041,1,CSK,Imran Tahir,4.0,24,0,38,0,9.5,,
IPL_2019_041,2,SRH,B Kumar,4.0,24,0,19,1,4.75,19.0,24.0
IPL_2019_041,2,SRH,KK Ahmed,4.0,24,0,27,0,6.75,,
IPL_2019_041,2,SRH,Shakib Al Hasan,4.0,24,0,27,0,6.75,,
IPL_2019_041,2,SRH,Sandeep Sharma,3.5,23,0,54,1,14.09,54.0,23.0
IPL_2019_041,2,SRH,Rashid Khan,4.0,24,0,47,1,11.75,47.0,24.0
IPL_2019_042,1,PBKS,AS Rajpoot,4.2,26,0,45,0,10.38,,
IPL_2019_042,1,PBKS,Mohammed Shami,4.0,24,0,56,1,14.0,56.0,24.0
IPL_2019_042,1,PBKS,M Ashwin,4.0,24,0,31,1,7.75,31.0,24.0
IPL_2019_042,1,PBKS,R Ashwin,4.0,24,0,15,1,3.75,15.0,24.0
IPL_2019_042,1,PBKS,GC Viljoen,4.0,24,0,50,1,12.5,50.0,24.0
IPL_2019_042,2,RCB,TG Southee,3.0,18,0,32,0,10.67,,
IPL_2019_042,2,RCB,UT Yadav,4.0,24,0,33,3,8.25,11.0,8.0
IPL_2019_042,2,RCB,Navdeep Saini,4.0,24,0,33,2,8.25,16.5,12.0
IPL_2019_042,2,RCB,YS Chahal,2.0,12,0,27,0,13.5,,
IPL_2019_042,2,RCB,MP Stoinis,2.0,12,0,13,1,6.5,13.0,12.0
IPL_2019_042,2,RCB,MM Ali,3.0,18,0,22,1,7.33,22.0,18.0
IPL_2019_042,2,RCB,Washington Sundar,2.0,12,0,21,0,10.5,,
IPL_2019_043,1,RR,VR Aaron,4.0,24,0,24,2,6.0,12.0,12.0
IPL_2019_043,1,RR,O Thomas,4.1,25,0,33,1,7.92,33.0,25.0
IPL_2019_043,1,RR,JC Archer,4.0,24,0,27,0,6.75,,
IPL_2019_043,1,RR,S Gopal,3.0,18,0,32,1,10.67,32.0,18.0
IPL_2019_043,1,RR,R Parag,1.0,6,0,7,0,7.0,,
IPL_2019_043,1,RR,JD Unadkat,4.0,24,0,49,1,12.25,49.0,24.0
IPL_2019_043,2,KKR,CR Brathwaite,2.0,12,0,13,0,6.5,,
IPL_2019_043,2,KKR,M Prasidh Krishna,3.2,20,0,42,1,12.6,42.0,20.0
IPL_2019_043,2,KKR,AD Russell,3.0,18,0,32,1,10.67,32.0,18.0
IPL_2019_043,2,KKR,SP Narine,4.0,24,0,25,2,6.25,12.5,12.0
IPL_2019_043,2,KKR,Y Prithvi Raj,2.0,12,0,27,0,13.5,,
IPL_2019_043,2,KKR,PP Chawla,4.0,24,0,20,3,5.0,6.67,8.0
IPL_2019_043,2,KKR,N Rana,1.0,6,0,13,0,13.0,,
IPL_2019_044,1,CSK,DL Chahar,4.0,24,0,45,1,11.25,45.0,24.0
IPL_2019_044,1,CSK,Harbhajan Singh,4.0,24,0,23,0,5.75,,
IPL_2019_044,1,CSK,Imran Tahir,4.0,24,0,38,1,9.5,38.0,24.0
IPL_2019_044,1,CSK,DJ Bravo,4.0,24,0,33,0,8.25,,
IPL_2019_044,1,CSK,MJ Santner,4.0,24,0,13,2,3.25,6.5,12.0
IPL_2019_044,2,MI,SL Malinga,3.4,22,0,37,4,10.09,9.25,5.5
IPL_2019_044,2,MI,KH Pandya,3.0,18,0,7,2,2.33,3.5,9.0
IPL_2019_044,2,MI,HH Pandya,2.1,13,0,20,1,9.23,20.0,13.0
IPL_2019_044,2,MI,JJ Bumrah,3.0,18,0,10,2,3.33,5.0,9.0
IPL_2019_044,2,MI,RD Chahar,4.0,24,0,21,0,5.25,,
IPL_2019_044,2,MI,AS Roy,2.0,12,0,8,1,4.0,8.0,12.0
IPL_2019_045,1,RR,VR Aaron,4.0,24,0,39,2,9.75,19.5,12.0
IPL_2019_045,1,RR,O Thomas,4.0,24,0,29,2,7.25,14.5,12.0
IPL_2019_045,1,RR,S Gopal,4.0,24,0,30,2,7.5,15.0,12.0
IPL_2019_045,1,RR,JD Unadkat,4.0,24,0,26,2,6.5,13.0,12.0
IPL_2019_045,1,RR,R Parag,3.0,18,0,24,0,8.0,,
IPL_2019_045,1,RR,STR Binny,1.0,6,0,9,0,9.0,,
IPL_2019_045,2,SRH,B Kumar,4.0,24,0,22,0,5.5,,
IPL_2019_045,2,SRH,Shakib Al Hasan,3.1,19,0,26,1,8.21,26.0,19.0
IPL_2019_045,2,SRH,Rashid Khan,4.0,24,0,30,1,7.5,30.0,24.0
IPL_2019_045,2,SRH,KK Ahmed,4.0,24,0,33,1,8.25,33.0,24.0
IPL_2019_045,2,SRH,S Kaul,4.0,24,0,47,0,11.75,,
IPL_2019_046,1,RCB,UT Yadav,4.0,24,0,39,1,9.75,39.0,24.0
IPL_2019_046,1,RCB,Washington Sundar,4.0,24,0,30,1,7.5,30.0,24.0
IPL_2019_046,1,RCB,YS Chahal,4.0,24,0,41,2,10.25,20.5,12.0
IPL_2019_046,1,RCB,Navdeep Saini,4.0,24,0,48,1,12.0,48.0,24.0
IPL_2019_046,1,RCB,MP Stoinis,3.0,18,0,24,0,8.0,,
IPL_2019_046,1,RCB,S Dube,1.0,6,0,5,0,5.0,,
IPL_2019_046,2,DC,I Sharma,4.0,24,0,41,1,10.25,41.0,24.0
IPL_2019_046,2,DC,AR Patel,4.0,24,0,26,1,6.5,26.0,24.0
IPL_2019_046,2,DC,S Lamichhane,3.0,18,0,36,0,12.0,,
IPL_2019_046,2,DC,K Rabada,4.0,24,0,32,2,8.0,16.0,12.0
IPL_2019_046,2,DC,A Mishra,4.0,24,0,28,2,7.0,14.0,12.0
IPL_2019_046,2,DC,SE Rutherford,1.0,6,0,6,1,6.0,6.0,6.0
IPL_2019_047,1,MI,BB Sran,2.0,12,0,27,0,13.5,,
IPL_2019_047,1,MI,KH Pandya,3.0,18,0,27,0,9.0,,
IPL_2019_047,1,MI,SL Malinga,4.0,24,0,48,0,12.0,,
IPL_2019_047,1,MI,JJ Bumrah,4.1,25,0,43,0,10.32,,
IPL_2019_047,1,MI,RD Chahar,4.0,24,0,53,1,13.25,53.0,24.0
IPL_2019_047,1,MI,HH Pandya,3.0,18,0,28,1,9.33,28.0,18.0
IPL_2019_047,2,KKR,S Sandeep Warrier,4.0,24,0,30,0,7.5,,
IPL_2019_047,2,KKR,SP Narine,4.0,24,0,44,2,11.0,22.0,12.0
IPL_2019_047,2,KKR,HF Gurney,4.0,24,0,37,2,9.25,18.5,12.0
IPL_2019_047,2,KKR,AD Russell,4.0,24,0,25,2,6.25,12.5,12.0
IPL_2019_047,2,KKR,PP Chawla,4.0,24,0,62,1,15.5,62.0,24.0
IPL_2019_048,1,PBKS,Arshdeep Singh,4.0,24,0,45,1,11.25,45.0,24.0
IPL_2019_048,1,PBKS,Mujeeb Ur Rahman,4.0,24,0,59,0,14.75,,
IPL_2019_048,1,PBKS,Mohammed Shami,4.0,24,0,35,2,8.75,17.5,12.0
IPL_2019_048,1,PBKS,R Ashwin,4.0,24,0,29,2,7.25,14.5,12.0
IPL_2019_048,1,PBKS,M Ashwin,4.0,24,0,30,1,7.5,30.0,24.0
IPL_2019_048,2,SRH,KK Ahmed,4.0,24,0,37,3,9.25,12.33,8.0
IPL_2019_048,2,SRH,B Kumar,4.0,24,0,33,0,8.25,,
IPL_2019_048,2,SRH,Sandeep Sharma,4.0,24,0,31,2,7.75,15.5,12.0
IPL_2019_048,2,SRH,Rashid Khan,4.0,24,0,21,3,5.25,7.0,8.0
IPL_2019_048,2,SRH,Abhishek Sharma,1.1,7,0,10,0,8.57,,
IPL_2019_048,2,SRH,Mohammad Nabi,3.0,18,0,28,0,9.33,,
IPL_2019_049,1,RR,VR Aaron,1.0,6,0,23,0,23.0,,
IPL_2019_049,1,RR,S Gopal,1.0,6,0,12,3,12.0,4.0,2.0
IPL_2019_049,1,RR,R Parag,1.0,6,0,10,1,10.0,10.0,6.0
IPL_2019_049,1,RR,JD Unadkat,1.0,6,0,9,1,9.0,9.0,6.0
IPL_2019_049,1,RR,O Thomas,1.1,7,0,7,2,6.0,3.5,3.5
IPL_2019_049,2,RCB,UT Yadav,1.0,6,0,10,0,10.0,,
IPL_2019_049,2,RCB,Navdeep Saini,1.0,6,0,12,0,12.0,,
IPL_2019_049,2,RCB,K Khejroliya,1.0,6,0,18,0,18.0,,
IPL_2019_049,2,RCB,YS Chahal,0.2,2,0,1,1,3.0,1.0,2.0
IPL_2019_050,1,DC,TA Boult,4.0,24,0,35,0,8.75,,
IPL_2019_050,1,DC,J Suchith,4.0,24,0,28,2,7.0,14.0,12.0
IPL_2019_050,1,DC,CH Morris,4.1,25,0,45,1,10.8,45.0,25.0
IPL_2019_050,1,DC,AR Patel,3.0,18,0,31,1,10.33,31.0,18.0
IPL_2019_050,1,DC,A Mishra,3.0,18,0,16,0,5.33,,
IPL_2019_050,1,DC,SE Rutherford,2.0,12,0,18,0,9.0,,
IPL_2019_050,2,CSK,DL Chahar,3.0,18,0,32,1,10.67,32.0,18.0
IPL_2019_050,2,CSK,Harbhajan Singh,4.0,24,0,28,1,7.0,28.0,24.0
IPL_2019_050,2,CSK,Imran Tahir,3.2,20,0,12,4,3.6,3.0,5.0
IPL_2019_050,2,CSK,RA Jadeja,3.0,18,0,9,3,3.0,3.0,6.0
IPL_2019_050,2,CSK,DJ Bravo,3.0,18,0,18,0,6.0,,
IPL_2019_051,1,SRH,B Kumar,4.0,24,0,28,1,7.0,28.0,24.0
IPL_2019_051,1,SRH,KK Ahmed,4.0,24,0,42,3,10.5,14.0,8.0
IPL_2019_051,1,SRH,Mohammad Nabi,4.0,24,0,24,1,6.0,24.0,24.0
IPL_2019_051,1,SRH,Rashid Khan,4.0,24,0,23,0,5.75,,
IPL_2019_051,1,SRH,Basil Thampi,4.1,25,0,43,0,10.32,,
IPL_2019_051,2,MI,BB Sran,2.0,12,0,23,0,11.5,,
IPL_2019_051,2,MI,SL Malinga,4.0,24,0,44,0,11.0,,
IPL_2019_051,2,MI,JJ Bumrah,4.0,24,0,31,2,7.75,15.5,12.0
IPL_2019_051,2,MI,RD Chahar,4.0,24,0,21,0,5.25,,
IPL_2019_051,2,MI,KH Pandya,4.0,24,0,21,2,5.25,10.5,12.0
IPL_2019_051,2,MI,HH Pandya,2.0,12,0,20,2,10.0,10.0,6.0
IPL_2019_051,3,MI,JJ Bumrah,0.4,4,0,8,1,12.0,8.0,4.0
IPL_2019_051,4,SRH,Rashid Khan,0.3,3,0,9,0,18.0,,
IPL_2019_052,1,KKR,S Sandeep Warrier,4.0,24,0,31,2,7.75,15.5,12.0
IPL_2019_052,1,KKR,HF Gurney,4.0,24,0,42,1,10.5,42.0,24.0
IPL_2019_052,1,KKR,SP Narine,4.0,24,0,29,0,7.25,,
IPL_2019_052,1,KKR,AD Russell,3.0,18,0,29,1,9.67,29.0,18.0
IPL_2019_052,1,KKR,PP Chawla,4.0,24,0,43,0,10.75,,
IPL_2019_052,1,KKR,N Rana,1.0,6,0,8,1,8.0,8.0,6.0
IPL_2019_052,2,PBKS,Mohammed Shami,3.0,18,0,16,1,5.33,16.0,18.0
IPL_2019_052,2,PBKS,Arshdeep Singh,2.0,12,0,25,0,12.5,,
IPL_2019_052,2,PBKS,R Ashwin,4.0,24,0,37,1,9.25,37.0,24.0
IPL_2019_052,2,PBKS,AJ Tye,3.0,18,0,39,1,13.0,39.0,18.0
IPL_2019_052,2,PBKS,M Ashwin,2.0,12,0,24,0,12.0,,
IPL_2019_052,2,PBKS,SM Curran,4.0,24,0,39,0,9.75,,
IPL_2019_053,1,DC,TA Boult,4.0,24,0,24,2,6.0,12.0,12.0
IPL_2019_053,1,DC,I Sharma,4.0,24,0,33,3,8.25,11.0,8.0
IPL_2019_053,1,DC,AR Patel,4.0,24,0,16,0,4.0,,
IPL_2019_053,1,DC,A Mishra,4.0,24,0,17,3,4.25,5.67,8.0
IPL_2019_053,1,DC,KMA Paul,3.1,19,0,14,0,4.42,,
IPL_2019_053,1,DC,SE Rutherford,0.5,5,0,2,0,2.4,,
IPL_2019_053,2,RR,K Gowtham,4.0,24,0,16,0,4.0,,
IPL_2019_053,2,RR,VR Aaron,2.0,12,0,24,0,12.0,,
IPL_2019_053,2,RR,O Thomas,1.0,6,0,13,0,13.0,,
IPL_2019_053,2,RR,IS Sodhi,3.1,19,0,26,3,8.21,8.67,6.33
IPL_2019_053,2,RR,S Gopal,4.0,24,0,21,2,5.25,10.5,12.0
IPL_2019_053,2,RR,R Parag,1.0,6,0,14,0,14.0,,
IPL_2019_053,2,RR,STR Binny,1.0,6,0,6,0,6.0,,
IPL_2019_054,1,RCB,UT Yadav,4.1,25,0,45,0,10.8,,
IPL_2019_054,1,RCB,Navdeep Saini,4.0,24,0,40,2,10.0,20.0,12.0
IPL_2019_054,1,RCB,YS Chahal,4.0,24,0,23,1,5.75,23.0,24.0
IPL_2019_054,1,RCB,K Khejroliya,4.0,24,0,28,1,7.0,28.0,24.0
IPL_2019_054,1,RCB,Washington Sundar,3.0,18,0,24,3,8.0,8.0,6.0
IPL_2019_054,1,RCB,C de Grandhomme,1.0,6,0,12,0,12.0,,
IPL_2019_054,2,SRH,B Kumar,4.0,24,0,24,2,6.0,12.0,12.0
IPL_2019_054,2,SRH,KK Ahmed,4.0,24,0,33,3,8.25,11.0,8.0
IPL_2019_054,2,SRH,Rashid Khan,4.0,24,0,44,1,11.0,44.0,24.0
IPL_2019_054,2,SRH,Mohammad Nabi,2.2,14,0,26,0,11.14,,
IPL_2019_054,2,SRH,Basil Thampi,4.0,24,0,29,0,7.25,,
IPL_2019_054,2,SRH,V Shankar,1.0,6,0,15,0,15.0,,
IPL_2019_055,1,PBKS,Harpreet Brar,3.0,18,0,24,0,8.0,,
IPL_2019_055,1,PBKS,Mohammed Shami,3.0,18,0,18,2,6.0,9.0,9.0
IPL_2019_055,1,PBKS,SM Curran,4.0,24,0,34,3,8.5,11.33,8.0
IPL_2019_055,1,PBKS,R Ashwin,4.0,24,0,23,0,5.75,,
IPL_2019_055,1,PBKS,AJ Tye,3.0,18,0,37,0,12.33,,
IPL_2019_055,1,PBKS,M Ashwin,3.0,18,0,33,0,11.0,,
IPL_2019_055,2,CSK,DL Chahar,4.0,24,0,28,0,7.0,,
IPL_2019_055,2,CSK,Harbhajan Singh,4.0,24,0,57,3,14.25,19.0,8.0
IPL_2019_055,2,CSK,DJ Bravo,4.0,24,0,27,0,6.75,,
IPL_2019_055,2,CSK,Imran Tahir,4.0,24,0,40,0,10.0,,
IPL_2019_055,2,CSK,RA Jadeja,2.0,12,0,16,1,8.0,16.0,12.0
IPL_2019_056,1,MI,MJ McClenaghan,4.0,24,0,17,0,4.25,,
IPL_2019_056,1,MI,KH Pandya,4.0,24,0,13,0,3.25,,
IPL_2019_056,1,MI,SL Malinga,4.0,24,0,33,3,8.25,11.0,8.0
IPL_2019_056,1,MI,JJ Bumrah,4.1,25,0,30,2,7.2,15.0,12.5
IPL_2019_056,1,MI,RD Chahar,1.0,6,0,12,0,12.0,,
IPL_2019_056,1,MI,HH Pandya,3.0,18,0,20,2,6.67,10.0,9.0
IPL_2019_056,2,KKR,S Sandeep Warrier,4.1,25,0,24,0,5.76,,
IPL_2019_056,2,KKR,HF Gurney,3.0,18,0,19,0,6.33,,
IPL_2019_056,2,KKR,AD Russell,2.1,13,0,34,0,15.69,,
IPL_2019_056,2,KKR,SP Narine,4.0,24,0,32,0,8.0,,
IPL_2019_056,2,KKR,M Prasidh Krishna,3.0,18,0,22,1,7.33,22.0,18.0
IPL_2019_000,1,MI,SL Malinga,3.1,19,0,25,0,7.89,,
IPL_2019_000,1,MI,KH Pandya,4.0,24,0,21,1,5.25,21.0,24.0
IPL_2019_000,1,MI,RD Chahar,4.0,24,0,14,2,3.5,7.0,12.0
IPL_2019_000,1,MI,J Yadav,3.1,19,0,24,1,7.58,24.0,19.0
IPL_2019_000,1,MI,JJ Bumrah,4.1,25,0,30,0,7.2,,
IPL_2019_000,1,MI,HH Pandya,2.0,12,0,13,0,6.5,,
IPL_2019_000,2,CSK,DL Chahar,3.3,21,0,30,1,8.57,30.0,21.0
IPL_2019_000,2,CSK,Harbhajan Singh,4.0,24,0,22,1,5.5,22.0,24.0
IPL_2019_000,2,CSK,RA Jadeja,4.0,24,0,19,0,4.75,,
IPL_2019_000,2,CSK,DJ Bravo,3.0,18,0,25,0,8.33,,
IPL_2019_000,2,CSK,Imran Tahir,4.0,24,0,29,2,7.25,14.5,12.0
IPL_2019_000,1,DC,TA Boult,3.0,18,0,36,1,12.0,36.0,18.0
IPL_2019_000,1,DC,I Sharma,4.0,24,0,35,2,8.75,17.5,12.0
IPL_2019_000,1,DC,AR Patel,4.0,24,0,30,0,7.5,,
IPL_2019_000,1,DC,A Mishra,4.0,24,0,16,1,4.0,16.0,24.0
IPL_2019_000,1,DC,KMA Paul,4.1,25,0,27,3,6.48,9.0,8.33
IPL_2019_000,1,DC,SE Rutherford,1.0,6,0,10,0,10.0,,
IPL_2019_000,2,SRH,B Kumar,4.0,24,0,40,2,10.0,20.0,12.0
IPL_2019_000,2,SRH,Mohammad Nabi,4.0,24,0,29,0,7.25,,
IPL_2019_000,2,SRH,KK Ahmed,2.5,17,0,23,2,8.12,11.5,8.5
IPL_2019_000,2,SRH,Rashid Khan,4.0,24,0,14,2,3.5,7.0,12.0
IPL_2019_000,2,SRH,Basil Thampi,4.0,24,0,42,0,10.5,,
IPL_2019_000,2,SRH,DJ Hooda,1.0,6,0,12,1,12.0,12.0,6.0
IPL_2019_000,1,CSK,DL Chahar,4.0,24,0,27,2,6.75,13.5,12.0
IPL_2019_000,1,CSK,SN Thakur,1.0,6,0,13,0,13.0,,
IPL_2019_000,1,CSK,Harbhajan Singh,4.0,24,0,31,2,7.75,15.5,12.0
IPL_2019_000,1,CSK,RA Jadeja,3.0,18,0,24,2,8.0,12.0,9.0
IPL_2019_000,1,CSK,Imran Tahir,4.0,24,0,32,1,8.0,32.0,24.0
IPL_2019_000,1,CSK,DJ Bravo,4.1,25,0,17,2,4.08,8.5,12.5
IPL_2019_000,2,DC,TA Boult,4.0,24,0,20,1,5.0,20.0,24.0
IPL_2019_000,2,DC,I Sharma,4.0,24,0,28,1,7.0,28.0,24.0
IPL_2019_000,2,DC,AR Patel,4.0,24,0,32,1,8.0,32.0,24.0
IPL_2019_000,2,DC,A Mishra,4.0,24,0,21,1,5.25,21.0,24.0
IPL_2019_000,2,DC,KMA Paul,3.0,18,0,44,0,14.67,,
IPL_2019_000,1,CSK,DL Chahar,4.0,24,0,25,3,6.25,8.33,8.0
IPL_2019_000,1,CSK,SN Thakur,4.0,24,0,37,2,9.25,18.5,12.0
IPL_2019_000,1,CSK,Harbhajan Singh,4.0,24,0,26,0,6.5,,
IPL_2019_000,1,CSK,DJ Bravo,3.0,18,0,23,0,7.67,,
IPL_2019_000,1,CSK,Imran Tahir,3.0,18,0,23,2,7.67,11.5,9.0
IPL_2019_000,1,CSK,RA Jadeja,2.0,12,0,12,0,6.0,,
IPL_2019_000,2,MI,MJ McClenaghan,4.0,24,0,22,0,5.5,,
IPL_2019_000,2,MI,KH Pandya,3.0,18,0,39,1,13.0,39.0,18.0
IPL_2019_000,2,MI,SL Malinga,4.0,24,0,48,1,12.0,48.0,24.0
IPL_2019_000,2,MI,JJ Bumrah,4.0,24,0,19,2,4.75,9.5,12.0
IPL_2019_000,2,MI,RD Chahar,4.0,24,0,14,1,3.5,14.0,24.0
IPL_2019_000,2,MI,HH Pandya,1.0,6,0,2,0,2.0,,
IPL_2020_001,1,CSK,DL Chahar,4.0,24,0,31,2,7.75,15.5,12.0
IPL_2020_001,1,CSK,SM Curran,4.0,24,0,29,1,7.25,29.0,24.0
IPL_2020_001,1,CSK,L Ngidi,4.0,24,0,36,3,9.0,12.0,8.0
IPL_2020_001,1,CSK,PP Chawla,4.0,24,0,20,1,5.0,20.0,24.0
IPL_2020_001,1,CSK,RA Jadeja,4.0,24,0,42,2,10.5,21.0,12.0
IPL_2020_001,2,MI,TA Boult,3.2,20,0,23,1,6.9,23.0,20.0
IPL_2020_001,2,MI,JL Pattinson,4.0,24,0,26,1,6.5,26.0,24.0
IPL_2020_001,2,MI,JJ Bumrah,4.1,25,0,41,1,9.84,41.0,25.0
IPL_2020_001,2,MI,KH Pandya,4.0,24,0,36,1,9.0,36.0,24.0
IPL_2020_001,2,MI,RD Chahar,4.0,24,0,36,1,9.0,36.0,24.0
IPL_2020_002,1,PBKS,SS Cottrell,4.0,24,0,23,2,5.75,11.5,12.0
IPL_2020_002,1,PBKS,Mohammed Shami,4.1,25,0,14,3,3.36,4.67,8.33
IPL_2020_002,1,PBKS,CJ Jordan,4.1,25,0,52,0,12.48,,
IPL_2020_002,1,PBKS,K Gowtham,4.0,24,0,39,0,9.75,,
IPL_2020_002,1,PBKS,Ravi Bishnoi,4.0,24,0,21,1,5.25,21.0,24.0
IPL_2020_002,2,DC,A Nortje,4.0,24,0,37,0,9.25,,
IPL_2020_002,2,DC,MM Sharma,4.1,25,0,44,1,10.56,44.0,25.0
IPL_2020_002,2,DC,K Rabada,4.0,24,0,28,2,7.0,14.0,12.0
IPL_2020_002,2,DC,R Ashwin,1.0,6,0,2,2,2.0,1.0,3.0
IPL_2020_002,2,DC,AR Patel,4.0,24,0,14,1,3.5,14.0,24.0
IPL_2020_002,2,DC,MP Stoinis,3.0,18,0,30,2,10.0,15.0,9.0
IPL_2020_002,3,DC,K Rabada,0.3,3,0,2,2,4.0,1.0,1.5
IPL_2020_002,4,PBKS,Mohammed Shami,0.2,2,0,2,0,6.0,,
IPL_2020_039,1,RCB,CH Morris,4.0,24,0,16,0,4.0,,
IPL_2020_039,1,RCB,Mohammed Siraj,4.0,24,0,9,3,2.25,3.0,8.0
IPL_2020_039,1,RCB,Navdeep Saini,3.0,18,0,23,1,7.67,23.0,18.0
IPL_2020_039,1,RCB,I Udana,1.0,6,0,6,0,6.0,,
IPL_2020_039,1,RCB,YS Chahal,4.0,24,0,15,2,3.75,7.5,12.0
IPL_2020_039,1,RCB,Washington Sundar,4.0,24,0,14,1,3.5,14.0,24.0
IPL_2020_039,2,KKR,PJ Cummins,3.0,18,0,19,0,6.33,,
IPL_2020_039,2,KKR,M Prasidh Krishna,2.3,15,0,19,0,7.6,,
IPL_2020_039,2,KKR,CV Varun,4.0,24,0,28,0,7.0,,
IPL_2020_039,2,KKR,LH Ferguson,4.0,24,0,16,1,4.0,16.0,24.0
IPL_2020_056,1,SRH,Sandeep Sharma,4.0,24,0,34,3,8.5,11.33,8.0
IPL_2020_056,1,SRH,JO Holder,4.0,24,0,25,2,6.25,12.5,12.0
IPL_2020_056,1,SRH,S Nadeem,4.0,24,0,19,2,4.75,9.5,12.0
IPL_2020_056,1,SRH,T Natarajan,4.0,24,0,38,0,9.5,,
IPL_2020_056,1,SRH,Rashid Khan,4.0,24,0,33,1,8.25,33.0,24.0
IPL_2020_056,2,MI,DS Kulkarni,3.0,18,0,20,0,6.67,,
IPL_2020_056,2,MI,NM Coulter-Nile,4.0,24,0,26,0,6.5,,
IPL_2020_056,2,MI,JL Pattinson,3.0,18,0,29,0,9.67,,
IPL_2020_056,2,MI,RD Chahar,4.0,24,0,36,0,9.0,,
IPL_2020_056,2,MI,KH Pandya,3.1,19,0,32,0,10.11,,
IPL_2020_004,1,CSK,DL Chahar,4.0,24,0,32,1,8.0,32.0,24.0
IPL_2020_004,1,CSK,SM Curran,4.0,24,0,32,3,8.0,10.67,8.0
IPL_2020_004,1,CSK,L Ngidi,4.2,26,0,52,1,12.0,52.0,26.0
IPL_2020_004,1,CSK,RA Jadeja,4.0,24,0,38,0,9.5,,
IPL_2020_004,1,CSK,PP Chawla,4.1,25,0,54,1,12.96,54.0,25.0
IPL_2020_004,2,RR,JD Unadkat,4.0,24,0,42,0,10.5,,
IPL_2020_004,2,RR,JC Archer,4.0,24,0,25,1,6.25,25.0,24.0
IPL_2020_004,2,RR,S Gopal,4.0,24,0,38,1,9.5,38.0,24.0
IPL_2020_004,2,RR,TK Curran,4.1,25,0,54,1,12.96,54.0,25.0
IPL_2020_004,2,RR,R Tewatia,4.0,24,0,37,3,9.25,12.33,8.0
IPL_2020_042,1,DC,TU Deshpande,4.0,24,0,39,0,9.75,,
IPL_2020_042,1,DC,A Nortje,4.0,24,0,27,2,6.75,13.5,12.0
IPL_2020_042,1,DC,K Rabada,4.0,24,0,30,2,7.5,15.0,12.0
IPL_2020_042,1,DC,AR Patel,1.0,6,0,7,0,7.0,,
IPL_2020_042,1,DC,MP Stoinis,4.0,24,0,40,2,10.0,20.0,12.0
IPL_2020_042,1,DC,R Ashwin,3.0,18,0,45,0,15.0,,
IPL_2020_042,2,KKR,PJ Cummins,4.0,24,0,17,3,4.25,5.67,8.0
IPL_2020_042,2,KKR,M Prasidh Krishna,2.2,14,0,17,0,7.29,,
IPL_2020_042,2,KKR,KL Nagarkoti,2.0,12,0,11,0,5.5,,
IPL_2020_042,2,KKR,LH Ferguson,4.0,24,0,30,1,7.5,30.0,24.0
IPL_2020_042,2,KKR,SP Narine,4.0,24,0,36,0,9.0,,
IPL_2020_042,2,KKR,CV Varun,4.0,24,0,19,5,4.75,3.8,4.8
IPL_2020_043,1,SRH,Sandeep Sharma,4.0,24,0,28,2,7.0,14.0,12.0
IPL_2020_043,1,SRH,KK Ahmed,4.0,24,0,31,0,7.75,,
IPL_2020_043,1,SRH,JO Holder,4.0,24,0,26,2,6.5,13.0,12.0
IPL_2020_043,1,SRH,Rashid Khan,4.0,24,0,14,2,3.5,7.0,12.0
IPL_2020_043,1,SRH,T Natarajan,4.0,24,0,22,0,5.5,,
IPL_2020_043,2,PBKS,Mohammed Shami,4.0,24,0,33,1,8.25,33.0,24.0
IPL_2020_043,2,PBKS,Arshdeep Singh,3.5,23,0,22,3,5.74,7.33,7.67
IPL_2020_043,2,PBKS,M Ashwin,4.0,24,0,27,1,6.75,27.0,24.0
IPL_2020_043,2,PBKS,Ravi Bishnoi,4.0,24,0,13,1,3.25,13.0,24.0
IPL_2020_043,2,PBKS,CJ Jordan,4.0,24,0,15,3,3.75,5.0,8.0
IPL_2020_048,1,MI,TA Boult,4.0,24,0,39,1,9.75,39.0,24.0
IPL_2020_048,1,MI,JJ Bumrah,4.0,24,0,13,3,3.25,4.33,8.0
IPL_2020_048,1,MI,KH Pandya,4.0,24,0,27,0,6.75,,
IPL_2020_048,1,MI,JL Pattinson,3.0,18,0,35,0,11.67,,
IPL_2020_048,1,MI,RD Chahar,4.0,24,0,42,1,10.5,42.0,24.0
IPL_2020_048,1,MI,KA Pollard,1.0,6,0,5,1,5.0,5.0,6.0
IPL_2020_048,2,RCB,CH Morris,4.0,24,0,35,1,8.75,35.0,24.0
IPL_2020_048,2,RCB,DW Steyn,4.0,24,0,41,0,10.25,,
IPL_2020_048,2,RCB,Washington Sundar,4.0,24,0,19,0,4.75,,
IPL_2020_048,2,RCB,Mohammed Siraj,3.1,19,0,28,2,8.84,14.0,9.5
IPL_2020_048,2,RCB,YS Chahal,4.0,24,0,37,2,9.25,18.5,12.0
IPL_2020_023,1,RR,VR Aaron,2.1,13,0,24,0,11.08,,
IPL_2020_023,1,RR,JC Archer,4.0,24,0,23,3,5.75,7.67,8.0
IPL_2020_023,1,RR,Kartik Tyagi,4.0,24,0,36,1,9.0,36.0,24.0
IPL_2020_023,1,RR,AJ Tye,4.1,25,0,51,1,12.24,51.0,25.0
IPL_2020_023,1,RR,S Gopal,2.0,12,0,23,0,11.5,,
IPL_2020_023,1,RR,R Tewatia,4.0,24,0,20,1,5.0,20.0,24.0
IPL_2020_023,2,DC,K Rabada,3.5,23,0,33,3,8.61,11.0,7.67
IPL_2020_023,2,DC,A Nortje,4.0,24,0,24,1,6.0,24.0,24.0
IPL_2020_023,2,DC,R Ashwin,4.0,24,0,21,2,5.25,10.5,12.0
IPL_2020_023,2,DC,HV Patel,4.0,24,0,28,1,7.0,28.0,24.0
IPL_2020_023,2,DC,AR Patel,2.0,12,0,8,1,4.0,8.0,12.0
IPL_2020_023,2,DC,MP Stoinis,2.0,12,0,16,2,8.0,8.0,6.0
IPL_2020_021,1,CSK,DL Chahar,4.0,24,0,45,0,11.25,,
IPL_2020_021,1,CSK,SM Curran,4.0,24,0,27,2,6.75,13.5,12.0
IPL_2020_021,1,CSK,SN Thakur,4.0,24,0,29,2,7.25,14.5,12.0
IPL_2020_021,1,CSK,KV Sharma,4.0,24,0,25,2,6.25,12.5,12.0
IPL_2020_021,1,CSK,DJ Bravo,4.0,24,0,35,3,8.75,11.67,8.0
IPL_2020_021,2,KKR,PJ Cummins,4.0,24,0,24,0,6.0,,
IPL_2020_021,2,KKR,Shivam Mavi,3.0,18,0,32,1,10.67,32.0,18.0
IPL_2020_021,2,KKR,CV Varun,4.0,24,0,28,1,7.0,28.0,24.0
IPL_2020_021,2,KKR,KL Nagarkoti,3.0,18,0,21,1,7.0,21.0,18.0
IPL_2020_021,2,KKR,SP Narine,4.0,24,0,32,1,8.0,32.0,24.0
IPL_2020_021,2,KKR,AD Russell,2.0,12,0,18,1,9.0,18.0,12.0
IPL_2020_052,1,SRH,Sandeep Sharma,4.0,24,0,19,2,4.75,9.5,12.0
IPL_2020_052,1,SRH,JO Holder,4.0,24,0,27,2,6.75,13.5,12.0
IPL_2020_052,1,SRH,T Natarajan,4.0,24,0,13,1,3.25,13.0,24.0
IPL_2020_052,1,SRH,S Nadeem,4.0,24,0,35,1,8.75,35.0,24.0
IPL_2020_052,1,SRH,Rashid Khan,4.0,24,0,18,1,4.5,18.0,24.0
IPL_2020_052,2,RCB,CH Morris,2.0,12,0,15,0,7.5,,
IPL_2020_052,2,RCB,Washington Sundar,3.0,18,0,21,1,7.0,21.0,18.0
IPL_2020_052,2,RCB,Navdeep Saini,2.0,12,0,28,1,14.0,28.0,12.0
IPL_2020_052,2,RCB,Mohammed Siraj,1.0,6,0,12,0,12.0,,
IPL_2020_052,2,RCB,YS Chahal,3.1,19,0,19,2,6.0,9.5,9.5
IPL_2020_052,2,RCB,I Udana,3.0,18,0,20,1,6.67,20.0,18.0
IPL_2020_013,1,PBKS,SS Cottrell,4.0,24,0,19,1,4.75,19.0,24.0
IPL_2020_013,1,PBKS,Mohammed Shami,4.0,24,0,34,1,8.5,34.0,24.0
IPL_2020_013,1,PBKS,Ravi Bishnoi,4.0,24,0,36,0,9.0,,
IPL_2020_013,1,PBKS,K Gowtham,4.0,24,0,45,1,11.25,45.0,24.0
IPL_2020_013,1,PBKS,JDS Neesham,4.0,24,0,52,0,13.0,,
IPL_2020_013,2,MI,TA Boult,4.0,24,0,42,1,10.5,42.0,24.0
IPL_2020_013,2,MI,JL Pattinson,4.0,24,0,27,2,6.75,13.5,12.0
IPL_2020_013,2,MI,KH Pandya,4.0,24,0,24,1,6.0,24.0,24.0
IPL_2020_013,2,MI,JJ Bumrah,4.0,24,0,19,2,4.75,9.5,12.0
IPL_2020_013,2,MI,RD Chahar,4.0,24,0,26,2,6.5,13.0,12.0
IPL_2020_012,1,RR,JC Archer,4.0,24,0,18,2,4.5,9.0,12.0
IPL_2020_012,1,RR,AS Rajpoot,4.0,24,0,37,1,9.25,37.0,24.0
IPL_2020_012,1,RR,JD Unadkat,2.0,12,0,15,1,7.5,15.0,12.0
IPL_2020_012,1,RR,TK Curran,4.0,24,0,33,1,8.25,33.0,24.0
IPL_2020_012,1,RR,S Gopal,4.0,24,0,43,0,10.75,,
IPL_2020_012,1,RR,R Parag,1.0,6,0,14,0,14.0,,
IPL_2020_012,1,RR,R Tewatia,1.0,6,0,6,1,6.0,6.0,6.0
IPL_2020_012,2,KKR,SP Narine,4.0,24,0,41,1,10.25,41.0,24.0
IPL_2020_012,2,KKR,PJ Cummins,3.0,18,0,15,1,5.0,15.0,18.0
IPL_2020_012,2,KKR,Shivam Mavi,4.0,24,0,21,2,5.25,10.5,12.0
IPL_2020_012,2,KKR,KL Nagarkoti,2.0,12,0,13,2,6.5,6.5,6.0
IPL_2020_012,2,KKR,CV Varun,4.0,24,0,25,2,6.25,12.5,12.0
IPL_2020_012,2,KKR,Kuldeep Yadav,3.0,18,0,21,1,7.0,21.0,18.0
IPL_2020_055,1,DC,DR Sams,4.0,24,0,37,0,9.25,,
IPL_2020_055,1,DC,R Ashwin,4.0,24,0,18,1,4.5,18.0,24.0
IPL_2020_055,1,DC,A Nortje,4.0,24,0,34,3,8.5,11.33,8.0
IPL_2020_055,1,DC,K Rabada,4.0,24,0,30,2,7.5,15.0,12.0
IPL_2020_055,1,DC,AR Patel,4.0,24,0,30,0,7.5,,
IPL_2020_055,2,RCB,CH Morris,2.0,12,0,20,0,10.0,,
IPL_2020_055,2,RCB,Mohammed Siraj,3.0,18,0,28,1,9.33,28.0,18.0
IPL_2020_055,2,RCB,Washington Sundar,4.0,24,0,24,1,6.0,24.0,24.0
IPL_2020_055,2,RCB,I Udana,2.0,12,0,24,0,12.0,,
IPL_2020_055,2,RCB,YS Chahal,4.0,24,0,29,0,7.25,,
IPL_2020_055,2,RCB,Shahbaz Ahmed,4.0,24,0,26,2,6.5,13.0,12.0
IPL_2020_053,1,CSK,DL Chahar,3.0,18,0,30,0,10.0,,
IPL_2020_053,1,CSK,SM Curran,2.0,12,0,15,0,7.5,,
IPL_2020_053,1,CSK,SN Thakur,4.0,24,0,27,1,6.75,27.0,24.0
IPL_2020_053,1,CSK,L Ngidi,4.0,24,0,39,3,9.75,13.0,8.0
IPL_2020_053,1,CSK,Imran Tahir,4.0,24,0,24,1,6.0,24.0,24.0
IPL_2020_053,1,CSK,RA Jadeja,3.0,18,0,17,1,5.67,17.0,18.0
IPL_2020_053,2,PBKS,JDS Neesham,3.0,18,0,25,0,8.33,,
IPL_2020_053,2,PBKS,Mohammed Shami,4.0,24,0,28,0,7.0,,
IPL_2020_053,2,PBKS,CJ Jordan,3.0,18,0,31,1,10.33,31.0,18.0
IPL_2020_053,2,PBKS,Ravi Bishnoi,4.0,24,0,41,0,10.25,,
IPL_2020_053,2,PBKS,M Ashwin,4.0,24,0,17,0,4.25,,
IPL_2020_053,2,PBKS,CH Gayle,0.5,5,0,5,0,6.0,,
IPL_2020_026,1,RR,JC Archer,4.1,25,0,24,1,5.76,24.0,25.0
IPL_2020_026,1,RR,S Gopal,4.0,24,0,31,0,7.75,,
IPL_2020_026,1,RR,Kartik Tyagi,3.0,18,0,29,1,9.67,29.0,18.0
IPL_2020_026,1,RR,JD Unadkat,4.0,24,0,30,1,7.5,30.0,24.0
IPL_2020_026,1,RR,R Tewatia,4.0,24,0,34,0,8.5,,
IPL_2020_026,1,RR,BA Stokes,1.0,6,0,7,0,7.0,,
IPL_2020_026,2,SRH,Sandeep Sharma,4.0,24,0,32,0,8.0,,
IPL_2020_026,2,SRH,KK Ahmed,3.5,23,0,37,2,9.65,18.5,11.5
IPL_2020_026,2,SRH,T Natarajan,4.0,24,0,32,0,8.0,,
IPL_2020_026,2,SRH,Abhishek Sharma,1.0,6,0,11,0,11.0,,
IPL_2020_026,2,SRH,Rashid Khan,4.0,24,0,29,2,7.25,14.5,12.0
IPL_2020_026,2,SRH,V Shankar,3.0,18,0,20,0,6.67,,
IPL_2020_005,1,KKR,S Sandeep Warrier,3.0,18,0,31,0,10.33,,
IPL_2020_005,1,KKR,Shivam Mavi,4.0,24,0,30,2,7.5,15.0,12.0
IPL_2020_005,1,KKR,PJ Cummins,3.0,18,0,45,0,15.0,,
IPL_2020_005,1,KKR,SP Narine,4.0,24,0,22,1,5.5,22.0,24.0
IPL_2020_005,1,KKR,AD Russell,2.0,12,0,17,1,8.5,17.0,12.0
IPL_2020_005,1,KKR,Kuldeep Yadav,4.1,25,0,38,0,9.12,,
IPL_2020_005,2,MI,TA Boult,4.0,24,0,30,2,7.5,15.0,12.0
IPL_2020_005,2,MI,JL Pattinson,4.0,24,0,24,2,6.0,12.0,12.0
IPL_2020_005,2,MI,JJ Bumrah,4.0,24,0,33,2,8.25,16.5,12.0
IPL_2020_005,2,MI,RD Chahar,4.0,24,0,26,2,6.5,13.0,12.0
IPL_2020_005,2,MI,KA Pollard,3.0,18,0,20,1,6.67,20.0,18.0
IPL_2020_005,2,MI,KH Pandya,1.0,6,0,10,0,10.0,,
IPL_2020_034,1,DC,TU Deshpande,4.0,24,0,37,1,9.25,37.0,24.0
IPL_2020_034,1,DC,K Rabada,4.1,25,0,31,1,7.44,31.0,25.0
IPL_2020_034,1,DC,AR Patel,4.0,24,0,23,0,5.75,,
IPL_2020_034,1,DC,A Nortje,4.0,24,0,44,2,11.0,22.0,12.0
IPL_2020_034,1,DC,R Ashwin,3.0,18,0,30,0,10.0,,
IPL_2020_034,1,DC,MP Stoinis,1.0,6,0,10,0,10.0,,
IPL_2020_034,2,CSK,DL Chahar,4.0,24,0,19,2,4.75,9.5,12.0
IPL_2020_034,2,CSK,SM Curran,4.0,24,0,34,1,8.5,34.0,24.0
IPL_2020_034,2,CSK,SN Thakur,4.0,24,0,39,1,9.75,39.0,24.0
IPL_2020_034,2,CSK,RA Jadeja,1.5,11,0,34,0,18.55,,
IPL_2020_034,2,CSK,KV Sharma,3.0,18,0,34,0,11.33,,
IPL_2020_034,2,CSK,DJ Bravo,3.0,18,0,22,1,7.33,22.0,18.0
IPL_2020_006,1,RCB,UT Yadav,3.1,19,0,35,0,11.05,,
IPL_2020_006,1,RCB,DW Steyn,4.0,24,0,56,0,14.0,,
IPL_2020_006,1,RCB,Navdeep Saini,4.0,24,0,39,0,9.75,,
IPL_2020_006,1,RCB,YS Chahal,4.0,24,0,25,1,6.25,25.0,24.0
IPL_2020_006,1,RCB,Washington Sundar,2.0,12,0,13,0,6.5,,
IPL_2020_006,1,RCB,S Dube,3.0,18,0,33,2,11.0,16.5,9.0
IPL_2020_006,2,PBKS,SS Cottrell,3.0,18,0,15,2,5.0,7.5,9.0
IPL_2020_006,2,PBKS,Mohammed Shami,3.0,18,0,15,1,5.0,15.0,18.0
IPL_2020_006,2,PBKS,Ravi Bishnoi,4.0,24,0,29,3,7.25,9.67,8.0
IPL_2020_006,2,PBKS,M Ashwin,3.0,18,0,21,3,7.0,7.0,6.0
IPL_2020_006,2,PBKS,JDS Neesham,2.0,12,0,12,0,6.0,,
IPL_2020_006,2,PBKS,GJ Maxwell,2.0,12,0,10,1,5.0,10.0,12.0
IPL_2020_020,1,RR,AS Rajpoot,3.1,19,0,40,0,12.63,,
IPL_2020_020,1,RR,S Gopal,4.0,24,0,29,2,7.25,14.5,12.0
IPL_2020_020,1,RR,JC Archer,4.1,25,0,37,1,8.88,37.0,25.0
IPL_2020_020,1,RR,Kartik Tyagi,4.0,24,0,34,1,8.5,34.0,24.0
IPL_2020_020,1,RR,TK Curran,3.0,18,0,33,0,11.0,,
IPL_2020_020,1,RR,R Tewatia,2.0,12,0,13,0,6.5,,
IPL_2020_020,2,MI,TA Boult,4.0,24,0,26,2,6.5,13.0,12.0
IPL_2020_020,2,MI,JJ Bumrah,4.0,24,0,20,4,5.0,5.0,6.0
IPL_2020_020,2,MI,JL Pattinson,3.1,19,0,20,2,6.32,10.0,9.5
IPL_2020_020,2,MI,RD Chahar,3.0,18,0,23,1,7.67,23.0,18.0
IPL_2020_020,2,MI,KH Pandya,2.0,12,0,22,0,11.0,,
IPL_2020_020,2,MI,KA Pollard,2.0,12,0,24,1,12.0,24.0,12.0
IPL_2020_035,1,SRH,Sandeep Sharma,4.0,24,0,27,0,6.75,,
IPL_2020_035,1,SRH,Basil Thampi,4.0,24,0,46,1,11.5,46.0,24.0
IPL_2020_035,1,SRH,T Natarajan,4.1,25,0,41,2,9.84,20.5,12.5
IPL_2020_035,1,SRH,V Shankar,4.0,24,0,20,1,5.0,20.0,24.0
IPL_2020_035,1,SRH,Rashid Khan,4.0,24,0,28,1,7.0,28.0,24.0
IPL_2020_035,2,KKR,PJ Cummins,4.0,24,0,32,1,8.0,32.0,24.0
IPL_2020_035,2,KKR,Shivam Mavi,3.0,18,0,33,1,11.0,33.0,18.0
IPL_2020_035,2,KKR,CV Varun,4.0,24,0,32,1,8.0,32.0,24.0
IPL_2020_035,2,KKR,AD Russell,2.1,13,0,29,0,13.38,,
IPL_2020_035,2,KKR,LH Ferguson,4.0,24,0,16,3,4.0,5.33,8.0
IPL_2020_035,2,KKR,Kuldeep Yadav,3.0,18,0,18,0,6.0,,
IPL_2020_035,3,KKR,LH Ferguson,0.3,3,0,2,2,4.0,1.0,1.5
IPL_2020_035,4,SRH,Rashid Khan,0.4,4,0,3,0,4.5,,
IPL_2020_018,1,CSK,DL Chahar,3.0,18,0,18,0,6.0,,
IPL_2020_018,1,CSK,SM Curran,3.0,18,0,31,0,10.33,,
IPL_2020_018,1,CSK,SN Thakur,4.0,24,0,38,2,9.5,19.0,12.0
IPL_2020_018,1,CSK,DJ Bravo,4.0,24,0,36,0,9.0,,
IPL_2020_018,1,CSK,RA Jadeja,4.0,24,0,30,1,7.5,30.0,24.0
IPL_2020_018,1,CSK,PP Chawla,2.0,12,0,22,1,11.0,22.0,12.0
IPL_2020_018,2,PBKS,SS Cottrell,3.0,18,0,28,0,9.33,,
IPL_2020_018,2,PBKS,Mohammed Shami,3.4,22,0,29,0,7.91,,
IPL_2020_018,2,PBKS,Harpreet Brar,4.0,24,0,40,0,10.0,,
IPL_2020_018,2,PBKS,CJ Jordan,3.0,18,0,42,0,14.0,,
IPL_2020_018,2,PBKS,Ravi Bishnoi,4.0,24,0,31,0,7.75,,
IPL_2020_015,1,RCB,I Udana,4.0,24,0,40,2,10.0,20.0,12.0
IPL_2020_015,1,RCB,Washington Sundar,4.0,24,0,20,0,5.0,,
IPL_2020_015,1,RCB,Navdeep Saini,4.1,25,0,36,1,8.64,36.0,25.0
IPL_2020_015,1,RCB,YS Chahal,4.0,24,0,25,3,6.25,8.33,8.0
IPL_2020_015,1,RCB,A Zampa,3.0,18,0,27,0,9.0,,
IPL_2020_015,1,RCB,S Dube,1.0,6,0,4,0,4.0,,
IPL_2020_015,2,RR,JC Archer,4.0,24,0,19,1,4.75,19.0,24.0
IPL_2020_015,2,RR,JD Unadkat,3.0,18,0,31,0,10.33,,
IPL_2020_015,2,RR,S Gopal,4.0,24,0,27,1,6.75,27.0,24.0
IPL_2020_015,2,RR,TK Curran,3.1,19,0,40,0,12.63,,
IPL_2020_015,2,RR,R Tewatia,4.0,24,0,28,0,7.0,,
IPL_2020_015,2,RR,R Parag,1.0,6,0,11,0,11.0,,
IPL_2020_016,1,KKR,PJ Cummins,4.0,24,0,49,0,12.25,,
IPL_2020_016,1,KKR,Shivam Mavi,3.0,18,0,40,0,13.33,,
IPL_2020_016,1,KKR,CV Varun,4.0,24,0,49,1,12.25,49.0,24.0
IPL_2020_016,1,KKR,SP Narine,2.0,12,0,26,0,13.0,,
IPL_2020_016,1,KKR,AD Russell,4.0,24,0,29,2,7.25,14.5,12.0
IPL_2020_016,1,KKR,KL Nagarkoti,3.0,18,0,33,1,11.0,33.0,18.0
IPL_2020_016,2,DC,K Rabada,4.0,24,0,51,1,12.75,51.0,24.0
IPL_2020_016,2,DC,A Nortje,4.0,24,0,38,3,9.5,12.67,8.0
IPL_2020_016,2,DC,R Ashwin,2.0,12,0,25,0,12.5,,
IPL_2020_016,2,DC,MP Stoinis,4.0,24,0,46,1,11.5,46.0,24.0
IPL_2020_016,2,DC,HV Patel,4.1,25,0,30,2,7.2,15.0,12.5
IPL_2020_016,2,DC,A Mishra,2.1,13,0,13,1,6.0,13.0,13.0
IPL_2020_014,1,CSK,DL Chahar,4.0,24,0,29,2,7.25,14.5,12.0
IPL_2020_014,1,CSK,SM Curran,3.1,19,0,35,0,11.05,,
IPL_2020_014,1,CSK,SN Thakur,4.1,25,0,30,1,7.2,30.0,25.0
IPL_2020_014,1,CSK,DJ Bravo,4.0,24,0,26,0,6.5,,
IPL_2020_014,1,CSK,PP Chawla,3.0,18,0,20,1,6.67,20.0,18.0
IPL_2020_014,1,CSK,RA Jadeja,2.0,12,0,16,0,8.0,,
IPL_2020_014,2,SRH,B Kumar,3.1,19,0,20,1,6.32,20.0,19.0
IPL_2020_014,2,SRH,KK Ahmed,3.5,23,0,32,0,8.35,,
IPL_2020_014,2,SRH,T Natarajan,4.0,24,0,44,2,11.0,22.0,12.0
IPL_2020_014,2,SRH,Abhishek Sharma,1.0,6,0,4,0,4.0,,
IPL_2020_014,2,SRH,Rashid Khan,4.0,24,0,13,0,3.25,,
IPL_2020_014,2,SRH,Abdul Samad,4.0,24,0,36,1,9.0,36.0,24.0
IPL_2020_036,1,PBKS,GJ Maxwell,4.0,24,0,24,0,6.0,,
IPL_2020_036,1,PBKS,Mohammed Shami,4.0,24,0,30,2,7.5,15.0,12.0
IPL_2020_036,1,PBKS,Arshdeep Singh,3.0,18,0,35,2,11.67,17.5,9.0
IPL_2020_036,1,PBKS,CJ Jordan,3.0,18,0,32,1,10.67,32.0,18.0
IPL_2020_036,1,PBKS,M Ashwin,3.0,18,0,32,0,10.67,,
IPL_2020_036,1,PBKS,DJ Hooda,1.0,6,0,10,0,10.0,,
IPL_2020_036,1,PBKS,Ravi Bishnoi,2.0,12,0,12,1,6.0,12.0,12.0
IPL_2020_036,2,MI,TA Boult,4.0,24,0,47,0,11.75,,
IPL_2020_036,2,MI,KH Pandya,2.0,12,0,12,0,6.0,,
IPL_2020_036,2,MI,JJ Bumrah,4.0,24,0,23,3,5.75,7.67,8.0
IPL_2020_036,2,MI,NM Coulter-Nile,4.0,24,0,33,0,8.25,,
IPL_2020_036,2,MI,KA Pollard,2.0,12,0,24,0,12.0,,
IPL_2020_036,2,MI,RD Chahar,4.0,24,0,33,2,8.25,16.5,12.0
IPL_2020_036,3,MI,JJ Bumrah,1.0,6,0,5,2,5.0,2.5,3.0
IPL_2020_036,4,PBKS,Mohammed Shami,1.0,6,0,5,0,5.0,,
IPL_2020_036,5,PBKS,CJ Jordan,1.0,6,0,9,0,9.0,,
IPL_2020_036,6,MI,TA Boult,0.4,4,0,15,0,22.5,,
IPL_2020_040,1,SRH,Sandeep Sharma,4.0,24,0,31,0,7.75,,
IPL_2020_040,1,SRH,JO Holder,4.0,24,0,31,3,7.75,10.33,8.0
IPL_2020_040,1,SRH,V Shankar,3.0,18,0,15,1,5.0,15.0,18.0
IPL_2020_040,1,SRH,T Natarajan,4.0,24,0,45,0,11.25,,
IPL_2020_040,1,SRH,Rashid Khan,4.0,24,0,20,1,5.0,20.0,24.0
IPL_2020_040,1,SRH,S Nadeem,1.0,6,0,9,0,9.0,,
IPL_2020_040,2,RR,JC Archer,4.0,24,0,20,2,5.0,10.0,12.0
IPL_2020_040,2,RR,AS Rajpoot,1.0,6,0,10,0,10.0,,
IPL_2020_040,2,RR,Kartik Tyagi,3.1,19,0,40,0,12.63,,
IPL_2020_040,2,RR,BA Stokes,2.0,12,0,23,0,11.5,,
IPL_2020_040,2,RR,S Gopal,4.0,24,0,32,0,8.0,,
IPL_2020_040,2,RR,R Tewatia,4.0,24,0,25,0,6.25,,
IPL_2020_019,1,RCB,I Udana,4.0,24,0,42,1,10.5,42.0,24.0
IPL_2020_019,1,RCB,Washington Sundar,4.0,24,0,20,0,5.0,,
IPL_2020_019,1,RCB,Navdeep Saini,3.1,19,0,48,0,15.16,,
IPL_2020_019,1,RCB,YS Chahal,3.0,18,0,29,0,9.67,,
IPL_2020_019,1,RCB,Mohammed Siraj,4.1,25,0,32,2,7.68,16.0,12.5
IPL_2020_019,1,RCB,MM Ali,2.0,12,0,19,1,9.5,19.0,12.0
IPL_2020_019,2,DC,K Rabada,4.0,24,0,22,4,5.5,5.5,6.0
IPL_2020_019,2,DC,A Nortje,4.0,24,0,23,2,5.75,11.5,12.0
IPL_2020_019,2,DC,R Ashwin,4.0,24,0,25,1,6.25,25.0,24.0
IPL_2020_019,2,DC,AR Patel,4.0,24,0,19,2,4.75,9.5,12.0
IPL_2020_019,2,DC,HV Patel,4.0,24,0,41,0,10.25,,
IPL_2020_046,1,PBKS,GJ Maxwell,2.0,12,0,21,1,10.5,21.0,12.0
IPL_2020_046,1,PBKS,Mohammed Shami,4.0,24,0,36,3,9.0,12.0,8.0
IPL_2020_046,1,PBKS,Arshdeep Singh,2.0,12,0,17,0,8.5,,
IPL_2020_046,1,PBKS,M Ashwin,4.0,24,0,27,1,6.75,27.0,24.0
IPL_2020_046,1,PBKS,CJ Jordan,4.0,24,0,25,2,6.25,12.5,12.0
IPL_2020_046,1,PBKS,Ravi Bishnoi,4.0,24,0,20,2,5.0,10.0,12.0
IPL_2020_046,2,KKR,PJ Cummins,4.0,24,0,31,0,7.75,,
IPL_2020_046,2,KKR,M Prasidh Krishna,3.0,18,0,24,0,8.0,,
IPL_2020_046,2,KKR,CV Varun,4.0,24,0,34,1,8.5,34.0,24.0
IPL_2020_046,2,KKR,SP Narine,4.0,24,0,27,0,6.75,,
IPL_2020_046,2,KKR,LH Ferguson,3.5,23,0,33,1,8.61,33.0,23.0
IPL_2020_041,1,MI,TA Boult,4.0,24,0,17,4,4.25,4.25,6.0
IPL_2020_041,1,MI,JJ Bumrah,4.0,24,0,26,2,6.5,13.0,12.0
IPL_2020_041,1,MI,KH Pandya,3.0,18,0,14,0,4.67,,
IPL_2020_041,1,MI,RD Chahar,4.0,24,0,25,2,6.25,12.5,12.0
IPL_2020_041,1,MI,NM Coulter-Nile,4.0,24,0,20,1,5.0,20.0,24.0
IPL_2020_041,1,MI,KA Pollard,1.0,6,0,4,0,4.0,,
IPL_2020_041,2,CSK,DL Chahar,4.0,24,0,34,0,8.5,,
IPL_2020_041,2,CSK,JR Hazlewood,2.0,12,0,17,0,8.5,,
IPL_2020_041,2,CSK,Imran Tahir,3.0,18,0,24,0,8.0,,
IPL_2020_041,2,CSK,SN Thakur,2.2,14,0,26,0,11.14,,
IPL_2020_041,2,CSK,RA Jadeja,1.0,6,0,15,0,15.0,,
IPL_2020_033,1,RCB,Washington Sundar,3.0,18,0,25,0,8.33,,
IPL_2020_033,1,RCB,CH Morris,4.0,24,0,22,4,5.5,5.5,6.0
IPL_2020_033,1,RCB,I Udana,3.0,18,0,41,0,13.67,,
IPL_2020_033,1,RCB,Navdeep Saini,4.0,24,0,30,0,7.5,,
IPL_2020_033,1,RCB,YS Chahal,4.2,26,0,32,2,7.38,16.0,13.0
IPL_2020_033,1,RCB,Shahbaz Ahmed,2.0,12,0,18,0,9.0,,
IPL_2020_033,2,RR,JC Archer,3.4,22,0,37,0,10.09,,
IPL_2020_033,2,RR,S Gopal,4.0,24,0,32,1,8.0,32.0,24.0
IPL_2020_033,2,RR,Kartik Tyagi,4.0,24,0,29,1,7.25,29.0,24.0
IPL_2020_033,2,RR,JD Unadkat,4.0,24,0,45,0,11.25,,
IPL_2020_033,2,RR,R Tewatia,4.1,25,0,24,1,5.76,24.0,25.0
IPL_2020_024,1,PBKS,Mohammed Shami,4.0,24,0,32,1,8.0,32.0,24.0
IPL_2020_024,1,PBKS,Arshdeep Singh,4.0,24,0,23,1,5.75,23.0,24.0
IPL_2020_024,1,PBKS,CJ Jordan,4.0,24,0,37,0,9.25,,
IPL_2020_024,1,PBKS,Mujeeb Ur Rahman,4.0,24,0,41,0,10.25,,
IPL_2020_024,1,PBKS,Ravi Bishnoi,4.0,24,0,25,1,6.25,25.0,24.0
IPL_2020_024,2,KKR,PJ Cummins,4.0,24,0,29,0,7.25,,
IPL_2020_024,2,KKR,M Prasidh Krishna,4.0,24,0,29,3,7.25,9.67,8.0
IPL_2020_024,2,KKR,KL Nagarkoti,3.0,18,0,40,0,13.33,,
IPL_2020_024,2,KKR,CV Varun,4.0,24,0,27,0,6.75,,
IPL_2020_024,2,KKR,SP Narine,4.0,24,0,30,2,7.5,15.0,12.0
IPL_2020_024,2,KKR,N Rana,1.0,6,0,7,0,7.0,,
IPL_2020_047,1,DC,A Nortje,4.0,24,0,35,1,8.75,35.0,24.0
IPL_2020_047,1,DC,K Rabada,4.0,24,0,58,0,14.5,,
IPL_2020_047,1,DC,R Ashwin,3.0,18,0,35,1,11.67,35.0,18.0
IPL_2020_047,1,DC,AR Patel,4.0,24,0,36,0,9.0,,
IPL_2020_047,1,DC,TU Deshpande,3.0,18,0,36,0,12.0,,
IPL_2020_047,1,DC,MP Stoinis,2.0,12,0,15,0,7.5,,
IPL_2020_047,2,SRH,Sandeep Sharma,4.0,24,0,25,2,6.25,12.5,12.0
IPL_2020_047,2,SRH,S Nadeem,1.0,6,0,7,1,7.0,7.0,6.0
IPL_2020_047,2,SRH,JO Holder,4.0,24,0,49,1,12.25,49.0,24.0
IPL_2020_047,2,SRH,Rashid Khan,4.0,24,0,7,3,1.75,2.33,8.0
IPL_2020_047,2,SRH,T Natarajan,4.0,24,0,26,2,6.5,13.0,12.0
IPL_2020_047,2,SRH,V Shankar,1.5,11,0,11,1,6.0,11.0,11.0
IPL_2020_047,2,SRH,DA Warner,0.1,1,0,1,0,6.0,,
IPL_2020_025,1,CSK,DL Chahar,3.0,18,0,9,1,3.0,9.0,18.0
IPL_2020_025,1,CSK,SM Curran,4.0,24,0,43,1,10.75,43.0,24.0
IPL_2020_025,1,CSK,SN Thakur,4.1,25,0,39,2,9.36,19.5,12.5
IPL_2020_025,1,CSK,DJ Bravo,3.0,18,0,27,0,9.0,,
IPL_2020_025,1,CSK,KV Sharma,4.0,24,0,33,0,8.25,,
IPL_2020_025,1,CSK,RA Jadeja,2.0,12,0,7,0,3.5,,
IPL_2020_025,2,RCB,CH Morris,4.0,24,0,19,3,4.75,6.33,8.0
IPL_2020_025,2,RCB,Navdeep Saini,4.0,24,0,15,0,3.75,,
IPL_2020_025,2,RCB,I Udana,4.0,24,0,30,1,7.5,30.0,24.0
IPL_2020_025,2,RCB,Washington Sundar,3.0,18,0,16,2,5.33,8.0,9.0
IPL_2020_025,2,RCB,YS Chahal,4.0,24,0,34,1,8.5,34.0,24.0
IPL_2020_025,2,RCB,S Dube,1.0,6,0,13,0,13.0,,
IPL_2020_032,1,MI,TA Boult,4.0,24,0,31,1,7.75,31.0,24.0
IPL_2020_032,1,MI,NM Coulter-Nile,4.0,24,0,48,1,12.0,48.0,24.0
IPL_2020_032,1,MI,JJ Bumrah,4.0,24,0,21,1,5.25,21.0,24.0
IPL_2020_032,1,MI,KH Pandya,4.0,24,0,24,0,6.0,,
IPL_2020_032,1,MI,RD Chahar,4.0,24,0,19,2,4.75,9.5,12.0
IPL_2020_032,2,KKR,CJ Green,2.5,17,0,24,0,8.47,,
IPL_2020_032,2,KKR,PJ Cummins,3.0,18,0,33,0,11.0,,
IPL_2020_032,2,KKR,M Prasidh Krishna,2.0,12,0,30,0,15.0,,
IPL_2020_032,2,KKR,AD Russell,2.0,12,0,15,0,7.5,,
IPL_2020_032,2,KKR,CV Varun,4.0,24,0,23,1,5.75,23.0,24.0
IPL_2020_032,2,KKR,Shivam Mavi,3.0,18,0,24,1,8.0,24.0,18.0
IPL_2020_009,1,RR,JD Unadkat,3.0,18,0,26,0,8.67,,
IPL_2020_009,1,RR,AS Rajpoot,4.1,25,0,38,1,9.12,38.0,25.0
IPL_2020_009,1,RR,JC Archer,4.0,24,0,45,0,11.25,,
IPL_2020_009,1,RR,S Gopal,4.0,24,0,43,0,10.75,,
IPL_2020_009,1,RR,R Tewatia,1.0,6,0,19,0,19.0,,
IPL_2020_009,1,RR,TK Curran,4.0,24,0,43,1,10.75,43.0,24.0
IPL_2020_009,2,PBKS,SS Cottrell,3.0,18,0,49,1,16.33,49.0,18.0
IPL_2020_009,2,PBKS,Mohammed Shami,4.0,24,0,52,3,13.0,17.33,8.0
IPL_2020_009,2,PBKS,Ravi Bishnoi,4.0,24,0,32,0,8.0,,
IPL_2020_009,2,PBKS,JDS Neesham,4.0,24,0,40,1,10.0,40.0,24.0
IPL_2020_009,2,PBKS,M Ashwin,1.3,9,0,16,1,10.67,16.0,9.0
IPL_2020_009,2,PBKS,GJ Maxwell,3.0,18,0,31,0,10.33,,
IPL_2020_029,1,SRH,Sandeep Sharma,4.0,24,0,19,2,4.75,9.5,12.0
IPL_2020_029,1,SRH,KK Ahmed,4.0,24,0,46,2,11.5,23.0,12.0
IPL_2020_029,1,SRH,S Nadeem,4.0,24,0,29,0,7.25,,
IPL_2020_029,1,SRH,T Natarajan,4.0,24,0,41,2,10.25,20.5,12.0
IPL_2020_029,1,SRH,Rashid Khan,4.0,24,0,30,0,7.5,,
IPL_2020_029,2,CSK,DL Chahar,4.0,24,0,26,0,6.5,,
IPL_2020_029,2,CSK,SM Curran,3.0,18,0,18,1,6.0,18.0,18.0
IPL_2020_029,2,CSK,RA Jadeja,3.0,18,0,21,1,7.0,21.0,18.0
IPL_2020_029,2,CSK,SN Thakur,2.0,12,0,9,1,4.5,9.0,12.0
IPL_2020_029,2,CSK,KV Sharma,4.0,24,0,34,2,8.5,17.0,12.0
IPL_2020_029,2,CSK,DJ Bravo,3.0,18,0,25,2,8.33,12.5,9.0
IPL_2020_029,2,CSK,PP Chawla,1.0,6,0,8,0,8.0,,
IPL_2020_027,1,MI,TA Boult,4.0,24,0,34,1,8.5,34.0,24.0
IPL_2020_027,1,MI,JL Pattinson,3.0,18,0,34,0,11.33,,
IPL_2020_027,1,MI,JJ Bumrah,4.0,24,0,26,0,6.5,,
IPL_2020_027,1,MI,KH Pandya,4.0,24,0,26,2,6.5,13.0,12.0
IPL_2020_027,1,MI,KA Pollard,1.0,6,0,10,0,10.0,,
IPL_2020_027,1,MI,RD Chahar,4.0,24,0,27,0,6.75,,
IPL_2020_027,2,DC,K Rabada,4.0,24,0,25,2,6.25,12.5,12.0
IPL_2020_027,2,DC,A Nortje,4.0,24,0,27,0,6.75,,
IPL_2020_027,2,DC,AR Patel,3.0,18,0,24,1,8.0,24.0,18.0
IPL_2020_027,2,DC,R Ashwin,4.0,24,0,35,1,8.75,35.0,24.0
IPL_2020_027,2,DC,HV Patel,2.0,12,0,20,0,10.0,,
IPL_2020_027,2,DC,MP Stoinis,2.4,16,0,31,1,11.62,31.0,16.0
IPL_2020_054,1,RR,JC Archer,4.0,24,0,20,1,5.0,20.0,24.0
IPL_2020_054,1,RR,VR Aaron,2.0,12,0,24,0,12.0,,
IPL_2020_054,1,RR,S Gopal,3.0,18,0,43,1,14.33,43.0,18.0
IPL_2020_054,1,RR,BA Stokes,3.0,18,0,41,0,13.67,,
IPL_2020_054,1,RR,R Tewatia,4.0,24,0,24,3,6.0,8.0,8.0
IPL_2020_054,1,RR,Kartik Tyagi,4.0,24,0,37,2,9.25,18.5,12.0
IPL_2020_054,2,KKR,PJ Cummins,4.0,24,0,32,4,8.0,8.0,6.0
IPL_2020_054,2,KKR,Shivam Mavi,4.0,24,0,14,2,3.5,7.0,12.0
IPL_2020_054,2,KKR,CV Varun,4.0,24,0,20,2,5.0,10.0,12.0
IPL_2020_054,2,KKR,SP Narine,4.0,24,0,37,0,9.25,,
IPL_2020_054,2,KKR,KL Nagarkoti,4.0,24,0,24,1,6.0,24.0,24.0
IPL_2020_031,1,PBKS,GJ Maxwell,4.0,24,0,28,0,7.0,,
IPL_2020_031,1,PBKS,Mohammed Shami,4.0,24,0,49,2,12.25,24.5,12.0
IPL_2020_031,1,PBKS,Arshdeep Singh,2.0,12,0,19,1,9.5,19.0,12.0
IPL_2020_031,1,PBKS,Ravi Bishnoi,3.0,18,0,27,0,9.0,,
IPL_2020_031,1,PBKS,M Ashwin,4.0,24,0,23,2,5.75,11.5,12.0
IPL_2020_031,1,PBKS,CJ Jordan,3.0,18,0,19,1,6.33,19.0,18.0
IPL_2020_031,2,RCB,CH Morris,4.0,24,0,19,0,4.75,,
IPL_2020_031,2,RCB,Navdeep Saini,4.0,24,0,22,0,5.5,,
IPL_2020_031,2,RCB,YS Chahal,3.0,18,0,31,1,10.33,31.0,18.0
IPL_2020_031,2,RCB,I Udana,2.0,12,0,14,0,7.0,,
IPL_2020_031,2,RCB,Mohammed Siraj,3.0,18,0,43,0,14.33,,
IPL_2020_031,2,RCB,Washington Sundar,4.0,24,0,39,0,9.75,,
IPL_2020_011,1,DC,I Sharma,3.0,18,0,24,0,8.0,,
IPL_2020_011,1,DC,K Rabada,4.0,24,0,23,2,5.75,11.5,12.0
IPL_2020_011,1,DC,A Nortje,4.0,24,0,41,0,10.25,,
IPL_2020_011,1,DC,MP Stoinis,3.0,18,0,23,0,7.67,,
IPL_2020_011,1,DC,A Mishra,4.0,24,0,35,2,8.75,17.5,12.0
IPL_2020_011,1,DC,AR Patel,2.0,12,0,13,0,6.5,,
IPL_2020_011,2,SRH,B Kumar,4.0,24,0,25,2,6.25,12.5,12.0
IPL_2020_011,2,SRH,KK Ahmed,4.0,24,0,42,1,10.5,42.0,24.0
IPL_2020_011,2,SRH,T Natarajan,4.0,24,0,28,1,7.0,28.0,24.0
IPL_2020_011,2,SRH,Abhishek Sharma,4.0,24,0,32,0,8.0,,
IPL_2020_011,2,SRH,Rashid Khan,4.0,24,0,15,3,3.75,5.0,8.0
IPL_2020_037,1,RR,JC Archer,4.0,24,0,20,1,5.0,20.0,24.0
IPL_2020_037,1,RR,AS Rajpoot,1.0,6,0,8,0,8.0,,
IPL_2020_037,1,RR,Kartik Tyagi,4.0,24,0,35,1,8.75,35.0,24.0
IPL_2020_037,1,RR,BA Stokes,3.0,18,0,29,0,9.67,,
IPL_2020_037,1,RR,S Gopal,4.0,24,0,14,1,3.5,14.0,24.0
IPL_2020_037,1,RR,R Tewatia,4.1,25,0,17,1,4.08,17.0,25.0
IPL_2020_037,2,CSK,DL Chahar,4.0,24,0,19,2,4.75,9.5,12.0
IPL_2020_037,2,CSK,JR Hazlewood,4.0,24,0,23,1,5.75,23.0,24.0
IPL_2020_037,2,CSK,RA Jadeja,1.3,9,0,11,0,7.33,,
IPL_2020_037,2,CSK,SN Thakur,4.0,24,0,33,0,8.25,,
IPL_2020_037,2,CSK,SM Curran,1.0,6,0,7,0,7.0,,
IPL_2020_037,2,CSK,PP Chawla,3.0,18,0,32,0,10.67,,
IPL_2020_003,1,SRH,B Kumar,4.0,24,0,24,0,6.0,,
IPL_2020_003,1,SRH,Sandeep Sharma,4.0,24,0,36,0,9.0,,
IPL_2020_003,1,SRH,T Natarajan,4.0,24,0,34,1,8.5,34.0,24.0
IPL_2020_003,1,SRH,MR Marsh,0.4,4,0,6,0,9.0,,
IPL_2020_003,1,SRH,V Shankar,1.4,10,0,11,1,6.6,11.0,10.0
IPL_2020_003,1,SRH,Rashid Khan,4.0,24,0,32,0,8.0,,
IPL_2020_003,1,SRH,Abhishek Sharma,2.0,12,0,16,1,8.0,16.0,12.0
IPL_2020_003,2,RCB,DW Steyn,3.4,22,0,32,1,8.73,32.0,22.0
IPL_2020_003,2,RCB,UT Yadav,4.0,24,0,47,0,11.75,,
IPL_2020_003,2,RCB,Navdeep Saini,4.0,24,0,20,2,5.0,10.0,12.0
IPL_2020_003,2,RCB,Washington Sundar,1.0,6,0,7,0,7.0,,
IPL_2020_003,2,RCB,YS Chahal,4.0,24,0,22,3,5.5,7.33,8.0
IPL_2020_003,2,RCB,S Dube,3.0,18,0,17,2,5.67,8.5,9.0
IPL_2020_051,1,MI,TA Boult,4.0,24,0,21,3,5.25,7.0,8.0
IPL_2020_051,1,MI,KH Pandya,3.0,18,0,15,0,5.0,,
IPL_2020_051,1,MI,J Yadav,3.0,18,0,18,0,6.0,,
IPL_2020_051,1,MI,JJ Bumrah,4.0,24,0,16,3,4.0,5.33,8.0
IPL_2020_051,1,MI,NM Coulter-Nile,2.0,12,0,14,1,7.0,14.0,12.0
IPL_2020_051,1,MI,RD Chahar,4.0,24,0,24,1,6.0,24.0,24.0
IPL_2020_051,2,DC,R Ashwin,4.0,24,0,18,0,4.5,,
IPL_2020_051,2,DC,K Rabada,3.0,18,0,27,0,9.0,,
IPL_2020_051,2,DC,A Nortje,2.2,14,0,25,1,10.71,25.0,14.0
IPL_2020_051,2,DC,MP Stoinis,1.0,6,0,4,0,4.0,,
IPL_2020_051,2,DC,P Dubey,3.0,18,0,29,0,9.67,,
IPL_2020_051,2,DC,HV Patel,1.0,6,0,7,0,7.0,,
IPL_2020_049,1,CSK,DL Chahar,3.0,18,0,31,0,10.33,,
IPL_2020_049,1,CSK,SM Curran,3.0,18,0,21,0,7.0,,
IPL_2020_049,1,CSK,L Ngidi,4.0,24,0,34,2,8.5,17.0,12.0
IPL_2020_049,1,CSK,MJ Santner,3.0,18,0,30,1,10.0,30.0,18.0
IPL_2020_049,1,CSK,RA Jadeja,3.0,18,0,20,1,6.67,20.0,18.0
IPL_2020_049,1,CSK,KV Sharma,4.0,24,0,35,1,8.75,35.0,24.0
IPL_2020_049,2,KKR,PJ Cummins,4.0,24,0,26,2,6.5,13.0,12.0
IPL_2020_049,2,KKR,KL Nagarkoti,3.0,18,0,34,0,11.33,,
IPL_2020_049,2,KKR,SP Narine,4.0,24,0,23,0,5.75,,
IPL_2020_049,2,KKR,LH Ferguson,4.1,25,0,51,0,12.24,,
IPL_2020_049,2,KKR,CV Varun,4.0,24,0,20,2,5.0,10.0,12.0
IPL_2020_049,2,KKR,N Rana,1.0,6,0,15,0,15.0,,
IPL_2020_050,1,RR,JC Archer,4.0,24,0,26,2,6.5,13.0,12.0
IPL_2020_050,1,RR,VR Aaron,4.1,25,0,41,0,9.84,,
IPL_2020_050,1,RR,Kartik Tyagi,4.1,25,0,46,0,11.04,,
IPL_2020_050,1,RR,S Gopal,1.0,6,0,10,0,10.0,,
IPL_2020_050,1,RR,BA Stokes,4.0,24,0,30,2,7.5,15.0,12.0
IPL_2020_050,1,RR,R Tewatia,3.0,18,0,22,0,7.33,,
IPL_2020_050,2,PBKS,Arshdeep Singh,3.0,18,0,34,0,11.33,,
IPL_2020_050,2,PBKS,Mohammed Shami,3.0,18,0,37,0,12.33,,
IPL_2020_050,2,PBKS,M Ashwin,4.0,24,0,43,1,10.75,43.0,24.0
IPL_2020_050,2,PBKS,CJ Jordan,3.3,21,0,43,1,12.29,43.0,21.0
IPL_2020_050,2,PBKS,Ravi Bishnoi,4.0,24,0,26,0,6.5,,
IPL_2020_017,1,SRH,Sandeep Sharma,4.0,24,0,41,2,10.25,20.5,12.0
IPL_2020_017,1,SRH,T Natarajan,4.0,24,0,30,0,7.5,,
IPL_2020_017,1,SRH,S Kaul,4.1,25,0,62,2,14.88,31.0,12.5
IPL_2020_017,1,SRH,Abdul Samad,2.0,12,0,27,0,13.5,,
IPL_2020_017,1,SRH,Rashid Khan,4.0,24,0,21,1,5.25,21.0,24.0
IPL_2020_017,1,SRH,KS Williamson,2.0,12,0,24,0,12.0,,
IPL_2020_017,2,MI,TA Boult,4.0,24,0,28,2,7.0,14.0,12.0
IPL_2020_017,2,MI,JL Pattinson,4.0,24,0,28,2,7.0,14.0,12.0
IPL_2020_017,2,MI,KH Pandya,4.0,24,0,32,1,8.0,32.0,24.0
IPL_2020_017,2,MI,JJ Bumrah,4.0,24,0,42,2,10.5,21.0,12.0
IPL_2020_017,2,MI,KA Pollard,3.0,18,0,18,0,6.0,,
IPL_2020_017,2,MI,RD Chahar,1.0,6,0,16,0,16.0,,
IPL_2020_007,1,CSK,DL Chahar,4.0,24,0,37,0,9.25,,
IPL_2020_007,1,CSK,SM Curran,4.0,24,0,27,1,6.75,27.0,24.0
IPL_2020_007,1,CSK,JR Hazlewood,4.0,24,0,31,0,7.75,,
IPL_2020_007,1,CSK,PP Chawla,4.0,24,0,33,2,8.25,16.5,12.0
IPL_2020_007,1,CSK,RA Jadeja,4.0,24,0,44,0,11.0,,
IPL_2020_007,2,DC,K Rabada,4.0,24,0,27,3,6.75,9.0,8.0
IPL_2020_007,2,DC,AR Patel,4.0,24,0,18,1,4.5,18.0,24.0
IPL_2020_007,2,DC,A Nortje,4.0,24,0,18,2,4.5,9.0,12.0
IPL_2020_007,2,DC,Avesh Khan,4.0,24,0,41,0,10.25,,
IPL_2020_007,2,DC,A Mishra,4.0,24,0,23,0,5.75,,
IPL_2020_028,1,KKR,PJ Cummins,4.0,24,0,37,0,9.25,,
IPL_2020_028,1,KKR,M Prasidh Krishna,4.0,24,0,42,1,10.5,42.0,24.0
IPL_2020_028,1,KKR,AD Russell,4.1,25,0,46,1,11.04,46.0,25.0
IPL_2020_028,1,KKR,CV Varun,4.0,24,0,26,0,6.5,,
IPL_2020_028,1,KKR,KL Nagarkoti,4.0,24,0,36,0,9.0,,
IPL_2020_028,2,RCB,CH Morris,4.0,24,0,17,2,4.25,8.5,12.0
IPL_2020_028,2,RCB,Navdeep Saini,3.0,18,0,14,1,4.67,14.0,18.0
IPL_2020_028,2,RCB,Mohammed Siraj,3.0,18,0,24,1,8.0,24.0,18.0
IPL_2020_028,2,RCB,Washington Sundar,4.0,24,0,21,2,5.25,10.5,12.0
IPL_2020_028,2,RCB,YS Chahal,4.0,24,0,14,1,3.5,14.0,24.0
IPL_2020_028,2,RCB,I Udana,2.0,12,0,19,1,9.5,19.0,12.0
IPL_2020_045,1,RR,JC Archer,4.0,24,0,30,2,7.5,15.0,12.0
IPL_2020_045,1,RR,AS Rajpoot,4.0,24,0,60,0,15.0,,
IPL_2020_045,1,RR,Kartik Tyagi,4.0,24,0,45,1,11.25,45.0,24.0
IPL_2020_045,1,RR,S Gopal,4.0,24,0,30,2,7.5,15.0,12.0
IPL_2020_045,1,RR,R Tewatia,4.0,24,0,25,0,6.25,,
IPL_2020_045,2,MI,TA Boult,4.0,24,0,40,0,10.0,,
IPL_2020_045,2,MI,JL Pattinson,3.2,20,0,38,2,11.4,19.0,10.0
IPL_2020_045,2,MI,JJ Bumrah,4.0,24,0,39,0,9.75,,
IPL_2020_045,2,MI,KH Pandya,2.0,12,0,21,0,10.5,,
IPL_2020_045,2,MI,KA Pollard,2.0,12,0,15,0,7.5,,
IPL_2020_045,2,MI,RD Chahar,3.0,18,0,36,0,12.0,,
IPL_2020_022,1,PBKS,SS Cottrell,3.0,18,0,28,0,9.33,,
IPL_2020_022,1,PBKS,Mujeeb Ur Rahman,4.0,24,0,39,0,9.75,,
IPL_2020_022,1,PBKS,Mohammed Shami,4.0,24,0,40,1,10.0,40.0,24.0
IPL_2020_022,1,PBKS,GJ Maxwell,2.0,12,0,26,0,13.0,,
IPL_2020_022,1,PBKS,Ravi Bishnoi,3.0,18,0,29,3,9.67,9.67,6.0
IPL_2020_022,1,PBKS,Arshdeep Singh,4.1,25,0,29,2,6.96,14.5,12.5
IPL_2020_022,2,SRH,Sandeep Sharma,4.0,24,0,26,0,6.5,,
IPL_2020_022,2,SRH,KK Ahmed,3.0,18,0,24,2,8.0,12.0,9.0
IPL_2020_022,2,SRH,T Natarajan,3.5,23,0,24,2,6.26,12.0,11.5
IPL_2020_022,2,SRH,Abhishek Sharma,1.0,6,0,16,1,16.0,16.0,6.0
IPL_2020_022,2,SRH,Rashid Khan,4.0,24,0,12,3,3.0,4.0,8.0
IPL_2020_022,2,SRH,Abdul Samad,1.0,6,0,28,0,28.0,,
IPL_2020_030,1,RR,JC Archer,4.0,24,0,18,3,4.5,6.0,8.0
IPL_2020_030,1,RR,JD Unadkat,3.0,18,0,32,2,10.67,16.0,9.0
IPL_2020_030,1,RR,Kartik Tyagi,4.0,24,0,29,1,7.25,29.0,24.0
IPL_2020_030,1,RR,BA Stokes,2.2,14,0,22,0,9.43,,
IPL_2020_030,1,RR,S Gopal,4.0,24,0,29,1,7.25,29.0,24.0
IPL_2020_030,1,RR,R Tewatia,3.0,18,0,23,0,7.67,,
IPL_2020_030,2,DC,K Rabada,4.0,24,0,28,1,7.0,28.0,24.0
IPL_2020_030,2,DC,TU Deshpande,4.1,25,0,33,2,7.92,16.5,12.5
IPL_2020_030,2,DC,A Nortje,4.0,24,0,34,2,8.5,17.0,12.0
IPL_2020_030,2,DC,R Ashwin,4.0,24,0,17,1,4.25,17.0,24.0
IPL_2020_030,2,DC,AR Patel,4.0,24,0,32,1,8.0,32.0,24.0
IPL_2020_044,1,CSK,DL Chahar,4.0,24,0,33,2,8.25,16.5,12.0
IPL_2020_044,1,CSK,Monu Kumar,2.1,13,0,16,0,7.38,,
IPL_2020_044,1,CSK,SM Curran,3.1,19,0,16,3,5.05,5.33,6.33
IPL_2020_044,1,CSK,MJ Santner,4.0,24,0,23,1,5.75,23.0,24.0
IPL_2020_044,1,CSK,Imran Tahir,4.0,24,0,30,0,7.5,,
IPL_2020_044,1,CSK,RA Jadeja,3.0,18,0,20,0,6.67,,
IPL_2020_044,2,RCB,Washington Sundar,4.0,24,0,27,0,6.75,,
IPL_2020_044,2,RCB,CH Morris,3.4,22,0,35,1,9.55,35.0,22.0
IPL_2020_044,2,RCB,Mohammed Siraj,2.0,12,0,29,0,14.5,,
IPL_2020_044,2,RCB,YS Chahal,4.0,24,0,22,1,5.5,22.0,24.0
IPL_2020_044,2,RCB,MM Ali,2.0,12,0,17,0,8.5,,
IPL_2020_044,2,RCB,Navdeep Saini,3.0,18,0,19,0,6.33,,
IPL_2020_008,1,KKR,SP Narine,4.0,24,0,32,0,8.0,,
IPL_2020_008,1,KKR,PJ Cummins,4.0,24,0,19,1,4.75,19.0,24.0
IPL_2020_008,1,KKR,Shivam Mavi,2.0,12,0,14,0,7.0,,
IPL_2020_008,1,KKR,Kuldeep Yadav,2.0,12,0,15,0,7.5,,
IPL_2020_008,1,KKR,CV Varun,4.0,24,0,25,1,6.25,25.0,24.0
IPL_2020_008,1,KKR,KL Nagarkoti,2.0,12,0,17,0,8.5,,
IPL_2020_008,1,KKR,AD Russell,2.0,12,0,17,1,8.5,17.0,12.0
IPL_2020_008,2,SRH,B Kumar,3.1,19,0,28,0,8.84,,
IPL_2020_008,2,SRH,KK Ahmed,3.0,18,0,29,1,9.67,29.0,18.0
IPL_2020_008,2,SRH,T Natarajan,3.0,18,0,26,1,8.67,26.0,18.0
IPL_2020_008,2,SRH,Rashid Khan,4.0,24,0,25,1,6.25,25.0,24.0
IPL_2020_008,2,SRH,Mohammad Nabi,4.0,24,0,21,0,5.25,,
IPL_2020_008,2,SRH,Abhishek Sharma,1.0,6,0,11,0,11.0,,
IPL_2020_038,1,PBKS,GJ Maxwell,4.0,24,0,31,1,7.75,31.0,24.0
IPL_2020_038,1,PBKS,Mohammed Shami,4.0,24,0,26,2,6.5,13.0,12.0
IPL_2020_038,1,PBKS,Arshdeep Singh,3.0,18,0,30,0,10.0,,
IPL_2020_038,1,PBKS,JDS Neesham,2.0,12,0,17,1,8.5,17.0,12.0
IPL_2020_038,1,PBKS,M Ashwin,4.0,24,0,32,1,8.0,32.0,24.0
IPL_2020_038,1,PBKS,Ravi Bishnoi,3.0,18,0,25,0,8.33,,
IPL_2020_038,2,DC,DR Sams,4.1,25,0,28,0,6.72,,
IPL_2020_038,2,DC,K Rabada,4.0,24,0,26,2,6.5,13.0,12.0
IPL_2020_038,2,DC,AR Patel,4.0,24,0,27,1,6.75,27.0,24.0
IPL_2020_038,2,DC,TU Deshpande,2.0,12,0,40,0,20.0,,
IPL_2020_038,2,DC,R Ashwin,4.0,24,0,27,1,6.75,27.0,24.0
IPL_2020_038,2,DC,MP Stoinis,1.0,6,0,12,0,12.0,,
IPL_2020_010,1,MI,TA Boult,4.0,24,0,35,2,8.75,17.5,12.0
IPL_2020_010,1,MI,JL Pattinson,4.0,24,0,51,0,12.75,,
IPL_2020_010,1,MI,RD Chahar,4.0,24,0,30,1,7.5,30.0,24.0
IPL_2020_010,1,MI,JJ Bumrah,4.0,24,0,47,0,11.75,,
IPL_2020_010,1,MI,KH Pandya,3.0,18,0,22,0,7.33,,
IPL_2020_010,1,MI,KA Pollard,1.0,6,0,13,0,13.0,,
IPL_2020_010,2,RCB,I Udana,4.0,24,0,42,2,10.5,21.0,12.0
IPL_2020_010,2,RCB,Washington Sundar,4.0,24,0,12,1,3.0,12.0,24.0
IPL_2020_010,2,RCB,Navdeep Saini,4.0,24,0,41,0,10.25,,
IPL_2020_010,2,RCB,YS Chahal,4.0,24,0,48,1,12.0,48.0,24.0
IPL_2020_010,2,RCB,A Zampa,4.0,24,0,53,1,13.25,53.0,24.0
IPL_2020_010,3,RCB,Navdeep Saini,1.0,6,0,7,1,7.0,7.0,6.0
IPL_2020_010,4,MI,JJ Bumrah,1.0,6,0,11,0,11.0,,
IPL_2020_000,1,DC,DR Sams,4.0,24,0,44,0,11.0,,
IPL_2020_000,1,DC,R Ashwin,4.0,24,0,29,3,7.25,9.67,8.0
IPL_2020_000,1,DC,K Rabada,4.0,24,0,43,0,10.75,,
IPL_2020_000,1,DC,AR Patel,3.0,18,0,27,0,9.0,,
IPL_2020_000,1,DC,A Nortje,4.0,24,0,51,1,12.75,51.0,24.0
IPL_2020_000,1,DC,MP Stoinis,1.0,6,0,5,1,5.0,5.0,6.0
IPL_2020_000,2,MI,TA Boult,2.0,12,0,9,2,4.5,4.5,6.0
IPL_2020_000,2,MI,JJ Bumrah,4.0,24,0,13,4,3.25,3.25,6.0
IPL_2020_000,2,MI,KH Pandya,4.0,24,0,21,1,5.25,21.0,24.0
IPL_2020_000,2,MI,NM Coulter-Nile,4.0,24,0,26,0,6.5,,
IPL_2020_000,2,MI,KA Pollard,4.0,24,0,33,1,8.25,33.0,24.0
IPL_2020_000,2,MI,RD Chahar,2.0,12,0,35,0,17.5,,
IPL_2020_000,1,SRH,Sandeep Sharma,4.0,24,0,21,0,5.25,,
IPL_2020_000,1,SRH,JO Holder,4.0,24,0,23,3,5.75,7.67,8.0
IPL_2020_000,1,SRH,T Natarajan,4.0,24,0,33,2,8.25,16.5,12.0
IPL_2020_000,1,SRH,S Nadeem,4.1,25,0,28,1,6.72,28.0,25.0
IPL_2020_000,1,SRH,Rashid Khan,4.0,24,0,22,0,5.5,,
IPL_2020_000,2,RCB,Mohammed Siraj,4.0,24,0,30,2,7.5,15.0,12.0
IPL_2020_000,2,RCB,Navdeep Saini,3.4,22,0,31,0,8.45,,
IPL_2020_000,2,RCB,Washington Sundar,2.1,13,0,20,0,9.23,,
IPL_2020_000,2,RCB,A Zampa,4.0,24,0,11,1,2.75,11.0,24.0
IPL_2020_000,2,RCB,YS Chahal,4.0,24,0,24,1,6.0,24.0,24.0
IPL_2020_000,2,RCB,MM Ali,1.0,6,0,4,0,4.0,,
IPL_2020_000,2,RCB,S Dube,1.0,6,0,7,0,7.0,,
IPL_2020_000,1,SRH,Sandeep Sharma,4.0,24,0,30,1,7.5,30.0,24.0
IPL_2020_000,1,SRH,JO Holder,4.0,24,0,50,1,12.5,50.0,24.0
IPL_2020_000,1,SRH,S Nadeem,4.2,26,0,47,0,10.85,,
IPL_2020_000,1,SRH,Rashid Khan,4.0,24,0,26,1,6.5,26.0,24.0
IPL_2020_000,1,SRH,T Natarajan,4.0,24,0,31,0,7.75,,
IPL_2020_000,2,DC,R Ashwin,3.0,18,0,32,0,10.67,,
IPL_2020_000,2,DC,K Rabada,4.0,24,0,27,4,6.75,6.75,6.0
IPL_2020_000,2,DC,A Nortje,4.0,24,0,36,0,9.0,,
IPL_2020_000,2,DC,MP Stoinis,3.0,18,0,25,3,8.33,8.33,6.0
IPL_2020_000,2,DC,AR Patel,4.0,24,0,33,1,8.25,33.0,24.0
IPL_2020_000,2,DC,P Dubey,2.0,12,0,14,0,7.0,,
IPL_2020_000,1,MI,TA Boult,4.0,24,0,30,3,7.5,10.0,8.0
IPL_2020_000,1,MI,JJ Bumrah,4.0,24,0,29,0,7.25,,
IPL_2020_000,1,MI,J Yadav,4.0,24,0,25,1,6.25,25.0,24.0
IPL_2020_000,1,MI,NM Coulter-Nile,4.0,24,0,28,2,7.0,14.0,12.0
IPL_2020_000,1,MI,KH Pandya,3.0,18,0,29,0,9.67,,
IPL_2020_000,1,MI,KA Pollard,1.0,6,0,12,0,12.0,,
IPL_2020_000,2,DC,R Ashwin,4.0,24,0,28,0,7.0,,
IPL_2020_000,2,DC,K Rabada,3.0,18,0,36,1,12.0,36.0,18.0
IPL_2020_000,2,DC,A Nortje,2.4,16,0,25,2,9.38,12.5,8.0
IPL_2020_000,2,DC,MP Stoinis,2.0,12,0,23,1,11.5,23.0,12.0
IPL_2020_000,2,DC,AR Patel,4.0,24,0,16,0,4.0,,
IPL_2020_000,2,DC,P Dubey,3.0,18,0,29,0,9.67,,
IPL_2021_001,1,RCB,Mohammed Siraj,4.0,24,0,21,0,5.25,,
IPL_2021_001,1,RCB,KA Jamieson,4.1,25,0,26,1,6.24,26.0,25.0
IPL_2021_001,1,RCB,YS Chahal,4.0,24,0,41,0,10.25,,
IPL_2021_001,1,RCB,Shahbaz Ahmed,1.0,6,0,14,0,14.0,,
IPL_2021_001,1,RCB,HV Patel,4.1,25,0,26,5,6.24,5.2,5.0
IPL_2021_001,1,RCB,DT Christian,2.0,12,0,20,0,10.0,,
IPL_2021_001,1,RCB,Washington Sundar,1.0,6,0,7,1,7.0,7.0,6.0
IPL_2021_001,2,MI,TA Boult,4.0,24,0,30,1,7.5,30.0,24.0
IPL_2021_001,2,MI,JJ Bumrah,4.0,24,0,26,2,6.5,13.0,12.0
IPL_2021_001,2,MI,M Jansen,4.1,25,0,26,2,6.24,13.0,12.5
IPL_2021_001,2,MI,KH Pandya,4.0,24,0,25,1,6.25,25.0,24.0
IPL_2021_001,2,MI,RD Chahar,4.0,24,0,43,0,10.75,,
IPL_2021_002,1,DC,CR Woakes,3.0,18,0,19,2,6.33,9.5,9.0
IPL_2021_002,1,DC,Avesh Khan,4.0,24,0,22,2,5.5,11.0,12.0
IPL_2021_002,1,DC,R Ashwin,4.0,24,0,48,1,12.0,48.0,24.0
IPL_2021_002,1,DC,TK Curran,4.0,24,0,39,1,9.75,39.0,24.0
IPL_2021_002,1,DC,A Mishra,3.0,18,0,27,0,9.0,,
IPL_2021_002,1,DC,MP Stoinis,2.1,13,0,30,0,13.85,,
IPL_2021_002,2,CSK,DL Chahar,4.0,24,0,36,0,9.0,,
IPL_2021_002,2,CSK,SM Curran,2.0,12,0,24,0,12.0,,
IPL_2021_002,2,CSK,SN Thakur,3.4,22,0,51,2,13.91,25.5,11.0
IPL_2021_002,2,CSK,RA Jadeja,2.0,12,0,16,0,8.0,,
IPL_2021_002,2,CSK,MM Ali,3.1,19,0,32,0,10.11,,
IPL_2021_002,2,CSK,DJ Bravo,4.0,24,0,27,1,6.75,27.0,24.0
IPL_2021_003,1,SRH,B Kumar,4.0,24,0,44,1,11.0,44.0,24.0
IPL_2021_003,1,SRH,Sandeep Sharma,3.0,18,0,35,0,11.67,,
IPL_2021_003,1,SRH,T Natarajan,4.0,24,0,36,1,9.0,36.0,24.0
IPL_2021_003,1,SRH,Mohammad Nabi,4.0,24,0,32,2,8.0,16.0,12.0
IPL_2021_003,1,SRH,Rashid Khan,4.0,24,0,19,2,4.75,9.5,12.0
IPL_2021_003,1,SRH,V Shankar,1.0,6,0,14,0,14.0,,
IPL_2021_003,2,KKR,Harbhajan Singh,1.0,6,0,8,0,8.0,,
IPL_2021_003,2,KKR,M Prasidh Krishna,4.0,24,0,31,2,7.75,15.5,12.0
IPL_2021_003,2,KKR,Shakib Al Hasan,4.0,24,0,34,1,8.5,34.0,24.0
IPL_2021_003,2,KKR,PJ Cummins,4.0,24,0,30,1,7.5,30.0,24.0
IPL_2021_003,2,KKR,AD Russell,3.0,18,0,31,1,10.33,31.0,18.0
IPL_2021_003,2,KKR,CV Varun,4.0,24,0,38,0,9.5,,
IPL_2021_004,1,RR,C Sakariya,4.1,25,0,30,3,7.2,10.0,8.33
IPL_2021_004,1,RR,Mustafizur Rahman,4.1,25,0,41,0,9.84,,
IPL_2021_004,1,RR,CH Morris,4.0,24,0,40,2,10.0,20.0,12.0
IPL_2021_004,1,RR,S Gopal,3.0,18,0,40,0,13.33,,
IPL_2021_004,1,RR,BA Stokes,1.0,6,0,12,0,12.0,,
IPL_2021_004,1,RR,R Tewatia,2.0,12,0,25,0,12.5,,
IPL_2021_004,1,RR,R Parag,1.0,6,0,7,1,7.0,7.0,6.0
IPL_2021_004,1,RR,S Dube,1.0,6,0,20,0,20.0,,
IPL_2021_004,2,PBKS,Mohammed Shami,4.0,24,0,31,2,7.75,15.5,12.0
IPL_2021_004,2,PBKS,JA Richardson,4.0,24,0,53,1,13.25,53.0,24.0
IPL_2021_004,2,PBKS,Arshdeep Singh,4.0,24,0,35,3,8.75,11.67,8.0
IPL_2021_004,2,PBKS,RP Meredith,4.0,24,0,49,1,12.25,49.0,24.0
IPL_2021_004,2,PBKS,M Ashwin,4.1,25,0,42,0,10.08,,
IPL_2021_005,1,KKR,Harbhajan Singh,2.0,12,0,16,0,8.0,,
IPL_2021_005,1,KKR,CV Varun,4.0,24,0,26,1,6.5,26.0,24.0
IPL_2021_005,1,KKR,Shakib Al Hasan,4.0,24,0,23,1,5.75,23.0,24.0
IPL_2021_005,1,KKR,PJ Cummins,4.0,24,0,24,2,6.0,12.0,12.0
IPL_2021_005,1,KKR,M Prasidh Krishna,4.0,24,0,46,1,11.5,46.0,24.0
IPL_2021_005,1,KKR,AD Russell,2.0,12,0,14,5,7.0,2.8,2.4
IPL_2021_005,2,MI,TA Boult,4.0,24,0,27,2,6.75,13.5,12.0
IPL_2021_005,2,MI,M Jansen,2.0,12,0,17,0,8.5,,
IPL_2021_005,2,MI,JJ Bumrah,4.1,25,0,32,0,7.68,,
IPL_2021_005,2,MI,KH Pandya,4.0,24,0,11,1,2.75,11.0,24.0
IPL_2021_005,2,MI,KA Pollard,1.0,6,0,12,0,12.0,,
IPL_2021_005,2,MI,RD Chahar,4.0,24,0,31,4,7.75,7.75,6.0
IPL_2021_005,2,MI,RG Sharma,1.0,6,0,9,0,9.0,,
IPL_2021_006,1,SRH,B Kumar,4.0,24,0,30,1,7.5,30.0,24.0
IPL_2021_006,1,SRH,JO Holder,4.0,24,0,26,3,6.5,8.67,8.0
IPL_2021_006,1,SRH,S Nadeem,4.0,24,0,36,1,9.0,36.0,24.0
IPL_2021_006,1,SRH,T Natarajan,4.0,24,0,32,1,8.0,32.0,24.0
IPL_2021_006,1,SRH,Rashid Khan,4.0,24,0,18,2,4.5,9.0,12.0
IPL_2021_006,2,RCB,Mohammed Siraj,4.0,24,0,28,2,7.0,14.0,12.0
IPL_2021_006,2,RCB,KA Jamieson,3.0,18,0,31,1,10.33,31.0,18.0
IPL_2021_006,2,RCB,Washington Sundar,2.0,12,0,13,0,6.5,,
IPL_2021_006,2,RCB,YS Chahal,4.0,24,0,28,0,7.0,,
IPL_2021_006,2,RCB,HV Patel,4.2,26,0,23,2,5.31,11.5,13.0
IPL_2021_006,2,RCB,DT Christian,1.0,6,0,7,0,7.0,,
IPL_2021_006,2,RCB,Shahbaz Ahmed,2.0,12,0,7,3,3.5,2.33,4.0
IPL_2021_007,1,RR,C Sakariya,4.0,24,0,33,0,8.25,,
IPL_2021_007,1,RR,JD Unadkat,4.0,24,0,15,3,3.75,5.0,8.0
IPL_2021_007,1,RR,CH Morris,3.0,18,0,25,1,8.33,25.0,18.0
IPL_2021_007,1,RR,Mustafizur Rahman,4.0,24,0,27,2,6.75,13.5,12.0
IPL_2021_007,1,RR,R Parag,2.0,12,0,15,0,7.5,,
IPL_2021_007,1,RR,R Tewatia,3.0,18,0,27,0,9.0,,
IPL_2021_007,2,DC,CR Woakes,4.0,24,0,23,2,5.75,11.5,12.0
IPL_2021_007,2,DC,Avesh Khan,4.0,24,0,33,3,8.25,11.0,8.0
IPL_2021_007,2,DC,K Rabada,4.0,24,0,30,2,7.5,15.0,12.0
IPL_2021_007,2,DC,R Ashwin,3.0,18,0,14,0,4.67,,
IPL_2021_007,2,DC,TK Curran,3.4,22,0,34,0,9.27,,
IPL_2021_007,2,DC,MP Stoinis,1.0,6,0,15,0,15.0,,
IPL_2021_008,1,CSK,DL Chahar,4.0,24,0,12,4,3.0,3.0,6.0
IPL_2021_008,1,CSK,SM Curran,3.0,18,0,11,1,3.67,11.0,18.0
IPL_2021_008,1,CSK,SN Thakur,4.0,24,0,34,0,8.5,,
IPL_2021_008,1,CSK,RA Jadeja,4.0,24,0,18,0,4.5,,
IPL_2021_008,1,CSK,MM Ali,3.0,18,0,17,1,5.67,17.0,18.0
IPL_2021_008,1,CSK,DJ Bravo,2.0,12,0,10,1,5.0,10.0,12.0
IPL_2021_008,2,PBKS,Mohammed Shami,4.0,24,0,21,2,5.25,10.5,12.0
IPL_2021_008,2,PBKS,JA Richardson,3.0,18,0,26,0,8.67,,
IPL_2021_008,2,PBKS,Arshdeep Singh,2.0,12,0,7,1,3.5,7.0,12.0
IPL_2021_008,2,PBKS,RP Meredith,3.4,22,0,20,0,5.45,,
IPL_2021_008,2,PBKS,M Ashwin,3.0,18,0,31,1,10.33,31.0,18.0
IPL_2021_009,1,SRH,B Kumar,4.0,24,0,45,0,11.25,,
IPL_2021_009,1,SRH,KK Ahmed,4.1,25,0,26,1,6.24,26.0,25.0
IPL_2021_009,1,SRH,Mujeeb Ur Rahman,4.0,24,0,28,2,7.0,14.0,12.0
IPL_2021_009,1,SRH,Abhishek Sharma,1.0,6,0,5,0,5.0,,
IPL_2021_009,1,SRH,V Shankar,3.0,18,0,19,2,6.33,9.5,9.0
IPL_2021_009,1,SRH,Rashid Khan,4.0,24,0,22,0,5.5,,
IPL_2021_009,2,MI,TA Boult,3.4,22,0,28,3,7.64,9.33,7.33
IPL_2021_009,2,MI,JJ Bumrah,4.0,24,0,14,1,3.5,14.0,24.0
IPL_2021_009,2,MI,AF Milne,3.0,18,0,34,0,11.33,,
IPL_2021_009,2,MI,KH Pandya,3.0,18,0,30,1,10.0,30.0,18.0
IPL_2021_009,2,MI,RD Chahar,4.0,24,0,19,3,4.75,6.33,8.0
IPL_2021_009,2,MI,KA Pollard,2.0,12,0,10,0,5.0,,
IPL_2021_010,1,KKR,Harbhajan Singh,4.1,25,0,36,0,8.64,,
IPL_2021_010,1,KKR,CV Varun,4.1,25,0,38,2,9.12,19.0,12.5
IPL_2021_010,1,KKR,Shakib Al Hasan,2.0,12,0,24,0,12.0,,
IPL_2021_010,1,KKR,PJ Cummins,4.0,24,0,32,1,8.0,32.0,24.0
IPL_2021_010,1,KKR,M Prasidh Krishna,4.1,25,0,30,1,7.2,30.0,25.0
IPL_2021_010,1,KKR,AD Russell,2.0,12,0,36,0,18.0,,
IPL_2021_010,2,RCB,Mohammed Siraj,3.0,18,0,16,0,5.33,,
IPL_2021_010,2,RCB,KA Jamieson,3.0,18,0,40,3,13.33,13.33,6.0
IPL_2021_010,2,RCB,YS Chahal,4.0,24,0,34,2,8.5,17.0,12.0
IPL_2021_010,2,RCB,Washington Sundar,4.0,24,0,31,1,7.75,31.0,24.0
IPL_2021_010,2,RCB,GJ Maxwell,2.0,12,0,24,0,12.0,,
IPL_2021_010,2,RCB,HV Patel,4.0,24,0,17,2,4.25,8.5,12.0
IPL_2021_011,1,DC,CR Woakes,4.1,25,0,42,1,10.08,42.0,25.0
IPL_2021_011,1,DC,LI Meriwala,3.1,19,0,31,1,9.79,31.0,19.0
IPL_2021_011,1,DC,R Ashwin,4.0,24,0,28,0,7.0,,
IPL_2021_011,1,DC,K Rabada,4.0,24,0,47,1,11.75,47.0,24.0
IPL_2021_011,1,DC,Lalit Yadav,1.0,6,0,11,0,11.0,,
IPL_2021_011,1,DC,Avesh Khan,4.0,24,0,34,1,8.5,34.0,24.0
IPL_2021_011,2,PBKS,Arshdeep Singh,3.0,18,0,23,1,7.67,23.0,18.0
IPL_2021_011,2,PBKS,Mohammed Shami,4.2,26,0,51,0,11.77,,
IPL_2021_011,2,PBKS,Jalaj S Saxena,3.0,18,0,27,0,9.0,,
IPL_2021_011,2,PBKS,JA Richardson,4.0,24,0,40,2,10.0,20.0,12.0
IPL_2021_011,2,PBKS,DJ Hooda,2.0,12,0,18,0,9.0,,
IPL_2021_011,2,PBKS,RP Meredith,2.3,15,0,30,1,12.0,30.0,15.0
IPL_2021_012,1,RR,JD Unadkat,4.0,24,0,40,0,10.0,,
IPL_2021_012,1,RR,C Sakariya,4.0,24,0,37,3,9.25,12.33,8.0
IPL_2021_012,1,RR,Mustafizur Rahman,4.1,25,0,34,1,8.16,34.0,25.0
IPL_2021_012,1,RR,CH Morris,4.0,24,0,32,2,8.0,16.0,12.0
IPL_2021_012,1,RR,R Tewatia,3.0,18,0,21,1,7.0,21.0,18.0
IPL_2021_012,1,RR,R Parag,1.0,6,0,15,0,15.0,,
IPL_2021_012,2,CSK,DL Chahar,3.0,18,0,31,0,10.33,,
IPL_2021_012,2,CSK,SM Curran,4.0,24,0,26,2,6.5,13.0,12.0
IPL_2021_012,2,CSK,SN Thakur,3.0,18,0,18,1,6.0,18.0,18.0
IPL_2021_012,2,CSK,RA Jadeja,4.1,25,0,27,2,6.48,13.5,12.5
IPL_2021_012,2,CSK,DJ Bravo,3.0,18,0,24,1,8.0,24.0,18.0
IPL_2021_012,2,CSK,MM Ali,3.0,18,0,8,3,2.67,2.67,6.0
IPL_2021_013,1,DC,MP Stoinis,3.0,18,0,20,1,6.67,20.0,18.0
IPL_2021_013,1,DC,R Ashwin,4.0,24,0,32,0,8.0,,
IPL_2021_013,1,DC,K Rabada,3.0,18,0,25,1,8.33,25.0,18.0
IPL_2021_013,1,DC,A Mishra,4.0,24,0,24,4,6.0,6.0,6.0
IPL_2021_013,1,DC,Avesh Khan,2.0,12,0,19,2,9.5,9.5,6.0
IPL_2021_013,1,DC,Lalit Yadav,4.0,24,0,17,1,4.25,17.0,24.0
IPL_2021_013,2,MI,TA Boult,4.0,24,0,24,0,6.0,,
IPL_2021_013,2,MI,J Yadav,4.0,24,0,26,1,6.5,26.0,24.0
IPL_2021_013,2,MI,JJ Bumrah,4.2,26,0,27,1,6.23,27.0,26.0
IPL_2021_013,2,MI,KH Pandya,2.0,12,0,17,0,8.5,,
IPL_2021_013,2,MI,RD Chahar,4.0,24,0,29,1,7.25,29.0,24.0
IPL_2021_013,2,MI,KA Pollard,1.2,8,0,8,1,6.0,8.0,8.0
IPL_2021_014,1,SRH,Abhishek Sharma,4.0,24,0,23,2,5.75,11.5,12.0
IPL_2021_014,1,SRH,B Kumar,3.0,18,0,16,1,5.33,16.0,18.0
IPL_2021_014,1,SRH,KK Ahmed,4.0,24,0,21,3,5.25,7.0,8.0
IPL_2021_014,1,SRH,S Kaul,3.5,23,0,30,1,7.83,30.0,23.0
IPL_2021_014,1,SRH,V Shankar,1.0,6,0,6,0,6.0,,
IPL_2021_014,1,SRH,Rashid Khan,4.0,24,0,22,1,5.5,22.0,24.0
IPL_2021_014,2,PBKS,Mohammed Shami,2.0,12,0,16,0,8.0,,
IPL_2021_014,2,PBKS,FA Allen,4.0,24,0,21,1,5.25,21.0,24.0
IPL_2021_014,2,PBKS,Arshdeep Singh,3.4,22,0,29,0,7.91,,
IPL_2021_014,2,PBKS,MC Henriques,1.0,6,0,7,0,7.0,,
IPL_2021_014,2,PBKS,M Ashwin,4.0,24,0,22,0,5.5,,
IPL_2021_014,2,PBKS,DJ Hooda,4.0,24,0,22,0,5.5,,
IPL_2021_015,1,KKR,CV Varun,4.0,24,0,27,1,6.75,27.0,24.0
IPL_2021_015,1,KKR,PJ Cummins,4.0,24,0,51,0,12.75,,
IPL_2021_015,1,KKR,SP Narine,4.1,25,0,33,1,7.92,33.0,25.0
IPL_2021_015,1,KKR,M Prasidh Krishna,4.2,26,0,46,0,10.62,,
IPL_2021_015,1,KKR,AD Russell,2.0,12,0,25,1,12.5,25.0,12.0
IPL_2021_015,1,KKR,KL Nagarkoti,2.0,12,0,25,0,12.5,,
IPL_2021_015,2,CSK,DL Chahar,4.0,24,0,30,4,7.5,7.5,6.0
IPL_2021_015,2,CSK,SM Curran,4.0,24,0,58,1,14.5,58.0,24.0
IPL_2021_015,2,CSK,L Ngidi,4.0,24,0,31,3,7.75,10.33,8.0
IPL_2021_015,2,CSK,RA Jadeja,4.1,25,0,32,0,7.68,,
IPL_2021_015,2,CSK,SN Thakur,3.1,19,0,43,0,13.58,,
IPL_2021_016,1,RCB,Mohammed Siraj,4.0,24,0,26,3,6.5,8.67,8.0
IPL_2021_016,1,RCB,KA Jamieson,4.0,24,0,26,1,6.5,26.0,24.0
IPL_2021_016,1,RCB,KW Richardson,3.0,18,0,28,1,9.33,28.0,18.0
IPL_2021_016,1,RCB,YS Chahal,2.0,12,0,21,0,10.5,,
IPL_2021_016,1,RCB,Washington Sundar,3.0,18,0,24,1,8.0,24.0,18.0
IPL_2021_016,1,RCB,HV Patel,4.0,24,0,44,3,11.0,14.67,8.0
IPL_2021_016,2,RR,S Gopal,3.0,18,0,35,0,11.67,,
IPL_2021_016,2,RR,C Sakariya,4.0,24,0,35,0,8.75,,
IPL_2021_016,2,RR,CH Morris,3.0,18,0,38,0,12.67,,
IPL_2021_016,2,RR,Mustafizur Rahman,3.3,21,0,30,0,8.57,,
IPL_2021_016,2,RR,R Tewatia,2.0,12,0,23,0,11.5,,
IPL_2021_016,2,RR,R Parag,1.0,6,0,14,0,14.0,,
IPL_2021_017,1,PBKS,MC Henriques,3.0,18,0,12,0,4.0,,
IPL_2021_017,1,PBKS,DJ Hooda,3.0,18,0,15,1,5.0,15.0,18.0
IPL_2021_017,1,PBKS,Mohammed Shami,4.0,24,0,21,2,5.25,10.5,12.0
IPL_2021_017,1,PBKS,Ravi Bishnoi,4.0,24,0,25,2,6.25,12.5,12.0
IPL_2021_017,1,PBKS,FA Allen,3.0,18,0,30,0,10.0,,
IPL_2021_017,1,PBKS,Arshdeep Singh,3.0,18,0,26,1,8.67,26.0,18.0
IPL_2021_017,2,MI,TA Boult,2.5,17,0,29,0,10.24,,
IPL_2021_017,2,MI,KH Pandya,3.0,18,0,28,0,9.33,,
IPL_2021_017,2,MI,JJ Bumrah,3.0,18,0,21,0,7.0,,
IPL_2021_017,2,MI,RD Chahar,4.0,24,0,19,1,4.75,19.0,24.0
IPL_2021_017,2,MI,J Yadav,4.0,24,0,20,0,5.0,,
IPL_2021_017,2,MI,KA Pollard,1.0,6,0,11,0,11.0,,
IPL_2021_018,1,RR,JD Unadkat,4.0,24,0,25,1,6.25,25.0,24.0
IPL_2021_018,1,RR,C Sakariya,4.1,25,0,27,1,6.48,27.0,25.0
IPL_2021_018,1,RR,Mustafizur Rahman,4.0,24,0,23,1,5.75,23.0,24.0
IPL_2021_018,1,RR,CH Morris,4.0,24,0,22,4,5.5,5.5,6.0
IPL_2021_018,1,RR,R Tewatia,3.0,18,0,25,0,8.33,,
IPL_2021_018,1,RR,S Dube,1.0,6,0,5,0,5.0,,
IPL_2021_018,2,KKR,Shivam Mavi,4.0,24,0,18,1,4.5,18.0,24.0
IPL_2021_018,2,KKR,PJ Cummins,3.5,23,0,35,0,9.13,,
IPL_2021_018,2,KKR,CV Varun,4.0,24,0,32,2,8.0,16.0,12.0
IPL_2021_018,2,KKR,SP Narine,4.1,25,0,23,0,5.52,,
IPL_2021_018,2,KKR,M Prasidh Krishna,3.0,18,0,19,1,6.33,19.0,18.0
IPL_2021_019,1,RCB,Mohammed Siraj,4.0,24,0,32,0,8.0,,
IPL_2021_019,1,RCB,KA Jamieson,3.0,18,0,30,0,10.0,,
IPL_2021_019,1,RCB,YS Chahal,3.0,18,0,24,1,8.0,24.0,18.0
IPL_2021_019,1,RCB,Navdeep Saini,2.1,13,0,26,0,12.0,,
IPL_2021_019,1,RCB,HV Patel,4.1,25,0,49,3,11.76,16.33,8.33
IPL_2021_019,1,RCB,DT Christian,2.0,12,0,12,0,6.0,,
IPL_2021_019,1,RCB,Washington Sundar,2.0,12,0,13,0,6.5,,
IPL_2021_019,2,CSK,DL Chahar,2.0,12,0,24,0,12.0,,
IPL_2021_019,2,CSK,SM Curran,4.0,24,0,34,1,8.5,34.0,24.0
IPL_2021_019,2,CSK,SN Thakur,4.0,24,0,13,1,3.25,13.0,24.0
IPL_2021_019,2,CSK,RA Jadeja,4.0,24,0,13,3,3.25,4.33,8.0
IPL_2021_019,2,CSK,Imran Tahir,4.0,24,0,14,2,3.5,7.0,12.0
IPL_2021_019,2,CSK,DJ Bravo,2.0,12,0,19,0,9.5,,
IPL_2021_020,1,SRH,KK Ahmed,4.0,24,0,43,0,10.75,,
IPL_2021_020,1,SRH,Abhishek Sharma,1.0,6,0,13,0,13.0,,
IPL_2021_020,1,SRH,S Kaul,4.0,24,0,31,2,7.75,15.5,12.0
IPL_2021_020,1,SRH,J Suchith,4.0,24,0,21,0,5.25,,
IPL_2021_020,1,SRH,V Shankar,3.1,19,0,17,0,5.37,,
IPL_2021_020,1,SRH,Rashid Khan,4.0,24,0,31,1,7.75,31.0,24.0
IPL_2021_020,2,DC,K Rabada,3.0,18,0,27,0,9.0,,
IPL_2021_020,2,DC,R Ashwin,4.0,24,0,26,0,6.5,,
IPL_2021_020,2,DC,MP Stoinis,1.0,6,0,12,0,12.0,,
IPL_2021_020,2,DC,AR Patel,4.0,24,0,27,2,6.75,13.5,12.0
IPL_2021_020,2,DC,Avesh Khan,4.0,24,0,31,3,7.75,10.33,8.0
IPL_2021_020,2,DC,A Mishra,4.0,24,0,31,1,7.75,31.0,24.0
IPL_2021_020,3,DC,AR Patel,1.0,6,0,7,0,7.0,,
IPL_2021_020,4,SRH,Rashid Khan,1.0,6,0,8,0,8.0,,
IPL_2021_021,1,KKR,Shivam Mavi,4.0,24,0,13,1,3.25,13.0,24.0
IPL_2021_021,1,KKR,PJ Cummins,3.0,18,0,30,2,10.0,15.0,9.0
IPL_2021_021,1,KKR,SP Narine,4.0,24,0,22,2,5.5,11.0,12.0
IPL_2021_021,1,KKR,M Prasidh Krishna,4.0,24,0,28,3,7.0,9.33,8.0
IPL_2021_021,1,KKR,AD Russell,1.0,6,0,2,0,2.0,,
IPL_2021_021,1,KKR,CV Varun,4.0,24,0,24,1,6.0,24.0,24.0
IPL_2021_021,2,PBKS,MC Henriques,1.0,6,0,5,1,5.0,5.0,6.0
IPL_2021_021,2,PBKS,Mohammed Shami,4.0,24,0,24,1,6.0,24.0,24.0
IPL_2021_021,2,PBKS,Arshdeep Singh,2.4,16,0,28,1,10.5,28.0,16.0
IPL_2021_021,2,PBKS,Ravi Bishnoi,4.0,24,0,20,0,5.0,,
IPL_2021_021,2,PBKS,CJ Jordan,3.0,18,0,28,0,9.33,,
IPL_2021_021,2,PBKS,DJ Hooda,2.0,12,0,20,1,10.0,20.0,12.0
IPL_2021_022,1,DC,I Sharma,4.0,24,0,26,1,6.5,26.0,24.0
IPL_2021_022,1,DC,K Rabada,4.0,24,0,38,1,9.5,38.0,24.0
IPL_2021_022,1,DC,Avesh Khan,4.0,24,0,23,1,5.75,23.0,24.0
IPL_2021_022,1,DC,A Mishra,3.0,18,0,27,1,9.0,27.0,18.0
IPL_2021_022,1,DC,AR Patel,4.0,24,0,33,1,8.25,33.0,24.0
IPL_2021_022,1,DC,MP Stoinis,1.0,6,0,22,0,22.0,,
IPL_2021_022,2,RCB,DR Sams,2.0,12,0,15,0,7.5,,
IPL_2021_022,2,RCB,Mohammed Siraj,4.0,24,0,48,1,12.0,48.0,24.0
IPL_2021_022,2,RCB,KA Jamieson,4.0,24,0,32,1,8.0,32.0,24.0
IPL_2021_022,2,RCB,Washington Sundar,4.0,24,0,28,0,7.0,,
IPL_2021_022,2,RCB,HV Patel,4.0,24,0,35,2,8.75,17.5,12.0
IPL_2021_022,2,RCB,YS Chahal,2.0,12,0,10,0,5.0,,
IPL_2021_023,1,CSK,DL Chahar,3.0,18,0,20,0,6.67,,
IPL_2021_023,1,CSK,SM Curran,4.0,24,0,30,1,7.5,30.0,24.0
IPL_2021_023,1,CSK,SN Thakur,4.0,24,0,43,0,10.75,,
IPL_2021_023,1,CSK,MM Ali,2.0,12,0,17,0,8.5,,
IPL_2021_023,1,CSK,L Ngidi,4.0,24,0,33,2,8.25,16.5,12.0
IPL_2021_023,1,CSK,RA Jadeja,3.0,18,0,22,0,7.33,,
IPL_2021_023,2,SRH,Sandeep Sharma,3.3,21,0,23,0,6.57,,
IPL_2021_023,2,SRH,KK Ahmed,4.0,24,0,35,0,8.75,,
IPL_2021_023,2,SRH,S Kaul,4.0,24,0,32,0,8.0,,
IPL_2021_023,2,SRH,J Suchith,3.0,18,0,45,0,15.0,,
IPL_2021_023,2,SRH,Rashid Khan,4.0,24,0,35,3,8.75,11.67,8.0
IPL_2021_024,1,MI,TA Boult,4.0,24,0,37,1,9.25,37.0,24.0
IPL_2021_024,1,MI,JJ Bumrah,4.0,24,0,16,1,4.0,16.0,24.0
IPL_2021_024,1,MI,J Yadav,3.0,18,0,34,0,11.33,,
IPL_2021_024,1,MI,NM Coulter-Nile,4.1,25,0,35,0,8.4,,
IPL_2021_024,1,MI,RD Chahar,4.0,24,0,33,2,8.25,16.5,12.0
IPL_2021_024,1,MI,KH Pandya,1.0,6,0,12,0,12.0,,
IPL_2021_024,2,RR,C Sakariya,3.0,18,0,19,0,6.33,,
IPL_2021_024,2,RR,JD Unadkat,4.0,24,0,33,0,8.25,,
IPL_2021_024,2,RR,Mustafizur Rahman,3.3,21,0,37,1,10.57,37.0,21.0
IPL_2021_024,2,RR,CH Morris,4.0,24,0,42,2,10.5,21.0,12.0
IPL_2021_024,2,RR,R Tewatia,3.0,18,0,30,0,10.0,,
IPL_2021_024,2,RR,S Dube,1.0,6,0,9,0,9.0,,
IPL_2021_025,1,DC,I Sharma,4.0,24,0,35,0,8.75,,
IPL_2021_025,1,DC,K Rabada,4.0,24,0,30,0,7.5,,
IPL_2021_025,1,DC,AR Patel,4.0,24,0,32,2,8.0,16.0,12.0
IPL_2021_025,1,DC,Avesh Khan,4.0,24,0,35,1,8.75,35.0,24.0
IPL_2021_025,1,DC,Lalit Yadav,3.0,18,0,13,2,4.33,6.5,9.0
IPL_2021_025,1,DC,MP Stoinis,1.0,6,0,8,1,8.0,8.0,6.0
IPL_2021_025,2,KKR,Shivam Mavi,1.0,6,0,24,0,24.0,,
IPL_2021_025,2,KKR,CV Varun,4.0,24,0,32,0,8.0,,
IPL_2021_025,2,KKR,M Prasidh Krishna,3.4,22,0,36,0,9.82,,
IPL_2021_025,2,KKR,SP Narine,4.0,24,0,35,0,8.75,,
IPL_2021_025,2,KKR,PJ Cummins,4.0,24,0,24,3,6.0,8.0,8.0
IPL_2021_026,1,RCB,DR Sams,4.0,24,0,22,1,5.5,22.0,24.0
IPL_2021_026,1,RCB,Mohammed Siraj,3.0,18,0,24,0,8.0,,
IPL_2021_026,1,RCB,KA Jamieson,3.0,18,0,31,2,10.33,15.5,9.0
IPL_2021_026,1,RCB,YS Chahal,4.0,24,0,34,1,8.5,34.0,24.0
IPL_2021_026,1,RCB,HV Patel,4.0,24,0,53,0,13.25,,
IPL_2021_026,1,RCB,Shahbaz Ahmed,2.0,12,0,11,1,5.5,11.0,12.0
IPL_2021_026,2,PBKS,RP Meredith,3.2,20,0,29,1,8.7,29.0,20.0
IPL_2021_026,2,PBKS,Mohammed Shami,3.4,22,0,30,1,8.18,30.0,22.0
IPL_2021_026,2,PBKS,Ravi Bishnoi,4.0,24,0,16,2,4.0,8.0,12.0
IPL_2021_026,2,PBKS,Harpreet Brar,4.0,24,0,21,3,5.25,7.0,8.0
IPL_2021_026,2,PBKS,CJ Jordan,4.0,24,0,33,1,8.25,33.0,24.0
IPL_2021_026,2,PBKS,DJ Hooda,1.0,6,0,13,0,13.0,,
IPL_2021_027,1,MI,TA Boult,4.0,24,0,42,1,10.5,42.0,24.0
IPL_2021_027,1,MI,DS Kulkarni,4.0,24,0,46,0,11.5,,
IPL_2021_027,1,MI,JJ Bumrah,4.1,25,0,54,1,12.96,54.0,25.0
IPL_2021_027,1,MI,RD Chahar,4.0,24,0,31,0,7.75,,
IPL_2021_027,1,MI,JDS Neesham,2.0,12,0,26,0,13.0,,
IPL_2021_027,1,MI,KA Pollard,2.0,12,0,11,2,5.5,5.5,6.0
IPL_2021_027,2,CSK,DL Chahar,4.0,24,0,35,0,8.75,,
IPL_2021_027,2,CSK,SM Curran,4.0,24,0,33,3,8.25,11.0,8.0
IPL_2021_027,2,CSK,L Ngidi,4.0,24,0,62,0,15.5,,
IPL_2021_027,2,CSK,SN Thakur,4.0,24,0,51,1,12.75,51.0,24.0
IPL_2021_027,2,CSK,RA Jadeja,3.0,18,0,29,1,9.67,29.0,18.0
IPL_2021_027,2,CSK,MM Ali,1.0,6,0,1,1,1.0,1.0,6.0
IPL_2021_028,1,SRH,B Kumar,4.0,24,0,36,0,9.0,,
IPL_2021_028,1,SRH,Sandeep Sharma,4.1,25,0,47,1,11.28,47.0,25.0
IPL_2021_028,1,SRH,Rashid Khan,4.0,24,0,29,1,7.25,29.0,24.0
IPL_2021_028,1,SRH,KK Ahmed,4.0,24,0,41,0,10.25,,
IPL_2021_028,1,SRH,V Shankar,3.0,18,0,37,1,12.33,37.0,18.0
IPL_2021_028,1,SRH,Mohammad Nabi,1.0,6,0,21,0,21.0,,
IPL_2021_028,2,RR,Kartik Tyagi,4.0,24,0,31,1,7.75,31.0,24.0
IPL_2021_028,2,RR,Mustafizur Rahman,4.0,24,0,19,3,4.75,6.33,8.0
IPL_2021_028,2,RR,C Sakariya,4.0,24,0,37,0,9.25,,
IPL_2021_028,2,RR,CH Morris,4.0,24,0,26,3,6.5,8.67,8.0
IPL_2021_028,2,RR,R Tewatia,4.0,24,0,45,1,11.25,45.0,24.0
IPL_2021_029,1,DC,I Sharma,4.0,24,0,37,0,9.25,,
IPL_2021_029,1,DC,MP Stoinis,1.0,6,0,6,0,6.0,,
IPL_2021_029,1,DC,K Rabada,4.0,24,0,36,3,9.0,12.0,8.0
IPL_2021_029,1,DC,Avesh Khan,4.0,24,0,37,1,9.25,37.0,24.0
IPL_2021_029,1,DC,Lalit Yadav,3.0,18,0,25,0,8.33,,
IPL_2021_029,1,DC,AR Patel,4.0,24,0,22,1,5.5,22.0,24.0
IPL_2021_029,2,PBKS,RP Meredith,3.4,22,0,33,1,9.0,33.0,22.0
IPL_2021_029,2,PBKS,Mohammed Shami,3.0,18,0,38,0,12.67,,
IPL_2021_029,2,PBKS,Ravi Bishnoi,4.0,24,0,42,0,10.5,,
IPL_2021_029,2,PBKS,CJ Jordan,2.0,12,0,21,1,10.5,21.0,12.0
IPL_2021_029,2,PBKS,Harpreet Brar,3.0,18,0,19,1,6.33,19.0,18.0
IPL_2021_029,2,PBKS,DJ Hooda,2.0,12,0,11,0,5.5,,
IPL_2021_031,1,KKR,CV Varun,4.0,24,0,13,3,3.25,4.33,8.0
IPL_2021_031,1,KKR,M Prasidh Krishna,4.2,26,0,21,1,4.85,21.0,26.0
IPL_2021_031,1,KKR,LH Ferguson,4.1,25,0,23,2,5.52,11.5,12.5
IPL_2021_031,1,KKR,SP Narine,4.0,24,0,21,0,5.25,,
IPL_2021_031,1,KKR,AD Russell,3.0,18,0,10,3,3.33,3.33,6.0
IPL_2021_031,2,RCB,Mohammed Siraj,2.0,12,0,11,0,5.5,,
IPL_2021_031,2,RCB,KA Jamieson,2.1,13,0,23,0,10.62,,
IPL_2021_031,2,RCB,PWH de Silva,2.0,12,0,20,0,10.0,,
IPL_2021_031,2,RCB,YS Chahal,2.0,12,0,23,1,11.5,23.0,12.0
IPL_2021_031,2,RCB,HV Patel,2.0,12,0,12,0,6.0,,
IPL_2021_055,1,SRH,Mohammad Nabi,3.0,18,0,33,0,11.0,,
IPL_2021_055,1,SRH,S Kaul,4.0,24,0,56,0,14.0,,
IPL_2021_055,1,SRH,JO Holder,4.0,24,0,45,4,11.25,11.25,6.0
IPL_2021_055,1,SRH,Umran Malik,4.0,24,0,47,1,11.75,47.0,24.0
IPL_2021_055,1,SRH,Rashid Khan,4.0,24,0,41,2,10.25,20.5,12.0
IPL_2021_055,1,SRH,Abhishek Sharma,1.0,6,0,4,2,4.0,2.0,3.0
IPL_2021_055,2,MI,TA Boult,4.0,24,0,30,1,7.5,30.0,24.0
IPL_2021_055,2,MI,JJ Bumrah,4.0,24,0,32,2,8.0,16.0,12.0
IPL_2021_055,2,MI,PP Chawla,4.0,24,0,38,1,9.5,38.0,24.0
IPL_2021_055,2,MI,NM Coulter-Nile,4.0,24,0,40,2,10.0,20.0,12.0
IPL_2021_055,2,MI,JDS Neesham,3.0,18,0,30,2,10.0,15.0,9.0
IPL_2021_055,2,MI,KH Pandya,1.1,7,0,15,0,12.86,,
IPL_2021_047,1,RR,Akash Singh,4.0,24,0,39,0,9.75,,
IPL_2021_047,1,RR,C Sakariya,4.0,24,0,29,1,7.25,29.0,24.0
IPL_2021_047,1,RR,Mustafizur Rahman,4.0,24,0,50,0,12.5,,
IPL_2021_047,1,RR,R Tewatia,4.0,24,0,37,3,9.25,12.33,8.0
IPL_2021_047,1,RR,M Markande,3.0,18,0,26,0,8.67,,
IPL_2021_047,1,RR,GD Phillips,1.0,6,0,3,0,3.0,,
IPL_2021_047,2,CSK,SM Curran,4.1,25,0,52,0,12.48,,
IPL_2021_047,2,CSK,JR Hazlewood,4.0,24,0,55,0,13.75,,
IPL_2021_047,2,CSK,SN Thakur,4.0,24,0,28,2,7.0,14.0,12.0
IPL_2021_047,2,CSK,KM Asif,2.2,14,0,17,1,7.29,17.0,14.0
IPL_2021_047,2,CSK,MM Ali,2.2,14,0,23,0,9.86,,
IPL_2021_047,2,CSK,RA Jadeja,1.0,6,0,9,0,9.0,,
IPL_2021_048,1,PBKS,AK Markram,1.0,6,0,5,0,5.0,,
IPL_2021_048,1,PBKS,Mohammed Shami,4.0,24,0,39,3,9.75,13.0,8.0
IPL_2021_048,1,PBKS,Arshdeep Singh,3.0,18,0,38,0,12.67,,
IPL_2021_048,1,PBKS,Ravi Bishnoi,4.0,24,0,36,0,9.0,,
IPL_2021_048,1,PBKS,Harpreet Brar,4.0,24,0,27,0,6.75,,
IPL_2021_048,1,PBKS,MC Henriques,4.0,24,0,14,3,3.5,4.67,8.0
IPL_2021_048,2,RCB,Mohammed Siraj,4.0,24,0,33,0,8.25,,
IPL_2021_048,2,RCB,GHS Garton,4.1,25,0,24,1,5.76,24.0,25.0
IPL_2021_048,2,RCB,Shahbaz Ahmed,3.0,18,0,29,1,9.67,29.0,18.0
IPL_2021_048,2,RCB,HV Patel,4.0,24,0,27,0,6.75,,
IPL_2021_048,2,RCB,YS Chahal,4.0,24,0,28,3,7.0,9.33,8.0
IPL_2021_048,2,RCB,DT Christian,1.0,6,0,11,0,11.0,,
IPL_2021_044,1,CSK,DL Chahar,4.0,24,0,32,0,8.0,,
IPL_2021_044,1,CSK,JR Hazlewood,4.0,24,0,29,3,7.25,9.67,8.0
IPL_2021_044,1,CSK,SN Thakur,4.1,25,0,35,1,8.4,35.0,25.0
IPL_2021_044,1,CSK,DJ Bravo,4.0,24,0,14,2,3.5,7.0,12.0
IPL_2021_044,1,CSK,RA Jadeja,3.0,18,0,14,1,4.67,14.0,18.0
IPL_2021_044,1,CSK,MM Ali,1.0,6,0,5,0,5.0,,
IPL_2021_044,2,SRH,Sandeep Sharma,3.0,18,0,18,0,6.0,,
IPL_2021_044,2,SRH,B Kumar,4.0,24,0,32,0,8.0,,
IPL_2021_044,2,SRH,JO Holder,4.0,24,0,27,3,6.75,9.0,8.0
IPL_2021_044,2,SRH,Rashid Khan,4.0,24,0,26,1,6.5,26.0,24.0
IPL_2021_044,2,SRH,S Kaul,2.4,16,0,24,0,9.0,,
IPL_2021_044,2,SRH,Abhishek Sharma,2.0,12,0,9,0,4.5,,
IPL_2021_041,1,KKR,S Sandeep Warrier,2.0,12,0,15,0,7.5,,
IPL_2021_041,1,KKR,TG Southee,4.0,24,0,28,1,7.0,28.0,24.0
IPL_2021_041,1,KKR,LH Ferguson,2.0,12,0,10,2,5.0,5.0,6.0
IPL_2021_041,1,KKR,CV Varun,4.0,24,0,24,0,6.0,,
IPL_2021_041,1,KKR,SP Narine,4.0,24,0,18,2,4.5,9.0,12.0
IPL_2021_041,1,KKR,VR Iyer,4.0,24,0,28,2,7.0,14.0,12.0
IPL_2021_041,2,DC,A Nortje,2.2,14,0,15,1,6.43,15.0,14.0
IPL_2021_041,2,DC,AR Patel,3.0,18,0,13,0,4.33,,
IPL_2021_041,2,DC,R Ashwin,4.0,24,0,23,1,5.75,23.0,24.0
IPL_2021_041,2,DC,Lalit Yadav,3.0,18,0,35,1,11.67,35.0,18.0
IPL_2021_041,2,DC,Avesh Khan,3.0,18,0,14,3,4.67,4.67,6.0
IPL_2021_041,2,DC,K Rabada,3.1,19,0,27,1,8.53,27.0,19.0
IPL_2021_051,1,MI,TA Boult,4.0,24,0,22,0,5.5,,
IPL_2021_051,1,MI,J Yadav,2.0,12,0,17,0,8.5,,
IPL_2021_051,1,MI,JJ Bumrah,4.1,25,0,13,2,3.12,6.5,12.5
IPL_2021_051,1,MI,NM Coulter-Nile,4.0,24,0,14,4,3.5,3.5,6.0
IPL_2021_051,1,MI,JDS Neesham,4.0,24,0,12,3,3.0,4.0,8.0
IPL_2021_051,1,MI,KA Pollard,2.0,12,0,9,0,4.5,,
IPL_2021_051,2,RR,Mustafizur Rahman,2.2,14,0,31,1,13.29,31.0,14.0
IPL_2021_051,2,RR,C Sakariya,3.2,20,0,34,1,10.2,34.0,20.0
IPL_2021_051,2,RR,S Gopal,1.0,6,0,9,0,9.0,,
IPL_2021_051,2,RR,K Yadav,2.0,12,0,17,0,8.5,,
IPL_2021_053,1,PBKS,Mohammed Shami,4.0,24,0,21,1,5.25,21.0,24.0
IPL_2021_053,1,PBKS,Harpreet Brar,4.0,24,0,19,0,4.75,,
IPL_2021_053,1,PBKS,Arshdeep Singh,4.0,24,0,35,2,8.75,17.5,12.0
IPL_2021_053,1,PBKS,CJ Jordan,3.0,18,0,19,2,6.33,9.5,9.0
IPL_2021_053,1,PBKS,Ravi Bishnoi,4.0,24,0,24,1,6.0,24.0,24.0
IPL_2021_053,1,PBKS,MC Henriques,1.0,6,0,8,0,8.0,,
IPL_2021_053,2,CSK,DL Chahar,4.0,24,0,45,1,11.25,45.0,24.0
IPL_2021_053,2,CSK,JR Hazlewood,3.0,18,0,22,0,7.33,,
IPL_2021_053,2,CSK,SN Thakur,3.0,18,0,28,3,9.33,9.33,6.0
IPL_2021_053,2,CSK,RA Jadeja,1.0,6,0,9,0,9.0,,
IPL_2021_053,2,CSK,DJ Bravo,2.0,12,0,30,0,15.0,,
IPL_2021_052,1,RCB,Mohammed Siraj,3.0,18,0,16,0,5.33,,
IPL_2021_052,1,RCB,GHS Garton,2.0,12,0,27,1,13.5,27.0,12.0
IPL_2021_052,1,RCB,Shahbaz Ahmed,4.0,24,0,21,0,5.25,,
IPL_2021_052,1,RCB,HV Patel,4.1,25,0,32,3,7.68,10.67,8.33
IPL_2021_052,1,RCB,YS Chahal,4.0,24,0,27,1,6.75,27.0,24.0
IPL_2021_052,1,RCB,DT Christian,3.0,18,0,14,2,4.67,7.0,9.0
IPL_2021_052,2,SRH,B Kumar,4.0,24,0,25,1,6.25,25.0,24.0
IPL_2021_052,2,SRH,JO Holder,4.0,24,0,26,1,6.5,26.0,24.0
IPL_2021_052,2,SRH,S Kaul,4.0,24,0,24,1,6.0,24.0,24.0
IPL_2021_052,2,SRH,Umran Malik,4.0,24,0,21,1,5.25,21.0,24.0
IPL_2021_052,2,SRH,Rashid Khan,4.0,24,0,39,1,9.75,39.0,24.0
IPL_2021_034,1,KKR,N Rana,1.0,6,0,5,0,5.0,,
IPL_2021_034,1,KKR,CV Varun,4.0,24,0,21,0,5.25,,
IPL_2021_034,1,KKR,SP Narine,4.0,24,0,21,1,5.25,21.0,24.0
IPL_2021_034,1,KKR,LH Ferguson,4.0,24,0,27,2,6.75,13.5,12.0
IPL_2021_034,1,KKR,M Prasidh Krishna,4.2,26,0,37,2,8.54,18.5,13.0
IPL_2021_034,1,KKR,AD Russell,3.0,18,0,36,0,12.0,,
IPL_2021_034,2,MI,TA Boult,2.0,12,0,23,0,11.5,,
IPL_2021_034,2,MI,AF Milne,3.0,18,0,28,0,9.33,,
IPL_2021_034,2,MI,JJ Bumrah,4.0,24,0,38,3,9.5,12.67,8.0
IPL_2021_034,2,MI,KH Pandya,3.0,18,0,26,0,8.67,,
IPL_2021_034,2,MI,RD Chahar,3.0,18,0,34,0,11.33,,
IPL_2021_034,2,MI,RG Sharma,0.1,1,0,4,0,24.0,,
IPL_2021_036,1,RR,Mustafizur Rahman,4.0,24,0,24,2,6.0,12.0,12.0
IPL_2021_036,1,RR,MK Lomror,1.0,6,0,5,0,5.0,,
IPL_2021_036,1,RR,C Sakariya,4.0,24,0,32,2,8.0,16.0,12.0
IPL_2021_036,1,RR,Kartik Tyagi,4.0,24,0,36,1,9.0,36.0,24.0
IPL_2021_036,1,RR,T Shamsi,4.0,24,0,34,0,8.5,,
IPL_2021_036,1,RR,R Tewatia,3.0,18,0,17,1,5.67,17.0,18.0
IPL_2021_036,2,DC,Avesh Khan,4.0,24,0,28,1,7.0,28.0,24.0
IPL_2021_036,2,DC,A Nortje,4.0,24,0,18,2,4.5,9.0,12.0
IPL_2021_036,2,DC,R Ashwin,4.0,24,0,20,1,5.0,20.0,24.0
IPL_2021_036,2,DC,K Rabada,4.0,24,0,24,1,6.0,24.0,24.0
IPL_2021_036,2,DC,AR Patel,4.0,24,0,26,1,6.5,26.0,24.0
IPL_2021_038,1,CSK,DL Chahar,4.0,24,0,31,0,7.75,,
IPL_2021_038,1,CSK,SM Curran,4.1,25,0,53,0,12.72,,
IPL_2021_038,1,CSK,JR Hazlewood,4.0,24,0,40,2,10.0,20.0,12.0
IPL_2021_038,1,CSK,SN Thakur,4.0,24,0,20,2,5.0,10.0,12.0
IPL_2021_038,1,CSK,RA Jadeja,4.0,24,0,21,1,5.25,21.0,24.0
IPL_2021_038,2,KKR,M Prasidh Krishna,4.0,24,0,41,1,10.25,41.0,24.0
IPL_2021_038,2,KKR,LH Ferguson,4.1,25,0,32,1,7.68,32.0,25.0
IPL_2021_038,2,KKR,CV Varun,4.0,24,0,23,1,5.75,23.0,24.0
IPL_2021_038,2,KKR,SP Narine,4.0,24,0,41,3,10.25,13.67,8.0
IPL_2021_038,2,KKR,AD Russell,3.0,18,0,27,1,9.0,27.0,18.0
IPL_2021_038,2,KKR,VR Iyer,1.0,6,0,5,0,5.0,,
IPL_2021_042,1,MI,KH Pandya,4.1,25,0,23,1,5.52,23.0,25.0
IPL_2021_042,1,MI,TA Boult,3.0,18,0,29,0,9.67,,
IPL_2021_042,1,MI,JJ Bumrah,4.0,24,0,26,2,6.5,13.0,12.0
IPL_2021_042,1,MI,NM Coulter-Nile,4.0,24,0,20,0,5.0,,
IPL_2021_042,1,MI,KA Pollard,1.0,6,0,7,2,7.0,3.5,3.0
IPL_2021_042,1,MI,RD Chahar,4.0,24,0,27,1,6.75,27.0,24.0
IPL_2021_042,2,PBKS,AK Markram,3.0,18,0,17,0,5.67,,
IPL_2021_042,2,PBKS,Mohammed Shami,4.0,24,0,42,1,10.5,42.0,24.0
IPL_2021_042,2,PBKS,Arshdeep Singh,4.0,24,0,28,0,7.0,,
IPL_2021_042,2,PBKS,Ravi Bishnoi,4.0,24,0,25,2,6.25,12.5,12.0
IPL_2021_042,2,PBKS,NT Ellis,3.0,18,0,12,1,4.0,12.0,18.0
IPL_2021_042,2,PBKS,Harpreet Brar,1.0,6,0,11,0,11.0,,
IPL_2021_040,1,SRH,Sandeep Sharma,3.0,18,0,30,1,10.0,30.0,18.0
IPL_2021_040,1,SRH,B Kumar,4.0,24,0,27,1,6.75,27.0,24.0
IPL_2021_040,1,SRH,JO Holder,4.0,24,0,26,0,6.5,,
IPL_2021_040,1,SRH,S Kaul,4.0,24,0,38,2,9.5,19.0,12.0
IPL_2021_040,1,SRH,Rashid Khan,4.0,24,0,31,1,7.75,31.0,24.0
IPL_2021_040,1,SRH,Abhishek Sharma,1.0,6,0,9,0,9.0,,
IPL_2021_040,2,RR,JD Unadkat,2.0,12,0,19,0,9.5,,
IPL_2021_040,2,RR,CH Morris,3.0,18,0,31,0,10.33,,
IPL_2021_040,2,RR,Mustafizur Rahman,3.3,21,0,29,1,8.29,29.0,21.0
IPL_2021_040,2,RR,MK Lomror,3.0,18,0,22,1,7.33,22.0,18.0
IPL_2021_040,2,RR,R Tewatia,3.0,18,0,30,0,10.0,,
IPL_2021_040,2,RR,C Sakariya,4.0,24,0,27,1,6.75,27.0,24.0
IPL_2021_056,1,RCB,GJ Maxwell,3.0,18,0,27,0,9.0,,
IPL_2021_056,1,RCB,Mohammed Siraj,4.0,24,0,27,2,6.75,13.5,12.0
IPL_2021_056,1,RCB,GHS Garton,3.1,19,0,20,0,6.32,,
IPL_2021_056,1,RCB,YS Chahal,4.0,24,0,34,1,8.5,34.0,24.0
IPL_2021_056,1,RCB,HV Patel,4.0,24,0,31,1,7.75,31.0,24.0
IPL_2021_056,1,RCB,DT Christian,2.0,12,0,19,1,9.5,19.0,12.0
IPL_2021_056,2,DC,A Nortje,4.0,24,0,24,2,6.0,12.0,12.0
IPL_2021_056,2,DC,Avesh Khan,4.0,24,0,30,0,7.5,,
IPL_2021_056,2,DC,AR Patel,4.0,24,0,39,1,9.75,39.0,24.0
IPL_2021_056,2,DC,K Rabada,4.0,24,0,37,0,9.25,,
IPL_2021_056,2,DC,R Ashwin,1.0,6,0,11,0,11.0,,
IPL_2021_056,2,DC,RV Patel,3.0,18,0,20,0,6.67,,
IPL_2021_045,1,PBKS,FA Allen,4.0,24,0,38,0,9.5,,
IPL_2021_045,1,PBKS,Mohammed Shami,4.0,24,0,24,1,6.0,24.0,24.0
IPL_2021_045,1,PBKS,Arshdeep Singh,4.0,24,0,32,3,8.0,10.67,8.0
IPL_2021_045,1,PBKS,NT Ellis,4.0,24,0,45,0,11.25,,
IPL_2021_045,1,PBKS,Ravi Bishnoi,4.0,24,0,22,2,5.5,11.0,12.0
IPL_2021_045,2,KKR,TG Southee,4.0,24,0,39,0,9.75,,
IPL_2021_045,2,KKR,Shivam Mavi,4.0,24,0,32,1,8.0,32.0,24.0
IPL_2021_045,2,KKR,CV Varun,4.0,24,0,25,2,6.25,12.5,12.0
IPL_2021_045,2,KKR,SP Narine,4.0,24,0,32,1,8.0,32.0,24.0
IPL_2021_045,2,KKR,VR Iyer,2.4,16,0,29,1,10.88,29.0,16.0
IPL_2021_045,2,KKR,N Rana,1.0,6,0,7,0,7.0,,
IPL_2021_043,1,RCB,GHS Garton,3.0,18,0,29,1,9.67,29.0,18.0
IPL_2021_043,1,RCB,Mohammed Siraj,3.0,18,0,17,0,5.67,,
IPL_2021_043,1,RCB,GJ Maxwell,2.0,12,0,17,0,8.5,,
IPL_2021_043,1,RCB,HV Patel,4.0,24,0,33,3,8.25,11.0,8.0
IPL_2021_043,1,RCB,DT Christian,2.0,12,0,21,1,10.5,21.0,12.0
IPL_2021_043,1,RCB,YS Chahal,4.0,24,0,19,2,4.75,9.5,12.0
IPL_2021_043,1,RCB,Shahbaz Ahmed,2.0,12,0,10,2,5.0,5.0,6.0
IPL_2021_043,2,RR,CH Morris,4.0,24,0,50,0,12.5,,
IPL_2021_043,2,RR,Kartik Tyagi,2.0,12,0,19,0,9.5,,
IPL_2021_043,2,RR,C Sakariya,3.0,18,0,17,0,5.67,,
IPL_2021_043,2,RR,Mustafizur Rahman,3.0,18,0,22,2,7.33,11.0,9.0
IPL_2021_043,2,RR,R Tewatia,3.0,18,0,23,0,7.67,,
IPL_2021_043,2,RR,MK Lomror,2.0,12,0,12,0,6.0,,
IPL_2021_043,2,RR,R Parag,0.1,1,0,4,0,24.0,,
IPL_2021_030,1,MI,TA Boult,4.0,24,0,36,2,9.0,18.0,12.0
IPL_2021_030,1,MI,AF Milne,4.0,24,0,22,2,5.5,11.0,12.0
IPL_2021_030,1,MI,JJ Bumrah,4.0,24,0,32,2,8.0,16.0,12.0
IPL_2021_030,1,MI,KA Pollard,2.0,12,0,14,0,7.0,,
IPL_2021_030,1,MI,RD Chahar,4.0,24,0,22,0,5.5,,
IPL_2021_030,1,MI,KH Pandya,2.0,12,0,22,0,11.0,,
IPL_2021_030,2,CSK,DL Chahar,4.0,24,0,19,2,4.75,9.5,12.0
IPL_2021_030,2,CSK,JR Hazlewood,4.0,24,0,34,1,8.5,34.0,24.0
IPL_2021_030,2,CSK,SN Thakur,4.0,24,0,27,1,6.75,27.0,24.0
IPL_2021_030,2,CSK,MM Ali,3.0,18,0,16,0,5.33,,
IPL_2021_030,2,CSK,DJ Bravo,4.0,24,0,23,3,5.75,7.67,8.0
IPL_2021_030,2,CSK,RA Jadeja,1.0,6,0,13,0,13.0,,
IPL_2021_033,1,DC,A Nortje,4.0,24,0,17,2,4.25,8.5,12.0
IPL_2021_033,1,DC,Avesh Khan,4.1,25,0,25,0,6.0,,
IPL_2021_033,1,DC,AR Patel,4.0,24,0,21,2,5.25,10.5,12.0
IPL_2021_033,1,DC,K Rabada,4.1,25,0,36,3,8.64,12.0,8.33
IPL_2021_033,1,DC,MP Stoinis,1.1,7,0,9,0,7.71,,
IPL_2021_033,1,DC,R Ashwin,3.0,18,0,20,0,6.67,,
IPL_2021_033,2,SRH,KK Ahmed,4.0,24,0,31,1,7.75,31.0,24.0
IPL_2021_033,2,SRH,B Kumar,3.0,18,0,21,0,7.0,,
IPL_2021_033,2,SRH,JO Holder,3.5,23,0,32,0,8.35,,
IPL_2021_033,2,SRH,Rashid Khan,4.0,24,0,25,1,6.25,25.0,24.0
IPL_2021_033,2,SRH,Sandeep Sharma,3.0,18,0,26,0,8.67,,
IPL_2021_054,1,RR,JD Unadkat,4.0,24,0,34,0,8.5,,
IPL_2021_054,1,RR,CH Morris,4.0,24,0,29,1,7.25,29.0,24.0
IPL_2021_054,1,RR,C Sakariya,4.0,24,0,24,1,6.0,24.0,24.0
IPL_2021_054,1,RR,Mustafizur Rahman,4.0,24,0,31,0,7.75,,
IPL_2021_054,1,RR,S Dube,2.0,12,0,18,0,9.0,,
IPL_2021_054,1,RR,R Tewatia,1.0,6,0,10,1,10.0,10.0,6.0
IPL_2021_054,1,RR,GD Phillips,1.0,6,0,16,1,16.0,16.0,6.0
IPL_2021_054,2,KKR,Shakib Al Hasan,1.0,6,0,1,1,1.0,1.0,6.0
IPL_2021_054,2,KKR,Shivam Mavi,3.1,19,0,21,4,6.63,5.25,4.75
IPL_2021_054,2,KKR,SP Narine,4.0,24,0,31,0,7.75,,
IPL_2021_054,2,KKR,LH Ferguson,4.0,24,0,18,3,4.5,6.0,8.0
IPL_2021_054,2,KKR,CV Varun,4.0,24,0,14,1,3.5,14.0,24.0
IPL_2021_037,1,SRH,Sandeep Sharma,4.0,24,0,21,1,5.25,21.0,24.0
IPL_2021_037,1,SRH,B Kumar,4.0,24,0,34,1,8.5,34.0,24.0
IPL_2021_037,1,SRH,JO Holder,4.0,24,0,18,3,4.5,6.0,8.0
IPL_2021_037,1,SRH,KK Ahmed,3.0,18,0,22,0,7.33,,
IPL_2021_037,1,SRH,Rashid Khan,4.0,24,0,18,1,4.5,18.0,24.0
IPL_2021_037,1,SRH,Abdul Samad,1.0,6,0,9,1,9.0,9.0,6.0
IPL_2021_037,2,PBKS,Mohammed Shami,4.0,24,0,14,2,3.5,7.0,12.0
IPL_2021_037,2,PBKS,Arshdeep Singh,4.0,24,0,22,1,5.5,22.0,24.0
IPL_2021_037,2,PBKS,NT Ellis,4.0,24,0,32,0,8.0,,
IPL_2021_037,2,PBKS,Harpreet Brar,4.0,24,0,23,0,5.75,,
IPL_2021_037,2,PBKS,Ravi Bishnoi,4.0,24,0,25,3,6.25,8.33,8.0
IPL_2021_039,1,MI,TA Boult,4.0,24,0,16,1,4.0,16.0,24.0
IPL_2021_039,1,MI,JJ Bumrah,4.0,24,0,36,3,9.0,12.0,8.0
IPL_2021_039,1,MI,AF Milne,4.1,25,0,48,1,11.52,48.0,25.0
IPL_2021_039,1,MI,KH Pandya,4.0,24,0,25,0,6.25,,
IPL_2021_039,1,MI,RD Chahar,4.0,24,0,33,1,8.25,33.0,24.0
IPL_2021_039,2,RCB,KA Jamieson,2.1,13,0,21,0,9.69,,
IPL_2021_039,2,RCB,Mohammed Siraj,3.0,18,0,16,1,5.33,16.0,18.0
IPL_2021_039,2,RCB,DT Christian,2.0,12,0,21,0,10.5,,
IPL_2021_039,2,RCB,HV Patel,3.1,19,0,15,4,4.74,3.75,4.75
IPL_2021_039,2,RCB,YS Chahal,4.0,24,0,11,3,2.75,3.67,8.0
IPL_2021_039,2,RCB,GJ Maxwell,4.0,24,0,22,2,5.5,11.0,12.0
IPL_2021_049,1,KKR,TG Southee,4.0,24,0,26,2,6.5,13.0,12.0
IPL_2021_049,1,KKR,Shivam Mavi,4.1,25,0,28,2,6.72,14.0,12.5
IPL_2021_049,1,KKR,CV Varun,4.0,24,0,28,2,7.0,14.0,12.0
IPL_2021_049,1,KKR,Shakib Al Hasan,4.0,24,0,20,1,5.0,20.0,24.0
IPL_2021_049,1,KKR,SP Narine,4.0,24,0,12,0,3.0,,
IPL_2021_049,2,SRH,B Kumar,4.0,24,0,20,0,5.0,,
IPL_2021_049,2,SRH,JO Holder,4.0,24,0,32,2,8.0,16.0,12.0
IPL_2021_049,2,SRH,Umran Malik,4.0,24,0,25,0,6.25,,
IPL_2021_049,2,SRH,Rashid Khan,4.0,24,0,23,1,5.75,23.0,24.0
IPL_2021_049,2,SRH,S Kaul,3.4,22,0,17,1,4.64,17.0,22.0
IPL_2021_050,1,DC,A Nortje,4.0,24,0,35,1,8.75,35.0,24.0
IPL_2021_050,1,DC,Avesh Khan,4.0,24,0,34,1,8.5,34.0,24.0
IPL_2021_050,1,DC,AR Patel,4.0,24,0,18,2,4.5,9.0,12.0
IPL_2021_050,1,DC,K Rabada,4.0,24,0,21,0,5.25,,
IPL_2021_050,1,DC,R Ashwin,4.0,24,0,18,1,4.5,18.0,24.0
IPL_2021_050,2,CSK,DL Chahar,3.0,18,0,32,1,10.67,32.0,18.0
IPL_2021_050,2,CSK,JR Hazlewood,4.0,24,0,27,1,6.75,27.0,24.0
IPL_2021_050,2,CSK,RA Jadeja,4.0,24,0,28,2,7.0,14.0,12.0
IPL_2021_050,2,CSK,MM Ali,3.0,18,0,16,0,5.33,,
IPL_2021_050,2,CSK,SN Thakur,4.0,24,0,13,2,3.25,6.5,12.0
IPL_2021_050,2,CSK,DJ Bravo,1.4,10,0,16,1,9.6,16.0,10.0
IPL_2021_032,1,PBKS,Mohammed Shami,4.0,24,0,21,3,5.25,7.0,8.0
IPL_2021_032,1,PBKS,IC Porel,4.0,24,0,40,1,10.0,40.0,24.0
IPL_2021_032,1,PBKS,DJ Hooda,2.0,12,0,37,0,18.5,,
IPL_2021_032,1,PBKS,Arshdeep Singh,4.0,24,0,30,5,7.5,6.0,4.8
IPL_2021_032,1,PBKS,AU Rashid,3.0,18,0,35,0,11.67,,
IPL_2021_032,1,PBKS,Harpreet Brar,3.0,18,0,17,1,5.67,17.0,18.0
IPL_2021_032,2,RR,Mustafizur Rahman,4.0,24,0,30,0,7.5,,
IPL_2021_032,2,RR,C Sakariya,3.0,18,0,30,1,10.0,30.0,18.0
IPL_2021_032,2,RR,Kartik Tyagi,4.1,25,0,28,2,6.72,14.0,12.5
IPL_2021_032,2,RR,CH Morris,4.0,24,0,41,0,10.25,,
IPL_2021_032,2,RR,R Tewatia,3.0,18,0,22,1,7.33,22.0,18.0
IPL_2021_032,2,RR,MK Lomror,1.0,6,0,7,0,7.0,,
IPL_2021_032,2,RR,R Parag,1.0,6,0,16,0,16.0,,
IPL_2021_046,1,DC,A Nortje,4.0,24,0,19,1,4.75,19.0,24.0
IPL_2021_046,1,DC,Avesh Khan,4.0,24,0,14,3,3.5,4.67,8.0
IPL_2021_046,1,DC,R Ashwin,4.0,24,0,39,1,9.75,39.0,24.0
IPL_2021_046,1,DC,K Rabada,4.1,25,0,31,0,7.44,,
IPL_2021_046,1,DC,AR Patel,4.0,24,0,20,3,5.0,6.67,8.0
IPL_2021_046,2,MI,TA Boult,4.0,24,0,23,1,5.75,23.0,24.0
IPL_2021_046,2,MI,J Yadav,4.0,24,0,30,1,7.5,30.0,24.0
IPL_2021_046,2,MI,KH Pandya,2.1,13,0,18,1,8.31,18.0,13.0
IPL_2021_046,2,MI,JJ Bumrah,4.0,24,0,29,1,7.25,29.0,24.0
IPL_2021_046,2,MI,NM Coulter-Nile,4.0,24,0,21,1,5.25,21.0,24.0
IPL_2021_046,2,MI,KA Pollard,1.0,6,0,7,0,7.0,,
IPL_2021_035,1,CSK,DL Chahar,4.0,24,0,35,1,8.75,35.0,24.0
IPL_2021_035,1,CSK,JR Hazlewood,4.0,24,0,34,0,8.5,,
IPL_2021_035,1,CSK,SN Thakur,4.0,24,0,31,2,7.75,15.5,12.0
IPL_2021_035,1,CSK,RA Jadeja,4.0,24,0,31,0,7.75,,
IPL_2021_035,1,CSK,DJ Bravo,4.0,24,0,23,3,5.75,7.67,8.0
IPL_2021_035,2,RCB,Mohammed Siraj,3.0,18,0,23,0,7.67,,
IPL_2021_035,2,RCB,Navdeep Saini,2.0,12,0,26,0,13.0,,
IPL_2021_035,2,RCB,PWH de Silva,4.0,24,0,40,0,10.0,,
IPL_2021_035,2,RCB,HV Patel,3.3,21,0,22,2,6.29,11.0,10.5
IPL_2021_035,2,RCB,YS Chahal,4.0,24,0,25,1,6.25,25.0,24.0
IPL_2021_035,2,RCB,GJ Maxwell,2.0,12,0,17,1,8.5,17.0,12.0
IPL_2021_000,1,CSK,DL Chahar,3.0,18,0,25,0,8.33,,
IPL_2021_000,1,CSK,JR Hazlewood,4.0,24,0,29,2,7.25,14.5,12.0
IPL_2021_000,1,CSK,SN Thakur,3.0,18,0,34,0,11.33,,
IPL_2021_000,1,CSK,RA Jadeja,3.0,18,0,23,1,7.67,23.0,18.0
IPL_2021_000,1,CSK,MM Ali,4.0,24,0,26,1,6.5,26.0,24.0
IPL_2021_000,1,CSK,DJ Bravo,3.0,18,0,29,1,9.67,29.0,18.0
IPL_2021_000,2,DC,A Nortje,4.0,24,0,31,1,7.75,31.0,24.0
IPL_2021_000,2,DC,Avesh Khan,4.0,24,0,47,1,11.75,47.0,24.0
IPL_2021_000,2,DC,K Rabada,3.0,18,0,23,0,7.67,,
IPL_2021_000,2,DC,AR Patel,3.0,18,0,23,0,7.67,,
IPL_2021_000,2,DC,TK Curran,3.4,22,0,27,3,7.36,9.0,7.33
IPL_2021_000,2,DC,R Ashwin,2.0,12,0,19,0,9.5,,
IPL_2021_000,1,KKR,Shakib Al Hasan,4.0,24,0,24,0,6.0,,
IPL_2021_000,1,KKR,Shivam Mavi,4.2,26,0,37,0,8.54,,
IPL_2021_000,1,KKR,CV Varun,4.0,24,0,21,0,5.25,,
IPL_2021_000,1,KKR,LH Ferguson,4.0,24,0,30,2,7.5,15.0,12.0
IPL_2021_000,1,KKR,SP Narine,4.0,24,0,20,4,5.0,5.0,6.0
IPL_2021_000,2,RCB,Mohammed Siraj,4.0,24,0,19,2,4.75,9.5,12.0
IPL_2021_000,2,RCB,GHS Garton,3.0,18,0,29,0,9.67,,
IPL_2021_000,2,RCB,HV Patel,4.0,24,0,19,2,4.75,9.5,12.0
IPL_2021_000,2,RCB,YS Chahal,4.0,24,0,17,2,4.25,8.5,12.0
IPL_2021_000,2,RCB,GJ Maxwell,3.0,18,0,25,0,8.33,,
IPL_2021_000,2,RCB,DT Christian,1.4,10,0,27,0,16.2,,
IPL_2021_000,1,KKR,Shakib Al Hasan,4.0,24,0,26,0,6.5,,
IPL_2021_000,1,KKR,LH Ferguson,4.0,24,0,26,1,6.5,26.0,24.0
IPL_2021_000,1,KKR,SP Narine,4.0,24,0,27,0,6.75,,
IPL_2021_000,1,KKR,CV Varun,4.1,25,0,25,2,6.0,12.5,12.5
IPL_2021_000,1,KKR,Shivam Mavi,4.0,24,0,26,1,6.5,26.0,24.0
IPL_2021_000,2,DC,A Nortje,4.0,24,0,26,2,6.5,13.0,12.0
IPL_2021_000,2,DC,R Ashwin,3.5,23,0,26,2,6.78,13.0,11.5
IPL_2021_000,2,DC,Avesh Khan,4.0,24,0,22,1,5.5,22.0,24.0
IPL_2021_000,2,DC,AR Patel,4.0,24,0,31,0,7.75,,
IPL_2021_000,2,DC,K Rabada,4.0,24,0,22,2,5.5,11.0,12.0
IPL_2021_000,1,KKR,Shakib Al Hasan,3.0,18,0,34,0,11.33,,
IPL_2021_000,1,KKR,Shivam Mavi,4.0,24,0,32,1,8.0,32.0,24.0
IPL_2021_000,1,KKR,LH Ferguson,4.0,24,0,54,0,13.5,,
IPL_2021_000,1,KKR,CV Varun,4.1,25,0,37,0,8.88,,
IPL_2021_000,1,KKR,SP Narine,4.0,24,0,25,2,6.25,12.5,12.0
IPL_2021_000,1,KKR,VR Iyer,1.0,6,0,6,0,6.0,,
IPL_2021_000,2,CSK,DL Chahar,4.0,24,0,31,1,7.75,31.0,24.0
IPL_2021_000,2,CSK,JR Hazlewood,4.0,24,0,27,2,6.75,13.5,12.0
IPL_2021_000,2,CSK,SN Thakur,4.1,25,0,33,3,7.92,11.0,8.33
IPL_2021_000,2,CSK,DJ Bravo,4.0,24,0,29,1,7.25,29.0,24.0
IPL_2021_000,2,CSK,RA Jadeja,4.0,24,0,36,2,9.0,18.0,12.0
IPL_2022_001,1,KKR,UT Yadav,4.1,25,0,17,2,4.08,8.5,12.5
IPL_2022_001,1,KKR,Shivam Mavi,4.1,25,0,33,0,7.92,,
IPL_2022_001,1,KKR,CV Varun,4.0,24,0,22,1,5.5,22.0,24.0
IPL_2022_001,1,KKR,SP Narine,4.0,24,0,15,0,3.75,,
IPL_2022_001,1,KKR,AD Russell,4.0,24,0,38,1,9.5,38.0,24.0
IPL_2022_001,2,CSK,TU Deshpande,3.0,18,0,23,0,7.67,,
IPL_2022_001,2,CSK,AF Milne,2.3,15,0,19,0,7.6,,
IPL_2022_001,2,CSK,MJ Santner,4.0,24,0,31,1,7.75,31.0,24.0
IPL_2022_001,2,CSK,DJ Bravo,4.0,24,0,20,3,5.0,6.67,8.0
IPL_2022_001,2,CSK,S Dube,1.0,6,0,15,0,15.0,,
IPL_2022_001,2,CSK,RA Jadeja,4.0,24,0,25,0,6.25,,
IPL_2022_002,1,DC,SN Thakur,4.0,24,0,47,0,11.75,,
IPL_2022_002,1,DC,KK Ahmed,4.0,24,0,27,2,6.75,13.5,12.0
IPL_2022_002,1,DC,AR Patel,4.0,24,0,40,0,10.0,,
IPL_2022_002,1,DC,KL Nagarkoti,2.0,12,0,28,0,14.0,,
IPL_2022_002,1,DC,Kuldeep Yadav,4.0,24,0,18,3,4.5,6.0,8.0
IPL_2022_002,1,DC,Lalit Yadav,2.0,12,0,15,0,7.5,,
IPL_2022_002,2,MI,DR Sams,4.0,24,0,55,0,13.75,,
IPL_2022_002,2,MI,JJ Bumrah,3.2,20,0,43,0,12.9,,
IPL_2022_002,2,MI,Basil Thampi,4.0,24,0,36,3,9.0,12.0,8.0
IPL_2022_002,2,MI,M Ashwin,4.0,24,0,14,2,3.5,7.0,12.0
IPL_2022_002,2,MI,TS Mills,3.0,18,0,24,1,8.0,24.0,18.0
IPL_2022_003,1,PBKS,Sandeep Sharma,4.0,24,0,38,0,9.5,,
IPL_2022_003,1,PBKS,Arshdeep Singh,4.0,24,0,29,1,7.25,29.0,24.0
IPL_2022_003,1,PBKS,OF Smith,4.0,24,0,52,0,13.0,,
IPL_2022_003,1,PBKS,RD Chahar,4.0,24,0,25,1,6.25,25.0,24.0
IPL_2022_003,1,PBKS,Harpreet Brar,3.0,18,0,36,0,12.0,,
IPL_2022_003,1,PBKS,LS Livingstone,1.0,6,0,13,0,13.0,,
IPL_2022_003,2,RCB,DJ Willey,3.0,18,0,28,0,9.33,,
IPL_2022_003,2,RCB,Mohammed Siraj,4.0,24,0,46,2,11.5,23.0,12.0
IPL_2022_003,2,RCB,Shahbaz Ahmed,1.0,6,0,6,0,6.0,,
IPL_2022_003,2,RCB,Akash Deep,3.0,18,0,38,1,12.67,38.0,18.0
IPL_2022_003,2,RCB,PWH de Silva,4.0,24,0,38,1,9.5,38.0,24.0
IPL_2022_003,2,RCB,HV Patel,4.0,24,0,31,1,7.75,31.0,24.0
IPL_2022_004,1,GT,Mohammed Shami,4.0,24,0,25,3,6.25,8.33,8.0
IPL_2022_004,1,GT,VR Aaron,4.0,24,0,42,2,10.5,21.0,12.0
IPL_2022_004,1,GT,LH Ferguson,4.0,24,0,23,0,5.75,,
IPL_2022_004,1,GT,HH Pandya,4.0,24,0,37,0,9.25,,
IPL_2022_004,1,GT,Rashid Khan,4.0,24,0,27,1,6.75,27.0,24.0
IPL_2022_004,2,LSG,PVD Chameera,3.0,18,0,25,2,8.33,12.5,9.0
IPL_2022_004,2,LSG,Avesh Khan,3.4,22,0,34,1,9.27,34.0,22.0
IPL_2022_004,2,LSG,Mohsin Khan,2.0,12,0,18,0,9.0,,
IPL_2022_004,2,LSG,Ravi Bishnoi,4.0,24,0,32,0,8.0,,
IPL_2022_004,2,LSG,KH Pandya,4.0,24,0,18,1,4.5,18.0,24.0
IPL_2022_004,2,LSG,DJ Hooda,3.0,18,0,31,1,10.33,31.0,18.0
IPL_2022_005,1,SRH,B Kumar,4.2,26,0,27,1,6.23,27.0,26.0
IPL_2022_005,1,SRH,R Shepherd,4.0,24,0,32,1,8.0,32.0,24.0
IPL_2022_005,1,SRH,Umran Malik,4.1,25,0,38,2,9.12,19.0,12.5
IPL_2022_005,1,SRH,Washington Sundar,3.1,19,0,46,0,14.53,,
IPL_2022_005,1,SRH,T Natarajan,4.0,24,0,42,2,10.5,21.0,12.0
IPL_2022_005,1,SRH,Abhishek Sharma,1.0,6,0,15,0,15.0,,
IPL_2022_005,2,RR,TA Boult,4.0,24,0,24,2,6.0,12.0,12.0
IPL_2022_005,2,RR,M Prasidh Krishna,4.0,24,0,16,2,4.0,8.0,12.0
IPL_2022_005,2,RR,NM Coulter-Nile,3.1,19,0,47,0,14.84,,
IPL_2022_005,2,RR,R Ashwin,4.0,24,0,21,0,5.25,,
IPL_2022_005,2,RR,YS Chahal,4.0,24,0,22,3,5.5,7.33,8.0
IPL_2022_005,2,RR,R Parag,1.0,6,0,14,0,14.0,,
IPL_2022_006,1,RCB,DJ Willey,2.0,12,0,8,0,4.0,,
IPL_2022_006,1,RCB,Mohammed Siraj,4.0,24,0,28,1,7.0,28.0,24.0
IPL_2022_006,1,RCB,Akash Deep,4.0,24,0,44,3,11.0,14.67,8.0
IPL_2022_006,1,RCB,PWH de Silva,4.0,24,0,20,4,5.0,5.0,6.0
IPL_2022_006,1,RCB,HV Patel,4.0,24,0,11,2,2.75,5.5,12.0
IPL_2022_006,1,RCB,Shahbaz Ahmed,1.0,6,0,15,0,15.0,,
IPL_2022_006,2,KKR,UT Yadav,4.0,24,0,20,2,5.0,10.0,12.0
IPL_2022_006,2,KKR,TG Southee,4.0,24,0,18,3,4.5,6.0,8.0
IPL_2022_006,2,KKR,AD Russell,2.3,15,0,30,0,12.0,,
IPL_2022_006,2,KKR,SP Narine,4.0,24,0,12,1,3.0,12.0,24.0
IPL_2022_006,2,KKR,CV Varun,4.0,24,0,33,1,8.25,33.0,24.0
IPL_2022_006,2,KKR,VR Iyer,1.0,6,0,10,0,10.0,,
IPL_2022_007,1,LSG,Avesh Khan,4.0,24,0,42,2,10.5,21.0,12.0
IPL_2022_007,1,LSG,PVD Chameera,4.0,24,0,48,0,12.0,,
IPL_2022_007,1,LSG,AJ Tye,4.0,24,0,41,2,10.25,20.5,12.0
IPL_2022_007,1,LSG,KH Pandya,3.0,18,0,36,0,12.0,,
IPL_2022_007,1,LSG,Ravi Bishnoi,4.0,24,0,28,2,7.0,14.0,12.0
IPL_2022_007,1,LSG,DJ Hooda,1.0,6,0,12,0,12.0,,
IPL_2022_007,2,CSK,Mukesh Choudhary,3.3,21,0,36,0,10.29,,
IPL_2022_007,2,CSK,TU Deshpande,4.0,24,0,43,1,10.75,43.0,24.0
IPL_2022_007,2,CSK,DJ Bravo,4.0,24,0,33,1,8.25,33.0,24.0
IPL_2022_007,2,CSK,RA Jadeja,2.0,12,0,21,0,10.5,,
IPL_2022_007,2,CSK,MM Ali,1.0,6,0,14,0,14.0,,
IPL_2022_007,2,CSK,D Pretorius,4.0,24,0,29,2,7.25,14.5,12.0
IPL_2022_007,2,CSK,S Dube,1.0,6,0,23,0,23.0,,
IPL_2022_008,1,KKR,UT Yadav,4.1,25,0,23,4,5.52,5.75,6.25
IPL_2022_008,1,KKR,TG Southee,4.1,25,0,36,2,8.64,18.0,12.5
IPL_2022_008,1,KKR,Shivam Mavi,2.0,12,0,37,1,18.5,37.0,12.0
IPL_2022_008,1,KKR,CV Varun,4.0,24,0,12,0,3.0,,
IPL_2022_008,1,KKR,SP Narine,4.0,24,0,20,1,5.0,20.0,24.0
IPL_2022_008,1,KKR,AD Russell,0.2,2,0,0,1,0.0,0.0,2.0
IPL_2022_008,2,PBKS,Arshdeep Singh,3.1,19,0,32,0,10.11,,
IPL_2022_008,2,PBKS,K Rabada,3.0,18,0,22,1,7.33,22.0,18.0
IPL_2022_008,2,PBKS,OF Smith,2.1,13,0,38,1,17.54,38.0,13.0
IPL_2022_008,2,PBKS,RD Chahar,4.0,24,0,12,2,3.0,6.0,12.0
IPL_2022_008,2,PBKS,Harpreet Brar,2.0,12,0,19,0,9.5,,
IPL_2022_008,2,PBKS,LS Livingstone,0.3,3,0,13,0,26.0,,
IPL_2022_009,1,MI,JJ Bumrah,4.0,24,0,18,3,4.5,6.0,8.0
IPL_2022_009,1,MI,DR Sams,4.0,24,0,30,0,7.5,,
IPL_2022_009,1,MI,Basil Thampi,1.0,6,0,26,0,26.0,,
IPL_2022_009,1,MI,M Ashwin,3.0,18,0,29,0,9.67,,
IPL_2022_009,1,MI,TS Mills,4.0,24,0,35,3,8.75,11.67,8.0
IPL_2022_009,1,MI,KA Pollard,4.0,24,0,49,1,12.25,49.0,24.0
IPL_2022_009,2,RR,TA Boult,4.0,24,0,28,1,7.0,28.0,24.0
IPL_2022_009,2,RR,M Prasidh Krishna,4.1,25,0,31,1,7.44,31.0,25.0
IPL_2022_009,2,RR,Navdeep Saini,3.1,19,0,34,2,10.74,17.0,9.5
IPL_2022_009,2,RR,R Ashwin,4.0,24,0,30,1,7.5,30.0,24.0
IPL_2022_009,2,RR,YS Chahal,4.0,24,0,26,2,6.5,13.0,12.0
IPL_2022_009,2,RR,R Parag,1.0,6,0,11,0,11.0,,
IPL_2022_010,1,DC,Mustafizur Rahman,4.0,24,0,25,3,6.25,8.33,8.0
IPL_2022_010,1,DC,SN Thakur,4.1,25,0,39,0,9.36,,
IPL_2022_010,1,DC,KK Ahmed,4.0,24,0,34,2,8.5,17.0,12.0
IPL_2022_010,1,DC,AR Patel,4.0,24,0,37,0,9.25,,
IPL_2022_010,1,DC,Kuldeep Yadav,4.0,24,0,32,1,8.0,32.0,24.0
IPL_2022_010,2,GT,Mohammed Shami,4.0,24,0,30,2,7.5,15.0,12.0
IPL_2022_010,2,GT,HH Pandya,4.0,24,0,24,1,6.0,24.0,24.0
IPL_2022_010,2,GT,LH Ferguson,4.0,24,0,28,4,7.0,7.0,6.0
IPL_2022_010,2,GT,Rashid Khan,4.0,24,0,25,1,6.25,25.0,24.0
IPL_2022_010,2,GT,VR Aaron,1.0,6,0,8,0,8.0,,
IPL_2022_010,2,GT,V Shankar,1.0,6,0,13,0,13.0,,
IPL_2022_010,2,GT,R Tewatia,2.0,12,0,22,0,11.0,,
IPL_2022_011,1,CSK,Mukesh Choudhary,4.0,24,0,49,1,12.25,49.0,24.0
IPL_2022_011,1,CSK,CJ Jordan,4.0,24,0,22,2,5.5,11.0,12.0
IPL_2022_011,1,CSK,DJ Bravo,3.0,18,0,30,1,10.0,30.0,18.0
IPL_2022_011,1,CSK,RA Jadeja,4.0,24,0,31,1,7.75,31.0,24.0
IPL_2022_011,1,CSK,D Pretorius,4.0,24,0,27,2,6.75,13.5,12.0
IPL_2022_011,1,CSK,MM Ali,1.0,6,0,8,0,8.0,,
IPL_2022_011,2,PBKS,VG Arora,4.0,24,0,20,2,5.0,10.0,12.0
IPL_2022_011,2,PBKS,K Rabada,3.2,20,0,26,1,7.8,26.0,20.0
IPL_2022_011,2,PBKS,Arshdeep Singh,2.0,12,0,13,1,6.5,13.0,12.0
IPL_2022_011,2,PBKS,OF Smith,2.0,12,0,14,1,7.0,14.0,12.0
IPL_2022_011,2,PBKS,RD Chahar,4.0,24,0,25,3,6.25,8.33,8.0
IPL_2022_011,2,PBKS,LS Livingstone,3.0,18,0,24,2,8.0,12.0,9.0
IPL_2022_012,1,SRH,B Kumar,4.0,24,0,25,0,6.25,,
IPL_2022_012,1,SRH,Washington Sundar,4.0,24,0,28,2,7.0,14.0,12.0
IPL_2022_012,1,SRH,R Shepherd,4.0,24,0,39,2,9.75,19.5,12.0
IPL_2022_012,1,SRH,Umran Malik,3.0,18,0,39,0,13.0,,
IPL_2022_012,1,SRH,Abdul Samad,1.0,6,0,8,0,8.0,,
IPL_2022_012,1,SRH,T Natarajan,4.0,24,0,27,2,6.75,13.5,12.0
IPL_2022_012,2,LSG,JO Holder,4.0,24,0,32,3,8.0,10.67,8.0
IPL_2022_012,2,LSG,KH Pandya,4.0,24,0,27,2,6.75,13.5,12.0
IPL_2022_012,2,LSG,Avesh Khan,4.0,24,0,23,4,5.75,5.75,6.0
IPL_2022_012,2,LSG,AJ Tye,4.0,24,0,42,0,10.5,,
IPL_2022_012,2,LSG,Ravi Bishnoi,4.1,25,0,27,0,6.48,,
IPL_2022_013,1,RCB,Mohammed Siraj,4.0,24,0,41,0,10.25,,
IPL_2022_013,1,RCB,DJ Willey,4.0,24,0,31,1,7.75,31.0,24.0
IPL_2022_013,1,RCB,Akash Deep,4.1,25,0,43,0,10.32,,
IPL_2022_013,1,RCB,PWH de Silva,4.0,24,0,32,1,8.0,32.0,24.0
IPL_2022_013,1,RCB,HV Patel,4.0,24,0,17,1,4.25,17.0,24.0
IPL_2022_013,2,RR,TA Boult,4.0,24,0,34,2,8.5,17.0,12.0
IPL_2022_013,2,RR,M Prasidh Krishna,4.0,24,0,39,0,9.75,,
IPL_2022_013,2,RR,R Ashwin,4.1,25,0,36,0,8.64,,
IPL_2022_013,2,RR,YS Chahal,4.0,24,0,15,2,3.75,7.5,12.0
IPL_2022_013,2,RR,Navdeep Saini,3.0,18,0,36,1,12.0,36.0,18.0
IPL_2022_013,2,RR,YBK Jaiswal,0.1,1,0,6,0,36.0,,
IPL_2022_014,1,KKR,UT Yadav,4.0,24,0,26,1,6.5,26.0,24.0
IPL_2022_014,1,KKR,Rasikh Salam,3.0,18,0,18,0,6.0,,
IPL_2022_014,1,KKR,PJ Cummins,4.0,24,0,48,2,12.0,24.0,12.0
IPL_2022_014,1,KKR,SP Narine,4.0,24,0,27,0,6.75,,
IPL_2022_014,1,KKR,CV Varun,4.0,24,0,32,1,8.0,32.0,24.0
IPL_2022_014,1,KKR,AD Russell,1.0,6,0,9,0,9.0,,
IPL_2022_014,2,MI,Basil Thampi,3.0,18,0,15,0,5.0,,
IPL_2022_014,2,MI,DR Sams,3.1,19,0,49,1,15.47,49.0,19.0
IPL_2022_014,2,MI,JJ Bumrah,3.0,18,0,26,0,8.67,,
IPL_2022_014,2,MI,TS Mills,3.0,18,0,38,2,12.67,19.0,9.0
IPL_2022_014,2,MI,Tilak Varma,1.0,6,0,6,0,6.0,,
IPL_2022_014,2,MI,M Ashwin,3.0,18,0,27,2,9.0,13.5,9.0
IPL_2022_015,1,LSG,JO Holder,4.0,24,0,28,0,7.0,,
IPL_2022_015,1,LSG,K Gowtham,4.0,24,0,23,1,5.75,23.0,24.0
IPL_2022_015,1,LSG,Avesh Khan,3.0,18,0,32,0,10.67,,
IPL_2022_015,1,LSG,Ravi Bishnoi,4.0,24,0,23,2,5.75,11.5,12.0
IPL_2022_015,1,LSG,AJ Tye,3.0,18,0,27,0,9.0,,
IPL_2022_015,1,LSG,KH Pandya,2.0,12,0,12,0,6.0,,
IPL_2022_015,2,DC,Mustafizur Rahman,4.0,24,0,24,0,6.0,,
IPL_2022_015,2,DC,Lalit Yadav,4.0,24,0,23,1,5.75,23.0,24.0
IPL_2022_015,2,DC,SN Thakur,3.4,22,0,29,1,7.91,29.0,22.0
IPL_2022_015,2,DC,A Nortje,2.4,16,0,33,0,12.38,,
IPL_2022_015,2,DC,AR Patel,2.0,12,0,11,0,5.5,,
IPL_2022_015,2,DC,Kuldeep Yadav,3.4,22,0,31,2,8.45,15.5,11.0
IPL_2022_016,1,GT,Mohammed Shami,4.0,24,0,36,1,9.0,36.0,24.0
IPL_2022_016,1,GT,HH Pandya,4.0,24,0,36,1,9.0,36.0,24.0
IPL_2022_016,1,GT,LH Ferguson,4.0,24,0,32,1,8.0,32.0,24.0
IPL_2022_016,1,GT,Rashid Khan,4.0,24,0,22,3,5.5,7.33,8.0
IPL_2022_016,1,GT,DG Nalkande,3.0,18,0,36,2,12.0,18.0,9.0
IPL_2022_016,1,GT,R Tewatia,1.0,6,0,24,0,24.0,,
IPL_2022_016,2,PBKS,VG Arora,4.0,24,0,34,0,8.5,,
IPL_2022_016,2,PBKS,Arshdeep Singh,4.0,24,0,31,0,7.75,,
IPL_2022_016,2,PBKS,K Rabada,4.1,25,0,35,2,8.4,17.5,12.5
IPL_2022_016,2,PBKS,RD Chahar,4.0,24,0,39,1,9.75,39.0,24.0
IPL_2022_016,2,PBKS,OF Smith,3.0,18,0,34,0,11.33,,
IPL_2022_016,2,PBKS,LS Livingstone,1.0,6,0,12,0,12.0,,
IPL_2022_017,1,SRH,B Kumar,4.0,24,0,32,1,8.0,32.0,24.0
IPL_2022_017,1,SRH,M Jansen,4.0,24,0,30,1,7.5,30.0,24.0
IPL_2022_017,1,SRH,Washington Sundar,4.0,24,0,21,2,5.25,10.5,12.0
IPL_2022_017,1,SRH,T Natarajan,4.0,24,0,29,2,7.25,14.5,12.0
IPL_2022_017,1,SRH,Umran Malik,3.0,18,0,29,0,9.67,,
IPL_2022_017,1,SRH,AK Markram,1.0,6,0,8,1,8.0,8.0,6.0
IPL_2022_017,2,CSK,Mukesh Choudhary,4.0,24,0,30,1,7.5,30.0,24.0
IPL_2022_017,2,CSK,M Theekshana,4.0,24,0,31,0,7.75,,
IPL_2022_017,2,CSK,CJ Jordan,3.1,19,0,33,0,10.42,,
IPL_2022_017,2,CSK,RA Jadeja,3.0,18,0,21,0,7.0,,
IPL_2022_017,2,CSK,MM Ali,1.0,6,0,10,0,10.0,,
IPL_2022_017,2,CSK,DJ Bravo,2.4,16,0,26,1,9.75,26.0,16.0
IPL_2022_018,1,RCB,DJ Willey,2.0,12,0,8,0,4.0,,
IPL_2022_018,1,RCB,Mohammed Siraj,4.1,25,0,49,0,11.76,,
IPL_2022_018,1,RCB,PWH de Silva,4.0,24,0,28,2,7.0,14.0,12.0
IPL_2022_018,1,RCB,Akash Deep,4.0,24,0,20,1,5.0,20.0,24.0
IPL_2022_018,1,RCB,HV Patel,4.0,24,0,25,2,6.25,12.5,12.0
IPL_2022_018,1,RCB,Shahbaz Ahmed,2.0,12,0,19,0,9.5,,
IPL_2022_018,2,MI,Basil Thampi,4.0,24,0,29,0,7.25,,
IPL_2022_018,2,MI,JD Unadkat,4.0,24,0,31,1,7.75,31.0,24.0
IPL_2022_018,2,MI,JJ Bumrah,4.0,24,0,33,0,8.25,,
IPL_2022_018,2,MI,M Ashwin,3.0,18,0,25,0,8.33,,
IPL_2022_018,2,MI,KA Pollard,3.0,18,0,23,0,7.67,,
IPL_2022_018,2,MI,D Brevis,0.3,3,0,8,1,16.0,8.0,3.0
IPL_2022_019,1,KKR,UT Yadav,4.1,25,0,51,1,12.24,51.0,25.0
IPL_2022_019,1,KKR,Rasikh Salam,1.0,6,0,10,0,10.0,,
IPL_2022_019,1,KKR,PJ Cummins,4.0,24,0,51,0,12.75,,
IPL_2022_019,1,KKR,CV Varun,4.2,26,0,46,1,10.62,46.0,26.0
IPL_2022_019,1,KKR,SP Narine,4.0,24,0,22,2,5.5,11.0,12.0
IPL_2022_019,1,KKR,AD Russell,2.0,12,0,16,1,8.0,16.0,12.0
IPL_2022_019,1,KKR,VR Iyer,1.0,6,0,14,0,14.0,,
IPL_2022_019,2,DC,Mustafizur Rahman,4.0,24,0,21,0,5.25,,
IPL_2022_019,2,DC,SN Thakur,2.4,16,0,31,2,11.62,15.5,8.0
IPL_2022_019,2,DC,KK Ahmed,4.0,24,0,25,3,6.25,8.33,8.0
IPL_2022_019,2,DC,AR Patel,3.0,18,0,34,0,11.33,,
IPL_2022_019,2,DC,Kuldeep Yadav,4.0,24,0,33,4,8.25,8.25,6.0
IPL_2022_019,2,DC,R Powell,1.0,6,0,16,0,16.0,,
IPL_2022_019,2,DC,Lalit Yadav,1.0,6,0,8,1,8.0,8.0,6.0
IPL_2022_020,1,LSG,PVD Chameera,4.0,24,0,21,0,5.25,,
IPL_2022_020,1,LSG,JO Holder,4.0,24,0,50,2,12.5,25.0,12.0
IPL_2022_020,1,LSG,Ravi Bishnoi,4.0,24,0,26,0,6.5,,
IPL_2022_020,1,LSG,Avesh Khan,4.0,24,0,30,2,7.5,15.0,12.0
IPL_2022_020,1,LSG,K Gowtham,4.0,24,0,32,2,8.0,16.0,12.0
IPL_2022_020,2,RR,TA Boult,4.0,24,0,29,2,7.25,14.5,12.0
IPL_2022_020,2,RR,M Prasidh Krishna,4.0,24,0,35,1,8.75,35.0,24.0
IPL_2022_020,2,RR,R Ashwin,4.0,24,0,20,0,5.0,,
IPL_2022_020,2,RR,KR Sen,4.0,24,0,35,1,8.75,35.0,24.0
IPL_2022_020,2,RR,YS Chahal,4.0,24,0,39,4,9.75,9.75,6.0
IPL_2022_021,1,SRH,B Kumar,4.0,24,0,27,2,6.75,13.5,12.0
IPL_2022_021,1,SRH,M Jansen,4.0,24,0,25,1,6.25,25.0,24.0
IPL_2022_021,1,SRH,Washington Sundar,3.0,18,0,14,0,4.67,,
IPL_2022_021,1,SRH,T Natarajan,4.0,24,0,33,2,8.25,16.5,12.0
IPL_2022_021,1,SRH,Umran Malik,4.0,24,0,34,1,8.5,34.0,24.0
IPL_2022_021,1,SRH,AK Markram,1.0,6,0,9,0,9.0,,
IPL_2022_021,2,GT,Mohammed Shami,4.0,24,0,32,0,8.0,,
IPL_2022_021,2,GT,HH Pandya,4.0,24,0,27,1,6.75,27.0,24.0
IPL_2022_021,2,GT,LH Ferguson,4.0,24,0,46,0,11.5,,
IPL_2022_021,2,GT,Rashid Khan,4.0,24,0,29,1,7.25,29.0,24.0
IPL_2022_021,2,GT,DG Nalkande,2.1,13,0,21,0,9.69,,
IPL_2022_021,2,GT,R Tewatia,1.0,6,0,10,0,10.0,,
IPL_2022_022,1,RCB,Mohammed Siraj,4.1,25,0,36,0,8.64,,
IPL_2022_022,1,RCB,JR Hazlewood,4.0,24,0,32,1,8.0,32.0,24.0
IPL_2022_022,1,RCB,Akash Deep,4.0,24,0,55,0,13.75,,
IPL_2022_022,1,RCB,GJ Maxwell,3.0,18,0,29,0,9.67,,
IPL_2022_022,1,RCB,Shahbaz Ahmed,2.0,12,0,18,0,9.0,,
IPL_2022_022,1,RCB,PWH de Silva,3.0,18,0,39,2,13.0,19.5,9.0
IPL_2022_022,2,CSK,MM Ali,3.0,18,0,19,0,6.33,,
IPL_2022_022,2,CSK,Mukesh Choudhary,3.0,18,0,38,1,12.67,38.0,18.0
IPL_2022_022,2,CSK,M Theekshana,4.0,24,0,33,4,8.25,8.25,6.0
IPL_2022_022,2,CSK,RA Jadeja,4.0,24,0,39,3,9.75,13.0,8.0
IPL_2022_022,2,CSK,CJ Jordan,2.0,12,0,20,0,10.0,,
IPL_2022_022,2,CSK,DJ Bravo,4.1,25,0,35,1,8.4,35.0,25.0
IPL_2022_023,1,MI,Basil Thampi,4.0,24,0,46,2,11.5,23.0,12.0
IPL_2022_023,1,MI,JD Unadkat,4.0,24,0,42,1,10.5,42.0,24.0
IPL_2022_023,1,MI,JJ Bumrah,4.0,24,0,30,1,7.5,30.0,24.0
IPL_2022_023,1,MI,M Ashwin,4.0,24,0,37,1,9.25,37.0,24.0
IPL_2022_023,1,MI,TS Mills,4.0,24,0,35,0,8.75,,
IPL_2022_023,2,PBKS,VG Arora,4.0,24,0,41,1,10.25,41.0,24.0
IPL_2022_023,2,PBKS,K Rabada,4.0,24,0,29,2,7.25,14.5,12.0
IPL_2022_023,2,PBKS,Arshdeep Singh,4.1,25,0,28,0,6.72,,
IPL_2022_023,2,PBKS,OF Smith,3.0,18,0,28,4,9.33,7.0,4.5
IPL_2022_023,2,PBKS,LS Livingstone,1.0,6,0,11,0,11.0,,
IPL_2022_023,2,PBKS,RD Chahar,4.0,24,0,44,0,11.0,,
IPL_2022_024,1,RR,JDS Neesham,3.0,18,0,29,0,9.67,,
IPL_2022_024,1,RR,M Prasidh Krishna,4.1,25,0,33,0,7.92,,
IPL_2022_024,1,RR,KR Sen,4.0,24,0,51,1,12.75,51.0,24.0
IPL_2022_024,1,RR,YS Chahal,4.0,24,0,31,1,7.75,31.0,24.0
IPL_2022_024,1,RR,R Parag,1.0,6,0,12,1,12.0,12.0,6.0
IPL_2022_024,1,RR,R Ashwin,4.0,24,0,32,0,8.0,,
IPL_2022_024,2,GT,Mohammed Shami,4.0,24,0,39,1,9.75,39.0,24.0
IPL_2022_024,2,GT,Yash Dayal,4.0,24,0,40,3,10.0,13.33,8.0
IPL_2022_024,2,GT,Rashid Khan,4.0,24,0,25,0,6.25,,
IPL_2022_024,2,GT,LH Ferguson,4.0,24,0,23,3,5.75,7.67,8.0
IPL_2022_024,2,GT,R Tewatia,1.0,6,0,9,0,9.0,,
IPL_2022_024,2,GT,HH Pandya,2.3,15,0,16,1,6.4,16.0,15.0
IPL_2022_024,2,GT,V Shankar,0.3,3,0,1,0,2.0,,
IPL_2022_025,1,SRH,B Kumar,4.0,24,0,39,1,9.75,39.0,24.0
IPL_2022_025,1,SRH,M Jansen,4.0,24,0,26,1,6.5,26.0,24.0
IPL_2022_025,1,SRH,T Natarajan,4.0,24,0,37,3,9.25,12.33,8.0
IPL_2022_025,1,SRH,Umran Malik,4.0,24,0,29,2,7.25,14.5,12.0
IPL_2022_025,1,SRH,Shashank Singh,1.0,6,0,9,0,9.0,,
IPL_2022_025,1,SRH,J Suchith,3.0,18,0,32,1,10.67,32.0,18.0
IPL_2022_025,2,KKR,UT Yadav,4.0,24,0,30,0,7.5,,
IPL_2022_025,2,KKR,PJ Cummins,3.5,23,0,34,1,8.87,34.0,23.0
IPL_2022_025,2,KKR,AD Russell,2.0,12,0,23,2,11.5,11.5,6.0
IPL_2022_025,2,KKR,Aman Hakim Khan,1.0,6,0,13,0,13.0,,
IPL_2022_025,2,KKR,CV Varun,3.0,18,0,45,0,15.0,,
IPL_2022_025,2,KKR,SP Narine,4.0,24,0,23,0,5.75,,
IPL_2022_026,1,MI,Tilak Varma,1.0,6,0,7,0,7.0,,
IPL_2022_026,1,MI,JD Unadkat,4.0,24,0,31,2,7.75,15.5,12.0
IPL_2022_026,1,MI,M Ashwin,4.0,24,0,33,1,8.25,33.0,24.0
IPL_2022_026,1,MI,JJ Bumrah,4.0,24,0,23,0,5.75,,
IPL_2022_026,1,MI,TS Mills,3.0,18,0,54,0,18.0,,
IPL_2022_026,1,MI,FA Allen,4.0,24,0,46,1,11.5,46.0,24.0
IPL_2022_026,2,LSG,JO Holder,4.0,24,0,36,1,9.0,36.0,24.0
IPL_2022_026,2,LSG,PVD Chameera,4.0,24,0,43,1,10.75,43.0,24.0
IPL_2022_026,2,LSG,Avesh Khan,4.0,24,0,30,3,7.5,10.0,8.0
IPL_2022_026,2,LSG,Ravi Bishnoi,4.0,24,0,33,1,8.25,33.0,24.0
IPL_2022_026,2,LSG,MP Stoinis,2.0,12,0,13,1,6.5,13.0,12.0
IPL_2022_026,2,LSG,KH Pandya,2.0,12,0,17,0,8.5,,
IPL_2022_027,1,DC,Mustafizur Rahman,4.0,24,0,47,0,11.75,,
IPL_2022_027,1,DC,SN Thakur,4.0,24,0,29,1,7.25,29.0,24.0
IPL_2022_027,1,DC,KK Ahmed,4.0,24,0,36,1,9.0,36.0,24.0
IPL_2022_027,1,DC,AR Patel,4.0,24,0,27,1,6.75,27.0,24.0
IPL_2022_027,1,DC,Kuldeep Yadav,4.0,24,0,43,1,10.75,43.0,24.0
IPL_2022_027,2,RCB,GJ Maxwell,2.0,12,0,14,0,7.0,,
IPL_2022_027,2,RCB,Mohammed Siraj,4.0,24,0,31,2,7.75,15.5,12.0
IPL_2022_027,2,RCB,JR Hazlewood,4.0,24,0,27,3,6.75,9.0,8.0
IPL_2022_027,2,RCB,Shahbaz Ahmed,2.0,12,0,17,0,8.5,,
IPL_2022_027,2,RCB,HV Patel,4.0,24,0,39,0,9.75,,
IPL_2022_027,2,RCB,PWH de Silva,4.0,24,0,41,1,10.25,41.0,24.0
IPL_2022_028,1,SRH,B Kumar,4.0,24,0,22,3,5.5,7.33,8.0
IPL_2022_028,1,SRH,M Jansen,4.0,24,0,34,0,8.5,,
IPL_2022_028,1,SRH,T Natarajan,4.0,24,0,33,1,8.25,33.0,24.0
IPL_2022_028,1,SRH,J Suchith,4.0,24,0,27,1,6.75,27.0,24.0
IPL_2022_028,1,SRH,Umran Malik,4.0,24,0,28,4,7.0,7.0,6.0
IPL_2022_028,2,PBKS,VG Arora,3.5,23,0,36,0,9.39,,
IPL_2022_028,2,PBKS,K Rabada,4.0,24,0,29,1,7.25,29.0,24.0
IPL_2022_028,2,PBKS,Arshdeep Singh,4.0,24,0,30,0,7.5,,
IPL_2022_028,2,PBKS,RD Chahar,4.0,24,0,23,2,5.75,11.5,12.0
IPL_2022_028,2,PBKS,OF Smith,1.0,6,0,8,0,8.0,,
IPL_2022_028,2,PBKS,LS Livingstone,2.0,12,0,19,0,9.5,,
IPL_2022_029,1,GT,Mohammed Shami,4.0,24,0,18,1,4.5,18.0,24.0
IPL_2022_029,1,GT,Yash Dayal,4.1,25,0,38,1,9.12,38.0,25.0
IPL_2022_029,1,GT,AS Joseph,4.0,24,0,33,2,8.25,16.5,12.0
IPL_2022_029,1,GT,LH Ferguson,4.0,24,0,46,0,11.5,,
IPL_2022_029,1,GT,Rashid Khan,4.0,24,0,29,0,7.25,,
IPL_2022_029,2,CSK,Mukesh Choudhary,3.0,18,0,17,1,5.67,17.0,18.0
IPL_2022_029,2,CSK,M Theekshana,4.0,24,0,28,2,7.0,14.0,12.0
IPL_2022_029,2,CSK,CJ Jordan,4.0,24,0,58,0,14.5,,
IPL_2022_029,2,CSK,RA Jadeja,3.0,18,0,25,1,8.33,25.0,18.0
IPL_2022_029,2,CSK,MM Ali,2.0,12,0,17,0,8.5,,
IPL_2022_029,2,CSK,DJ Bravo,4.0,24,0,23,3,5.75,7.67,8.0
IPL_2022_030,1,KKR,UT Yadav,4.1,25,0,45,0,10.8,,
IPL_2022_030,1,KKR,Shivam Mavi,4.0,24,0,36,1,9.0,36.0,24.0
IPL_2022_030,1,KKR,CV Varun,2.0,12,0,29,0,14.5,,
IPL_2022_030,1,KKR,PJ Cummins,4.0,24,0,49,1,12.25,49.0,24.0
IPL_2022_030,1,KKR,SP Narine,4.0,24,0,23,2,5.75,11.5,12.0
IPL_2022_030,1,KKR,AD Russell,2.0,12,0,28,1,14.0,28.0,12.0
IPL_2022_030,2,RR,TA Boult,4.0,24,0,48,0,12.0,,
IPL_2022_030,2,RR,M Prasidh Krishna,4.0,24,0,38,1,9.5,38.0,24.0
IPL_2022_030,2,RR,OC McCoy,3.4,22,0,37,2,10.09,18.5,11.0
IPL_2022_030,2,RR,R Ashwin,4.0,24,0,38,1,9.5,38.0,24.0
IPL_2022_030,2,RR,YS Chahal,4.0,24,0,36,5,9.0,7.2,4.8
IPL_2022_031,1,LSG,PVD Chameera,3.0,18,0,32,2,10.67,16.0,9.0
IPL_2022_031,1,LSG,Avesh Khan,4.0,24,0,32,0,8.0,,
IPL_2022_031,1,LSG,KH Pandya,4.0,24,0,29,1,7.25,29.0,24.0
IPL_2022_031,1,LSG,Ravi Bishnoi,4.1,25,0,45,0,10.8,,
IPL_2022_031,1,LSG,JO Holder,4.0,24,0,23,2,5.75,11.5,12.0
IPL_2022_031,1,LSG,MP Stoinis,1.0,6,0,13,0,13.0,,
IPL_2022_031,2,RCB,Mohammed Siraj,4.0,24,0,31,1,7.75,31.0,24.0
IPL_2022_031,2,RCB,GJ Maxwell,2.0,12,0,10,1,5.0,10.0,12.0
IPL_2022_031,2,RCB,JR Hazlewood,4.0,24,0,23,4,5.75,5.75,6.0
IPL_2022_031,2,RCB,Shahbaz Ahmed,4.0,24,0,26,0,6.5,,
IPL_2022_031,2,RCB,HV Patel,4.0,24,0,40,2,10.0,20.0,12.0
IPL_2022_031,2,RCB,PWH de Silva,2.0,12,0,22,0,11.0,,
IPL_2022_032,1,DC,SN Thakur,2.0,12,0,21,0,10.5,,
IPL_2022_032,1,DC,KK Ahmed,4.0,24,0,20,2,5.0,10.0,12.0
IPL_2022_032,1,DC,Lalit Yadav,2.0,12,0,11,2,5.5,5.5,6.0
IPL_2022_032,1,DC,Mustafizur Rahman,4.0,24,0,28,1,7.0,28.0,24.0
IPL_2022_032,1,DC,AR Patel,4.0,24,0,10,2,2.5,5.0,12.0
IPL_2022_032,1,DC,Kuldeep Yadav,4.0,24,0,24,2,6.0,12.0,12.0
IPL_2022_032,2,PBKS,VG Arora,2.0,12,0,31,0,15.5,,
IPL_2022_032,2,PBKS,K Rabada,3.0,18,0,34,0,11.33,,
IPL_2022_032,2,PBKS,Arshdeep Singh,1.0,6,0,14,0,14.0,,
IPL_2022_032,2,PBKS,NT Ellis,2.0,12,0,13,0,6.5,,
IPL_2022_032,2,PBKS,RD Chahar,2.3,15,0,21,1,8.4,21.0,15.0
IPL_2022_033,1,CSK,Mukesh Choudhary,3.0,18,0,18,3,6.0,6.0,6.0
IPL_2022_033,1,CSK,MJ Santner,3.0,18,0,16,1,5.33,16.0,18.0
IPL_2022_033,1,CSK,M Theekshana,4.0,24,0,35,1,8.75,35.0,24.0
IPL_2022_033,1,CSK,RA Jadeja,4.0,24,0,30,0,7.5,,
IPL_2022_033,1,CSK,D Pretorius,2.0,12,0,17,0,8.5,,
IPL_2022_033,1,CSK,DJ Bravo,4.0,24,0,36,2,9.0,18.0,12.0
IPL_2022_033,2,MI,DR Sams,4.0,24,0,29,4,7.25,7.25,6.0
IPL_2022_033,2,MI,JJ Bumrah,4.0,24,0,28,0,7.0,,
IPL_2022_033,2,MI,RP Meredith,4.0,24,0,23,1,5.75,23.0,24.0
IPL_2022_033,2,MI,JD Unadkat,4.0,24,0,47,2,11.75,23.5,12.0
IPL_2022_033,2,MI,HR Shokeen,4.0,24,0,22,0,5.5,,
IPL_2022_034,1,DC,KK Ahmed,4.0,24,0,46,1,11.5,46.0,24.0
IPL_2022_034,1,DC,SN Thakur,3.0,18,0,28,0,9.33,,
IPL_2022_034,1,DC,Lalit Yadav,4.0,24,0,41,0,10.25,,
IPL_2022_034,1,DC,Mustafizur Rahman,4.0,24,0,43,1,10.75,43.0,24.0
IPL_2022_034,1,DC,Kuldeep Yadav,3.0,18,0,39,0,13.0,,
IPL_2022_034,1,DC,AR Patel,2.0,12,0,21,0,10.5,,
IPL_2022_034,2,RR,TA Boult,4.0,24,0,46,0,11.5,,
IPL_2022_034,2,RR,M Prasidh Krishna,4.0,24,0,22,3,5.5,7.33,8.0
IPL_2022_034,2,RR,OC McCoy,3.1,19,0,53,1,16.74,53.0,19.0
IPL_2022_034,2,RR,R Ashwin,4.0,24,0,30,2,7.5,15.0,12.0
IPL_2022_034,2,RR,YS Chahal,4.0,24,0,27,1,6.75,27.0,24.0
IPL_2022_034,2,RR,R Parag,1.0,6,0,20,0,20.0,,
IPL_2022_035,1,KKR,UT Yadav,4.0,24,0,32,1,8.0,32.0,24.0
IPL_2022_035,1,KKR,TG Southee,4.0,24,0,24,3,6.0,8.0,8.0
IPL_2022_035,1,KKR,Shivam Mavi,4.0,24,0,33,1,8.25,33.0,24.0
IPL_2022_035,1,KKR,SP Narine,4.0,24,0,31,0,7.75,,
IPL_2022_035,1,KKR,CV Varun,3.0,18,0,24,0,8.0,,
IPL_2022_035,1,KKR,AD Russell,1.0,6,0,5,4,5.0,1.25,1.5
IPL_2022_035,2,GT,Mohammed Shami,4.0,24,0,19,2,4.75,9.5,12.0
IPL_2022_035,2,GT,Yash Dayal,4.1,25,0,39,2,9.36,19.5,12.5
IPL_2022_035,2,GT,AS Joseph,4.0,24,0,29,1,7.25,29.0,24.0
IPL_2022_035,2,GT,LH Ferguson,4.0,24,0,32,1,8.0,32.0,24.0
IPL_2022_035,2,GT,Rashid Khan,4.0,24,0,22,2,5.5,11.0,12.0
IPL_2022_036,1,SRH,B Kumar,2.1,13,0,8,1,3.69,8.0,13.0
IPL_2022_036,1,SRH,M Jansen,4.0,24,0,22,3,5.5,7.33,8.0
IPL_2022_036,1,SRH,T Natarajan,3.0,18,0,5,3,1.67,1.67,6.0
IPL_2022_036,1,SRH,J Suchith,3.0,18,0,10,2,3.33,5.0,9.0
IPL_2022_036,1,SRH,Umran Malik,4.1,25,0,11,1,2.64,11.0,25.0
IPL_2022_036,2,RCB,Mohammed Siraj,2.0,12,0,14,0,7.0,,
IPL_2022_036,2,RCB,JR Hazlewood,3.0,18,0,32,0,10.67,,
IPL_2022_036,2,RCB,HV Patel,2.0,12,0,18,1,9.0,18.0,12.0
IPL_2022_036,2,RCB,PWH de Silva,1.0,6,0,7,0,7.0,,
IPL_2022_037,1,MI,DR Sams,4.0,24,0,35,1,8.75,35.0,24.0
IPL_2022_037,1,MI,HR Shokeen,2.0,12,0,11,0,5.5,,
IPL_2022_037,1,MI,JJ Bumrah,4.0,24,0,31,1,7.75,31.0,24.0
IPL_2022_037,1,MI,RP Meredith,4.0,24,0,41,2,10.25,20.5,12.0
IPL_2022_037,1,MI,JD Unadkat,4.0,24,0,36,0,9.0,,
IPL_2022_037,1,MI,KA Pollard,2.0,12,0,8,2,4.0,4.0,6.0
IPL_2022_037,2,LSG,Mohsin Khan,4.0,24,0,21,1,5.25,21.0,24.0
IPL_2022_037,2,LSG,PVD Chameera,4.0,24,0,14,0,3.5,,
IPL_2022_037,2,LSG,JO Holder,4.0,24,0,34,1,8.5,34.0,24.0
IPL_2022_037,2,LSG,KH Pandya,4.0,24,0,18,3,4.5,6.0,8.0
IPL_2022_037,2,LSG,Ravi Bishnoi,3.0,18,0,27,1,9.0,27.0,18.0
IPL_2022_037,2,LSG,A Badoni,1.0,6,0,6,1,6.0,6.0,6.0
IPL_2022_038,1,CSK,Mukesh Choudhary,4.0,24,0,33,0,8.25,,
IPL_2022_038,1,CSK,M Theekshana,4.0,24,0,30,1,7.5,30.0,24.0
IPL_2022_038,1,CSK,MJ Santner,2.0,12,0,9,0,4.5,,
IPL_2022_038,1,CSK,RA Jadeja,2.0,12,0,16,0,8.0,,
IPL_2022_038,1,CSK,D Pretorius,4.0,24,0,48,0,12.0,,
IPL_2022_038,1,CSK,DJ Bravo,4.2,26,0,38,2,8.77,19.0,13.0
IPL_2022_038,2,PBKS,K Rabada,4.0,24,0,24,2,6.0,12.0,12.0
IPL_2022_038,2,PBKS,Sandeep Sharma,4.0,24,0,39,1,9.75,39.0,24.0
IPL_2022_038,2,PBKS,R Dhawan,4.0,24,0,41,2,10.25,20.5,12.0
IPL_2022_038,2,PBKS,Arshdeep Singh,4.0,24,0,23,1,5.75,23.0,24.0
IPL_2022_038,2,PBKS,RD Chahar,3.0,18,0,30,0,10.0,,
IPL_2022_038,2,PBKS,LS Livingstone,1.0,6,0,12,0,12.0,,
IPL_2022_039,1,RCB,Shahbaz Ahmed,3.0,18,0,33,0,11.0,,
IPL_2022_039,1,RCB,Mohammed Siraj,4.0,24,0,30,2,7.5,15.0,12.0
IPL_2022_039,1,RCB,JR Hazlewood,4.0,24,0,19,2,4.75,9.5,12.0
IPL_2022_039,1,RCB,PWH de Silva,4.0,24,0,22,2,5.5,11.0,12.0
IPL_2022_039,1,RCB,HV Patel,4.0,24,0,33,1,8.25,33.0,24.0
IPL_2022_039,1,RCB,GJ Maxwell,1.0,6,0,4,0,4.0,,
IPL_2022_039,2,RR,TA Boult,3.0,18,0,22,0,7.33,,
IPL_2022_039,2,RR,M Prasidh Krishna,4.0,24,0,20,2,5.0,10.0,12.0
IPL_2022_039,2,RR,R Ashwin,4.0,24,0,16,3,4.0,5.33,8.0
IPL_2022_039,2,RR,KR Sen,3.3,21,0,20,4,5.71,5.0,5.25
IPL_2022_039,2,RR,DJ Mitchell,1.0,6,0,6,0,6.0,,
IPL_2022_039,2,RR,YS Chahal,4.0,24,0,25,0,6.25,,
IPL_2022_040,1,GT,Mohammed Shami,4.0,24,0,29,3,7.25,9.67,8.0
IPL_2022_040,1,GT,Yash Dayal,4.0,24,0,23,1,5.75,23.0,24.0
IPL_2022_040,1,GT,AS Joseph,4.0,24,0,34,1,8.5,34.0,24.0
IPL_2022_040,1,GT,Rashid Khan,4.0,24,0,45,0,11.25,,
IPL_2022_040,1,GT,LH Ferguson,4.0,24,0,50,0,12.5,,
IPL_2022_040,2,SRH,B Kumar,4.0,24,0,33,0,8.25,,
IPL_2022_040,2,SRH,M Jansen,4.0,24,0,57,0,14.25,,
IPL_2022_040,2,SRH,T Natarajan,4.0,24,0,42,0,10.5,,
IPL_2022_040,2,SRH,Washington Sundar,4.0,24,0,32,0,8.0,,
IPL_2022_040,2,SRH,Umran Malik,4.0,24,0,25,5,6.25,5.0,4.8
IPL_2022_041,1,DC,Mustafizur Rahman,4.0,24,0,18,3,4.5,6.0,8.0
IPL_2022_041,1,DC,C Sakariya,3.0,18,0,20,1,6.67,20.0,18.0
IPL_2022_041,1,DC,SN Thakur,3.0,18,0,30,0,10.0,,
IPL_2022_041,1,DC,AR Patel,4.0,24,0,28,1,7.0,28.0,24.0
IPL_2022_041,1,DC,Kuldeep Yadav,3.0,18,0,15,4,5.0,3.75,4.5
IPL_2022_041,1,DC,Lalit Yadav,3.1,19,0,31,0,9.79,,
IPL_2022_041,2,KKR,UT Yadav,4.0,24,0,26,3,6.5,8.67,8.0
IPL_2022_041,2,KKR,Harshit Rana,3.1,19,0,23,1,7.26,23.0,19.0
IPL_2022_041,2,KKR,TG Southee,4.0,24,0,31,0,7.75,,
IPL_2022_041,2,KKR,SP Narine,4.0,24,0,18,1,4.5,18.0,24.0
IPL_2022_041,2,KKR,N Rana,1.0,6,0,14,0,14.0,,
IPL_2022_041,2,KKR,AD Russell,1.0,6,0,14,0,14.0,,
IPL_2022_041,2,KKR,VR Iyer,1.0,6,0,14,0,14.0,,
IPL_2022_041,2,KKR,SS Iyer,1.0,6,0,7,0,7.0,,
IPL_2022_042,1,PBKS,Arshdeep Singh,4.0,24,0,27,0,6.75,,
IPL_2022_042,1,PBKS,Sandeep Sharma,4.0,24,0,16,1,4.0,16.0,24.0
IPL_2022_042,1,PBKS,K Rabada,4.0,24,0,37,4,9.25,9.25,6.0
IPL_2022_042,1,PBKS,R Dhawan,2.0,12,0,17,0,8.5,,
IPL_2022_042,1,PBKS,LS Livingstone,2.0,12,0,22,0,11.0,,
IPL_2022_042,1,PBKS,RD Chahar,4.0,24,0,30,2,7.5,15.0,12.0
IPL_2022_042,2,LSG,Mohsin Khan,4.0,24,0,26,3,6.5,8.67,8.0
IPL_2022_042,2,LSG,PVD Chameera,4.0,24,0,15,2,3.75,7.5,12.0
IPL_2022_042,2,LSG,JO Holder,1.0,6,0,8,0,8.0,,
IPL_2022_042,2,LSG,Avesh Khan,3.0,18,0,26,0,8.67,,
IPL_2022_042,2,LSG,Ravi Bishnoi,4.1,25,0,38,1,9.12,38.0,25.0
IPL_2022_042,2,LSG,KH Pandya,4.0,24,0,11,2,2.75,5.5,12.0
IPL_2022_043,1,GT,Mohammed Shami,4.0,24,0,40,1,10.0,40.0,24.0
IPL_2022_043,1,GT,PJ Sangwan,4.0,24,0,19,2,4.75,9.5,12.0
IPL_2022_043,1,GT,AS Joseph,4.0,24,0,43,1,10.75,43.0,24.0
IPL_2022_043,1,GT,Rashid Khan,4.0,24,0,29,1,7.25,29.0,24.0
IPL_2022_043,1,GT,LH Ferguson,4.0,24,0,37,1,9.25,37.0,24.0
IPL_2022_043,2,RCB,GJ Maxwell,1.0,6,0,10,0,10.0,,
IPL_2022_043,2,RCB,Mohammed Siraj,4.0,24,0,37,0,9.25,,
IPL_2022_043,2,RCB,JR Hazlewood,3.3,21,0,35,0,10.0,,
IPL_2022_043,2,RCB,Shahbaz Ahmed,3.1,19,0,25,2,7.89,12.5,9.5
IPL_2022_043,2,RCB,HV Patel,4.0,24,0,34,0,8.5,,
IPL_2022_043,2,RCB,PWH de Silva,4.0,24,0,28,2,7.0,14.0,12.0
IPL_2022_044,1,MI,DR Sams,4.0,24,0,26,1,6.5,26.0,24.0
IPL_2022_044,1,MI,JJ Bumrah,4.1,25,0,26,0,6.24,,
IPL_2022_044,1,MI,HR Shokeen,3.0,18,0,48,2,16.0,24.0,9.0
IPL_2022_044,1,MI,RP Meredith,4.0,24,0,20,2,5.0,10.0,12.0
IPL_2022_044,1,MI,K Kartikeya,4.0,24,0,19,1,4.75,19.0,24.0
IPL_2022_044,1,MI,KA Pollard,1.0,6,0,8,0,8.0,,
IPL_2022_044,2,RR,TA Boult,3.0,18,0,21,1,7.0,21.0,18.0
IPL_2022_044,2,RR,M Prasidh Krishna,4.0,24,0,28,1,7.0,28.0,24.0
IPL_2022_044,2,RR,R Ashwin,4.0,24,0,21,1,5.25,21.0,24.0
IPL_2022_044,2,RR,DJ Mitchell,1.0,6,0,20,0,20.0,,
IPL_2022_044,2,RR,YS Chahal,4.0,24,0,34,1,8.5,34.0,24.0
IPL_2022_044,2,RR,KR Sen,3.2,20,0,29,1,8.7,29.0,20.0
IPL_2022_045,1,DC,Mustafizur Rahman,4.0,24,0,35,0,8.75,,
IPL_2022_045,1,DC,C Sakariya,4.0,24,0,41,0,10.25,,
IPL_2022_045,1,DC,AR Patel,4.0,24,0,23,0,5.75,,
IPL_2022_045,1,DC,Lalit Yadav,1.0,6,0,16,0,16.0,,
IPL_2022_045,1,DC,SN Thakur,4.0,24,0,38,3,9.5,12.67,8.0
IPL_2022_045,1,DC,Kuldeep Yadav,3.0,18,0,29,0,9.67,,
IPL_2022_045,2,LSG,Mohsin Khan,4.0,24,0,15,4,3.75,3.75,6.0
IPL_2022_045,2,LSG,PVD Chameera,4.0,24,0,44,1,11.0,44.0,24.0
IPL_2022_045,2,LSG,KH Pandya,1.0,6,0,19,0,19.0,,
IPL_2022_045,2,LSG,JO Holder,4.0,24,0,44,0,11.0,,
IPL_2022_045,2,LSG,Ravi Bishnoi,4.0,24,0,28,1,7.0,28.0,24.0
IPL_2022_045,2,LSG,K Gowtham,2.0,12,0,23,1,11.5,23.0,12.0
IPL_2022_045,2,LSG,MP Stoinis,1.0,6,0,13,0,13.0,,
IPL_2022_046,1,SRH,B Kumar,4.0,24,0,24,0,6.0,,
IPL_2022_046,1,SRH,M Jansen,4.0,24,0,40,0,10.0,,
IPL_2022_046,1,SRH,T Natarajan,4.0,24,0,42,2,10.5,21.0,12.0
IPL_2022_046,1,SRH,AK Markram,3.0,18,0,36,0,12.0,,
IPL_2022_046,1,SRH,Umran Malik,4.0,24,0,47,0,11.75,,
IPL_2022_046,1,SRH,Shashank Singh,1.0,6,0,10,0,10.0,,
IPL_2022_046,2,CSK,Mukesh Choudhary,4.0,24,0,45,4,11.25,11.25,6.0
IPL_2022_046,2,CSK,Simarjeet Singh,2.1,13,0,23,0,10.62,,
IPL_2022_046,2,CSK,MJ Santner,3.0,18,0,36,1,12.0,36.0,18.0
IPL_2022_046,2,CSK,M Theekshana,4.0,24,0,27,0,6.75,,
IPL_2022_046,2,CSK,RA Jadeja,3.0,18,0,15,0,5.0,,
IPL_2022_046,2,CSK,D Pretorius,4.0,24,0,40,1,10.0,40.0,24.0
IPL_2022_047,1,KKR,UT Yadav,4.1,25,0,22,1,5.28,22.0,25.0
IPL_2022_047,1,KKR,AS Roy,4.0,24,0,28,1,7.0,28.0,24.0
IPL_2022_047,1,KKR,SP Narine,4.0,24,0,19,0,4.75,,
IPL_2022_047,1,KKR,Shivam Mavi,4.1,25,0,31,1,7.44,31.0,25.0
IPL_2022_047,1,KKR,TG Southee,4.0,24,0,45,2,11.25,22.5,12.0
IPL_2022_047,2,RR,TA Boult,4.0,24,0,23,1,5.75,23.0,24.0
IPL_2022_047,2,RR,M Prasidh Krishna,4.0,24,0,32,1,8.0,32.0,24.0
IPL_2022_047,2,RR,KR Sen,3.1,19,0,24,1,7.58,24.0,19.0
IPL_2022_047,2,RR,R Ashwin,4.0,24,0,34,0,8.5,,
IPL_2022_047,2,RR,YS Chahal,4.0,24,0,34,0,8.5,,
IPL_2022_048,1,PBKS,Sandeep Sharma,4.0,24,0,16,0,4.0,,
IPL_2022_048,1,PBKS,K Rabada,4.0,24,0,35,4,8.75,8.75,6.0
IPL_2022_048,1,PBKS,Arshdeep Singh,4.1,25,0,34,1,8.16,34.0,25.0
IPL_2022_048,1,PBKS,R Dhawan,4.0,24,0,23,1,5.75,23.0,24.0
IPL_2022_048,1,PBKS,LS Livingstone,2.3,15,0,15,1,6.0,15.0,15.0
IPL_2022_048,1,PBKS,RD Chahar,1.3,9,0,11,0,7.33,,
IPL_2022_048,2,GT,Mohammed Shami,4.0,24,0,43,1,10.75,43.0,24.0
IPL_2022_048,2,GT,PJ Sangwan,2.0,12,0,23,0,11.5,,
IPL_2022_048,2,GT,AS Joseph,3.1,19,0,26,0,8.21,,
IPL_2022_048,2,GT,LH Ferguson,3.0,18,0,23,1,7.67,23.0,18.0
IPL_2022_048,2,GT,Rashid Khan,4.0,24,0,22,0,5.5,,
IPL_2022_049,1,CSK,Mukesh Choudhary,3.0,18,0,29,0,9.67,,
IPL_2022_049,1,CSK,Simarjeet Singh,2.0,12,0,20,0,10.0,,
IPL_2022_049,1,CSK,M Theekshana,4.0,24,0,27,3,6.75,9.0,8.0
IPL_2022_049,1,CSK,RA Jadeja,4.0,24,0,24,0,6.0,,
IPL_2022_049,1,CSK,MM Ali,4.0,24,0,26,2,6.5,13.0,12.0
IPL_2022_049,1,CSK,D Pretorius,3.0,18,0,40,1,13.33,40.0,18.0
IPL_2022_049,2,RCB,Shahbaz Ahmed,3.0,18,0,27,1,9.0,27.0,18.0
IPL_2022_049,2,RCB,JR Hazlewood,4.0,24,0,19,1,4.75,19.0,24.0
IPL_2022_049,2,RCB,Mohammed Siraj,2.0,12,0,22,0,11.0,,
IPL_2022_049,2,RCB,PWH de Silva,3.0,18,0,31,1,10.33,31.0,18.0
IPL_2022_049,2,RCB,GJ Maxwell,4.0,24,0,22,2,5.5,11.0,12.0
IPL_2022_049,2,RCB,HV Patel,4.0,24,0,39,3,9.75,13.0,8.0
IPL_2022_050,1,SRH,B Kumar,4.0,24,0,25,1,6.25,25.0,24.0
IPL_2022_050,1,SRH,SA Abbott,4.0,24,0,44,1,11.0,44.0,24.0
IPL_2022_050,1,SRH,Umran Malik,4.0,24,0,47,0,11.75,,
IPL_2022_050,1,SRH,Kartik Tyagi,4.1,25,0,35,0,8.4,,
IPL_2022_050,1,SRH,S Gopal,3.0,18,0,34,1,11.33,34.0,18.0
IPL_2022_050,1,SRH,AK Markram,1.0,6,0,11,0,11.0,,
IPL_2022_050,2,DC,SN Thakur,4.0,24,0,38,2,9.5,19.0,12.0
IPL_2022_050,2,DC,KK Ahmed,4.0,24,0,30,3,7.5,10.0,8.0
IPL_2022_050,2,DC,A Nortje,4.0,24,0,33,1,8.25,33.0,24.0
IPL_2022_050,2,DC,MR Marsh,4.0,24,0,35,1,8.75,35.0,24.0
IPL_2022_050,2,DC,Kuldeep Yadav,4.0,24,0,40,1,10.0,40.0,24.0
IPL_2022_051,1,GT,Mohammed Shami,4.0,24,0,40,0,10.0,,
IPL_2022_051,1,GT,AS Joseph,4.0,24,0,41,1,10.25,41.0,24.0
IPL_2022_051,1,GT,Rashid Khan,4.0,24,0,24,2,6.0,12.0,12.0
IPL_2022_051,1,GT,LH Ferguson,4.1,25,0,34,1,8.16,34.0,25.0
IPL_2022_051,1,GT,PJ Sangwan,3.0,18,0,22,1,7.33,22.0,18.0
IPL_2022_051,1,GT,R Tewatia,1.0,6,0,11,0,11.0,,
IPL_2022_051,2,MI,DR Sams,3.0,18,0,18,0,6.0,,
IPL_2022_051,2,MI,JJ Bumrah,4.0,24,0,48,0,12.0,,
IPL_2022_051,2,MI,M Ashwin,4.0,24,0,29,2,7.25,14.5,12.0
IPL_2022_051,2,MI,RP Meredith,4.0,24,0,33,0,8.25,,
IPL_2022_051,2,MI,K Kartikeya,3.0,18,0,29,0,9.67,,
IPL_2022_051,2,MI,KA Pollard,2.0,12,0,14,1,7.0,14.0,12.0
IPL_2022_052,1,RR,TA Boult,4.0,24,0,35,0,8.75,,
IPL_2022_052,1,RR,M Prasidh Krishna,4.1,25,0,46,1,11.04,46.0,25.0
IPL_2022_052,1,RR,KR Sen,4.0,24,0,41,0,10.25,,
IPL_2022_052,1,RR,R Ashwin,4.0,24,0,31,1,7.75,31.0,24.0
IPL_2022_052,1,RR,YS Chahal,4.0,24,0,25,3,6.25,8.33,8.0
IPL_2022_052,2,PBKS,Sandeep Sharma,4.0,24,0,40,0,10.0,,
IPL_2022_052,2,PBKS,K Rabada,4.0,24,0,49,1,12.25,49.0,24.0
IPL_2022_052,2,PBKS,Arshdeep Singh,4.0,24,0,28,2,7.0,14.0,12.0
IPL_2022_052,2,PBKS,R Dhawan,3.0,18,0,25,1,8.33,25.0,18.0
IPL_2022_052,2,PBKS,RD Chahar,3.4,22,0,36,0,9.82,,
IPL_2022_052,2,PBKS,LS Livingstone,1.0,6,0,5,0,5.0,,
IPL_2022_053,1,KKR,TG Southee,4.0,24,0,29,1,7.25,29.0,24.0
IPL_2022_053,1,KKR,Shivam Mavi,4.0,24,0,49,1,12.25,49.0,24.0
IPL_2022_053,1,KKR,SP Narine,4.0,24,0,20,1,5.0,20.0,24.0
IPL_2022_053,1,KKR,AS Roy,3.0,18,0,27,0,9.0,,
IPL_2022_053,1,KKR,Harshit Rana,2.0,12,0,28,0,14.0,,
IPL_2022_053,1,KKR,AD Russell,3.0,18,0,21,2,7.0,10.5,9.0
IPL_2022_053,2,LSG,Mohsin Khan,3.0,18,0,7,1,2.33,7.0,18.0
IPL_2022_053,2,LSG,PVD Chameera,3.0,18,0,14,1,4.67,14.0,18.0
IPL_2022_053,2,LSG,Avesh Khan,3.0,18,0,17,3,5.67,5.67,6.0
IPL_2022_053,2,LSG,JO Holder,2.3,15,0,31,3,12.4,10.33,5.0
IPL_2022_053,2,LSG,Ravi Bishnoi,3.0,18,0,30,1,10.0,30.0,18.0
IPL_2022_054,1,SRH,J Suchith,4.0,24,0,27,2,6.75,13.5,12.0
IPL_2022_054,1,SRH,B Kumar,4.0,24,0,35,0,8.75,,
IPL_2022_054,1,SRH,Fazalhaq Farooqi,4.0,24,0,47,0,11.75,,
IPL_2022_054,1,SRH,Kartik Tyagi,4.1,25,0,38,1,9.12,38.0,25.0
IPL_2022_054,1,SRH,Umran Malik,2.0,12,0,25,0,12.5,,
IPL_2022_054,1,SRH,Abhishek Sharma,2.0,12,0,13,0,6.5,,
IPL_2022_054,2,RCB,GJ Maxwell,2.0,12,0,13,1,6.5,13.0,12.0
IPL_2022_054,2,RCB,JR Hazlewood,4.0,24,0,17,2,4.25,8.5,12.0
IPL_2022_054,2,RCB,Shahbaz Ahmed,2.0,12,0,18,0,9.0,,
IPL_2022_054,2,RCB,Mohammed Siraj,3.0,18,0,27,0,9.0,,
IPL_2022_054,2,RCB,MK Lomror,1.0,6,0,7,0,7.0,,
IPL_2022_054,2,RCB,HV Patel,3.2,20,0,20,1,6.0,20.0,20.0
IPL_2022_054,2,RCB,PWH de Silva,4.0,24,0,19,5,4.75,3.8,4.8
IPL_2022_055,1,DC,SN Thakur,3.0,18,0,35,0,11.67,,
IPL_2022_055,1,DC,KK Ahmed,4.0,24,0,25,2,6.25,12.5,12.0
IPL_2022_055,1,DC,A Nortje,4.1,25,0,41,3,9.84,13.67,8.33
IPL_2022_055,1,DC,AR Patel,3.0,18,0,23,0,7.67,,
IPL_2022_055,1,DC,Kuldeep Yadav,3.0,18,0,41,0,13.67,,
IPL_2022_055,1,DC,MR Marsh,3.0,18,0,31,1,10.33,31.0,18.0
IPL_2022_055,2,CSK,Mukesh Choudhary,3.0,18,0,22,2,7.33,11.0,9.0
IPL_2022_055,2,CSK,Simarjeet Singh,4.0,24,0,26,2,6.5,13.0,12.0
IPL_2022_055,2,CSK,M Theekshana,4.0,24,0,30,1,7.5,30.0,24.0
IPL_2022_055,2,CSK,DJ Bravo,2.4,16,0,24,2,9.0,12.0,8.0
IPL_2022_055,2,CSK,MM Ali,4.0,24,0,13,3,3.25,4.33,8.0
IPL_2022_056,1,MI,DR Sams,4.0,24,0,23,1,5.75,23.0,24.0
IPL_2022_056,1,MI,M Ashwin,4.0,24,0,34,1,8.5,34.0,24.0
IPL_2022_056,1,MI,JJ Bumrah,4.0,24,0,10,5,2.5,2.0,4.8
IPL_2022_056,1,MI,RP Meredith,3.0,18,0,31,0,10.33,,
IPL_2022_056,1,MI,K Kartikeya,3.0,18,0,32,2,10.67,16.0,9.0
IPL_2022_056,1,MI,KA Pollard,2.0,12,0,25,0,12.5,,
IPL_2022_056,2,KKR,TG Southee,3.0,18,0,12,1,4.0,12.0,18.0
IPL_2022_056,2,KKR,PJ Cummins,4.0,24,0,25,3,6.25,8.33,8.0
IPL_2022_056,2,KKR,AD Russell,2.3,15,0,22,2,8.8,11.0,7.5
IPL_2022_056,2,KKR,SP Narine,4.0,24,0,21,0,5.25,,
IPL_2022_056,2,KKR,CV Varun,3.0,18,0,23,1,7.67,23.0,18.0
IPL_2022_056,2,KKR,VR Iyer,1.0,6,0,8,0,8.0,,
IPL_2022_057,1,LSG,Mohsin Khan,4.0,24,0,18,1,4.5,18.0,24.0
IPL_2022_057,1,LSG,PVD Chameera,4.0,24,0,32,0,8.0,,
IPL_2022_057,1,LSG,Avesh Khan,4.0,24,0,25,2,6.25,12.5,12.0
IPL_2022_057,1,LSG,KH Pandya,4.0,24,0,24,0,6.0,,
IPL_2022_057,1,LSG,JO Holder,4.0,24,0,39,1,9.75,39.0,24.0
IPL_2022_057,2,GT,Mohammed Shami,3.0,18,0,4,1,1.33,4.0,18.0
IPL_2022_057,2,GT,HH Pandya,1.0,6,0,8,0,8.0,,
IPL_2022_057,2,GT,Yash Dayal,2.0,12,0,24,2,12.0,12.0,6.0
IPL_2022_057,2,GT,AS Joseph,2.0,12,0,14,0,7.0,,
IPL_2022_057,2,GT,Rashid Khan,3.5,23,0,22,4,5.74,5.5,5.75
IPL_2022_057,2,GT,R Sai Kishore,2.0,12,0,7,2,3.5,3.5,6.0
IPL_2022_058,1,DC,C Sakariya,4.0,24,0,20,2,5.0,10.0,12.0
IPL_2022_058,1,DC,A Nortje,4.0,24,0,38,2,9.5,19.0,12.0
IPL_2022_058,1,DC,SN Thakur,4.0,24,0,27,0,6.75,,
IPL_2022_058,1,DC,AR Patel,2.0,12,0,25,0,12.5,,
IPL_2022_058,1,DC,MR Marsh,3.0,18,0,25,2,8.33,12.5,9.0
IPL_2022_058,1,DC,Kuldeep Yadav,3.0,18,0,20,0,6.67,,
IPL_2022_058,2,RR,TA Boult,4.0,24,0,30,1,7.5,30.0,24.0
IPL_2022_058,2,RR,M Prasidh Krishna,3.0,18,0,20,0,6.67,,
IPL_2022_058,2,RR,R Ashwin,4.0,24,0,31,0,7.75,,
IPL_2022_058,2,RR,KR Sen,3.1,19,0,33,0,10.42,,
IPL_2022_058,2,RR,YS Chahal,4.0,24,0,42,1,10.5,42.0,24.0
IPL_2022_059,1,MI,DR Sams,4.0,24,0,10,3,2.5,3.33,8.0
IPL_2022_059,1,MI,JJ Bumrah,3.0,18,0,12,1,4.0,12.0,18.0
IPL_2022_059,1,MI,RP Meredith,3.0,18,0,22,2,7.33,11.0,9.0
IPL_2022_059,1,MI,HR Shokeen,2.0,12,0,13,0,6.5,,
IPL_2022_059,1,MI,K Kartikeya,3.0,18,0,23,2,7.67,11.5,9.0
IPL_2022_059,1,MI,Ramandeep Singh,1.0,6,0,5,1,5.0,5.0,6.0
IPL_2022_059,2,CSK,Mukesh Choudhary,4.0,24,0,21,3,5.25,7.0,8.0
IPL_2022_059,2,CSK,Simarjeet Singh,4.0,24,0,17,1,4.25,17.0,24.0
IPL_2022_059,2,CSK,DJ Bravo,2.0,12,0,15,0,7.5,,
IPL_2022_059,2,CSK,M Theekshana,3.0,18,0,24,0,8.0,,
IPL_2022_059,2,CSK,MM Ali,1.5,11,0,17,1,9.27,17.0,11.0
IPL_2022_060,1,RCB,GJ Maxwell,2.0,12,0,18,1,9.0,18.0,12.0
IPL_2022_060,1,RCB,JR Hazlewood,4.0,24,0,62,0,15.5,,
IPL_2022_060,1,RCB,Mohammed Siraj,2.1,13,0,35,0,16.15,,
IPL_2022_060,1,RCB,PWH de Silva,4.0,24,0,15,2,3.75,7.5,12.0
IPL_2022_060,1,RCB,Shahbaz Ahmed,4.0,24,0,40,1,10.0,40.0,24.0
IPL_2022_060,1,RCB,HV Patel,4.0,24,0,35,4,8.75,8.75,6.0
IPL_2022_060,2,PBKS,Harpreet Brar,4.0,24,0,32,1,8.0,32.0,24.0
IPL_2022_060,2,PBKS,Arshdeep Singh,4.0,24,0,26,1,6.5,26.0,24.0
IPL_2022_060,2,PBKS,K Rabada,4.0,24,0,18,3,4.5,6.0,8.0
IPL_2022_060,2,PBKS,R Dhawan,4.0,24,0,36,2,9.0,18.0,12.0
IPL_2022_060,2,PBKS,RD Chahar,4.0,24,0,34,2,8.5,17.0,12.0
IPL_2022_061,1,SRH,B Kumar,4.0,24,0,24,1,6.0,24.0,24.0
IPL_2022_061,1,SRH,M Jansen,4.0,24,0,31,1,7.75,31.0,24.0
IPL_2022_061,1,SRH,T Natarajan,4.0,24,0,43,1,10.75,43.0,24.0
IPL_2022_061,1,SRH,Washington Sundar,4.0,24,0,40,0,10.0,,
IPL_2022_061,1,SRH,Umran Malik,4.0,24,0,31,3,7.75,10.33,8.0
IPL_2022_061,2,KKR,UT Yadav,4.0,24,0,19,1,4.75,19.0,24.0
IPL_2022_061,2,KKR,TG Southee,4.0,24,0,23,2,5.75,11.5,12.0
IPL_2022_061,2,KKR,SP Narine,4.0,24,0,34,1,8.5,34.0,24.0
IPL_2022_061,2,KKR,AD Russell,4.0,24,0,20,3,5.0,6.67,8.0
IPL_2022_061,2,KKR,CV Varun,4.0,24,0,24,1,6.0,24.0,24.0
IPL_2022_062,1,GT,Mohammed Shami,4.0,24,0,19,2,4.75,9.5,12.0
IPL_2022_062,1,GT,HH Pandya,2.1,13,0,7,0,3.23,,
IPL_2022_062,1,GT,Yash Dayal,3.0,18,0,24,0,8.0,,
IPL_2022_062,1,GT,Rashid Khan,4.0,24,0,31,1,7.75,31.0,24.0
IPL_2022_062,1,GT,AS Joseph,3.0,18,0,16,1,5.33,16.0,18.0
IPL_2022_062,1,GT,R Sai Kishore,4.0,24,0,31,1,7.75,31.0,24.0
IPL_2022_062,2,CSK,Mukesh Choudhary,3.0,18,0,28,0,9.33,,
IPL_2022_062,2,CSK,Simarjeet Singh,3.0,18,0,25,0,8.33,,
IPL_2022_062,2,CSK,MJ Santner,4.0,24,0,28,0,7.0,,
IPL_2022_062,2,CSK,PH Solanki,4.0,24,0,18,0,4.5,,
IPL_2022_062,2,CSK,M Pathirana,3.1,19,0,23,2,7.26,11.5,9.5
IPL_2022_062,2,CSK,MM Ali,2.0,12,0,11,1,5.5,11.0,12.0
IPL_2022_063,1,LSG,Mohsin Khan,4.0,24,0,42,0,10.5,,
IPL_2022_063,1,LSG,PVD Chameera,3.1,19,0,34,0,10.74,,
IPL_2022_063,1,LSG,Avesh Khan,3.0,18,0,20,1,6.67,20.0,18.0
IPL_2022_063,1,LSG,JO Holder,2.0,12,0,12,1,6.0,12.0,12.0
IPL_2022_063,1,LSG,Ravi Bishnoi,4.0,24,0,30,2,7.5,15.0,12.0
IPL_2022_063,1,LSG,MP Stoinis,1.0,6,0,15,0,15.0,,
IPL_2022_063,1,LSG,A Badoni,1.0,6,0,6,1,6.0,6.0,6.0
IPL_2022_063,1,LSG,KH Pandya,2.0,12,0,16,0,8.0,,
IPL_2022_063,2,RR,TA Boult,4.0,24,0,19,2,4.75,9.5,12.0
IPL_2022_063,2,RR,M Prasidh Krishna,4.0,24,0,27,2,6.75,13.5,12.0
IPL_2022_063,2,RR,YS Chahal,4.0,24,0,41,1,10.25,41.0,24.0
IPL_2022_063,2,RR,R Ashwin,4.0,24,0,23,1,5.75,23.0,24.0
IPL_2022_063,2,RR,OC McCoy,4.0,24,0,32,2,8.0,16.0,12.0
IPL_2022_064,1,PBKS,LS Livingstone,4.0,24,0,25,3,6.25,8.33,8.0
IPL_2022_064,1,PBKS,K Rabada,3.0,18,0,24,1,8.0,24.0,18.0
IPL_2022_064,1,PBKS,Harpreet Brar,3.0,18,0,30,0,10.0,,
IPL_2022_064,1,PBKS,R Dhawan,2.0,12,0,17,0,8.5,,
IPL_2022_064,1,PBKS,Arshdeep Singh,4.1,25,0,41,3,9.84,13.67,8.33
IPL_2022_064,1,PBKS,RD Chahar,4.0,24,0,19,0,4.75,,
IPL_2022_064,2,DC,KK Ahmed,4.0,24,0,43,0,10.75,,
IPL_2022_064,2,DC,A Nortje,4.1,25,0,27,1,6.48,27.0,25.0
IPL_2022_064,2,DC,Lalit Yadav,1.0,6,0,5,0,5.0,,
IPL_2022_064,2,DC,SN Thakur,4.0,24,0,33,4,8.25,8.25,6.0
IPL_2022_064,2,DC,AR Patel,4.0,24,0,14,2,3.5,7.0,12.0
IPL_2022_064,2,DC,Kuldeep Yadav,3.0,18,0,14,2,4.67,7.0,9.0
IPL_2022_065,1,MI,DR Sams,4.0,24,0,43,1,10.75,43.0,24.0
IPL_2022_065,1,MI,RP Meredith,4.0,24,0,42,1,10.5,42.0,24.0
IPL_2022_065,1,MI,R Sanjay Yadav,2.0,12,0,21,0,10.5,,
IPL_2022_065,1,MI,JJ Bumrah,4.0,24,0,32,1,8.0,32.0,24.0
IPL_2022_065,1,MI,M Markande,3.0,18,0,31,0,10.33,,
IPL_2022_065,1,MI,Ramandeep Singh,3.0,18,0,19,3,6.33,6.33,6.0
IPL_2022_065,2,SRH,Fazalhaq Farooqi,4.0,24,0,28,0,7.0,,
IPL_2022_065,2,SRH,B Kumar,4.0,24,0,26,1,6.5,26.0,24.0
IPL_2022_065,2,SRH,Washington Sundar,4.0,24,0,36,1,9.0,36.0,24.0
IPL_2022_065,2,SRH,T Natarajan,4.0,24,0,58,0,14.5,,
IPL_2022_065,2,SRH,Umran Malik,3.2,20,0,21,3,6.3,7.0,6.67
IPL_2022_065,2,SRH,Abhishek Sharma,1.0,6,0,11,0,11.0,,
IPL_2022_066,1,KKR,UT Yadav,4.0,24,0,34,0,8.5,,
IPL_2022_066,1,KKR,TG Southee,4.0,24,0,56,0,14.0,,
IPL_2022_066,1,KKR,SP Narine,4.0,24,0,27,0,6.75,,
IPL_2022_066,1,KKR,CV Varun,4.1,25,0,37,0,8.88,,
IPL_2022_066,1,KKR,AD Russell,3.0,18,0,45,0,15.0,,
IPL_2022_066,1,KKR,N Rana,1.0,6,0,9,0,9.0,,
IPL_2022_066,2,LSG,Mohsin Khan,4.0,24,0,19,3,4.75,6.33,8.0
IPL_2022_066,2,LSG,JO Holder,4.0,24,0,45,0,11.25,,
IPL_2022_066,2,LSG,Avesh Khan,4.1,25,0,56,0,13.44,,
IPL_2022_066,2,LSG,K Gowtham,2.0,12,0,23,1,11.5,23.0,12.0
IPL_2022_066,2,LSG,Ravi Bishnoi,4.0,24,0,35,1,8.75,35.0,24.0
IPL_2022_066,2,LSG,MP Stoinis,2.0,12,0,23,3,11.5,7.67,4.0
IPL_2022_067,1,RCB,S Kaul,4.0,24,0,43,0,10.75,,
IPL_2022_067,1,RCB,Shahbaz Ahmed,2.0,12,0,15,0,7.5,,
IPL_2022_067,1,RCB,JR Hazlewood,4.0,24,0,40,2,10.0,20.0,12.0
IPL_2022_067,1,RCB,GJ Maxwell,4.0,24,0,27,1,6.75,27.0,24.0
IPL_2022_067,1,RCB,MK Lomror,1.0,6,0,11,0,11.0,,
IPL_2022_067,1,RCB,PWH de Silva,4.0,24,0,24,1,6.0,24.0,24.0
IPL_2022_067,1,RCB,HV Patel,1.0,6,0,6,0,6.0,,
IPL_2022_067,2,GT,Mohammed Shami,2.0,12,0,18,0,9.0,,
IPL_2022_067,2,GT,HH Pandya,3.0,18,0,34,0,11.33,,
IPL_2022_067,2,GT,Rashid Khan,4.0,24,0,36,2,9.0,18.0,12.0
IPL_2022_067,2,GT,Yash Dayal,4.0,24,0,34,0,8.5,,
IPL_2022_067,2,GT,R Sai Kishore,4.0,24,0,20,0,5.0,,
IPL_2022_067,2,GT,LH Ferguson,1.4,10,0,21,0,12.6,,
IPL_2022_068,1,RR,TA Boult,4.0,24,0,44,1,11.0,44.0,24.0
IPL_2022_068,1,RR,M Prasidh Krishna,4.0,24,0,32,0,8.0,,
IPL_2022_068,1,RR,R Ashwin,4.0,24,0,26,1,6.5,26.0,24.0
IPL_2022_068,1,RR,YS Chahal,4.0,24,0,25,2,6.25,12.5,12.0
IPL_2022_068,1,RR,OC McCoy,4.0,24,0,18,2,4.5,9.0,12.0
IPL_2022_068,2,CSK,Mukesh Choudhary,4.0,24,0,41,0,10.25,,
IPL_2022_068,2,CSK,Simarjeet Singh,3.0,18,0,23,1,7.67,23.0,18.0
IPL_2022_068,2,CSK,MJ Santner,3.0,18,0,15,1,5.0,15.0,18.0
IPL_2022_068,2,CSK,M Pathirana,3.4,22,0,22,0,6.0,,
IPL_2022_068,2,CSK,MM Ali,4.0,24,0,21,1,5.25,21.0,24.0
IPL_2022_068,2,CSK,PH Solanki,2.0,12,0,21,2,10.5,10.5,6.0
IPL_2022_069,1,MI,DR Sams,4.0,24,0,30,1,7.5,30.0,24.0
IPL_2022_069,1,MI,HR Shokeen,4.0,24,0,32,0,8.0,,
IPL_2022_069,1,MI,JJ Bumrah,4.0,24,0,25,3,6.25,8.33,8.0
IPL_2022_069,1,MI,M Markande,4.0,24,0,30,1,7.5,30.0,24.0
IPL_2022_069,1,MI,RP Meredith,2.0,12,0,8,0,4.0,,
IPL_2022_069,1,MI,Ramandeep Singh,2.0,12,0,26,2,13.0,13.0,6.0
IPL_2022_069,2,DC,KK Ahmed,3.2,20,0,22,0,6.6,,
IPL_2022_069,2,DC,A Nortje,4.0,24,0,38,2,9.5,19.0,12.0
IPL_2022_069,2,DC,SN Thakur,3.0,18,0,30,2,10.0,15.0,9.0
IPL_2022_069,2,DC,MR Marsh,2.0,12,0,7,0,3.5,,
IPL_2022_069,2,DC,Kuldeep Yadav,4.0,24,0,33,1,8.25,33.0,24.0
IPL_2022_069,2,DC,AR Patel,3.0,18,0,26,0,8.67,,
IPL_2022_070,1,PBKS,LS Livingstone,4.0,24,0,25,0,6.25,,
IPL_2022_070,1,PBKS,Arshdeep Singh,4.0,24,0,25,0,6.25,,
IPL_2022_070,1,PBKS,K Rabada,4.0,24,0,32,1,8.0,32.0,24.0
IPL_2022_070,1,PBKS,NT Ellis,4.1,25,0,40,3,9.6,13.33,8.33
IPL_2022_070,1,PBKS,Harpreet Brar,4.0,24,0,26,3,6.5,8.67,8.0
IPL_2022_070,2,SRH,B Kumar,2.0,12,0,22,0,11.0,,
IPL_2022_070,2,SRH,Washington Sundar,2.0,12,0,19,1,9.5,19.0,12.0
IPL_2022_070,2,SRH,Fazalhaq Farooqi,4.0,24,0,31,2,7.75,15.5,12.0
IPL_2022_070,2,SRH,J Suchith,4.0,24,0,37,1,9.25,37.0,24.0
IPL_2022_070,2,SRH,Umran Malik,2.1,13,0,25,1,11.54,25.0,13.0
IPL_2022_070,2,SRH,R Shepherd,1.0,6,0,22,0,22.0,,
IPL_2022_000,1,GT,Mohammed Shami,4.0,24,0,37,1,9.25,37.0,24.0
IPL_2022_000,1,GT,Yash Dayal,4.1,25,0,43,1,10.32,43.0,25.0
IPL_2022_000,1,GT,AS Joseph,2.0,12,0,27,0,13.5,,
IPL_2022_000,1,GT,Rashid Khan,4.0,24,0,15,0,3.75,,
IPL_2022_000,1,GT,R Sai Kishore,4.0,24,0,42,1,10.5,42.0,24.0
IPL_2022_000,1,GT,HH Pandya,2.0,12,0,13,1,6.5,13.0,12.0
IPL_2022_000,2,RR,TA Boult,4.0,24,0,38,1,9.5,38.0,24.0
IPL_2022_000,2,RR,M Prasidh Krishna,3.3,21,0,36,0,10.29,,
IPL_2022_000,2,RR,R Ashwin,4.0,24,0,37,0,9.25,,
IPL_2022_000,2,RR,YS Chahal,4.0,24,0,32,0,8.0,,
IPL_2022_000,2,RR,OC McCoy,4.1,25,0,36,1,8.64,36.0,25.0
IPL_2022_000,1,LSG,Mohsin Khan,4.0,24,0,24,1,6.0,24.0,24.0
IPL_2022_000,1,LSG,PVD Chameera,4.1,25,0,53,0,12.72,,
IPL_2022_000,1,LSG,KH Pandya,4.0,24,0,38,1,9.5,38.0,24.0
IPL_2022_000,1,LSG,Avesh Khan,4.0,24,0,38,1,9.5,38.0,24.0
IPL_2022_000,1,LSG,Ravi Bishnoi,4.0,24,0,44,1,11.0,44.0,24.0
IPL_2022_000,2,RCB,Mohammed Siraj,4.0,24,0,39,1,9.75,39.0,24.0
IPL_2022_000,2,RCB,JR Hazlewood,4.0,24,0,41,3,10.25,13.67,8.0
IPL_2022_000,2,RCB,Shahbaz Ahmed,4.0,24,0,37,0,9.25,,
IPL_2022_000,2,RCB,PWH de Silva,4.0,24,0,42,1,10.5,42.0,24.0
IPL_2022_000,2,RCB,HV Patel,4.0,24,0,19,1,4.75,19.0,24.0
IPL_2022_000,1,RR,TA Boult,4.0,24,0,28,1,7.0,28.0,24.0
IPL_2022_000,1,RR,M Prasidh Krishna,4.0,24,0,29,3,7.25,9.67,8.0
IPL_2022_000,1,RR,OC McCoy,4.0,24,0,22,3,5.5,7.33,8.0
IPL_2022_000,1,RR,R Ashwin,4.0,24,0,30,1,7.5,30.0,24.0
IPL_2022_000,1,RR,YS Chahal,4.0,24,0,41,0,10.25,,
IPL_2022_000,2,RCB,Mohammed Siraj,2.0,12,0,31,0,15.5,,
IPL_2022_000,2,RCB,JR Hazlewood,4.0,24,0,23,2,5.75,11.5,12.0
IPL_2022_000,2,RCB,GJ Maxwell,3.0,18,0,17,0,5.67,,
IPL_2022_000,2,RCB,Shahbaz Ahmed,2.0,12,0,35,0,17.5,,
IPL_2022_000,2,RCB,HV Patel,3.1,19,0,29,0,9.16,,
IPL_2022_000,2,RCB,PWH de Silva,4.0,24,0,26,1,6.5,26.0,24.0
IPL_2022_000,1,GT,Mohammed Shami,4.0,24,0,34,1,8.5,34.0,24.0
IPL_2022_000,1,GT,Yash Dayal,3.0,18,0,18,1,6.0,18.0,18.0
IPL_2022_000,1,GT,LH Ferguson,3.0,18,0,22,0,7.33,,
IPL_2022_000,1,GT,Rashid Khan,4.0,24,0,18,1,4.5,18.0,24.0
IPL_2022_000,1,GT,HH Pandya,4.0,24,0,18,3,4.5,6.0,8.0
IPL_2022_000,1,GT,R Sai Kishore,2.0,12,0,20,2,10.0,10.0,6.0
IPL_2022_000,2,RR,TA Boult,4.0,24,0,13,1,3.25,13.0,24.0
IPL_2022_000,2,RR,M Prasidh Krishna,4.0,24,0,34,1,8.5,34.0,24.0
IPL_2022_000,2,RR,YS Chahal,4.0,24,0,20,1,5.0,20.0,24.0
IPL_2022_000,2,RR,OC McCoy,3.1,19,0,26,0,8.21,,
IPL_2022_000,2,RR,R Ashwin,3.0,18,0,32,0,10.67,,
IPL_2023_001,1,GT,Mohammed Shami,4.1,25,0,29,2,6.96,14.5,12.5
IPL_2023_001,1,GT,HH Pandya,3.0,18,0,32,0,10.67,,
IPL_2023_001,1,GT,J Little,4.0,24,0,42,1,10.5,42.0,24.0
IPL_2023_001,1,GT,Rashid Khan,4.0,24,0,27,2,6.75,13.5,12.0
IPL_2023_001,1,GT,AS Joseph,4.0,24,0,33,2,8.25,16.5,12.0
IPL_2023_001,1,GT,Yash Dayal,1.0,6,0,14,0,14.0,,
IPL_2023_001,2,CSK,DL Chahar,4.0,24,0,33,0,8.25,,
IPL_2023_001,2,CSK,TU Deshpande,3.3,21,0,50,1,14.29,50.0,21.0
IPL_2023_001,2,CSK,RS Hangargekar,4.1,25,0,32,3,7.68,10.67,8.33
IPL_2023_001,2,CSK,MJ Santner,4.0,24,0,32,0,8.0,,
IPL_2023_001,2,CSK,RA Jadeja,4.0,24,0,29,1,7.25,29.0,24.0
IPL_2023_002,1,KKR,UT Yadav,4.0,24,0,27,1,6.75,27.0,24.0
IPL_2023_002,1,KKR,TG Southee,4.0,24,0,54,2,13.5,27.0,12.0
IPL_2023_002,1,KKR,SP Narine,4.0,24,0,39,1,9.75,39.0,24.0
IPL_2023_002,1,KKR,CV Varun,4.0,24,0,26,1,6.5,26.0,24.0
IPL_2023_002,1,KKR,SN Thakur,4.1,25,0,42,0,10.08,,
IPL_2023_002,2,PBKS,SM Curran,3.0,18,0,38,1,12.67,38.0,18.0
IPL_2023_002,2,PBKS,Arshdeep Singh,3.0,18,0,19,3,6.33,6.33,6.0
IPL_2023_002,2,PBKS,NT Ellis,3.2,20,0,26,1,7.8,26.0,20.0
IPL_2023_002,2,PBKS,Sikandar Raza,3.0,18,0,25,1,8.33,25.0,18.0
IPL_2023_002,2,PBKS,R Dhawan,1.0,6,0,15,0,15.0,,
IPL_2023_002,2,PBKS,RD Chahar,2.0,12,0,12,1,6.0,12.0,12.0
IPL_2023_002,2,PBKS,Harpreet Brar,1.0,6,0,8,0,8.0,,
IPL_2023_003,1,DC,KK Ahmed,4.0,24,0,30,2,7.5,15.0,12.0
IPL_2023_003,1,DC,Mukesh Kumar,4.0,24,0,33,0,8.25,,
IPL_2023_003,1,DC,C Sakariya,4.0,24,0,50,2,12.5,25.0,12.0
IPL_2023_003,1,DC,AR Patel,4.0,24,0,38,1,9.5,38.0,24.0
IPL_2023_003,1,DC,Kuldeep Yadav,4.0,24,0,37,1,9.25,37.0,24.0
IPL_2023_003,2,LSG,KR Mayers,1.0,6,0,6,0,6.0,,
IPL_2023_003,2,LSG,JD Unadkat,3.0,18,0,33,0,11.0,,
IPL_2023_003,2,LSG,K Gowtham,4.0,24,0,22,0,5.5,,
IPL_2023_003,2,LSG,Avesh Khan,4.0,24,0,29,2,7.25,14.5,12.0
IPL_2023_003,2,LSG,MA Wood,4.1,25,0,12,5,2.88,2.4,5.0
IPL_2023_003,2,LSG,Ravi Bishnoi,4.0,24,0,31,2,7.75,15.5,12.0
IPL_2023_004,1,SRH,B Kumar,3.0,18,0,35,0,11.67,,
IPL_2023_004,1,SRH,Fazalhaq Farooqi,4.0,24,0,42,2,10.5,21.0,12.0
IPL_2023_004,1,SRH,Washington Sundar,3.0,18,0,32,0,10.67,,
IPL_2023_004,1,SRH,T Natarajan,3.0,18,0,27,2,9.0,13.5,9.0
IPL_2023_004,1,SRH,AU Rashid,4.0,24,0,33,0,8.25,,
IPL_2023_004,1,SRH,Umran Malik,3.0,18,0,32,1,10.67,32.0,18.0
IPL_2023_004,2,RR,TA Boult,4.0,24,0,21,2,5.25,10.5,12.0
IPL_2023_004,2,RR,KM Asif,3.0,18,0,14,0,4.67,,
IPL_2023_004,2,RR,JO Holder,3.0,18,0,16,1,5.33,16.0,18.0
IPL_2023_004,2,RR,R Ashwin,4.0,24,0,25,1,6.25,25.0,24.0
IPL_2023_004,2,RR,YS Chahal,4.0,24,0,17,4,4.25,4.25,6.0
IPL_2023_004,2,RR,NA Saini,2.3,15,0,32,0,12.8,,
IPL_2023_005,1,RCB,Mohammed Siraj,4.0,24,0,15,1,3.75,15.0,24.0
IPL_2023_005,1,RCB,RJW Topley,2.0,12,0,14,1,7.0,14.0,12.0
IPL_2023_005,1,RCB,Akash Deep,3.0,18,0,29,1,9.67,29.0,18.0
IPL_2023_005,1,RCB,HV Patel,4.1,25,0,40,1,9.6,40.0,25.0
IPL_2023_005,1,RCB,KV Sharma,4.0,24,0,31,2,7.75,15.5,12.0
IPL_2023_005,1,RCB,MG Bracewell,2.0,12,0,16,1,8.0,16.0,12.0
IPL_2023_005,1,RCB,GJ Maxwell,1.0,6,0,15,0,15.0,,
IPL_2023_005,2,MI,JP Behrendorff,3.0,18,0,37,0,12.33,,
IPL_2023_005,2,MI,Arshad Khan,2.2,14,0,25,1,10.71,25.0,14.0
IPL_2023_005,2,MI,JC Archer,4.0,24,0,33,0,8.25,,
IPL_2023_005,2,MI,PP Chawla,4.0,24,0,26,0,6.5,,
IPL_2023_005,2,MI,C Green,2.0,12,0,30,1,15.0,30.0,12.0
IPL_2023_005,2,MI,HR Shokeen,1.0,6,0,17,0,17.0,,
IPL_2023_006,1,LSG,KR Mayers,2.0,12,0,15,0,7.5,,
IPL_2023_006,1,LSG,Avesh Khan,3.0,18,0,34,1,11.33,34.0,18.0
IPL_2023_006,1,LSG,KH Pandya,2.0,12,0,22,0,11.0,,
IPL_2023_006,1,LSG,K Gowtham,1.0,6,0,20,0,20.0,,
IPL_2023_006,1,LSG,MA Wood,4.0,24,0,55,3,13.75,18.33,8.0
IPL_2023_006,1,LSG,Yash Thakur,4.1,25,0,36,0,8.64,,
IPL_2023_006,1,LSG,Ravi Bishnoi,4.0,24,0,27,3,6.75,9.0,8.0
IPL_2023_006,2,CSK,DL Chahar,4.0,24,0,50,0,12.5,,
IPL_2023_006,2,CSK,BA Stokes,1.0,6,0,18,0,18.0,,
IPL_2023_006,2,CSK,TU Deshpande,4.3,27,0,39,2,8.67,19.5,13.5
IPL_2023_006,2,CSK,MM Ali,4.0,24,0,25,4,6.25,6.25,6.0
IPL_2023_006,2,CSK,MJ Santner,4.0,24,0,22,1,5.5,22.0,24.0
IPL_2023_006,2,CSK,RS Hangargekar,2.0,12,0,21,0,10.5,,
IPL_2023_006,2,CSK,RA Jadeja,1.0,6,0,14,0,14.0,,
IPL_2023_007,1,GT,Mohammed Shami,4.0,24,0,31,3,7.75,10.33,8.0
IPL_2023_007,1,GT,J Little,4.0,24,0,27,0,6.75,,
IPL_2023_007,1,GT,HH Pandya,3.0,18,0,22,0,7.33,,
IPL_2023_007,1,GT,AS Joseph,4.0,24,0,28,2,7.0,14.0,12.0
IPL_2023_007,1,GT,Yash Dayal,1.0,6,0,12,0,12.0,,
IPL_2023_007,1,GT,Rashid Khan,4.0,24,0,31,3,7.75,10.33,8.0
IPL_2023_007,2,DC,KK Ahmed,4.0,24,0,38,1,9.5,38.0,24.0
IPL_2023_007,2,DC,Mukesh Kumar,4.0,24,0,41,0,10.25,,
IPL_2023_007,2,DC,A Nortje,4.2,26,0,38,2,8.77,19.0,13.0
IPL_2023_007,2,DC,MR Marsh,3.1,19,0,23,1,7.26,23.0,19.0
IPL_2023_007,2,DC,Kuldeep Yadav,3.0,18,0,17,0,5.67,,
IPL_2023_008,1,RR,TA Boult,4.0,24,0,36,0,9.0,,
IPL_2023_008,1,RR,KM Asif,4.1,25,0,50,0,12.0,,
IPL_2023_008,1,RR,R Ashwin,4.0,24,0,24,1,6.0,24.0,24.0
IPL_2023_008,1,RR,JO Holder,4.0,24,0,29,2,7.25,14.5,12.0
IPL_2023_008,1,RR,YS Chahal,4.0,24,0,49,1,12.25,49.0,24.0
IPL_2023_008,2,PBKS,SM Curran,4.0,24,0,45,0,11.25,,
IPL_2023_008,2,PBKS,Arshdeep Singh,4.0,24,0,44,2,11.0,22.0,12.0
IPL_2023_008,2,PBKS,Harpreet Brar,2.0,12,0,15,0,7.5,,
IPL_2023_008,2,PBKS,NT Ellis,4.0,24,0,30,4,7.5,7.5,6.0
IPL_2023_008,2,PBKS,RD Chahar,4.0,24,0,31,0,7.75,,
IPL_2023_008,2,PBKS,Sikandar Raza,2.0,12,0,18,0,9.0,,
IPL_2023_009,1,RCB,Mohammed Siraj,4.1,25,0,42,1,10.08,42.0,25.0
IPL_2023_009,1,RCB,DJ Willey,4.0,24,0,15,2,3.75,7.5,12.0
IPL_2023_009,1,RCB,Akash Deep,2.2,14,0,31,0,13.29,,
IPL_2023_009,1,RCB,MG Bracewell,3.0,18,0,34,1,11.33,34.0,18.0
IPL_2023_009,1,RCB,Shahbaz Ahmed,1.0,6,0,6,0,6.0,,
IPL_2023_009,1,RCB,KV Sharma,3.0,18,0,26,2,8.67,13.0,9.0
IPL_2023_009,1,RCB,HV Patel,3.0,18,0,37,1,12.33,37.0,18.0
IPL_2023_009,2,KKR,UT Yadav,2.0,12,0,17,0,8.5,,
IPL_2023_009,2,KKR,TG Southee,2.0,12,0,25,0,12.5,,
IPL_2023_009,2,KKR,SP Narine,4.0,24,0,20,2,5.0,10.0,12.0
IPL_2023_009,2,KKR,CV Varun,3.4,22,0,16,4,4.36,4.0,5.5
IPL_2023_009,2,KKR,Suyash Sharma,4.0,24,0,29,3,7.25,9.67,8.0
IPL_2023_009,2,KKR,SN Thakur,2.0,12,0,15,1,7.5,15.0,12.0
IPL_2023_010,1,LSG,KR Mayers,1.0,6,0,5,0,5.0,,
IPL_2023_010,1,LSG,JD Unadkat,3.0,18,0,25,0,8.33,,
IPL_2023_010,1,LSG,KH Pandya,4.0,24,0,18,3,4.5,6.0,8.0
IPL_2023_010,1,LSG,Yash Thakur,3.0,18,0,24,1,8.0,24.0,18.0
IPL_2023_010,1,LSG,Ravi Bishnoi,4.0,24,0,15,1,3.75,15.0,24.0
IPL_2023_010,1,LSG,DJ Hooda,1.0,6,0,8,0,8.0,,
IPL_2023_010,1,LSG,A Mishra,4.0,24,0,24,2,6.0,12.0,12.0
IPL_2023_010,2,SRH,B Kumar,2.0,12,0,14,1,7.0,14.0,12.0
IPL_2023_010,2,SRH,Washington Sundar,1.0,6,0,11,0,11.0,,
IPL_2023_010,2,SRH,Fazalhaq Farooqi,3.0,18,0,13,1,4.33,13.0,18.0
IPL_2023_010,2,SRH,AK Markram,2.0,12,0,14,0,7.0,,
IPL_2023_010,2,SRH,AU Rashid,3.0,18,0,23,2,7.67,11.5,9.0
IPL_2023_010,2,SRH,T Natarajan,3.0,18,0,23,0,7.67,,
IPL_2023_010,2,SRH,Umran Malik,2.0,12,0,14,1,7.0,14.0,12.0
IPL_2023_011,1,DC,KK Ahmed,2.0,12,0,28,0,14.0,,
IPL_2023_011,1,DC,A Nortje,4.0,24,0,44,0,11.0,,
IPL_2023_011,1,DC,Mukesh Kumar,4.0,24,0,37,2,9.25,18.5,12.0
IPL_2023_011,1,DC,AR Patel,4.0,24,0,38,0,9.5,,
IPL_2023_011,1,DC,Kuldeep Yadav,4.0,24,0,31,1,7.75,31.0,24.0
IPL_2023_011,1,DC,R Powell,2.1,13,0,16,1,7.38,16.0,13.0
IPL_2023_011,2,RR,TA Boult,4.0,24,0,29,3,7.25,9.67,8.0
IPL_2023_011,2,RR,Sandeep Sharma,4.0,24,0,19,1,4.75,19.0,24.0
IPL_2023_011,2,RR,R Ashwin,4.0,24,0,22,2,5.5,11.0,12.0
IPL_2023_011,2,RR,JO Holder,3.0,18,0,28,0,9.33,,
IPL_2023_011,2,RR,YS Chahal,4.0,24,0,26,3,6.5,8.67,8.0
IPL_2023_011,2,RR,M Ashwin,1.1,7,0,10,0,8.57,,
IPL_2023_012,1,CSK,DL Chahar,1.0,6,0,10,0,10.0,,
IPL_2023_012,1,CSK,TU Deshpande,3.0,18,0,31,2,10.33,15.5,9.0
IPL_2023_012,1,CSK,SSB Magala,4.0,24,0,38,1,9.5,38.0,24.0
IPL_2023_012,1,CSK,MJ Santner,4.0,24,0,28,2,7.0,14.0,12.0
IPL_2023_012,1,CSK,RA Jadeja,4.0,24,0,20,3,5.0,6.67,8.0
IPL_2023_012,1,CSK,D Pretorius,4.0,24,0,25,0,6.25,,
IPL_2023_012,2,MI,JP Behrendorff,3.0,18,0,27,1,9.0,27.0,18.0
IPL_2023_012,2,MI,Arshad Khan,2.1,13,0,31,0,14.31,,
IPL_2023_012,2,MI,C Green,3.0,18,0,19,0,6.33,,
IPL_2023_012,2,MI,PP Chawla,4.0,24,0,33,1,8.25,33.0,24.0
IPL_2023_012,2,MI,K Kartikeya,4.0,24,0,24,1,6.0,24.0,24.0
IPL_2023_012,2,MI,HR Shokeen,2.0,12,0,19,0,9.5,,
IPL_2023_013,1,KKR,UT Yadav,3.0,18,0,24,0,8.0,,
IPL_2023_013,1,KKR,SN Thakur,3.0,18,0,41,0,13.67,,
IPL_2023_013,1,KKR,LH Ferguson,4.1,25,0,40,0,9.6,,
IPL_2023_013,1,KKR,SP Narine,4.0,24,0,32,3,8.0,10.67,8.0
IPL_2023_013,1,KKR,CV Varun,2.0,12,0,22,0,11.0,,
IPL_2023_013,1,KKR,Suyash Sharma,4.0,24,0,34,1,8.5,34.0,24.0
IPL_2023_013,2,GT,Mohammed Shami,4.0,24,0,28,1,7.0,28.0,24.0
IPL_2023_013,2,GT,J Little,4.0,24,0,42,1,10.5,42.0,24.0
IPL_2023_013,2,GT,AS Joseph,4.0,24,0,28,2,7.0,14.0,12.0
IPL_2023_013,2,GT,Yash Dayal,4.0,24,0,69,0,17.25,,
IPL_2023_013,2,GT,Rashid Khan,4.0,24,0,37,3,9.25,12.33,8.0
IPL_2023_014,1,SRH,B Kumar,4.0,24,0,31,1,7.75,31.0,24.0
IPL_2023_014,1,SRH,M Jansen,3.0,18,0,15,2,5.0,7.5,9.0
IPL_2023_014,1,SRH,T Natarajan,4.0,24,0,40,0,10.0,,
IPL_2023_014,1,SRH,Washington Sundar,1.0,6,0,6,0,6.0,,
IPL_2023_014,1,SRH,M Markande,4.0,24,0,15,4,3.75,3.75,6.0
IPL_2023_014,1,SRH,Umran Malik,4.0,24,0,31,2,7.75,15.5,12.0
IPL_2023_014,2,PBKS,SM Curran,3.0,18,0,14,0,4.67,,
IPL_2023_014,2,PBKS,Arshdeep Singh,3.0,18,0,20,1,6.67,20.0,18.0
IPL_2023_014,2,PBKS,Harpreet Brar,3.1,19,0,26,0,8.21,,
IPL_2023_014,2,PBKS,NT Ellis,3.0,18,0,28,0,9.33,,
IPL_2023_014,2,PBKS,RD Chahar,3.0,18,0,28,1,9.33,28.0,18.0
IPL_2023_014,2,PBKS,Mohit Rathee,2.0,12,0,29,0,14.5,,
IPL_2023_015,1,LSG,JD Unadkat,2.0,12,0,26,0,13.0,,
IPL_2023_015,1,LSG,Avesh Khan,4.0,24,0,55,0,13.75,,
IPL_2023_015,1,LSG,KH Pandya,4.0,24,0,36,0,9.0,,
IPL_2023_015,1,LSG,MA Wood,4.0,24,0,35,1,8.75,35.0,24.0
IPL_2023_015,1,LSG,Ravi Bishnoi,4.0,24,0,38,0,9.5,,
IPL_2023_015,1,LSG,A Mishra,2.0,12,0,18,1,9.0,18.0,12.0
IPL_2023_015,2,RCB,Mohammed Siraj,4.0,24,0,22,3,5.5,7.33,8.0
IPL_2023_015,2,RCB,DJ Willey,4.0,24,0,31,0,7.75,,
IPL_2023_015,2,RCB,WD Parnell,4.0,24,0,38,3,9.5,12.67,8.0
IPL_2023_015,2,RCB,HV Patel,4.0,24,0,49,2,12.25,24.5,12.0
IPL_2023_015,2,RCB,KV Sharma,3.0,18,0,49,1,16.33,49.0,18.0
IPL_2023_015,2,RCB,Shahbaz Ahmed,1.0,6,0,15,0,15.0,,
IPL_2023_016,1,MI,JP Behrendorff,3.0,18,0,23,3,7.67,7.67,6.0
IPL_2023_016,1,MI,Arshad Khan,1.0,6,0,11,0,11.0,,
IPL_2023_016,1,MI,C Green,3.0,18,0,29,0,9.67,,
IPL_2023_016,1,MI,HR Shokeen,4.1,25,0,37,1,8.88,37.0,25.0
IPL_2023_016,1,MI,RP Meredith,3.5,23,0,34,2,8.87,17.0,11.5
IPL_2023_016,1,MI,PP Chawla,4.0,24,0,22,3,5.5,7.33,8.0
IPL_2023_016,1,MI,Tilak Varma,1.0,6,0,6,0,6.0,,
IPL_2023_016,2,DC,Mukesh Kumar,2.0,12,0,30,2,15.0,15.0,6.0
IPL_2023_016,2,DC,Mustafizur Rahman,4.0,24,0,38,1,9.5,38.0,24.0
IPL_2023_016,2,DC,A Nortje,4.0,24,0,35,0,8.75,,
IPL_2023_016,2,DC,Lalit Yadav,4.0,24,0,22,0,5.5,,
IPL_2023_016,2,DC,AR Patel,4.0,24,0,23,0,5.75,,
IPL_2023_016,2,DC,Kuldeep Yadav,2.0,12,0,23,0,11.5,,
IPL_2023_017,1,CSK,Akash Singh,4.0,24,0,39,2,9.75,19.5,12.0
IPL_2023_017,1,CSK,TU Deshpande,4.0,24,0,36,2,9.0,18.0,12.0
IPL_2023_017,1,CSK,M Theekshana,4.0,24,0,42,0,10.5,,
IPL_2023_017,1,CSK,RA Jadeja,4.0,24,0,14,2,3.5,7.0,12.0
IPL_2023_017,1,CSK,MM Ali,2.0,12,0,21,1,10.5,21.0,12.0
IPL_2023_017,1,CSK,SSB Magala,2.0,12,0,13,0,6.5,,
IPL_2023_017,2,RR,Sandeep Sharma,3.0,18,0,28,1,9.33,28.0,18.0
IPL_2023_017,2,RR,KR Sen,2.0,12,0,9,0,4.5,,
IPL_2023_017,2,RR,JO Holder,3.0,18,0,37,0,12.33,,
IPL_2023_017,2,RR,A Zampa,4.0,24,0,41,1,10.25,41.0,24.0
IPL_2023_017,2,RR,R Ashwin,4.0,24,0,23,2,5.75,11.5,12.0
IPL_2023_017,2,RR,YS Chahal,4.0,24,0,26,2,6.5,13.0,12.0
IPL_2023_018,1,GT,Mohammed Shami,4.0,24,0,43,1,10.75,43.0,24.0
IPL_2023_018,1,GT,J Little,4.0,24,0,29,1,7.25,29.0,24.0
IPL_2023_018,1,GT,AS Joseph,4.0,24,0,27,1,6.75,27.0,24.0
IPL_2023_018,1,GT,Rashid Khan,4.0,24,0,27,1,6.75,27.0,24.0
IPL_2023_018,1,GT,MM Sharma,4.0,24,0,18,2,4.5,9.0,12.0
IPL_2023_018,2,PBKS,Arshdeep Singh,4.0,24,0,34,1,8.5,34.0,24.0
IPL_2023_018,2,PBKS,K Rabada,4.0,24,0,41,1,10.25,41.0,24.0
IPL_2023_018,2,PBKS,Harpreet Brar,4.0,24,0,20,1,5.0,20.0,24.0
IPL_2023_018,2,PBKS,SM Curran,3.5,23,0,26,1,6.78,26.0,23.0
IPL_2023_018,2,PBKS,RD Chahar,3.0,18,0,25,0,8.33,,
IPL_2023_018,2,PBKS,MW Short,1.0,6,0,8,0,8.0,,
IPL_2023_019,1,KKR,UT Yadav,3.0,18,0,41,0,13.67,,
IPL_2023_019,1,KKR,LH Ferguson,2.1,13,0,31,0,14.31,,
IPL_2023_019,1,KKR,SP Narine,4.0,24,0,26,0,6.5,,
IPL_2023_019,1,KKR,AD Russell,2.1,13,0,20,3,9.23,6.67,4.33
IPL_2023_019,1,KKR,CV Varun,4.0,24,0,40,1,10.0,40.0,24.0
IPL_2023_019,1,KKR,Suyash Sharma,4.0,24,0,44,0,11.0,,
IPL_2023_019,1,KKR,SN Thakur,0.5,5,0,14,0,16.8,,
IPL_2023_019,2,SRH,B Kumar,4.0,24,0,29,1,7.25,29.0,24.0
IPL_2023_019,2,SRH,M Jansen,4.2,26,0,32,2,7.38,16.0,13.0
IPL_2023_019,2,SRH,T Natarajan,4.0,24,0,53,1,13.25,53.0,24.0
IPL_2023_019,2,SRH,Umran Malik,2.0,12,0,36,1,18.0,36.0,12.0
IPL_2023_019,2,SRH,M Markande,4.0,24,0,27,2,6.75,13.5,12.0
IPL_2023_019,2,SRH,Washington Sundar,2.0,12,0,20,0,10.0,,
IPL_2023_020,1,DC,A Nortje,4.1,25,0,31,0,7.44,,
IPL_2023_020,1,DC,AR Patel,3.0,18,0,25,1,8.33,25.0,18.0
IPL_2023_020,1,DC,Mustafizur Rahman,3.0,18,0,41,0,13.67,,
IPL_2023_020,1,DC,MR Marsh,2.0,12,0,19,2,9.5,9.5,6.0
IPL_2023_020,1,DC,Lalit Yadav,4.0,24,0,29,1,7.25,29.0,24.0
IPL_2023_020,1,DC,Kuldeep Yadav,4.0,24,0,25,2,6.25,12.5,12.0
IPL_2023_020,2,RCB,Mohammed Siraj,4.0,24,0,23,2,5.75,11.5,12.0
IPL_2023_020,2,RCB,WD Parnell,4.0,24,0,28,1,7.0,28.0,24.0
IPL_2023_020,2,RCB,Vijaykumar Vyshak,4.0,24,0,20,3,5.0,6.67,8.0
IPL_2023_020,2,RCB,Shahbaz Ahmed,1.0,6,0,11,0,11.0,,
IPL_2023_020,2,RCB,PWH de Silva,3.0,18,0,37,1,12.33,37.0,18.0
IPL_2023_020,2,RCB,HV Patel,4.0,24,0,29,1,7.25,29.0,24.0
IPL_2023_021,1,PBKS,MW Short,2.0,12,0,10,0,5.0,,
IPL_2023_021,1,PBKS,Arshdeep Singh,3.0,18,0,22,1,7.33,22.0,18.0
IPL_2023_021,1,PBKS,K Rabada,4.0,24,0,32,2,8.0,16.0,12.0
IPL_2023_021,1,PBKS,SM Curran,4.0,24,0,29,3,7.25,9.67,8.0
IPL_2023_021,1,PBKS,Harpreet Brar,2.0,12,0,10,1,5.0,10.0,12.0
IPL_2023_021,1,PBKS,Sikandar Raza,2.1,13,0,22,1,10.15,22.0,13.0
IPL_2023_021,1,PBKS,RD Chahar,3.0,18,0,27,0,9.0,,
IPL_2023_021,2,LSG,Yudhvir Singh,3.0,18,0,20,2,6.67,10.0,9.0
IPL_2023_021,2,LSG,Avesh Khan,3.0,18,0,23,0,7.67,,
IPL_2023_021,2,LSG,MA Wood,4.0,24,0,34,2,8.5,17.0,12.0
IPL_2023_021,2,LSG,K Gowtham,4.0,24,0,30,1,7.5,30.0,24.0
IPL_2023_021,2,LSG,KH Pandya,3.0,18,0,32,1,10.67,32.0,18.0
IPL_2023_021,2,LSG,Ravi Bishnoi,2.3,15,0,17,2,6.8,8.5,7.5
IPL_2023_022,1,MI,Arjun Tendulkar,2.0,12,0,17,0,8.5,,
IPL_2023_022,1,MI,C Green,2.0,12,0,15,1,7.5,15.0,12.0
IPL_2023_022,1,MI,D Jansen,4.0,24,0,49,1,12.25,49.0,24.0
IPL_2023_022,1,MI,PP Chawla,4.0,24,0,19,1,4.75,19.0,24.0
IPL_2023_022,1,MI,HR Shokeen,4.0,24,0,33,2,8.25,16.5,12.0
IPL_2023_022,1,MI,RP Meredith,4.0,24,0,40,1,10.0,40.0,24.0
IPL_2023_022,2,KKR,UT Yadav,2.0,12,0,19,0,9.5,,
IPL_2023_022,2,KKR,SN Thakur,2.0,12,0,24,1,12.0,24.0,12.0
IPL_2023_022,2,KKR,SP Narine,3.0,18,0,39,0,13.0,,
IPL_2023_022,2,KKR,Suyash Sharma,4.0,24,0,27,2,6.75,13.5,12.0
IPL_2023_022,2,KKR,CV Varun,4.0,24,0,37,1,9.25,37.0,24.0
IPL_2023_022,2,KKR,LH Ferguson,1.4,10,0,19,1,11.4,19.0,10.0
IPL_2023_022,2,KKR,AD Russell,1.0,6,0,17,0,17.0,,
IPL_2023_023,1,RR,TA Boult,4.0,24,0,44,1,11.0,44.0,24.0
IPL_2023_023,1,RR,Sandeep Sharma,4.0,24,0,24,2,6.0,12.0,12.0
IPL_2023_023,1,RR,A Zampa,4.0,24,0,32,1,8.0,32.0,24.0
IPL_2023_023,1,RR,R Ashwin,4.0,24,0,38,0,9.5,,
IPL_2023_023,1,RR,YS Chahal,4.0,24,0,35,1,8.75,35.0,24.0
IPL_2023_023,2,GT,Mohammed Shami,4.0,24,0,25,3,6.25,8.33,8.0
IPL_2023_023,2,GT,HH Pandya,4.0,24,0,24,1,6.0,24.0,24.0
IPL_2023_023,2,GT,AS Joseph,3.0,18,0,47,0,15.67,,
IPL_2023_023,2,GT,Rashid Khan,4.0,24,0,46,2,11.5,23.0,12.0
IPL_2023_023,2,GT,MM Sharma,2.0,12,0,7,0,3.5,,
IPL_2023_023,2,GT,Noor Ahmad,2.2,14,0,28,1,12.0,28.0,14.0
IPL_2023_024,1,RCB,Mohammed Siraj,4.0,24,0,29,1,7.25,29.0,24.0
IPL_2023_024,1,RCB,WD Parnell,4.0,24,0,48,1,12.0,48.0,24.0
IPL_2023_024,1,RCB,Vijaykumar Vyshak,4.0,24,0,62,1,15.5,62.0,24.0
IPL_2023_024,1,RCB,GJ Maxwell,2.4,16,0,27,1,10.12,27.0,16.0
IPL_2023_024,1,RCB,PWH de Silva,2.0,12,0,21,1,10.5,21.0,12.0
IPL_2023_024,1,RCB,HV Patel,3.4,22,0,33,1,9.0,33.0,22.0
IPL_2023_024,2,CSK,Akash Singh,3.0,18,0,35,1,11.67,35.0,18.0
IPL_2023_024,2,CSK,TU Deshpande,4.0,24,0,46,3,11.5,15.33,8.0
IPL_2023_024,2,CSK,M Theekshana,4.0,24,0,41,1,10.25,41.0,24.0
IPL_2023_024,2,CSK,RA Jadeja,4.0,24,0,37,0,9.25,,
IPL_2023_024,2,CSK,M Pathirana,4.0,24,0,40,2,10.0,20.0,12.0
IPL_2023_024,2,CSK,MM Ali,1.0,6,0,13,1,13.0,13.0,6.0
IPL_2023_025,1,SRH,B Kumar,4.0,24,0,31,1,7.75,31.0,24.0
IPL_2023_025,1,SRH,M Jansen,4.0,24,0,42,2,10.5,21.0,12.0
IPL_2023_025,1,SRH,Washington Sundar,4.0,24,0,33,0,8.25,,
IPL_2023_025,1,SRH,T Natarajan,4.0,24,0,50,1,12.5,50.0,24.0
IPL_2023_025,1,SRH,M Markande,4.0,24,0,34,0,8.5,,
IPL_2023_025,2,MI,Arjun Tendulkar,2.5,17,0,17,1,6.0,17.0,17.0
IPL_2023_025,2,MI,JP Behrendorff,4.0,24,0,32,2,8.0,16.0,12.0
IPL_2023_025,2,MI,RP Meredith,4.0,24,0,30,2,7.5,15.0,12.0
IPL_2023_025,2,MI,HR Shokeen,1.0,6,0,12,0,12.0,,
IPL_2023_025,2,MI,PP Chawla,4.0,24,0,43,2,10.75,21.5,12.0
IPL_2023_025,2,MI,C Green,4.0,24,0,31,1,7.75,31.0,24.0
IPL_2023_026,1,RR,TA Boult,4.0,24,0,18,1,4.5,18.0,24.0
IPL_2023_026,1,RR,Sandeep Sharma,4.1,25,0,31,1,7.44,31.0,25.0
IPL_2023_026,1,RR,R Ashwin,4.0,24,0,22,2,5.5,11.0,12.0
IPL_2023_026,1,RR,YS Chahal,4.0,24,0,41,0,10.25,,
IPL_2023_026,1,RR,JO Holder,4.0,24,0,40,1,10.0,40.0,24.0
IPL_2023_026,2,LSG,Naveen-ul-Haq,4.0,24,0,19,0,4.75,,
IPL_2023_026,2,LSG,Yudhvir Singh,2.0,12,0,22,0,11.0,,
IPL_2023_026,2,LSG,Avesh Khan,4.0,24,0,26,3,6.5,8.67,8.0
IPL_2023_026,2,LSG,MP Stoinis,4.0,24,0,28,2,7.0,14.0,12.0
IPL_2023_026,2,LSG,Ravi Bishnoi,4.1,25,0,26,0,6.24,,
IPL_2023_026,2,LSG,A Mishra,2.0,12,0,16,0,8.0,,
IPL_2023_027,1,PBKS,Arshdeep Singh,4.0,24,0,34,1,8.5,34.0,24.0
IPL_2023_027,1,PBKS,Harpreet Brar,3.0,18,0,31,2,10.33,15.5,9.0
IPL_2023_027,1,PBKS,NT Ellis,4.0,24,0,40,1,10.0,40.0,24.0
IPL_2023_027,1,PBKS,SM Curran,4.1,25,0,32,0,7.68,,
IPL_2023_027,1,PBKS,RD Chahar,4.0,24,0,24,0,6.0,,
IPL_2023_027,1,PBKS,LS Livingstone,1.0,6,0,9,0,9.0,,
IPL_2023_027,2,RCB,Mohammed Siraj,4.0,24,0,22,4,5.5,5.5,6.0
IPL_2023_027,2,RCB,WD Parnell,3.0,18,0,32,1,10.67,32.0,18.0
IPL_2023_027,2,RCB,PWH de Silva,4.0,24,0,39,2,9.75,19.5,12.0
IPL_2023_027,2,RCB,Vijaykumar Vyshak,3.0,18,0,28,0,9.33,,
IPL_2023_027,2,RCB,GJ Maxwell,1.0,6,0,5,0,5.0,,
IPL_2023_027,2,RCB,HV Patel,3.3,21,0,21,1,6.0,21.0,21.0
IPL_2023_028,1,DC,I Sharma,4.0,24,0,17,2,4.25,8.5,12.0
IPL_2023_028,1,DC,Mukesh Kumar,4.0,24,0,30,1,7.5,30.0,24.0
IPL_2023_028,1,DC,A Nortje,4.0,24,0,19,2,4.75,9.5,12.0
IPL_2023_028,1,DC,AR Patel,3.0,18,0,13,2,4.33,6.5,9.0
IPL_2023_028,1,DC,MR Marsh,2.0,12,0,23,0,11.5,,
IPL_2023_028,1,DC,Kuldeep Yadav,3.0,18,0,14,2,4.67,7.0,9.0
IPL_2023_028,2,KKR,UT Yadav,1.0,6,0,6,0,6.0,,
IPL_2023_028,2,KKR,K Khejroliya,1.3,9,0,19,0,12.67,,
IPL_2023_028,2,KKR,AD Russell,1.1,7,0,11,0,9.43,,
IPL_2023_028,2,KKR,SP Narine,4.0,24,0,36,0,9.0,,
IPL_2023_028,2,KKR,CV Varun,4.0,24,0,17,2,4.25,8.5,12.0
IPL_2023_028,2,KKR,AS Roy,4.0,24,0,17,2,4.25,8.5,12.0
IPL_2023_028,2,KKR,N Rana,4.0,24,0,17,2,4.25,8.5,12.0
IPL_2023_029,1,CSK,Akash Singh,3.0,18,0,17,1,5.67,17.0,18.0
IPL_2023_029,1,CSK,TU Deshpande,3.0,18,0,25,0,8.33,,
IPL_2023_029,1,CSK,M Theekshana,4.0,24,0,28,1,7.0,28.0,24.0
IPL_2023_029,1,CSK,MM Ali,2.0,12,0,18,0,9.0,,
IPL_2023_029,1,CSK,RA Jadeja,4.0,24,0,22,3,5.5,7.33,8.0
IPL_2023_029,1,CSK,M Pathirana,4.0,24,0,22,1,5.5,22.0,24.0
IPL_2023_029,2,SRH,B Kumar,2.0,12,0,11,0,5.5,,
IPL_2023_029,2,SRH,M Jansen,3.0,18,0,38,0,12.67,,
IPL_2023_029,2,SRH,AK Markram,1.0,6,0,11,0,11.0,,
IPL_2023_029,2,SRH,Washington Sundar,2.4,16,0,16,0,6.0,,
IPL_2023_029,2,SRH,M Markande,4.0,24,0,23,2,5.75,11.5,12.0
IPL_2023_029,2,SRH,Umran Malik,3.0,18,0,18,0,6.0,,
IPL_2023_029,2,SRH,Mayank Dagar,3.0,18,0,21,0,7.0,,
IPL_2023_030,1,LSG,Naveen-ul-Haq,4.0,24,0,20,1,5.0,20.0,24.0
IPL_2023_030,1,LSG,KH Pandya,4.0,24,0,16,2,4.0,8.0,12.0
IPL_2023_030,1,LSG,Avesh Khan,3.0,18,0,21,0,7.0,,
IPL_2023_030,1,LSG,Ravi Bishnoi,4.0,24,0,49,0,12.25,,
IPL_2023_030,1,LSG,MP Stoinis,3.0,18,0,20,2,6.67,10.0,9.0
IPL_2023_030,1,LSG,A Mishra,2.0,12,0,9,1,4.5,9.0,12.0
IPL_2023_030,2,GT,Mohammed Shami,3.0,18,0,19,0,6.33,,
IPL_2023_030,2,GT,J Yadav,4.0,24,0,26,0,6.5,,
IPL_2023_030,2,GT,Rashid Khan,4.0,24,0,33,1,8.25,33.0,24.0
IPL_2023_030,2,GT,MM Sharma,3.0,18,0,17,2,5.67,8.5,9.0
IPL_2023_030,2,GT,Noor Ahmad,4.0,24,0,18,2,4.5,9.0,12.0
IPL_2023_030,2,GT,HH Pandya,1.0,6,0,7,0,7.0,,
IPL_2023_030,2,GT,R Tewatia,1.0,6,0,7,0,7.0,,
IPL_2023_031,1,MI,Arjun Tendulkar,3.1,19,0,43,1,13.58,43.0,19.0
IPL_2023_031,1,MI,JP Behrendorff,3.0,18,0,40,1,13.33,40.0,18.0
IPL_2023_031,1,MI,C Green,4.0,24,0,41,2,10.25,20.5,12.0
IPL_2023_031,1,MI,JC Archer,4.0,24,0,42,1,10.5,42.0,24.0
IPL_2023_031,1,MI,PP Chawla,3.0,18,0,14,2,4.67,7.0,9.0
IPL_2023_031,1,MI,HR Shokeen,3.1,19,0,25,0,7.89,,
IPL_2023_031,2,PBKS,MW Short,1.0,6,0,6,0,6.0,,
IPL_2023_031,2,PBKS,Arshdeep Singh,4.0,24,0,28,4,7.0,7.0,6.0
IPL_2023_031,2,PBKS,Harpreet Brar,2.0,12,0,15,0,7.5,,
IPL_2023_031,2,PBKS,SM Curran,3.0,18,0,40,0,13.33,,
IPL_2023_031,2,PBKS,NT Ellis,4.0,24,0,44,1,11.0,44.0,24.0
IPL_2023_031,2,PBKS,RD Chahar,4.0,24,0,42,0,10.5,,
IPL_2023_031,2,PBKS,LS Livingstone,2.0,12,0,23,1,11.5,23.0,12.0
IPL_2023_032,1,RR,TA Boult,4.0,24,0,36,2,9.0,18.0,12.0
IPL_2023_032,1,RR,Sandeep Sharma,4.0,24,0,48,2,12.0,24.0,12.0
IPL_2023_032,1,RR,R Ashwin,4.0,24,0,35,1,8.75,35.0,24.0
IPL_2023_032,1,RR,YS Chahal,4.0,24,0,26,1,6.5,26.0,24.0
IPL_2023_032,1,RR,JO Holder,4.0,24,0,34,0,8.5,,
IPL_2023_032,2,RCB,Mohammed Siraj,4.0,24,0,36,1,9.0,36.0,24.0
IPL_2023_032,2,RCB,DJ Willey,4.0,24,0,26,1,6.5,26.0,24.0
IPL_2023_032,2,RCB,Vijaykumar Vyshak,2.0,12,0,23,0,11.5,,
IPL_2023_032,2,RCB,GJ Maxwell,2.0,12,0,25,0,12.5,,
IPL_2023_032,2,RCB,HV Patel,4.0,24,0,32,3,8.0,10.67,8.0
IPL_2023_032,2,RCB,PWH de Silva,4.0,24,0,33,0,8.25,,
IPL_2023_033,1,KKR,UT Yadav,3.0,18,0,35,0,11.67,,
IPL_2023_033,1,KKR,D Wiese,3.0,18,0,38,0,12.67,,
IPL_2023_033,1,KKR,CV Varun,4.0,24,0,49,1,12.25,49.0,24.0
IPL_2023_033,1,KKR,K Khejroliya,3.1,19,0,43,2,13.58,21.5,9.5
IPL_2023_033,1,KKR,SP Narine,2.0,12,0,23,0,11.5,,
IPL_2023_033,1,KKR,Suyash Sharma,4.0,24,0,29,1,7.25,29.0,24.0
IPL_2023_033,1,KKR,AD Russell,1.0,6,0,15,0,15.0,,
IPL_2023_033,2,CSK,Akash Singh,4.0,24,0,28,1,7.0,28.0,24.0
IPL_2023_033,2,CSK,TU Deshpande,4.0,24,0,40,2,10.0,20.0,12.0
IPL_2023_033,2,CSK,M Theekshana,4.0,24,0,31,2,7.75,15.5,12.0
IPL_2023_033,2,CSK,MM Ali,1.0,6,0,20,1,20.0,20.0,6.0
IPL_2023_033,2,CSK,RA Jadeja,3.0,18,0,34,1,11.33,34.0,18.0
IPL_2023_033,2,CSK,M Pathirana,4.0,24,0,24,1,6.0,24.0,24.0
IPL_2023_034,1,SRH,B Kumar,4.0,24,0,13,2,3.25,6.5,12.0
IPL_2023_034,1,SRH,M Jansen,2.0,12,0,27,0,13.5,,
IPL_2023_034,1,SRH,Washington Sundar,4.0,24,0,28,3,7.0,9.33,8.0
IPL_2023_034,1,SRH,T Natarajan,3.0,18,0,21,1,7.0,21.0,18.0
IPL_2023_034,1,SRH,M Markande,4.0,24,0,32,0,8.0,,
IPL_2023_034,1,SRH,Umran Malik,2.0,12,0,14,0,7.0,,
IPL_2023_034,1,SRH,AK Markram,1.0,6,0,7,0,7.0,,
IPL_2023_034,2,DC,I Sharma,3.0,18,0,18,1,6.0,18.0,18.0
IPL_2023_034,2,DC,A Nortje,4.0,24,0,33,2,8.25,16.5,12.0
IPL_2023_034,2,DC,Mukesh Kumar,3.0,18,0,27,0,9.0,,
IPL_2023_034,2,DC,AR Patel,4.0,24,0,21,2,5.25,10.5,12.0
IPL_2023_034,2,DC,Kuldeep Yadav,4.0,24,0,22,1,5.5,22.0,24.0
IPL_2023_034,2,DC,MR Marsh,2.1,13,0,15,0,6.92,,
IPL_2023_035,1,MI,Arjun Tendulkar,2.0,12,0,9,1,4.5,9.0,12.0
IPL_2023_035,1,MI,JP Behrendorff,4.0,24,0,35,1,8.75,35.0,24.0
IPL_2023_035,1,MI,RP Meredith,4.0,24,0,47,1,11.75,47.0,24.0
IPL_2023_035,1,MI,C Green,2.0,12,0,39,0,19.5,,
IPL_2023_035,1,MI,PP Chawla,4.0,24,0,33,2,8.25,16.5,12.0
IPL_2023_035,1,MI,K Kartikeya,4.0,24,0,39,1,9.75,39.0,24.0
IPL_2023_035,2,GT,Mohammed Shami,4.0,24,0,17,0,4.25,,
IPL_2023_035,2,GT,HH Pandya,2.0,12,0,14,1,7.0,14.0,12.0
IPL_2023_035,2,GT,Rashid Khan,4.0,24,0,27,2,6.75,13.5,12.0
IPL_2023_035,2,GT,Noor Ahmad,4.0,24,0,37,3,9.25,12.33,8.0
IPL_2023_035,2,GT,MM Sharma,4.0,24,0,38,2,9.5,19.0,12.0
IPL_2023_035,2,GT,J Little,2.0,12,0,18,0,9.0,,
IPL_2023_036,1,RCB,Mohammed Siraj,4.0,24,0,33,1,8.25,33.0,24.0
IPL_2023_036,1,RCB,DJ Willey,3.0,18,0,30,0,10.0,,
IPL_2023_036,1,RCB,PWH de Silva,4.0,24,0,24,2,6.0,12.0,12.0
IPL_2023_036,1,RCB,Shahbaz Ahmed,1.0,6,0,25,0,25.0,,
IPL_2023_036,1,RCB,Vijaykumar Vyshak,4.0,24,0,38,2,9.5,19.0,12.0
IPL_2023_036,1,RCB,HV Patel,4.0,24,0,45,0,11.25,,
IPL_2023_036,2,KKR,VG Arora,2.0,12,0,22,0,11.0,,
IPL_2023_036,2,KKR,UT Yadav,1.0,6,0,19,0,19.0,,
IPL_2023_036,2,KKR,Suyash Sharma,4.0,24,0,29,2,7.25,14.5,12.0
IPL_2023_036,2,KKR,CV Varun,4.0,24,0,27,3,6.75,9.0,8.0
IPL_2023_036,2,KKR,AD Russell,4.0,24,0,29,2,7.25,14.5,12.0
IPL_2023_036,2,KKR,SP Narine,4.0,24,0,42,0,10.5,,
IPL_2023_036,2,KKR,N Rana,1.0,6,0,8,0,8.0,,
IPL_2023_037,1,CSK,Akash Singh,2.0,12,0,32,0,16.0,,
IPL_2023_037,1,CSK,TU Deshpande,4.0,24,0,42,2,10.5,21.0,12.0
IPL_2023_037,1,CSK,M Theekshana,4.0,24,0,29,1,7.25,29.0,24.0
IPL_2023_037,1,CSK,RA Jadeja,4.0,24,0,31,1,7.75,31.0,24.0
IPL_2023_037,1,CSK,MM Ali,2.0,12,0,17,0,8.5,,
IPL_2023_037,1,CSK,M Pathirana,4.0,24,0,47,0,11.75,,
IPL_2023_037,2,RR,Sandeep Sharma,4.0,24,0,24,0,6.0,,
IPL_2023_037,2,RR,K Yadav,3.0,18,0,18,1,6.0,18.0,18.0
IPL_2023_037,2,RR,JO Holder,4.0,24,0,48,0,12.0,,
IPL_2023_037,2,RR,R Ashwin,4.0,24,0,35,2,8.75,17.5,12.0
IPL_2023_037,2,RR,A Zampa,3.0,18,0,23,3,7.67,7.67,6.0
IPL_2023_037,2,RR,YS Chahal,2.0,12,0,21,0,10.5,,
IPL_2023_038,1,PBKS,Gurnoor Brar,3.2,20,0,39,0,11.7,,
IPL_2023_038,1,PBKS,Arshdeep Singh,4.0,24,0,52,1,13.0,52.0,24.0
IPL_2023_038,1,PBKS,K Rabada,4.2,26,0,53,2,12.23,26.5,13.0
IPL_2023_038,1,PBKS,Sikandar Raza,1.0,6,0,17,0,17.0,,
IPL_2023_038,1,PBKS,RD Chahar,4.0,24,0,30,0,7.5,,
IPL_2023_038,1,PBKS,SM Curran,3.0,18,0,38,1,12.67,38.0,18.0
IPL_2023_038,1,PBKS,LS Livingstone,1.0,6,0,19,1,19.0,19.0,6.0
IPL_2023_038,2,LSG,MP Stoinis,1.5,11,0,18,1,9.82,18.0,11.0
IPL_2023_038,2,LSG,KR Mayers,1.0,6,0,4,0,4.0,,
IPL_2023_038,2,LSG,A Badoni,0.1,1,0,0,0,0.0,,
IPL_2023_038,2,LSG,Naveen-ul-Haq,4.1,25,0,29,3,6.96,9.67,8.33
IPL_2023_038,2,LSG,Avesh Khan,2.0,12,0,28,0,14.0,,
IPL_2023_038,2,LSG,A Mishra,2.0,12,0,23,0,11.5,,
IPL_2023_038,2,LSG,Ravi Bishnoi,4.1,25,0,41,2,9.84,20.5,12.5
IPL_2023_038,2,LSG,Yash Thakur,3.5,23,0,37,4,9.65,9.25,5.75
IPL_2023_038,2,LSG,KH Pandya,1.0,6,0,12,0,12.0,,
IPL_2023_039,1,GT,Mohammed Shami,4.0,24,0,33,3,8.25,11.0,8.0
IPL_2023_039,1,GT,HH Pandya,3.0,18,0,33,0,11.0,,
IPL_2023_039,1,GT,Rashid Khan,4.0,24,0,53,0,13.25,,
IPL_2023_039,1,GT,J Little,4.0,24,0,25,2,6.25,12.5,12.0
IPL_2023_039,1,GT,Noor Ahmad,4.0,24,0,20,2,5.0,10.0,12.0
IPL_2023_039,1,GT,MM Sharma,1.0,6,0,12,0,12.0,,
IPL_2023_039,2,KKR,Harshit Rana,3.0,18,0,24,1,8.0,24.0,18.0
IPL_2023_039,2,KKR,AD Russell,3.0,18,0,28,1,9.33,28.0,18.0
IPL_2023_039,2,KKR,CV Varun,4.0,24,0,47,0,11.75,,
IPL_2023_039,2,KKR,Suyash Sharma,4.0,24,0,41,0,10.25,,
IPL_2023_039,2,KKR,SP Narine,3.0,18,0,24,1,8.0,24.0,18.0
IPL_2023_039,2,KKR,N Rana,0.5,5,0,13,0,15.6,,
IPL_2023_040,1,DC,I Sharma,3.0,18,0,31,1,10.33,31.0,18.0
IPL_2023_040,1,DC,A Nortje,4.0,24,0,42,0,10.5,,
IPL_2023_040,1,DC,Mukesh Kumar,2.1,13,0,35,0,16.15,,
IPL_2023_040,1,DC,MR Marsh,4.0,24,0,25,4,6.25,6.25,6.0
IPL_2023_040,1,DC,Kuldeep Yadav,3.0,18,0,27,0,9.0,,
IPL_2023_040,1,DC,AR Patel,4.0,24,0,28,1,7.0,28.0,24.0
IPL_2023_040,2,SRH,B Kumar,4.0,24,0,42,1,10.5,42.0,24.0
IPL_2023_040,2,SRH,AJ Hosein,4.0,24,0,41,1,10.25,41.0,24.0
IPL_2023_040,2,SRH,T Natarajan,4.0,24,0,34,1,8.5,34.0,24.0
IPL_2023_040,2,SRH,Umran Malik,1.0,6,0,22,0,22.0,,
IPL_2023_040,2,SRH,M Markande,4.0,24,0,20,2,5.0,10.0,12.0
IPL_2023_040,2,SRH,Abhishek Sharma,3.0,18,0,26,1,8.67,26.0,18.0
IPL_2023_041,1,PBKS,Arshdeep Singh,4.0,24,0,34,1,8.5,34.0,24.0
IPL_2023_041,1,PBKS,K Rabada,4.0,24,0,34,0,8.5,,
IPL_2023_041,1,PBKS,SM Curran,4.0,24,0,43,1,10.75,43.0,24.0
IPL_2023_041,1,PBKS,RD Chahar,4.0,24,0,35,1,8.75,35.0,24.0
IPL_2023_041,1,PBKS,Sikandar Raza,3.0,18,0,31,1,10.33,31.0,18.0
IPL_2023_041,1,PBKS,LS Livingstone,1.0,6,0,16,0,16.0,,
IPL_2023_041,2,CSK,Akash Singh,3.0,18,0,34,0,11.33,,
IPL_2023_041,2,CSK,TU Deshpande,4.0,24,0,52,3,13.0,17.33,8.0
IPL_2023_041,2,CSK,M Theekshana,4.0,24,0,35,0,8.75,,
IPL_2023_041,2,CSK,RA Jadeja,4.0,24,0,32,2,8.0,16.0,12.0
IPL_2023_041,2,CSK,MM Ali,1.0,6,0,10,0,10.0,,
IPL_2023_041,2,CSK,M Pathirana,4.0,24,0,32,1,8.0,32.0,24.0
IPL_2023_042,1,MI,C Green,3.0,18,0,24,0,8.0,,
IPL_2023_042,1,MI,JC Archer,4.1,25,0,37,1,8.88,37.0,25.0
IPL_2023_042,1,MI,RP Meredith,4.0,24,0,49,1,12.25,49.0,24.0
IPL_2023_042,1,MI,PP Chawla,4.0,24,0,34,2,8.5,17.0,12.0
IPL_2023_042,1,MI,K Kartikeya,2.0,12,0,15,0,7.5,,
IPL_2023_042,1,MI,Arshad Khan,3.0,18,0,36,3,12.0,12.0,6.0
IPL_2023_042,2,RR,TA Boult,4.0,24,0,42,1,10.5,42.0,24.0
IPL_2023_042,2,RR,Sandeep Sharma,4.0,24,0,33,1,8.25,33.0,24.0
IPL_2023_042,2,RR,R Ashwin,4.0,24,0,26,2,6.5,13.0,12.0
IPL_2023_042,2,RR,YS Chahal,3.0,18,0,33,0,11.0,,
IPL_2023_042,2,RR,JO Holder,3.3,21,0,53,0,15.14,,
IPL_2023_042,2,RR,KR Sen,1.1,7,0,19,0,16.29,,
IPL_2023_043,1,LSG,KH Pandya,4.0,24,0,21,0,5.25,,
IPL_2023_043,1,LSG,MP Stoinis,1.0,6,0,11,0,11.0,,
IPL_2023_043,1,LSG,Naveen-ul-Haq,4.0,24,0,30,3,7.5,10.0,8.0
IPL_2023_043,1,LSG,Ravi Bishnoi,4.0,24,0,21,2,5.25,10.5,12.0
IPL_2023_043,1,LSG,A Mishra,3.0,18,0,21,2,7.0,10.5,9.0
IPL_2023_043,1,LSG,Yash Thakur,2.0,12,0,10,0,5.0,,
IPL_2023_043,1,LSG,K Gowtham,2.0,12,0,10,1,5.0,10.0,12.0
IPL_2023_043,2,RCB,Mohammed Siraj,3.1,19,0,21,1,6.63,21.0,19.0
IPL_2023_043,2,RCB,JR Hazlewood,3.1,19,0,14,2,4.42,7.0,9.5
IPL_2023_043,2,RCB,GJ Maxwell,1.0,6,0,3,1,3.0,3.0,6.0
IPL_2023_043,2,RCB,PWH de Silva,4.0,24,0,20,1,5.0,20.0,24.0
IPL_2023_043,2,RCB,KV Sharma,4.0,24,0,20,2,5.0,10.0,12.0
IPL_2023_043,2,RCB,HV Patel,3.5,23,0,21,1,5.48,21.0,23.0
IPL_2023_043,2,RCB,MK Lomror,1.0,6,0,4,0,4.0,,
IPL_2023_044,1,GT,Mohammed Shami,4.0,24,0,11,4,2.75,2.75,6.0
IPL_2023_044,1,GT,HH Pandya,1.1,7,0,9,0,7.71,,
IPL_2023_044,1,GT,J Little,3.0,18,0,27,0,9.0,,
IPL_2023_044,1,GT,Rashid Khan,4.0,24,0,28,1,7.0,28.0,24.0
IPL_2023_044,1,GT,Noor Ahmad,4.0,24,0,18,0,4.5,,
IPL_2023_044,1,GT,MM Sharma,4.0,24,0,33,2,8.25,16.5,12.0
IPL_2023_044,2,DC,KK Ahmed,4.0,24,0,24,2,6.0,12.0,12.0
IPL_2023_044,2,DC,I Sharma,4.0,24,0,21,2,5.25,10.5,12.0
IPL_2023_044,2,DC,A Nortje,4.0,24,0,37,1,9.25,37.0,24.0
IPL_2023_044,2,DC,Kuldeep Yadav,4.0,24,0,15,1,3.75,15.0,24.0
IPL_2023_044,2,DC,AR Patel,4.0,24,0,23,0,5.75,,
IPL_2023_045,1,CSK,DL Chahar,4.0,24,0,41,0,10.25,,
IPL_2023_045,1,CSK,TU Deshpande,1.0,6,0,1,0,1.0,,
IPL_2023_045,1,CSK,MM Ali,4.0,24,0,13,2,3.25,6.5,12.0
IPL_2023_045,1,CSK,M Theekshana,4.0,24,0,37,2,9.25,18.5,12.0
IPL_2023_045,1,CSK,RA Jadeja,3.0,18,0,11,1,3.67,11.0,18.0
IPL_2023_045,1,CSK,M Pathirana,3.2,20,0,16,2,4.8,8.0,10.0
IPL_2023_046,1,MI,C Green,2.0,12,0,15,0,7.5,,
IPL_2023_046,1,MI,Arshad Khan,4.0,24,0,47,1,11.75,47.0,24.0
IPL_2023_046,1,MI,JC Archer,4.1,25,0,53,0,12.72,,
IPL_2023_046,1,MI,PP Chawla,4.0,24,0,29,2,7.25,14.5,12.0
IPL_2023_046,1,MI,K Kartikeya,3.0,18,0,22,0,7.33,,
IPL_2023_046,1,MI,Akash Madhwal,3.1,19,0,36,0,11.37,,
IPL_2023_046,2,PBKS,R Dhawan,3.0,18,0,24,1,8.0,24.0,18.0
IPL_2023_046,2,PBKS,Arshdeep Singh,3.5,23,0,64,1,16.7,64.0,23.0
IPL_2023_046,2,PBKS,SM Curran,3.0,18,0,40,0,13.33,,
IPL_2023_046,2,PBKS,NT Ellis,4.0,24,0,34,2,8.5,17.0,12.0
IPL_2023_046,2,PBKS,RD Chahar,3.0,18,0,30,0,10.0,,
IPL_2023_046,2,PBKS,Harpreet Brar,2.0,12,0,21,0,10.5,,
IPL_2023_047,1,SRH,B Kumar,4.0,24,0,32,1,8.0,32.0,24.0
IPL_2023_047,1,SRH,M Jansen,3.1,19,0,23,2,7.26,11.5,9.5
IPL_2023_047,1,SRH,Kartik Tyagi,2.1,13,0,27,1,12.46,27.0,13.0
IPL_2023_047,1,SRH,AK Markram,3.0,18,0,25,1,8.33,25.0,18.0
IPL_2023_047,1,SRH,T Natarajan,4.0,24,0,28,2,7.0,14.0,12.0
IPL_2023_047,1,SRH,M Markande,4.0,24,0,29,1,7.25,29.0,24.0
IPL_2023_047,2,KKR,Harshit Rana,4.0,24,0,27,1,6.75,27.0,24.0
IPL_2023_047,2,KKR,VG Arora,3.2,20,0,30,2,9.0,15.0,10.0
IPL_2023_047,2,KKR,SN Thakur,3.0,18,0,23,2,7.67,11.5,9.0
IPL_2023_047,2,KKR,AD Russell,1.1,7,0,14,1,12.0,14.0,7.0
IPL_2023_047,2,KKR,AS Roy,3.0,18,0,25,1,8.33,25.0,18.0
IPL_2023_047,2,KKR,SP Narine,2.0,12,0,16,0,8.0,,
IPL_2023_047,2,KKR,CV Varun,4.0,24,0,24,1,6.0,24.0,24.0
IPL_2023_048,1,GT,Mohammed Shami,4.0,24,0,25,1,6.25,25.0,24.0
IPL_2023_048,1,GT,HH Pandya,2.0,12,0,23,1,11.5,23.0,12.0
IPL_2023_048,1,GT,Rashid Khan,4.0,24,0,12,3,3.0,4.0,8.0
IPL_2023_048,1,GT,J Little,4.0,24,0,24,1,6.0,24.0,24.0
IPL_2023_048,1,GT,Noor Ahmad,3.0,18,0,22,2,7.33,11.0,9.0
IPL_2023_048,1,GT,MM Sharma,0.5,5,0,5,0,6.0,,
IPL_2023_048,2,RR,TA Boult,3.0,18,0,28,0,9.33,,
IPL_2023_048,2,RR,Sandeep Sharma,3.1,19,0,20,0,6.32,,
IPL_2023_048,2,RR,A Zampa,3.0,18,0,40,0,13.33,,
IPL_2023_048,2,RR,YS Chahal,3.5,23,0,22,1,5.74,22.0,23.0
IPL_2023_048,2,RR,R Ashwin,1.0,6,0,8,0,8.0,,
IPL_2023_049,1,CSK,DL Chahar,3.0,18,0,18,2,6.0,9.0,9.0
IPL_2023_049,1,CSK,TU Deshpande,4.0,24,0,25,2,6.25,12.5,12.0
IPL_2023_049,1,CSK,RA Jadeja,4.0,24,0,35,1,8.75,35.0,24.0
IPL_2023_049,1,CSK,MM Ali,1.0,6,0,11,0,11.0,,
IPL_2023_049,1,CSK,M Theekshana,4.0,24,0,28,0,7.0,,
IPL_2023_049,1,CSK,M Pathirana,4.0,24,0,19,3,4.75,6.33,8.0
IPL_2023_049,2,MI,C Green,1.1,7,0,8,0,6.86,,
IPL_2023_049,2,MI,JC Archer,4.0,24,0,24,0,6.0,,
IPL_2023_049,2,MI,Arshad Khan,1.4,10,0,28,0,16.8,,
IPL_2023_049,2,MI,PP Chawla,4.0,24,0,25,2,6.25,12.5,12.0
IPL_2023_049,2,MI,R Goyal,4.0,24,0,34,0,8.5,,
IPL_2023_049,2,MI,T Stubbs,2.0,12,0,14,1,7.0,14.0,12.0
IPL_2023_049,2,MI,Akash Madhwal,1.0,6,0,4,1,4.0,4.0,6.0
IPL_2023_050,1,DC,KK Ahmed,4.0,24,0,44,1,11.0,44.0,24.0
IPL_2023_050,1,DC,AR Patel,3.0,18,0,17,0,5.67,,
IPL_2023_050,1,DC,I Sharma,3.0,18,0,28,0,9.33,,
IPL_2023_050,1,DC,Mukesh Kumar,3.0,18,0,29,1,9.67,29.0,18.0
IPL_2023_050,1,DC,MR Marsh,3.0,18,0,20,2,6.67,10.0,9.0
IPL_2023_050,1,DC,Kuldeep Yadav,4.0,24,0,37,0,9.25,,
IPL_2023_050,2,RCB,Mohammed Siraj,2.0,12,0,28,0,14.0,,
IPL_2023_050,2,RCB,GJ Maxwell,1.4,10,0,15,0,9.0,,
IPL_2023_050,2,RCB,JR Hazlewood,3.1,19,0,28,1,8.84,28.0,19.0
IPL_2023_050,2,RCB,PWH de Silva,4.0,24,0,32,0,8.0,,
IPL_2023_050,2,RCB,KV Sharma,3.0,18,0,37,1,12.33,37.0,18.0
IPL_2023_050,2,RCB,MK Lomror,1.0,6,0,13,0,13.0,,
IPL_2023_050,2,RCB,HV Patel,2.0,12,0,31,1,15.5,31.0,12.0
IPL_2023_051,1,LSG,Mohsin Khan,3.0,18,0,40,1,13.33,40.0,18.0
IPL_2023_051,1,LSG,Avesh Khan,4.0,24,0,35,1,8.75,35.0,24.0
IPL_2023_051,1,LSG,KH Pandya,4.0,24,0,38,0,9.5,,
IPL_2023_051,1,LSG,Yash Thakur,4.0,24,0,47,0,11.75,,
IPL_2023_051,1,LSG,Ravi Bishnoi,2.0,12,0,20,0,10.0,,
IPL_2023_051,1,LSG,KR Mayers,1.1,7,0,15,0,12.86,,
IPL_2023_051,1,LSG,Swapnil Singh,1.0,6,0,7,0,7.0,,
IPL_2023_051,1,LSG,MP Stoinis,1.0,6,0,20,0,20.0,,
IPL_2023_051,2,GT,Mohammed Shami,4.0,24,0,38,1,9.5,38.0,24.0
IPL_2023_051,2,GT,HH Pandya,3.0,18,0,35,0,11.67,,
IPL_2023_051,2,GT,Rashid Khan,4.0,24,0,34,1,8.5,34.0,24.0
IPL_2023_051,2,GT,Noor Ahmad,4.0,24,0,26,1,6.5,26.0,24.0
IPL_2023_051,2,GT,MM Sharma,4.0,24,0,28,4,7.0,7.0,6.0
IPL_2023_051,2,GT,AS Joseph,1.0,6,0,5,0,5.0,,
IPL_2023_052,1,SRH,B Kumar,4.0,24,0,42,1,10.5,42.0,24.0
IPL_2023_052,1,SRH,M Jansen,4.0,24,0,47,1,11.75,47.0,24.0
IPL_2023_052,1,SRH,T Natarajan,4.0,24,0,36,0,9.0,,
IPL_2023_052,1,SRH,M Markande,4.0,24,0,51,0,12.75,,
IPL_2023_052,1,SRH,Abhishek Sharma,2.0,12,0,16,0,8.0,,
IPL_2023_052,1,SRH,Vivrant Sharma,2.0,12,0,17,0,8.5,,
IPL_2023_052,2,RR,Sandeep Sharma,4.1,25,0,47,0,11.28,,
IPL_2023_052,2,RR,K Yadav,4.0,24,0,50,1,12.5,50.0,24.0
IPL_2023_052,2,RR,R Ashwin,4.0,24,0,32,1,8.0,32.0,24.0
IPL_2023_052,2,RR,YS Chahal,4.0,24,0,29,4,7.25,7.25,6.0
IPL_2023_052,2,RR,M Ashwin,3.0,18,0,42,0,14.0,,
IPL_2023_052,2,RR,OC McCoy,1.0,6,0,12,0,12.0,,
IPL_2023_053,1,KKR,VG Arora,3.0,18,0,31,0,10.33,,
IPL_2023_053,1,KKR,Harshit Rana,3.1,19,0,35,2,11.05,17.5,9.5
IPL_2023_053,1,KKR,AD Russell,1.1,7,0,18,0,15.43,,
IPL_2023_053,1,KKR,CV Varun,4.0,24,0,25,3,6.25,8.33,8.0
IPL_2023_053,1,KKR,Suyash Sharma,4.0,24,0,29,1,7.25,29.0,24.0
IPL_2023_053,1,KKR,SP Narine,4.0,24,0,28,0,7.0,,
IPL_2023_053,1,KKR,N Rana,1.0,6,0,7,1,7.0,7.0,6.0
IPL_2023_053,2,PBKS,R Dhawan,2.0,12,0,15,0,7.5,,
IPL_2023_053,2,PBKS,Arshdeep Singh,4.0,24,0,38,0,9.5,,
IPL_2023_053,2,PBKS,NT Ellis,4.0,24,0,30,1,7.5,30.0,24.0
IPL_2023_053,2,PBKS,SM Curran,3.0,18,0,43,0,14.33,,
IPL_2023_053,2,PBKS,LS Livingstone,2.0,12,0,27,0,13.5,,
IPL_2023_053,2,PBKS,Harpreet Brar,1.0,6,0,4,1,4.0,4.0,6.0
IPL_2023_053,2,PBKS,RD Chahar,4.0,24,0,22,2,5.5,11.0,12.0
IPL_2023_054,1,MI,JP Behrendorff,4.0,24,0,36,3,9.0,12.0,8.0
IPL_2023_054,1,MI,PP Chawla,4.0,24,0,41,0,10.25,,
IPL_2023_054,1,MI,C Green,2.0,12,0,15,1,7.5,15.0,12.0
IPL_2023_054,1,MI,CJ Jordan,4.0,24,0,47,1,11.75,47.0,24.0
IPL_2023_054,1,MI,K Kartikeya,4.0,24,0,35,1,8.75,35.0,24.0
IPL_2023_054,1,MI,Akash Madhwal,2.1,13,0,22,0,10.15,,
IPL_2023_054,2,RCB,Mohammed Siraj,3.0,18,0,31,0,10.33,,
IPL_2023_054,2,RCB,JR Hazlewood,3.0,18,0,31,0,10.33,,
IPL_2023_054,2,RCB,PWH de Silva,4.0,24,0,51,2,12.75,25.5,12.0
IPL_2023_054,2,RCB,Vijaykumar Vyshak,3.1,19,0,35,2,11.05,17.5,9.5
IPL_2023_054,2,RCB,HV Patel,3.4,22,0,44,0,12.0,,
IPL_2023_055,1,DC,KK Ahmed,4.0,24,0,31,1,7.75,31.0,24.0
IPL_2023_055,1,DC,I Sharma,2.0,12,0,22,0,11.0,,
IPL_2023_055,1,DC,Lalit Yadav,3.0,18,0,35,1,11.67,35.0,18.0
IPL_2023_055,1,DC,AR Patel,4.0,24,0,27,2,6.75,13.5,12.0
IPL_2023_055,1,DC,Kuldeep Yadav,4.0,24,0,26,1,6.5,26.0,24.0
IPL_2023_055,1,DC,MR Marsh,3.0,18,0,16,3,5.33,5.33,6.0
IPL_2023_055,2,CSK,DL Chahar,3.0,18,0,27,2,9.0,13.5,9.0
IPL_2023_055,2,CSK,TU Deshpande,3.0,18,0,19,0,6.33,,
IPL_2023_055,2,CSK,M Theekshana,2.0,12,0,16,0,8.0,,
IPL_2023_055,2,CSK,RA Jadeja,4.0,24,0,19,1,4.75,19.0,24.0
IPL_2023_055,2,CSK,MM Ali,4.0,24,0,17,0,4.25,,
IPL_2023_055,2,CSK,M Pathirana,4.0,24,0,37,3,9.25,12.33,8.0
IPL_2023_056,1,RR,TA Boult,3.0,18,0,16,2,5.33,8.0,9.0
IPL_2023_056,1,RR,Sandeep Sharma,4.0,24,0,34,1,8.5,34.0,24.0
IPL_2023_056,1,RR,R Ashwin,4.0,24,0,32,0,8.0,,
IPL_2023_056,1,RR,JE Root,2.0,12,0,15,0,7.5,,
IPL_2023_056,1,RR,YS Chahal,4.0,24,0,25,4,6.25,6.25,6.0
IPL_2023_056,1,RR,KM Asif,3.0,18,0,26,1,8.67,26.0,18.0
IPL_2023_056,2,KKR,N Rana,1.0,6,0,26,0,26.0,,
IPL_2023_056,2,KKR,Harshit Rana,2.0,12,0,21,0,10.5,,
IPL_2023_056,2,KKR,SN Thakur,1.1,7,0,18,0,15.43,,
IPL_2023_056,2,KKR,CV Varun,3.0,18,0,27,0,9.0,,
IPL_2023_056,2,KKR,SP Narine,2.0,12,0,13,0,6.5,,
IPL_2023_056,2,KKR,Suyash Sharma,3.0,18,0,23,0,7.67,,
IPL_2023_056,2,KKR,AS Roy,1.0,6,0,20,0,20.0,,
IPL_2023_057,1,GT,Mohammed Shami,4.0,24,0,55,0,13.75,,
IPL_2023_057,1,GT,MM Sharma,4.0,24,0,43,1,10.75,43.0,24.0
IPL_2023_057,1,GT,Rashid Khan,4.0,24,0,30,4,7.5,7.5,6.0
IPL_2023_057,1,GT,Noor Ahmad,4.0,24,0,38,0,9.5,,
IPL_2023_057,1,GT,AS Joseph,4.0,24,0,52,0,13.0,,
IPL_2023_057,2,MI,JP Behrendorff,4.0,24,0,36,1,9.0,36.0,24.0
IPL_2023_057,2,MI,Akash Madhwal,4.0,24,0,32,3,8.0,10.67,8.0
IPL_2023_057,2,MI,CJ Jordan,4.0,24,0,36,0,9.0,,
IPL_2023_057,2,MI,PP Chawla,4.0,24,0,36,2,9.0,18.0,12.0
IPL_2023_057,2,MI,K Kartikeya,3.0,18,0,35,2,11.67,17.5,9.0
IPL_2023_057,2,MI,C Green,1.0,6,0,13,0,13.0,,
IPL_2023_058,1,LSG,Yudhvir Singh,3.0,18,0,25,1,8.33,25.0,18.0
IPL_2023_058,1,LSG,KR Mayers,1.1,7,0,10,0,8.57,,
IPL_2023_058,1,LSG,KH Pandya,4.0,24,0,24,2,6.0,12.0,12.0
IPL_2023_058,1,LSG,Avesh Khan,2.0,12,0,30,1,15.0,30.0,12.0
IPL_2023_058,1,LSG,Yash Thakur,4.0,24,0,28,1,7.0,28.0,24.0
IPL_2023_058,1,LSG,A Mishra,4.0,24,0,39,1,9.75,39.0,24.0
IPL_2023_058,1,LSG,Ravi Bishnoi,2.0,12,0,23,0,11.5,,
IPL_2023_058,2,SRH,B Kumar,4.0,24,0,31,0,7.75,,
IPL_2023_058,2,SRH,Fazalhaq Farooqi,3.2,20,0,28,0,8.4,,
IPL_2023_058,2,SRH,GD Phillips,2.0,12,0,10,1,5.0,10.0,12.0
IPL_2023_058,2,SRH,T Natarajan,4.0,24,0,31,0,7.75,,
IPL_2023_058,2,SRH,M Markande,3.0,18,0,39,1,13.0,39.0,18.0
IPL_2023_058,2,SRH,Abhishek Sharma,3.0,18,0,41,1,13.67,41.0,18.0
IPL_2023_059,1,DC,KK Ahmed,4.0,24,0,33,0,8.25,,
IPL_2023_059,1,DC,I Sharma,3.0,18,0,28,2,9.33,14.0,9.0
IPL_2023_059,1,DC,AR Patel,4.0,24,0,22,1,5.5,22.0,24.0
IPL_2023_059,1,DC,P Dubey,3.0,18,0,18,1,6.0,18.0,18.0
IPL_2023_059,1,DC,Kuldeep Yadav,4.0,24,0,32,1,8.0,32.0,24.0
IPL_2023_059,1,DC,MR Marsh,1.0,6,0,20,0,20.0,,
IPL_2023_059,1,DC,Mukesh Kumar,1.0,6,0,3,1,3.0,3.0,6.0
IPL_2023_059,2,PBKS,R Dhawan,1.0,6,0,10,0,10.0,,
IPL_2023_059,2,PBKS,SM Curran,2.0,12,0,18,0,9.0,,
IPL_2023_059,2,PBKS,Harpreet Brar,4.0,24,0,29,4,7.25,7.25,6.0
IPL_2023_059,2,PBKS,NT Ellis,4.0,24,0,25,2,6.25,12.5,12.0
IPL_2023_059,2,PBKS,Arshdeep Singh,4.0,24,0,32,0,8.0,,
IPL_2023_059,2,PBKS,RD Chahar,4.0,24,0,16,2,4.0,8.0,12.0
IPL_2023_059,2,PBKS,Sikandar Raza,1.0,6,0,3,0,3.0,,
IPL_2023_060,1,RR,Sandeep Sharma,4.0,24,0,33,1,8.25,33.0,24.0
IPL_2023_060,1,RR,A Zampa,4.0,24,0,25,2,6.25,12.5,12.0
IPL_2023_060,1,RR,YS Chahal,4.0,24,0,36,0,9.0,,
IPL_2023_060,1,RR,R Ashwin,4.0,24,0,32,0,8.0,,
IPL_2023_060,1,RR,KM Asif,4.0,24,0,40,2,10.0,20.0,12.0
IPL_2023_060,2,RCB,Mohammed Siraj,2.0,12,0,9,1,4.5,9.0,12.0
IPL_2023_060,2,RCB,WD Parnell,3.0,18,0,10,3,3.33,3.33,6.0
IPL_2023_060,2,RCB,MG Bracewell,3.0,18,0,16,2,5.33,8.0,9.0
IPL_2023_060,2,RCB,KV Sharma,1.3,9,0,19,2,12.67,9.5,4.5
IPL_2023_060,2,RCB,GJ Maxwell,1.0,6,0,3,1,3.0,3.0,6.0
IPL_2023_061,1,KKR,VG Arora,4.1,25,0,28,1,6.72,28.0,25.0
IPL_2023_061,1,KKR,Harshit Rana,2.0,12,0,19,0,9.5,,
IPL_2023_061,1,KKR,CV Varun,4.0,24,0,34,2,8.5,17.0,12.0
IPL_2023_061,1,KKR,SP Narine,4.0,24,0,15,2,3.75,7.5,12.0
IPL_2023_061,1,KKR,SN Thakur,3.0,18,0,14,1,4.67,14.0,18.0
IPL_2023_061,1,KKR,Suyash Sharma,3.1,19,0,28,0,8.84,,
IPL_2023_061,2,CSK,DL Chahar,3.0,18,0,25,3,8.33,8.33,6.0
IPL_2023_061,2,CSK,TU Deshpande,3.3,21,0,23,0,6.57,,
IPL_2023_061,2,CSK,MM Ali,4.0,24,0,32,0,8.0,,
IPL_2023_061,2,CSK,M Theekshana,3.0,18,0,22,0,7.33,,
IPL_2023_061,2,CSK,M Pathirana,3.1,19,0,16,0,5.05,,
IPL_2023_061,2,CSK,RA Jadeja,2.0,12,0,18,0,9.0,,
IPL_2023_062,1,SRH,B Kumar,4.0,24,0,31,5,7.75,6.2,4.8
IPL_2023_062,1,SRH,M Jansen,4.2,26,0,29,1,6.69,29.0,26.0
IPL_2023_062,1,SRH,Fazalhaq Farooqi,3.0,18,0,30,1,10.0,30.0,18.0
IPL_2023_062,1,SRH,T Natarajan,4.0,24,0,34,1,8.5,34.0,24.0
IPL_2023_062,1,SRH,AK Markram,1.0,6,0,13,0,13.0,,
IPL_2023_062,1,SRH,M Markande,3.0,18,0,27,0,9.0,,
IPL_2023_062,1,SRH,Abhishek Sharma,1.0,6,0,12,0,12.0,,
IPL_2023_062,2,GT,Mohammed Shami,4.0,24,0,21,4,5.25,5.25,6.0
IPL_2023_062,2,GT,Yash Dayal,4.0,24,0,27,1,6.75,27.0,24.0
IPL_2023_062,2,GT,Rashid Khan,4.0,24,0,28,0,7.0,,
IPL_2023_062,2,GT,MM Sharma,4.0,24,0,28,4,7.0,7.0,6.0
IPL_2023_062,2,GT,Noor Ahmad,2.5,17,0,38,0,13.41,,
IPL_2023_062,2,GT,R Tewatia,1.1,7,0,7,0,6.0,,
IPL_2023_063,1,MI,JP Behrendorff,4.0,24,0,31,2,7.75,15.5,12.0
IPL_2023_063,1,MI,CJ Jordan,4.0,24,0,48,0,12.0,,
IPL_2023_063,1,MI,HR Shokeen,3.0,18,0,21,0,7.0,,
IPL_2023_063,1,MI,PP Chawla,3.0,18,0,26,1,8.67,26.0,18.0
IPL_2023_063,1,MI,Akash Madhwal,4.0,24,0,29,0,7.25,,
IPL_2023_063,1,MI,C Green,2.0,12,0,17,0,8.5,,
IPL_2023_063,2,LSG,KH Pandya,4.0,24,0,27,0,6.75,,
IPL_2023_063,2,LSG,Mohsin Khan,3.0,18,0,24,1,8.0,24.0,18.0
IPL_2023_063,2,LSG,Naveen-ul-Haq,4.1,25,0,40,0,9.6,,
IPL_2023_063,2,LSG,Yash Thakur,4.1,25,0,35,2,8.4,17.5,12.5
IPL_2023_063,2,LSG,Swapnil Singh,1.0,6,0,11,0,11.0,,
IPL_2023_063,2,LSG,Ravi Bishnoi,4.0,24,0,25,2,6.25,12.5,12.0
IPL_2023_064,1,PBKS,SM Curran,4.0,24,0,35,2,8.75,17.5,12.0
IPL_2023_064,1,PBKS,K Rabada,3.0,18,0,36,0,12.0,,
IPL_2023_064,1,PBKS,Arshdeep Singh,2.0,12,0,19,0,9.5,,
IPL_2023_064,1,PBKS,NT Ellis,4.0,24,0,46,0,11.5,,
IPL_2023_064,1,PBKS,RD Chahar,4.0,24,0,35,0,8.75,,
IPL_2023_064,1,PBKS,Harpreet Brar,3.0,18,0,37,0,12.33,,
IPL_2023_064,2,DC,KK Ahmed,3.1,19,0,22,1,6.95,22.0,19.0
IPL_2023_064,2,DC,I Sharma,3.1,19,0,36,2,11.37,18.0,9.5
IPL_2023_064,2,DC,A Nortje,4.0,24,0,37,2,9.25,18.5,12.0
IPL_2023_064,2,DC,Mukesh Kumar,4.0,24,0,52,1,13.0,52.0,24.0
IPL_2023_064,2,DC,AR Patel,3.0,18,0,27,1,9.0,27.0,18.0
IPL_2023_064,2,DC,Kuldeep Yadav,3.0,18,0,20,0,6.67,,
IPL_2023_065,1,RCB,Mohammed Siraj,4.0,24,0,16,1,4.0,16.0,24.0
IPL_2023_065,1,RCB,WD Parnell,4.0,24,0,35,0,8.75,,
IPL_2023_065,1,RCB,MG Bracewell,2.0,12,0,13,2,6.5,6.5,6.0
IPL_2023_065,1,RCB,Shahbaz Ahmed,3.0,18,0,38,1,12.67,38.0,18.0
IPL_2023_065,1,RCB,HV Patel,4.0,24,0,35,1,8.75,35.0,24.0
IPL_2023_065,1,RCB,KV Sharma,3.0,18,0,44,0,14.67,,
IPL_2023_065,2,SRH,B Kumar,4.0,24,0,47,1,11.75,47.0,24.0
IPL_2023_065,2,SRH,Abhishek Sharma,3.0,18,0,29,0,9.67,,
IPL_2023_065,2,SRH,T Natarajan,4.0,24,0,33,1,8.25,33.0,24.0
IPL_2023_065,2,SRH,Kartik Tyagi,1.2,8,0,20,0,15.0,,
IPL_2023_065,2,SRH,Nithish Kumar Reddy,2.1,13,0,18,0,8.31,,
IPL_2023_065,2,SRH,Mayank Dagar,4.0,24,0,25,0,6.25,,
IPL_2023_065,2,SRH,GD Phillips,1.0,6,0,10,0,10.0,,
IPL_2023_066,1,RR,TA Boult,4.0,24,0,34,1,8.5,34.0,24.0
IPL_2023_066,1,RR,Sandeep Sharma,4.1,25,0,43,0,10.32,,
IPL_2023_066,1,RR,Navdeep Saini,4.0,24,0,39,3,9.75,13.0,8.0
IPL_2023_066,1,RR,A Zampa,4.0,24,0,26,1,6.5,26.0,24.0
IPL_2023_066,1,RR,YS Chahal,4.0,24,0,39,0,9.75,,
IPL_2023_066,2,PBKS,SM Curran,4.0,24,0,44,1,11.0,44.0,24.0
IPL_2023_066,2,PBKS,K Rabada,4.1,25,0,38,2,9.12,19.0,12.5
IPL_2023_066,2,PBKS,Arshdeep Singh,4.0,24,0,38,1,9.5,38.0,24.0
IPL_2023_066,2,PBKS,NT Ellis,4.0,24,0,33,1,8.25,33.0,24.0
IPL_2023_066,2,PBKS,RD Chahar,3.4,22,0,28,1,7.64,28.0,22.0
IPL_2023_067,1,DC,KK Ahmed,4.1,25,0,43,1,10.32,43.0,25.0
IPL_2023_067,1,DC,Lalit Yadav,2.0,12,0,30,0,15.0,,
IPL_2023_067,1,DC,AR Patel,3.0,18,0,32,0,10.67,,
IPL_2023_067,1,DC,A Nortje,4.0,24,0,43,1,10.75,43.0,24.0
IPL_2023_067,1,DC,C Sakariya,4.1,25,0,32,1,7.68,32.0,25.0
IPL_2023_067,1,DC,Kuldeep Yadav,3.0,18,0,34,0,11.33,,
IPL_2023_067,2,CSK,DL Chahar,4.0,24,0,22,3,5.5,7.33,8.0
IPL_2023_067,2,CSK,TU Deshpande,4.0,24,0,27,1,6.75,27.0,24.0
IPL_2023_067,2,CSK,M Theekshana,4.0,24,0,23,2,5.75,11.5,12.0
IPL_2023_067,2,CSK,RA Jadeja,4.0,24,0,49,1,12.25,49.0,24.0
IPL_2023_067,2,CSK,M Pathirana,4.0,24,0,17,2,4.25,8.5,12.0
IPL_2023_068,1,KKR,Harshit Rana,3.0,18,0,21,1,7.0,21.0,18.0
IPL_2023_068,1,KKR,VG Arora,4.1,25,0,26,2,6.24,13.0,12.5
IPL_2023_068,1,KKR,CV Varun,4.0,24,0,42,1,10.5,42.0,24.0
IPL_2023_068,1,KKR,N Rana,1.0,6,0,3,0,3.0,,
IPL_2023_068,1,KKR,SN Thakur,2.1,13,0,25,2,11.54,12.5,6.5
IPL_2023_068,1,KKR,SP Narine,4.0,24,0,27,2,6.75,13.5,12.0
IPL_2023_068,1,KKR,Suyash Sharma,1.0,6,0,12,0,12.0,,
IPL_2023_068,1,KKR,AD Russell,1.0,6,0,13,0,13.0,,
IPL_2023_068,2,LSG,Mohsin Khan,1.0,6,0,15,0,15.0,,
IPL_2023_068,2,LSG,Naveen-ul-Haq,4.0,24,0,46,0,11.5,,
IPL_2023_068,2,LSG,KH Pandya,4.0,24,0,31,1,7.75,31.0,24.0
IPL_2023_068,2,LSG,K Gowtham,4.0,24,0,24,1,6.0,24.0,24.0
IPL_2023_068,2,LSG,Ravi Bishnoi,4.0,24,0,23,2,5.75,11.5,12.0
IPL_2023_068,2,LSG,Yash Thakur,3.0,18,0,31,2,10.33,15.5,9.0
IPL_2023_069,1,MI,JP Behrendorff,3.0,18,0,33,0,11.0,,
IPL_2023_069,1,MI,C Green,1.0,6,0,5,0,5.0,,
IPL_2023_069,1,MI,CJ Jordan,4.0,24,0,43,1,10.75,43.0,24.0
IPL_2023_069,1,MI,Akash Madhwal,4.1,25,0,36,4,8.64,9.0,6.25
IPL_2023_069,1,MI,PP Chawla,4.0,24,0,39,0,9.75,,
IPL_2023_069,1,MI,K Kartikeya,4.0,24,0,37,0,9.25,,
IPL_2023_069,2,SRH,B Kumar,4.0,24,0,26,1,6.5,26.0,24.0
IPL_2023_069,2,SRH,Nithish Kumar Reddy,3.0,18,0,35,0,11.67,,
IPL_2023_069,2,SRH,Mayank Dagar,4.0,24,0,37,1,9.25,37.0,24.0
IPL_2023_069,2,SRH,Kartik Tyagi,3.2,20,0,38,0,11.4,,
IPL_2023_069,2,SRH,Umran Malik,3.0,18,0,42,0,14.0,,
IPL_2023_069,2,SRH,Vivrant Sharma,1.1,7,0,17,0,14.57,,
IPL_2023_069,2,SRH,AK Markram,0.1,1,0,1,0,6.0,,
IPL_2023_070,1,GT,Mohammed Shami,4.0,24,0,39,1,9.75,39.0,24.0
IPL_2023_070,1,GT,Yash Dayal,4.0,24,0,39,1,9.75,39.0,24.0
IPL_2023_070,1,GT,Rashid Khan,4.0,24,0,24,1,6.0,24.0,24.0
IPL_2023_070,1,GT,Noor Ahmad,4.0,24,0,38,2,9.5,19.0,12.0
IPL_2023_070,1,GT,MM Sharma,4.0,24,0,52,0,13.0,,
IPL_2023_070,2,RCB,Mohammed Siraj,4.0,24,0,34,2,8.5,17.0,12.0
IPL_2023_070,2,RCB,WD Parnell,3.2,20,0,40,0,12.0,,
IPL_2023_070,2,RCB,Vijaykumar Vyshak,4.0,24,0,38,1,9.5,38.0,24.0
IPL_2023_070,2,RCB,H Sharma,3.0,18,0,33,0,11.0,,
IPL_2023_070,2,RCB,HV Patel,4.0,24,0,29,1,7.25,29.0,24.0
IPL_2023_070,2,RCB,MG Bracewell,1.0,6,0,16,0,16.0,,
IPL_2023_000,1,GT,Mohammed Shami,4.1,25,0,29,2,6.96,14.5,12.5
IPL_2023_000,1,GT,DG Nalkande,4.1,25,0,44,1,10.56,44.0,25.0
IPL_2023_000,1,GT,Rashid Khan,4.0,24,0,37,1,9.25,37.0,24.0
IPL_2023_000,1,GT,Noor Ahmad,4.0,24,0,29,1,7.25,29.0,24.0
IPL_2023_000,1,GT,MM Sharma,4.0,24,0,31,2,7.75,15.5,12.0
IPL_2023_000,2,CSK,DL Chahar,4.0,24,0,27,2,6.75,13.5,12.0
IPL_2023_000,2,CSK,TU Deshpande,4.0,24,0,41,1,10.25,41.0,24.0
IPL_2023_000,2,CSK,M Theekshana,4.0,24,0,28,2,7.0,14.0,12.0
IPL_2023_000,2,CSK,RA Jadeja,4.0,24,0,18,2,4.5,9.0,12.0
IPL_2023_000,2,CSK,M Pathirana,4.0,24,0,30,2,7.5,15.0,12.0
IPL_2023_000,1,LSG,KH Pandya,4.0,24,0,42,0,10.5,,
IPL_2023_000,1,LSG,K Gowtham,1.0,6,0,8,0,8.0,,
IPL_2023_000,1,LSG,Naveen-ul-Haq,4.0,24,0,36,4,9.0,9.0,6.0
IPL_2023_000,1,LSG,Yash Thakur,4.0,24,0,33,3,8.25,11.0,8.0
IPL_2023_000,1,LSG,Mohsin Khan,3.0,18,0,28,1,9.33,28.0,18.0
IPL_2023_000,1,LSG,Ravi Bishnoi,4.0,24,0,29,0,7.25,,
IPL_2023_000,2,MI,JP Behrendorff,3.0,18,0,23,0,7.67,,
IPL_2023_000,2,MI,Akash Madhwal,3.3,21,0,6,5,1.71,1.2,4.2
IPL_2023_000,2,MI,CJ Jordan,2.0,12,0,7,1,3.5,7.0,12.0
IPL_2023_000,2,MI,C Green,3.0,18,0,15,0,5.0,,
IPL_2023_000,2,MI,HR Shokeen,1.0,6,0,17,0,17.0,,
IPL_2023_000,2,MI,PP Chawla,4.0,24,0,30,1,7.5,30.0,24.0
IPL_2023_000,1,MI,JP Behrendorff,4.0,24,0,28,0,7.0,,
IPL_2023_000,1,MI,C Green,3.0,18,0,36,0,12.0,,
IPL_2023_000,1,MI,Akash Madhwal,4.2,26,0,50,2,11.54,25.0,13.0
IPL_2023_000,1,MI,CJ Jordan,4.0,24,0,51,0,12.75,,
IPL_2023_000,1,MI,PP Chawla,3.0,18,0,44,1,14.67,44.0,18.0
IPL_2023_000,1,MI,K Kartikeya,2.0,12,0,16,0,8.0,,
IPL_2023_000,2,GT,Mohammed Shami,3.0,18,0,41,2,13.67,20.5,9.0
IPL_2023_000,2,GT,HH Pandya,2.0,12,0,23,0,11.5,,
IPL_2023_000,2,GT,Rashid Khan,4.0,24,0,33,2,8.25,16.5,12.0
IPL_2023_000,2,GT,Noor Ahmad,4.1,25,0,33,0,7.92,,
IPL_2023_000,2,GT,J Little,3.0,18,0,25,1,8.33,25.0,18.0
IPL_2023_000,2,GT,MM Sharma,2.2,14,0,11,5,4.71,2.2,2.8
IPL_2023_000,1,CSK,DL Chahar,4.0,24,0,38,1,9.5,38.0,24.0
IPL_2023_000,1,CSK,TU Deshpande,4.0,24,0,56,0,14.0,,
IPL_2023_000,1,CSK,M Theekshana,4.0,24,0,36,0,9.0,,
IPL_2023_000,1,CSK,RA Jadeja,4.0,24,0,38,1,9.5,38.0,24.0
IPL_2023_000,1,CSK,M Pathirana,4.0,24,0,44,2,11.0,22.0,12.0
IPL_2023_000,2,GT,Mohammed Shami,3.0,18,0,29,0,9.67,,
IPL_2023_000,2,GT,HH Pandya,1.0,6,0,13,0,13.0,,
IPL_2023_000,2,GT,Rashid Khan,3.0,18,0,45,0,15.0,,
IPL_2023_000,2,GT,Noor Ahmad,3.0,18,0,14,2,4.67,7.0,9.0
IPL_2023_000,2,GT,J Little,2.0,12,0,30,0,15.0,,
IPL_2023_000,2,GT,MM Sharma,3.0,18,0,36,3,12.0,12.0,6.0
IPL_2024_001,1,CSK,DL Chahar,4.0,24,0,35,1,8.75,35.0,24.0
IPL_2024_001,1,CSK,TU Deshpande,4.0,24,0,41,0,10.25,,
IPL_2024_001,1,CSK,M Theekshana,4.0,24,0,37,0,9.25,,
IPL_2024_001,1,CSK,Mustafizur Rahman,4.0,24,0,28,4,7.0,7.0,6.0
IPL_2024_001,1,CSK,RA Jadeja,4.0,24,0,22,0,5.5,,
IPL_2024_001,2,RCB,Mohammed Siraj,4.0,24,0,37,0,9.25,,
IPL_2024_001,2,RCB,Yash Dayal,3.0,18,0,28,1,9.33,28.0,18.0
IPL_2024_001,2,RCB,AS Joseph,3.4,22,0,42,0,11.45,,
IPL_2024_001,2,RCB,KV Sharma,2.0,12,0,24,1,12.0,24.0,12.0
IPL_2024_001,2,RCB,Mayank Dagar,2.0,12,0,6,0,3.0,,
IPL_2024_001,2,RCB,C Green,3.0,18,0,24,2,8.0,12.0,9.0
IPL_2024_001,2,RCB,GJ Maxwell,1.0,6,0,7,0,7.0,,
IPL_2024_002,1,PBKS,SM Curran,1.0,6,0,9,0,9.0,,
IPL_2024_002,1,PBKS,Arshdeep Singh,4.0,24,0,26,2,6.5,13.0,12.0
IPL_2024_002,1,PBKS,K Rabada,4.0,24,0,40,1,10.0,40.0,24.0
IPL_2024_002,1,PBKS,Harpreet Brar,3.0,18,0,14,1,4.67,14.0,18.0
IPL_2024_002,1,PBKS,RD Chahar,4.0,24,0,33,1,8.25,33.0,24.0
IPL_2024_002,1,PBKS,HV Patel,4.0,24,0,48,2,12.0,24.0,12.0
IPL_2024_002,2,DC,KK Ahmed,4.0,24,0,43,2,10.75,21.5,12.0
IPL_2024_002,2,DC,I Sharma,2.0,12,0,13,1,6.5,13.0,12.0
IPL_2024_002,2,DC,MR Marsh,4.0,24,0,51,0,12.75,,
IPL_2024_002,2,DC,AR Patel,4.0,24,0,26,0,6.5,,
IPL_2024_002,2,DC,Kuldeep Yadav,4.0,24,0,21,2,5.25,10.5,12.0
IPL_2024_002,2,DC,Sumit Kumar,1.2,8,0,17,0,12.75,,
IPL_2024_003,1,SRH,B Kumar,4.1,25,0,48,0,11.52,,
IPL_2024_003,1,SRH,M Jansen,3.0,18,0,39,0,13.0,,
IPL_2024_003,1,SRH,T Natarajan,4.0,24,0,29,3,7.25,9.67,8.0
IPL_2024_003,1,SRH,PJ Cummins,4.0,24,0,32,1,8.0,32.0,24.0
IPL_2024_003,1,SRH,M Markande,4.0,24,0,39,2,9.75,19.5,12.0
IPL_2024_003,1,SRH,Shahbaz Ahmed,1.1,7,0,13,0,11.14,,
IPL_2024_003,2,KKR,MA Starc,4.0,24,0,47,0,11.75,,
IPL_2024_003,2,KKR,Harshit Rana,4.0,24,0,33,3,8.25,11.0,8.0
IPL_2024_003,2,KKR,CV Varun,4.0,24,0,55,1,13.75,55.0,24.0
IPL_2024_003,2,KKR,SP Narine,4.0,24,0,19,1,4.75,19.0,24.0
IPL_2024_003,2,KKR,AD Russell,2.0,12,0,26,2,13.0,13.0,6.0
IPL_2024_003,2,KKR,Suyash Sharma,2.0,12,0,18,0,9.0,,
IPL_2024_004,1,LSG,Mohsin Khan,4.0,24,0,44,1,11.0,44.0,24.0
IPL_2024_004,1,LSG,Naveen-ul-Haq,4.0,24,0,37,2,9.25,18.5,12.0
IPL_2024_004,1,LSG,KH Pandya,4.0,24,0,20,0,5.0,,
IPL_2024_004,1,LSG,Ravi Bishnoi,4.0,24,0,38,1,9.5,38.0,24.0
IPL_2024_004,1,LSG,Yash Thakur,3.1,19,0,41,0,12.95,,
IPL_2024_004,1,LSG,A Badoni,1.0,6,0,6,0,6.0,,
IPL_2024_004,2,RR,TA Boult,4.0,24,0,35,2,8.75,17.5,12.0
IPL_2024_004,2,RR,N Burger,3.0,18,0,34,1,11.33,34.0,18.0
IPL_2024_004,2,RR,R Ashwin,4.0,24,0,30,1,7.5,30.0,24.0
IPL_2024_004,2,RR,Avesh Khan,3.0,18,0,19,0,6.33,,
IPL_2024_004,2,RR,YS Chahal,3.0,18,0,24,1,8.0,24.0,18.0
IPL_2024_004,2,RR,Sandeep Sharma,3.0,18,0,22,1,7.33,22.0,18.0
IPL_2024_005,1,MI,HH Pandya,3.0,18,0,30,0,10.0,,
IPL_2024_005,1,MI,L Wood,2.1,13,0,24,0,11.08,,
IPL_2024_005,1,MI,JJ Bumrah,4.0,24,0,15,3,3.75,5.0,8.0
IPL_2024_005,1,MI,SZ Mulani,3.0,18,0,23,0,7.67,,
IPL_2024_005,1,MI,PP Chawla,3.0,18,0,26,1,8.67,26.0,18.0
IPL_2024_005,1,MI,Naman Dhir,1.0,6,0,13,0,13.0,,
IPL_2024_005,1,MI,G Coetzee,4.0,24,0,29,2,7.25,14.5,12.0
IPL_2024_005,2,GT,Azmatullah Omarzai,3.0,18,0,25,2,8.33,12.5,9.0
IPL_2024_005,2,GT,UT Yadav,3.0,18,0,31,2,10.33,15.5,9.0
IPL_2024_005,2,GT,Rashid Khan,4.0,24,0,23,0,5.75,,
IPL_2024_005,2,GT,R Sai Kishore,4.0,24,0,24,1,6.0,24.0,24.0
IPL_2024_005,2,GT,SH Johnson,2.0,12,0,25,2,12.5,12.5,6.0
IPL_2024_005,2,GT,MM Sharma,4.0,24,0,31,2,7.75,15.5,12.0
IPL_2024_006,1,RCB,Mohammed Siraj,4.0,24,0,27,2,6.75,13.5,12.0
IPL_2024_006,1,RCB,Yash Dayal,4.0,24,0,22,1,5.5,22.0,24.0
IPL_2024_006,1,RCB,AS Joseph,4.0,24,0,40,1,10.0,40.0,24.0
IPL_2024_006,1,RCB,C Green,2.0,12,0,18,0,9.0,,
IPL_2024_006,1,RCB,Mayank Dagar,3.0,18,0,34,0,11.33,,
IPL_2024_006,1,RCB,GJ Maxwell,3.0,18,0,29,2,9.67,14.5,9.0
IPL_2024_006,2,PBKS,SM Curran,3.0,18,0,30,1,10.0,30.0,18.0
IPL_2024_006,2,PBKS,Arshdeep Singh,3.2,20,0,39,0,11.7,,
IPL_2024_006,2,PBKS,K Rabada,4.0,24,0,27,2,6.75,13.5,12.0
IPL_2024_006,2,PBKS,Harpreet Brar,4.0,24,0,17,2,4.25,8.5,12.0
IPL_2024_006,2,PBKS,HV Patel,4.0,24,0,42,1,10.5,42.0,24.0
IPL_2024_006,2,PBKS,RD Chahar,1.0,6,0,16,0,16.0,,
IPL_2024_007,1,GT,Azmatullah Omarzai,3.0,18,0,30,0,10.0,,
IPL_2024_007,1,GT,UT Yadav,2.0,12,0,26,0,13.0,,
IPL_2024_007,1,GT,Rashid Khan,4.0,24,0,49,2,12.25,24.5,12.0
IPL_2024_007,1,GT,R Sai Kishore,3.0,18,0,26,1,8.67,26.0,18.0
IPL_2024_007,1,GT,SH Johnson,4.0,24,0,35,1,8.75,35.0,24.0
IPL_2024_007,1,GT,MM Sharma,4.0,24,0,35,1,8.75,35.0,24.0
IPL_2024_007,2,CSK,DL Chahar,4.0,24,0,25,2,6.25,12.5,12.0
IPL_2024_007,2,CSK,Mustafizur Rahman,4.0,24,0,31,2,7.75,15.5,12.0
IPL_2024_007,2,CSK,TU Deshpande,4.0,24,0,22,2,5.5,11.0,12.0
IPL_2024_007,2,CSK,RA Jadeja,2.0,12,0,15,0,7.5,,
IPL_2024_007,2,CSK,DJ Mitchell,2.0,12,0,17,1,8.5,17.0,12.0
IPL_2024_007,2,CSK,M Pathirana,4.0,24,0,24,1,6.0,24.0,24.0
IPL_2024_008,1,MI,KT Maphaka,4.0,24,0,64,0,16.0,,
IPL_2024_008,1,MI,HH Pandya,4.0,24,0,46,1,11.5,46.0,24.0
IPL_2024_008,1,MI,JJ Bumrah,4.1,25,0,34,0,8.16,,
IPL_2024_008,1,MI,G Coetzee,4.1,25,0,54,1,12.96,54.0,25.0
IPL_2024_008,1,MI,PP Chawla,2.0,12,0,34,1,17.0,34.0,12.0
IPL_2024_008,1,MI,SZ Mulani,2.0,12,0,31,0,15.5,,
IPL_2024_008,2,SRH,B Kumar,4.0,24,0,57,0,14.25,,
IPL_2024_008,2,SRH,JD Unadkat,4.0,24,0,45,2,11.25,22.5,12.0
IPL_2024_008,2,SRH,Shahbaz Ahmed,3.0,18,0,40,1,13.33,40.0,18.0
IPL_2024_008,2,SRH,PJ Cummins,4.0,24,0,34,2,8.5,17.0,12.0
IPL_2024_008,2,SRH,Umran Malik,1.0,6,0,14,0,14.0,,
IPL_2024_008,2,SRH,M Markande,4.1,25,0,50,0,12.0,,
IPL_2024_009,1,DC,KK Ahmed,4.0,24,0,22,1,5.5,22.0,24.0
IPL_2024_009,1,DC,Mukesh Kumar,4.0,24,0,48,1,12.0,48.0,24.0
IPL_2024_009,1,DC,A Nortje,4.0,24,0,50,1,12.5,50.0,24.0
IPL_2024_009,1,DC,AR Patel,4.0,24,0,21,1,5.25,21.0,24.0
IPL_2024_009,1,DC,Kuldeep Yadav,4.0,24,0,39,1,9.75,39.0,24.0
IPL_2024_009,2,RR,TA Boult,3.0,18,0,29,0,9.67,,
IPL_2024_009,2,RR,N Burger,3.0,18,0,30,2,10.0,15.0,9.0
IPL_2024_009,2,RR,R Ashwin,3.0,18,0,29,0,9.67,,
IPL_2024_009,2,RR,Avesh Khan,4.0,24,0,28,1,7.0,28.0,24.0
IPL_2024_009,2,RR,YS Chahal,3.0,18,0,19,2,6.33,9.5,9.0
IPL_2024_009,2,RR,Sandeep Sharma,4.0,24,0,34,0,8.5,,
IPL_2024_010,1,KKR,MA Starc,4.0,24,0,46,0,11.5,,
IPL_2024_010,1,KKR,Harshit Rana,4.0,24,0,38,2,9.5,19.0,12.0
IPL_2024_010,1,KKR,AS Roy,2.0,12,0,6,0,3.0,,
IPL_2024_010,1,KKR,SP Narine,4.0,24,0,40,1,10.0,40.0,24.0
IPL_2024_010,1,KKR,AD Russell,4.0,24,0,29,2,7.25,14.5,12.0
IPL_2024_010,1,KKR,CV Varun,2.0,12,0,20,0,10.0,,
IPL_2024_010,2,RCB,Mohammed Siraj,3.0,18,0,44,0,14.67,,
IPL_2024_010,2,RCB,Yash Dayal,4.0,24,0,45,1,11.25,45.0,24.0
IPL_2024_010,2,RCB,AS Joseph,2.0,12,0,34,0,17.0,,
IPL_2024_010,2,RCB,Mayank Dagar,2.5,17,0,25,1,8.82,25.0,17.0
IPL_2024_010,2,RCB,Vijaykumar Vyshak,4.0,24,0,23,1,5.75,23.0,24.0
IPL_2024_010,2,RCB,C Green,1.0,6,0,7,0,7.0,,
IPL_2024_011,1,PBKS,SM Curran,4.0,24,0,28,3,7.0,9.33,8.0
IPL_2024_011,1,PBKS,Arshdeep Singh,3.0,18,0,29,2,9.67,14.5,9.0
IPL_2024_011,1,PBKS,K Rabada,4.0,24,0,39,1,9.75,39.0,24.0
IPL_2024_011,1,PBKS,RD Chahar,3.0,18,0,42,1,14.0,42.0,18.0
IPL_2024_011,1,PBKS,Harpreet Brar,2.0,12,0,14,0,7.0,,
IPL_2024_011,1,PBKS,HV Patel,4.0,24,0,42,0,10.5,,
IPL_2024_011,2,LSG,M Siddharth,2.0,12,0,21,0,10.5,,
IPL_2024_011,2,LSG,Naveen-ul-Haq,4.0,24,0,43,0,10.75,,
IPL_2024_011,2,LSG,Mohsin Khan,4.0,24,0,33,2,8.25,16.5,12.0
IPL_2024_011,2,LSG,KH Pandya,3.0,18,0,26,0,8.67,,
IPL_2024_011,2,LSG,Ravi Bishnoi,3.0,18,0,25,0,8.33,,
IPL_2024_011,2,LSG,MP Yadav,4.0,24,0,28,3,7.0,9.33,8.0
IPL_2024_012,1,GT,Azmatullah Omarzai,3.0,18,0,24,1,8.0,24.0,18.0
IPL_2024_012,1,GT,UT Yadav,3.0,18,0,29,1,9.67,29.0,18.0
IPL_2024_012,1,GT,Rashid Khan,4.0,24,0,33,1,8.25,33.0,24.0
IPL_2024_012,1,GT,Noor Ahmad,4.0,24,0,32,1,8.0,32.0,24.0
IPL_2024_012,1,GT,MM Sharma,4.0,24,0,25,3,6.25,8.33,8.0
IPL_2024_012,1,GT,DG Nalkande,2.0,12,0,17,0,8.5,,
IPL_2024_012,2,SRH,B Kumar,4.0,24,0,26,0,6.5,,
IPL_2024_012,2,SRH,Shahbaz Ahmed,2.0,12,0,20,1,10.0,20.0,12.0
IPL_2024_012,2,SRH,JD Unadkat,3.1,19,0,33,0,10.42,,
IPL_2024_012,2,SRH,Washington Sundar,3.0,18,0,27,0,9.0,,
IPL_2024_012,2,SRH,M Markande,3.0,18,0,31,1,10.33,31.0,18.0
IPL_2024_012,2,SRH,PJ Cummins,4.0,24,0,27,1,6.75,27.0,24.0
IPL_2024_013,1,CSK,DL Chahar,4.0,24,0,42,0,10.5,,
IPL_2024_013,1,CSK,TU Deshpande,4.0,24,0,22,0,5.5,,
IPL_2024_013,1,CSK,Mustafizur Rahman,4.2,26,0,47,1,10.85,47.0,26.0
IPL_2024_013,1,CSK,RA Jadeja,4.0,24,0,43,1,10.75,43.0,24.0
IPL_2024_013,1,CSK,M Pathirana,4.0,24,0,30,3,7.5,10.0,8.0
IPL_2024_013,2,DC,KK Ahmed,4.0,24,0,18,2,4.5,9.0,12.0
IPL_2024_013,2,DC,I Sharma,3.1,19,0,21,0,6.63,,
IPL_2024_013,2,DC,A Nortje,4.0,24,0,44,0,11.0,,
IPL_2024_013,2,DC,AR Patel,3.0,18,0,20,1,6.67,20.0,18.0
IPL_2024_013,2,DC,Rasikh Salam,2.0,12,0,26,0,13.0,,
IPL_2024_013,2,DC,MR Marsh,1.0,6,0,13,0,13.0,,
IPL_2024_013,2,DC,Mukesh Kumar,3.0,18,0,20,3,6.67,6.67,6.0
IPL_2024_014,1,RR,TA Boult,4.0,24,0,22,3,5.5,7.33,8.0
IPL_2024_014,1,RR,N Burger,4.0,24,0,32,2,8.0,16.0,12.0
IPL_2024_014,1,RR,Avesh Khan,4.0,24,0,30,1,7.5,30.0,24.0
IPL_2024_014,1,RR,YS Chahal,4.0,24,0,11,3,2.75,3.67,8.0
IPL_2024_014,1,RR,R Ashwin,4.0,24,0,26,0,6.5,,
IPL_2024_014,2,MI,KT Maphaka,2.0,12,0,23,1,11.5,23.0,12.0
IPL_2024_014,2,MI,JJ Bumrah,4.0,24,0,18,0,4.5,,
IPL_2024_014,2,MI,Akash Madhwal,4.0,24,0,21,3,5.25,7.0,8.0
IPL_2024_014,2,MI,G Coetzee,2.3,15,0,37,0,14.8,,
IPL_2024_014,2,MI,PP Chawla,3.0,18,0,18,0,6.0,,
IPL_2024_015,1,RCB,RJW Topley,4.0,24,0,38,1,9.5,38.0,24.0
IPL_2024_015,1,RCB,Yash Dayal,4.0,24,0,24,1,6.0,24.0,24.0
IPL_2024_015,1,RCB,Mohammed Siraj,4.0,24,0,44,1,11.0,44.0,24.0
IPL_2024_015,1,RCB,GJ Maxwell,4.0,24,0,22,2,5.5,11.0,12.0
IPL_2024_015,1,RCB,Mayank Dagar,2.0,12,0,18,0,9.0,,
IPL_2024_015,1,RCB,C Green,2.0,12,0,25,0,12.5,,
IPL_2024_015,2,LSG,M Siddharth,3.0,18,0,21,1,7.0,21.0,18.0
IPL_2024_015,2,LSG,KH Pandya,1.0,6,0,10,0,10.0,,
IPL_2024_015,2,LSG,Naveen-ul-Haq,3.4,22,0,25,2,6.82,12.5,11.0
IPL_2024_015,2,LSG,MP Yadav,4.0,24,0,15,3,3.75,5.0,8.0
IPL_2024_015,2,LSG,Ravi Bishnoi,3.0,18,0,31,0,10.33,,
IPL_2024_015,2,LSG,Yash Thakur,4.0,24,0,39,1,9.75,39.0,24.0
IPL_2024_015,2,LSG,MP Stoinis,1.0,6,0,4,1,4.0,4.0,6.0
IPL_2024_016,1,DC,KK Ahmed,4.1,25,0,38,1,9.12,38.0,25.0
IPL_2024_016,1,DC,I Sharma,3.0,18,0,44,2,14.67,22.0,9.0
IPL_2024_016,1,DC,A Nortje,4.0,24,0,57,3,14.25,19.0,8.0
IPL_2024_016,1,DC,Rasikh Salam,3.0,18,0,46,0,15.33,,
IPL_2024_016,1,DC,Sumit Kumar,2.0,12,0,19,0,9.5,,
IPL_2024_016,1,DC,AR Patel,1.0,6,0,19,0,19.0,,
IPL_2024_016,1,DC,MR Marsh,3.0,18,0,33,1,11.0,33.0,18.0
IPL_2024_016,2,KKR,MA Starc,3.0,18,0,29,2,9.67,14.5,9.0
IPL_2024_016,2,KKR,VG Arora,4.0,24,0,24,3,6.0,8.0,8.0
IPL_2024_016,2,KKR,AD Russell,1.2,8,0,14,1,10.5,14.0,8.0
IPL_2024_016,2,KKR,SP Narine,4.0,24,0,30,1,7.5,30.0,24.0
IPL_2024_016,2,KKR,CV Varun,4.1,25,0,35,3,8.4,11.67,8.33
IPL_2024_016,2,KKR,VR Iyer,1.0,6,0,28,0,28.0,,
IPL_2024_017,1,PBKS,Harpreet Brar,4.0,24,0,33,1,8.25,33.0,24.0
IPL_2024_017,1,PBKS,Arshdeep Singh,4.0,24,0,37,0,9.25,,
IPL_2024_017,1,PBKS,K Rabada,4.0,24,0,43,2,10.75,21.5,12.0
IPL_2024_017,1,PBKS,SM Curran,2.0,12,0,19,0,9.5,,
IPL_2024_017,1,PBKS,HV Patel,4.0,24,0,41,1,10.25,41.0,24.0
IPL_2024_017,1,PBKS,Sikandar Raza,2.0,12,0,22,0,11.0,,
IPL_2024_017,2,GT,Azmatullah Omarzai,4.0,24,0,41,1,10.25,41.0,24.0
IPL_2024_017,2,GT,UT Yadav,3.0,18,0,35,1,11.67,35.0,18.0
IPL_2024_017,2,GT,Rashid Khan,4.0,24,0,43,1,10.75,43.0,24.0
IPL_2024_017,2,GT,Noor Ahmad,4.0,24,0,30,2,7.5,15.0,12.0
IPL_2024_017,2,GT,MM Sharma,4.0,24,0,40,1,10.0,40.0,24.0
IPL_2024_017,2,GT,DG Nalkande,0.5,5,0,6,1,7.2,6.0,5.0
IPL_2024_018,1,SRH,Abhishek Sharma,1.0,6,0,7,0,7.0,,
IPL_2024_018,1,SRH,B Kumar,4.0,24,0,28,1,7.0,28.0,24.0
IPL_2024_018,1,SRH,T Natarajan,4.0,24,0,39,1,9.75,39.0,24.0
IPL_2024_018,1,SRH,PJ Cummins,4.0,24,0,29,1,7.25,29.0,24.0
IPL_2024_018,1,SRH,M Markande,2.0,12,0,21,0,10.5,,
IPL_2024_018,1,SRH,Shahbaz Ahmed,1.0,6,0,11,1,11.0,11.0,6.0
IPL_2024_018,1,SRH,JD Unadkat,4.0,24,0,29,1,7.25,29.0,24.0
IPL_2024_018,2,CSK,DL Chahar,3.1,19,0,32,1,10.11,32.0,19.0
IPL_2024_018,2,CSK,Mukesh Choudhary,1.1,7,0,26,0,22.29,,
IPL_2024_018,2,CSK,M Theekshana,4.0,24,0,28,1,7.0,28.0,24.0
IPL_2024_018,2,CSK,TU Deshpande,2.0,12,0,23,0,11.5,,
IPL_2024_018,2,CSK,RA Jadeja,4.0,24,0,30,0,7.5,,
IPL_2024_018,2,CSK,MM Ali,3.0,18,0,22,2,7.33,11.0,9.0
IPL_2024_018,2,CSK,R Ravindra,1.0,6,0,3,0,3.0,,
IPL_2024_019,1,RR,TA Boult,3.0,18,0,30,0,10.0,,
IPL_2024_019,1,RR,N Burger,4.0,24,0,28,1,7.0,28.0,24.0
IPL_2024_019,1,RR,R Ashwin,4.0,24,0,27,0,6.75,,
IPL_2024_019,1,RR,Avesh Khan,4.0,24,0,46,0,11.5,,
IPL_2024_019,1,RR,YS Chahal,4.0,24,0,33,2,8.25,16.5,12.0
IPL_2024_019,1,RR,R Parag,1.0,6,0,10,0,10.0,,
IPL_2024_019,2,RCB,RJW Topley,4.0,24,0,26,2,6.5,13.0,12.0
IPL_2024_019,2,RCB,Yash Dayal,4.0,24,0,37,1,9.25,37.0,24.0
IPL_2024_019,2,RCB,Mohammed Siraj,4.0,24,0,34,1,8.5,34.0,24.0
IPL_2024_019,2,RCB,Mayank Dagar,2.0,12,0,34,0,17.0,,
IPL_2024_019,2,RCB,C Green,3.1,19,0,26,0,8.21,,
IPL_2024_019,2,RCB,H Sharma,2.0,12,0,29,0,14.5,,
IPL_2024_020,1,DC,KK Ahmed,4.0,24,0,39,1,9.75,39.0,24.0
IPL_2024_020,1,DC,I Sharma,3.0,18,0,32,0,10.67,,
IPL_2024_020,1,DC,JA Richardson,4.0,24,0,38,0,9.5,,
IPL_2024_020,1,DC,AR Patel,4.0,24,0,35,2,8.75,17.5,12.0
IPL_2024_020,1,DC,Lalit Yadav,1.0,6,0,15,0,15.0,,
IPL_2024_020,1,DC,A Nortje,4.1,25,0,61,2,14.64,30.5,12.5
IPL_2024_020,2,MI,G Coetzee,4.0,24,0,35,4,8.75,8.75,6.0
IPL_2024_020,2,MI,JJ Bumrah,4.0,24,0,22,2,5.5,11.0,12.0
IPL_2024_020,2,MI,Akash Madhwal,4.1,25,0,44,0,10.56,,
IPL_2024_020,2,MI,R Shepherd,4.0,24,0,53,1,13.25,53.0,24.0
IPL_2024_020,2,MI,Mohammad Nabi,2.0,12,0,17,0,8.5,,
IPL_2024_020,2,MI,PP Chawla,2.0,12,0,32,0,16.0,,
IPL_2024_021,1,GT,UT Yadav,3.0,18,0,22,2,7.33,11.0,9.0
IPL_2024_021,1,GT,SH Johnson,4.0,24,0,35,0,8.75,,
IPL_2024_021,1,GT,Rashid Khan,4.0,24,0,28,1,7.0,28.0,24.0
IPL_2024_021,1,GT,MM Sharma,3.0,18,0,34,0,11.33,,
IPL_2024_021,1,GT,Noor Ahmad,4.0,24,0,22,0,5.5,,
IPL_2024_021,1,GT,DG Nalkande,2.0,12,0,21,2,10.5,10.5,6.0
IPL_2024_021,2,LSG,M Siddharth,4.3,27,0,25,0,5.56,,
IPL_2024_021,2,LSG,Naveen-ul-Haq,4.1,25,0,35,1,8.4,35.0,25.0
IPL_2024_021,2,LSG,MP Yadav,1.0,6,0,13,0,13.0,,
IPL_2024_021,2,LSG,Yash Thakur,3.5,23,0,29,5,7.57,5.8,4.6
IPL_2024_021,2,LSG,KH Pandya,4.0,24,0,11,3,2.75,3.67,8.0
IPL_2024_021,2,LSG,Ravi Bishnoi,2.0,12,0,7,1,3.5,7.0,12.0
IPL_2024_022,1,CSK,TU Deshpande,4.0,24,0,35,3,8.75,11.67,8.0
IPL_2024_022,1,CSK,Mustafizur Rahman,4.1,25,0,20,2,4.8,10.0,12.5
IPL_2024_022,1,CSK,SN Thakur,3.1,19,0,25,0,7.89,,
IPL_2024_022,1,CSK,M Theekshana,4.0,24,0,28,1,7.0,28.0,24.0
IPL_2024_022,1,CSK,RA Jadeja,4.0,24,0,17,3,4.25,5.67,8.0
IPL_2024_022,1,CSK,R Ravindra,1.0,6,0,4,0,4.0,,
IPL_2024_022,2,KKR,MA Starc,3.0,18,0,27,0,9.0,,
IPL_2024_022,2,KKR,VG Arora,4.0,24,0,28,2,7.0,14.0,12.0
IPL_2024_022,2,KKR,AS Roy,1.4,10,0,18,0,10.8,,
IPL_2024_022,2,KKR,SP Narine,4.0,24,0,30,1,7.5,30.0,24.0
IPL_2024_022,2,KKR,CV Varun,4.0,24,0,28,0,7.0,,
IPL_2024_022,2,KKR,AD Russell,1.0,6,0,7,0,7.0,,
IPL_2024_023,1,PBKS,K Rabada,4.0,24,0,32,1,8.0,32.0,24.0
IPL_2024_023,1,PBKS,Arshdeep Singh,4.0,24,0,27,4,6.75,6.75,6.0
IPL_2024_023,1,PBKS,SM Curran,4.0,24,0,40,2,10.0,20.0,12.0
IPL_2024_023,1,PBKS,HV Patel,4.0,24,0,29,2,7.25,14.5,12.0
IPL_2024_023,1,PBKS,Harpreet Brar,4.0,24,0,49,0,12.25,,
IPL_2024_023,2,SRH,B Kumar,4.0,24,0,31,2,7.75,15.5,12.0
IPL_2024_023,2,SRH,PJ Cummins,4.0,24,0,22,1,5.5,22.0,24.0
IPL_2024_023,2,SRH,T Natarajan,4.0,24,0,33,1,8.25,33.0,24.0
IPL_2024_023,2,SRH,Nithish Kumar Reddy,3.0,18,0,32,1,10.67,32.0,18.0
IPL_2024_023,2,SRH,JD Unadkat,4.0,24,0,46,1,11.5,46.0,24.0
IPL_2024_023,2,SRH,Shahbaz Ahmed,1.0,6,0,10,0,10.0,,
IPL_2024_024,1,GT,UT Yadav,4.0,24,0,45,1,11.25,45.0,24.0
IPL_2024_024,1,GT,SH Johnson,4.0,24,0,37,0,9.25,,
IPL_2024_024,1,GT,Rashid Khan,4.0,24,0,18,1,4.5,18.0,24.0
IPL_2024_024,1,GT,Noor Ahmad,4.0,24,0,42,0,10.5,,
IPL_2024_024,1,GT,MM Sharma,4.0,24,0,47,1,11.75,47.0,24.0
IPL_2024_024,2,RR,TA Boult,2.0,12,0,8,0,4.0,,
IPL_2024_024,2,RR,Avesh Khan,4.0,24,0,46,1,11.5,46.0,24.0
IPL_2024_024,2,RR,KA Maharaj,2.0,12,0,16,0,8.0,,
IPL_2024_024,2,RR,R Ashwin,4.0,24,0,41,0,10.25,,
IPL_2024_024,2,RR,YS Chahal,4.0,24,0,43,2,10.75,21.5,12.0
IPL_2024_024,2,RR,KR Sen,4.1,25,0,37,3,8.88,12.33,8.33
IPL_2024_025,1,MI,Mohammad Nabi,1.0,6,0,7,0,7.0,,
IPL_2024_025,1,MI,G Coetzee,4.0,24,0,39,1,9.75,39.0,24.0
IPL_2024_025,1,MI,JJ Bumrah,4.0,24,0,22,5,5.5,4.4,4.8
IPL_2024_025,1,MI,Akash Madhwal,4.0,24,0,54,1,13.5,54.0,24.0
IPL_2024_025,1,MI,S Gopal,4.0,24,0,32,1,8.0,32.0,24.0
IPL_2024_025,1,MI,R Shepherd,2.0,12,0,23,0,11.5,,
IPL_2024_025,1,MI,HH Pandya,1.0,6,0,11,0,11.0,,
IPL_2024_025,2,RCB,RJW Topley,3.0,18,0,33,0,11.0,,
IPL_2024_025,2,RCB,Mohammed Siraj,3.0,18,0,37,0,12.33,,
IPL_2024_025,2,RCB,Akash Deep,3.3,21,0,53,1,15.14,53.0,21.0
IPL_2024_025,2,RCB,GJ Maxwell,1.0,6,0,17,0,17.0,,
IPL_2024_025,2,RCB,Vijaykumar Vyshak,3.0,18,0,32,1,10.67,32.0,18.0
IPL_2024_025,2,RCB,WG Jacks,2.0,12,0,24,1,12.0,24.0,12.0
IPL_2024_026,1,DC,KK Ahmed,4.0,24,0,42,2,10.5,21.0,12.0
IPL_2024_026,1,DC,I Sharma,4.0,24,0,32,1,8.0,32.0,24.0
IPL_2024_026,1,DC,Mukesh Kumar,4.0,24,0,40,1,10.0,40.0,24.0
IPL_2024_026,1,DC,AR Patel,4.0,24,0,27,0,6.75,,
IPL_2024_026,1,DC,Kuldeep Yadav,4.0,24,0,19,3,4.75,6.33,8.0
IPL_2024_026,2,LSG,Arshad Khan,3.1,19,0,34,0,10.74,,
IPL_2024_026,2,LSG,Naveen-ul-Haq,3.0,18,0,24,1,8.0,24.0,18.0
IPL_2024_026,2,LSG,Yash Thakur,4.0,24,0,31,1,7.75,31.0,24.0
IPL_2024_026,2,LSG,KH Pandya,3.0,18,0,39,0,13.0,,
IPL_2024_026,2,LSG,Ravi Bishnoi,4.0,24,0,25,2,6.25,12.5,12.0
IPL_2024_026,2,LSG,MP Stoinis,1.0,6,0,10,0,10.0,,
IPL_2024_027,1,RR,TA Boult,4.0,24,0,19,1,4.75,19.0,24.0
IPL_2024_027,1,RR,KR Sen,4.0,24,0,35,1,8.75,35.0,24.0
IPL_2024_027,1,RR,Avesh Khan,4.0,24,0,35,2,8.75,17.5,12.0
IPL_2024_027,1,RR,YS Chahal,4.1,25,0,29,1,6.96,29.0,25.0
IPL_2024_027,1,RR,KA Maharaj,4.0,24,0,23,2,5.75,11.5,12.0
IPL_2024_027,2,PBKS,Arshdeep Singh,3.5,23,0,44,1,11.48,44.0,23.0
IPL_2024_027,2,PBKS,K Rabada,4.0,24,0,18,2,4.5,9.0,12.0
IPL_2024_027,2,PBKS,SM Curran,4.0,24,0,24,2,6.0,12.0,12.0
IPL_2024_027,2,PBKS,LS Livingstone,3.0,18,0,20,1,6.67,20.0,18.0
IPL_2024_027,2,PBKS,HV Patel,2.0,12,0,21,1,10.5,21.0,12.0
IPL_2024_027,2,PBKS,Harpreet Brar,3.0,18,0,22,0,7.33,,
IPL_2024_028,1,KKR,MA Starc,4.0,24,0,28,3,7.0,9.33,8.0
IPL_2024_028,1,KKR,VG Arora,3.1,19,0,32,1,10.11,32.0,19.0
IPL_2024_028,1,KKR,Harshit Rana,4.0,24,0,33,0,8.25,,
IPL_2024_028,1,KKR,SP Narine,4.0,24,0,17,1,4.25,17.0,24.0
IPL_2024_028,1,KKR,CV Varun,4.0,24,0,28,1,7.0,28.0,24.0
IPL_2024_028,1,KKR,AD Russell,1.0,6,0,16,1,16.0,16.0,6.0
IPL_2024_028,2,LSG,S Joseph,4.3,27,0,41,0,9.11,,
IPL_2024_028,2,LSG,Mohsin Khan,4.0,24,0,28,2,7.0,14.0,12.0
IPL_2024_028,2,LSG,KH Pandya,1.0,6,0,14,0,14.0,,
IPL_2024_028,2,LSG,Yash Thakur,2.0,12,0,24,0,12.0,,
IPL_2024_028,2,LSG,Arshad Khan (2),2.0,12,0,23,0,11.5,,
IPL_2024_028,2,LSG,Ravi Bishnoi,2.4,16,0,16,0,6.0,,
IPL_2024_029,1,MI,Mohammad Nabi,3.0,18,0,19,0,6.33,,
IPL_2024_029,1,MI,G Coetzee,4.0,24,0,36,1,9.0,36.0,24.0
IPL_2024_029,1,MI,JJ Bumrah,4.0,24,0,25,0,6.25,,
IPL_2024_029,1,MI,Akash Madhwal,3.0,18,0,37,0,12.33,,
IPL_2024_029,1,MI,S Gopal,1.0,6,0,9,1,9.0,9.0,6.0
IPL_2024_029,1,MI,HH Pandya,3.0,18,0,41,2,13.67,20.5,9.0
IPL_2024_029,1,MI,R Shepherd,2.0,12,0,34,0,17.0,,
IPL_2024_029,2,CSK,TU Deshpande,4.0,24,0,29,1,7.25,29.0,24.0
IPL_2024_029,2,CSK,Mustafizur Rahman,4.0,24,0,52,1,13.0,52.0,24.0
IPL_2024_029,2,CSK,SN Thakur,4.0,24,0,35,0,8.75,,
IPL_2024_029,2,CSK,RA Jadeja,4.0,24,0,37,0,9.25,,
IPL_2024_029,2,CSK,M Pathirana,4.0,24,0,28,4,7.0,7.0,6.0
IPL_2024_030,1,RCB,WG Jacks,3.0,18,0,30,0,10.0,,
IPL_2024_030,1,RCB,RJW Topley,4.0,24,0,66,1,16.5,66.0,24.0
IPL_2024_030,1,RCB,Yash Dayal,4.1,25,0,47,0,11.28,,
IPL_2024_030,1,RCB,LH Ferguson,4.0,24,0,54,2,13.5,27.0,12.0
IPL_2024_030,1,RCB,Vijaykumar Vyshak,4.0,24,0,62,0,15.5,,
IPL_2024_030,1,RCB,MK Lomror,1.0,6,0,15,0,15.0,,
IPL_2024_030,2,SRH,Abhishek Sharma,1.0,6,0,10,0,10.0,,
IPL_2024_030,2,SRH,B Kumar,4.0,24,0,56,0,14.0,,
IPL_2024_030,2,SRH,Shahbaz Ahmed,1.0,6,0,18,0,18.0,,
IPL_2024_030,2,SRH,T Natarajan,4.0,24,0,44,1,11.0,44.0,24.0
IPL_2024_030,2,SRH,PJ Cummins,4.0,24,0,42,3,10.5,14.0,8.0
IPL_2024_030,2,SRH,M Markande,4.0,24,0,43,2,10.75,21.5,12.0
IPL_2024_030,2,SRH,JD Unadkat,2.0,12,0,36,0,18.0,,
IPL_2024_031,1,RR,TA Boult,4.0,24,0,31,1,7.75,31.0,24.0
IPL_2024_031,1,RR,Avesh Khan,4.0,24,0,38,2,9.5,19.0,12.0
IPL_2024_031,1,RR,KR Sen,4.0,24,0,48,2,12.0,24.0,12.0
IPL_2024_031,1,RR,YS Chahal,4.0,24,0,53,1,13.25,53.0,24.0
IPL_2024_031,1,RR,R Ashwin,4.0,24,0,40,0,10.0,,
IPL_2024_031,2,KKR,MA Starc,4.0,24,0,41,0,10.25,,
IPL_2024_031,2,KKR,VG Arora,3.1,19,0,44,1,13.89,44.0,19.0
IPL_2024_031,2,KKR,Harshit Rana,4.0,24,0,44,2,11.0,22.0,12.0
IPL_2024_031,2,KKR,SP Narine,4.0,24,0,28,2,7.0,14.0,12.0
IPL_2024_031,2,KKR,CV Varun,4.0,24,0,35,2,8.75,17.5,12.0
IPL_2024_031,2,KKR,AD Russell,1.0,6,0,17,0,17.0,,
IPL_2024_032,1,DC,KK Ahmed,4.0,24,0,19,1,4.75,19.0,24.0
IPL_2024_032,1,DC,I Sharma,2.0,12,0,7,2,3.5,3.5,6.0
IPL_2024_032,1,DC,Mukesh Kumar,2.5,17,0,12,3,4.24,4.0,5.67
IPL_2024_032,1,DC,Kuldeep Yadav,4.0,24,0,18,0,4.5,,
IPL_2024_032,1,DC,T Stubbs,1.0,6,0,10,2,10.0,5.0,3.0
IPL_2024_032,1,DC,AR Patel,4.0,24,0,16,1,4.0,16.0,24.0
IPL_2024_032,2,GT,S Sandeep Warrier,3.0,18,0,43,2,14.33,21.5,9.0
IPL_2024_032,2,GT,SH Johnson,2.0,12,0,20,1,10.0,20.0,12.0
IPL_2024_032,2,GT,Rashid Khan,2.0,12,0,12,1,6.0,12.0,12.0
IPL_2024_032,2,GT,Noor Ahmad,1.5,11,0,15,0,8.18,,
IPL_2024_033,1,PBKS,LS Livingstone,2.0,12,0,16,0,8.0,,
IPL_2024_033,1,PBKS,Arshdeep Singh,3.0,18,0,34,0,11.33,,
IPL_2024_033,1,PBKS,K Rabada,4.0,24,0,43,1,10.75,43.0,24.0
IPL_2024_033,1,PBKS,HV Patel,4.0,24,0,33,3,8.25,11.0,8.0
IPL_2024_033,1,PBKS,SM Curran,4.0,24,0,40,2,10.0,20.0,12.0
IPL_2024_033,1,PBKS,Harpreet Brar,3.0,18,0,21,0,7.0,,
IPL_2024_033,2,MI,G Coetzee,4.0,24,0,28,3,7.0,9.33,8.0
IPL_2024_033,2,MI,JJ Bumrah,4.1,25,0,19,3,4.56,6.33,8.33
IPL_2024_033,2,MI,Akash Madhwal,3.2,20,0,43,1,12.9,43.0,20.0
IPL_2024_033,2,MI,HH Pandya,4.0,24,0,30,1,7.5,30.0,24.0
IPL_2024_033,2,MI,S Gopal,2.0,12,0,26,1,13.0,26.0,12.0
IPL_2024_033,2,MI,R Shepherd,2.0,12,0,21,0,10.5,,
IPL_2024_034,1,LSG,MJ Henry,3.0,18,0,26,0,8.67,,
IPL_2024_034,1,LSG,Mohsin Khan,4.0,24,0,34,1,8.5,34.0,24.0
IPL_2024_034,1,LSG,Yash Thakur,4.0,24,0,46,1,11.5,46.0,24.0
IPL_2024_034,1,LSG,KH Pandya,3.0,18,0,16,2,5.33,8.0,9.0
IPL_2024_034,1,LSG,Ravi Bishnoi,4.0,24,0,44,1,11.0,44.0,24.0
IPL_2024_034,1,LSG,MP Stoinis,2.0,12,0,7,1,3.5,7.0,12.0
IPL_2024_034,2,CSK,DL Chahar,3.0,18,0,26,0,8.67,,
IPL_2024_034,2,CSK,TU Deshpande,4.1,25,0,38,0,9.12,,
IPL_2024_034,2,CSK,Mustafizur Rahman,4.0,24,0,41,1,10.25,41.0,24.0
IPL_2024_034,2,CSK,RA Jadeja,3.0,18,0,31,0,10.33,,
IPL_2024_034,2,CSK,M Pathirana,4.0,24,0,29,1,7.25,29.0,24.0
IPL_2024_034,2,CSK,MM Ali,1.0,6,0,5,0,5.0,,
IPL_2024_035,1,DC,KK Ahmed,3.0,18,0,52,0,17.33,,
IPL_2024_035,1,DC,Lalit Yadav,2.0,12,0,42,0,21.0,,
IPL_2024_035,1,DC,A Nortje,3.0,18,0,30,0,10.0,,
IPL_2024_035,1,DC,Kuldeep Yadav,4.0,24,0,53,4,13.25,13.25,6.0
IPL_2024_035,1,DC,Mukesh Kumar,4.0,24,0,57,1,14.25,57.0,24.0
IPL_2024_035,1,DC,AR Patel,4.0,24,0,29,1,7.25,29.0,24.0
IPL_2024_035,2,SRH,Washington Sundar,2.0,12,0,46,1,23.0,46.0,12.0
IPL_2024_035,2,SRH,B Kumar,4.0,24,0,31,1,7.75,31.0,24.0
IPL_2024_035,2,SRH,PJ Cummins,4.0,24,0,35,0,8.75,,
IPL_2024_035,2,SRH,T Natarajan,4.0,24,0,18,4,4.5,4.5,6.0
IPL_2024_035,2,SRH,M Markande,2.0,12,0,24,2,12.0,12.0,6.0
IPL_2024_035,2,SRH,Shahbaz Ahmed,1.0,6,0,22,0,22.0,,
IPL_2024_035,2,SRH,Nithish Kumar Reddy,2.1,13,0,16,2,7.38,8.0,6.5
IPL_2024_036,1,RCB,Mohammed Siraj,4.0,24,0,42,1,10.5,42.0,24.0
IPL_2024_036,1,RCB,Yash Dayal,4.1,25,0,57,2,13.68,28.5,12.5
IPL_2024_036,1,RCB,LH Ferguson,4.1,25,0,46,1,11.04,46.0,25.0
IPL_2024_036,1,RCB,KV Sharma,4.0,24,0,34,0,8.5,,
IPL_2024_036,1,RCB,C Green,4.0,24,0,34,2,8.5,17.0,12.0
IPL_2024_036,2,KKR,Harshit Rana,4.0,24,0,32,2,8.0,16.0,12.0
IPL_2024_036,2,KKR,MA Starc,3.0,18,0,55,1,18.33,55.0,18.0
IPL_2024_036,2,KKR,CV Varun,4.0,24,0,36,1,9.0,36.0,24.0
IPL_2024_036,2,KKR,SP Narine,4.0,24,0,36,2,9.0,18.0,12.0
IPL_2024_036,2,KKR,Suyash Sharma,2.0,12,0,32,0,16.0,,
IPL_2024_036,2,KKR,AD Russell,3.0,18,0,26,3,8.67,8.67,6.0
IPL_2024_037,1,GT,Azmatullah Omarzai,2.0,12,0,13,0,6.5,,
IPL_2024_037,1,GT,S Sandeep Warrier,1.1,7,0,20,0,17.14,,
IPL_2024_037,1,GT,MM Sharma,4.0,24,0,32,2,8.0,16.0,12.0
IPL_2024_037,1,GT,Rashid Khan,4.0,24,0,15,1,3.75,15.0,24.0
IPL_2024_037,1,GT,Noor Ahmad,4.0,24,0,20,2,5.0,10.0,12.0
IPL_2024_037,1,GT,R Sai Kishore,4.0,24,0,32,4,8.0,8.0,6.0
IPL_2024_037,1,GT,M Shahrukh Khan,1.0,6,0,7,0,7.0,,
IPL_2024_037,2,PBKS,K Rabada,4.0,24,0,40,0,10.0,,
IPL_2024_037,2,PBKS,Arshdeep Singh,2.1,13,0,17,1,7.85,17.0,13.0
IPL_2024_037,2,PBKS,HV Patel,3.0,18,0,15,3,5.0,5.0,6.0
IPL_2024_037,2,PBKS,SM Curran,2.0,12,0,18,1,9.0,18.0,12.0
IPL_2024_037,2,PBKS,Harpreet Brar,4.0,24,0,35,0,8.75,,
IPL_2024_037,2,PBKS,LS Livingstone,4.0,24,0,20,2,5.0,10.0,12.0
IPL_2024_038,1,RR,TA Boult,4.0,24,0,30,2,7.5,15.0,12.0
IPL_2024_038,1,RR,Sandeep Sharma,4.0,24,0,18,5,4.5,3.6,4.8
IPL_2024_038,1,RR,Avesh Khan,4.0,24,0,46,1,11.5,46.0,24.0
IPL_2024_038,1,RR,R Ashwin,4.0,24,0,30,0,7.5,,
IPL_2024_038,1,RR,YS Chahal,4.0,24,0,46,1,11.5,46.0,24.0
IPL_2024_038,2,MI,HH Pandya,2.0,12,0,21,0,10.5,,
IPL_2024_038,2,MI,JJ Bumrah,4.1,25,0,35,0,8.4,,
IPL_2024_038,2,MI,N Thushara,3.0,18,0,28,0,9.33,,
IPL_2024_038,2,MI,G Coetzee,2.0,12,0,22,0,11.0,,
IPL_2024_038,2,MI,Mohammad Nabi,3.0,18,0,31,0,10.33,,
IPL_2024_038,2,MI,PP Chawla,4.0,24,0,33,1,8.25,33.0,24.0
IPL_2024_038,2,MI,Tilak Varma,0.4,4,0,8,0,12.0,,
IPL_2024_039,1,LSG,MJ Henry,4.0,24,0,28,1,7.0,28.0,24.0
IPL_2024_039,1,LSG,Mohsin Khan,4.0,24,0,50,1,12.5,50.0,24.0
IPL_2024_039,1,LSG,Ravi Bishnoi,2.0,12,0,19,0,9.5,,
IPL_2024_039,1,LSG,Yash Thakur,4.0,24,0,46,1,11.5,46.0,24.0
IPL_2024_039,1,LSG,MP Stoinis,4.0,24,0,49,0,12.25,,
IPL_2024_039,1,LSG,KH Pandya,2.0,12,0,16,0,8.0,,
IPL_2024_039,2,CSK,DL Chahar,2.0,12,0,11,1,5.5,11.0,12.0
IPL_2024_039,2,CSK,TU Deshpande,3.1,19,0,34,0,10.74,,
IPL_2024_039,2,CSK,Mustafizur Rahman,3.4,22,0,50,1,13.64,50.0,22.0
IPL_2024_039,2,CSK,SN Thakur,3.0,18,0,41,0,13.67,,
IPL_2024_039,2,CSK,MM Ali,2.0,12,0,21,0,10.5,,
IPL_2024_039,2,CSK,RA Jadeja,2.1,13,0,16,0,7.38,,
IPL_2024_039,2,CSK,M Pathirana,4.0,24,0,34,2,8.5,17.0,12.0
IPL_2024_040,1,GT,Azmatullah Omarzai,4.0,24,0,34,0,8.5,,
IPL_2024_040,1,GT,S Sandeep Warrier,3.0,18,0,14,3,4.67,4.67,6.0
IPL_2024_040,1,GT,Rashid Khan,4.0,24,0,35,0,8.75,,
IPL_2024_040,1,GT,Noor Ahmad,3.0,18,0,35,1,11.67,35.0,18.0
IPL_2024_040,1,GT,MM Sharma,4.0,24,0,72,0,18.0,,
IPL_2024_040,1,GT,M Shahrukh Khan,1.0,6,0,9,0,9.0,,
IPL_2024_040,1,GT,R Sai Kishore,1.0,6,0,22,0,22.0,,
IPL_2024_040,2,DC,KK Ahmed,2.0,12,0,25,0,12.5,,
IPL_2024_040,2,DC,A Nortje,3.0,18,0,48,1,16.0,48.0,18.0
IPL_2024_040,2,DC,Rasikh Salam,4.0,24,0,43,3,10.75,14.33,8.0
IPL_2024_040,2,DC,Mukesh Kumar,4.1,25,0,44,1,10.56,44.0,25.0
IPL_2024_040,2,DC,AR Patel,3.0,18,0,28,1,9.33,28.0,18.0
IPL_2024_040,2,DC,Kuldeep Yadav,4.0,24,0,28,2,7.0,14.0,12.0
IPL_2024_041,1,SRH,Abhishek Sharma,1.0,6,0,10,0,10.0,,
IPL_2024_041,1,SRH,B Kumar,1.0,6,0,14,0,14.0,,
IPL_2024_041,1,SRH,PJ Cummins,4.0,24,0,54,1,13.5,54.0,24.0
IPL_2024_041,1,SRH,T Natarajan,4.0,24,0,39,2,9.75,19.5,12.0
IPL_2024_041,1,SRH,Shahbaz Ahmed,3.0,18,0,14,0,4.67,,
IPL_2024_041,1,SRH,M Markande,3.0,18,0,41,1,13.67,41.0,18.0
IPL_2024_041,1,SRH,JD Unadkat,4.0,24,0,29,3,7.25,9.67,8.0
IPL_2024_041,2,RCB,WG Jacks,2.0,12,0,23,1,11.5,23.0,12.0
IPL_2024_041,2,RCB,Mohammed Siraj,4.0,24,0,19,0,4.75,,
IPL_2024_041,2,RCB,Yash Dayal,3.0,18,0,15,1,5.0,15.0,18.0
IPL_2024_041,2,RCB,Swapnil Singh,3.1,19,0,39,2,12.32,19.5,9.5
IPL_2024_041,2,RCB,KV Sharma,4.0,24,0,27,2,6.75,13.5,12.0
IPL_2024_041,2,RCB,LH Ferguson,2.0,12,0,28,0,14.0,,
IPL_2024_041,2,RCB,C Green,2.0,12,0,11,2,5.5,5.5,6.0
IPL_2024_042,1,PBKS,SM Curran,4.0,24,0,60,1,15.0,60.0,24.0
IPL_2024_042,1,PBKS,Arshdeep Singh,4.0,24,0,40,2,10.0,20.0,12.0
IPL_2024_042,1,PBKS,HV Patel,3.1,19,0,47,1,14.84,47.0,19.0
IPL_2024_042,1,PBKS,K Rabada,3.0,18,0,48,0,16.0,,
IPL_2024_042,1,PBKS,RD Chahar,4.0,24,0,34,1,8.5,34.0,24.0
IPL_2024_042,1,PBKS,Harpreet Brar,2.0,12,0,21,0,10.5,,
IPL_2024_042,2,KKR,PVD Chameera,3.0,18,0,48,0,16.0,,
IPL_2024_042,2,KKR,Harshit Rana,4.0,24,0,61,0,15.25,,
IPL_2024_042,2,KKR,AS Roy,2.0,12,0,36,0,18.0,,
IPL_2024_042,2,KKR,SP Narine,4.0,24,0,24,1,6.0,24.0,24.0
IPL_2024_042,2,KKR,CV Varun,3.0,18,0,46,0,15.33,,
IPL_2024_042,2,KKR,AD Russell,2.0,12,0,34,0,17.0,,
IPL_2024_042,2,KKR,Ramandeep Singh,0.4,4,0,9,0,13.5,,
IPL_2024_043,1,MI,L Wood,4.0,24,0,68,1,17.0,68.0,24.0
IPL_2024_043,1,MI,JJ Bumrah,4.1,25,0,33,1,7.92,33.0,25.0
IPL_2024_043,1,MI,N Thushara,4.0,24,0,54,0,13.5,,
IPL_2024_043,1,MI,PP Chawla,4.0,24,0,34,1,8.5,34.0,24.0
IPL_2024_043,1,MI,HH Pandya,2.0,12,0,41,0,20.5,,
IPL_2024_043,1,MI,Mohammad Nabi,2.0,12,0,20,1,10.0,20.0,12.0
IPL_2024_043,2,DC,LB Williams,3.1,19,0,25,0,7.89,,
IPL_2024_043,2,DC,KK Ahmed,4.0,24,0,47,2,11.75,23.5,12.0
IPL_2024_043,2,DC,Mukesh Kumar,4.0,24,0,60,3,15.0,20.0,8.0
IPL_2024_043,2,DC,Kuldeep Yadav,3.0,18,0,46,0,15.33,,
IPL_2024_043,2,DC,AR Patel,2.0,12,0,24,0,12.0,,
IPL_2024_043,2,DC,Rasikh Salam,4.0,24,0,32,3,8.0,10.67,8.0
IPL_2024_044,1,RR,TA Boult,4.0,24,0,35,1,8.75,35.0,24.0
IPL_2024_044,1,RR,Sandeep Sharma,4.0,24,0,30,2,7.5,15.0,12.0
IPL_2024_044,1,RR,Avesh Khan,4.1,25,0,41,1,9.84,41.0,25.0
IPL_2024_044,1,RR,R Ashwin,4.0,24,0,34,1,8.5,34.0,24.0
IPL_2024_044,1,RR,YS Chahal,4.0,24,0,40,0,10.0,,
IPL_2024_044,2,LSG,MJ Henry,3.0,18,0,34,0,11.33,,
IPL_2024_044,2,LSG,Mohsin Khan,4.0,24,0,52,0,13.0,,
IPL_2024_044,2,LSG,Yash Thakur,4.0,24,0,48,1,12.0,48.0,24.0
IPL_2024_044,2,LSG,MP Stoinis,1.0,6,0,3,1,3.0,3.0,6.0
IPL_2024_044,2,LSG,KH Pandya,4.0,24,0,24,0,6.0,,
IPL_2024_044,2,LSG,A Mishra,2.0,12,0,20,1,10.0,20.0,12.0
IPL_2024_044,2,LSG,Ravi Bishnoi,1.0,6,0,16,0,16.0,,
IPL_2024_045,1,RCB,Swapnil Singh,3.0,18,0,23,1,7.67,23.0,18.0
IPL_2024_045,1,RCB,Mohammed Siraj,4.0,24,0,30,1,7.5,30.0,24.0
IPL_2024_045,1,RCB,Yash Dayal,4.1,25,0,31,0,7.44,,
IPL_2024_045,1,RCB,GJ Maxwell,3.0,18,0,28,1,9.33,28.0,18.0
IPL_2024_045,1,RCB,KV Sharma,3.0,18,0,37,0,12.33,,
IPL_2024_045,1,RCB,C Green,3.0,18,0,41,0,13.67,,
IPL_2024_045,2,GT,Azmatullah Omarzai,2.0,12,0,22,0,11.0,,
IPL_2024_045,2,GT,S Sandeep Warrier,1.0,6,0,13,0,13.0,,
IPL_2024_045,2,GT,R Sai Kishore,3.0,18,0,30,1,10.0,30.0,18.0
IPL_2024_045,2,GT,Rashid Khan,4.0,24,0,51,0,12.75,,
IPL_2024_045,2,GT,Noor Ahmad,4.0,24,0,46,0,11.5,,
IPL_2024_045,2,GT,MM Sharma,2.1,13,0,40,0,18.46,,
IPL_2024_046,1,SRH,B Kumar,4.0,24,0,39,1,9.75,39.0,24.0
IPL_2024_046,1,SRH,Nithish Kumar Reddy,1.0,6,0,8,0,8.0,,
IPL_2024_046,1,SRH,Shahbaz Ahmed,3.0,18,0,33,0,11.0,,
IPL_2024_046,1,SRH,T Natarajan,4.0,24,0,40,1,10.0,40.0,24.0
IPL_2024_046,1,SRH,JD Unadkat,4.0,24,0,37,1,9.25,37.0,24.0
IPL_2024_046,1,SRH,PJ Cummins,4.0,24,0,49,0,12.25,,
IPL_2024_046,2,CSK,DL Chahar,3.0,18,0,22,0,7.33,,
IPL_2024_046,2,CSK,TU Deshpande,3.0,18,0,27,4,9.0,6.75,4.5
IPL_2024_046,2,CSK,Mustafizur Rahman,2.5,17,0,19,2,6.71,9.5,8.5
IPL_2024_046,2,CSK,RA Jadeja,4.0,24,0,22,1,5.5,22.0,24.0
IPL_2024_046,2,CSK,SN Thakur,4.1,25,0,26,1,6.24,26.0,25.0
IPL_2024_046,2,CSK,M Pathirana,2.0,12,0,15,2,7.5,7.5,6.0
IPL_2024_047,1,KKR,MA Starc,3.0,18,0,37,1,12.33,37.0,18.0
IPL_2024_047,1,KKR,VG Arora,4.1,25,0,28,2,6.72,14.0,12.5
IPL_2024_047,1,KKR,Harshit Rana,4.0,24,0,28,2,7.0,14.0,12.0
IPL_2024_047,1,KKR,SP Narine,4.0,24,0,24,1,6.0,24.0,24.0
IPL_2024_047,1,KKR,CV Varun,4.0,24,0,16,3,4.0,5.33,8.0
IPL_2024_047,1,KKR,AD Russell,1.0,6,0,10,0,10.0,,
IPL_2024_047,2,DC,LB Williams,3.1,19,0,38,1,12.0,38.0,19.0
IPL_2024_047,2,DC,KK Ahmed,3.0,18,0,28,0,9.33,,
IPL_2024_047,2,DC,Rasikh Salam,2.3,15,0,30,0,12.0,,
IPL_2024_047,2,DC,AR Patel,4.0,24,0,25,2,6.25,12.5,12.0
IPL_2024_047,2,DC,Kuldeep Yadav,4.0,24,0,34,0,8.5,,
IPL_2024_048,1,LSG,MP Stoinis,3.0,18,0,18,1,6.0,18.0,18.0
IPL_2024_048,1,LSG,Mohsin Khan,4.0,24,0,36,2,9.0,18.0,12.0
IPL_2024_048,1,LSG,Naveen-ul-Haq,4.0,24,0,15,1,3.75,15.0,24.0
IPL_2024_048,1,LSG,MP Yadav,3.2,20,0,29,1,8.7,29.0,20.0
IPL_2024_048,1,LSG,Ravi Bishnoi,4.0,24,0,27,1,6.75,27.0,24.0
IPL_2024_048,1,LSG,DJ Hooda,2.0,12,0,13,0,6.5,,
IPL_2024_048,2,MI,N Thushara,4.0,24,0,27,1,6.75,27.0,24.0
IPL_2024_048,2,MI,JJ Bumrah,4.0,24,0,17,0,4.25,,
IPL_2024_048,2,MI,G Coetzee,3.0,18,0,30,1,10.0,30.0,18.0
IPL_2024_048,2,MI,PP Chawla,3.0,18,0,23,0,7.67,,
IPL_2024_048,2,MI,HH Pandya,4.0,24,0,25,2,6.25,12.5,12.0
IPL_2024_048,2,MI,Mohammad Nabi,1.2,8,0,16,1,12.0,16.0,8.0
IPL_2024_049,1,PBKS,K Rabada,4.0,24,0,23,1,5.75,23.0,24.0
IPL_2024_049,1,PBKS,Arshdeep Singh,4.0,24,0,47,1,11.75,47.0,24.0
IPL_2024_049,1,PBKS,SM Curran,3.1,19,0,40,0,12.63,,
IPL_2024_049,1,PBKS,Harpreet Brar,4.0,24,0,16,2,4.0,8.0,12.0
IPL_2024_049,1,PBKS,RD Chahar,4.0,24,0,16,2,4.0,8.0,12.0
IPL_2024_049,1,PBKS,HV Patel,1.0,6,0,7,0,7.0,,
IPL_2024_049,2,CSK,DL Chahar,0.2,2,0,4,0,12.0,,
IPL_2024_049,2,CSK,SN Thakur,3.5,23,0,46,1,12.0,46.0,23.0
IPL_2024_049,2,CSK,RJ Gleeson,4.0,24,0,29,1,7.25,29.0,24.0
IPL_2024_049,2,CSK,Mustafizur Rahman,4.0,24,0,17,0,4.25,,
IPL_2024_049,2,CSK,RA Jadeja,3.0,18,0,22,0,7.33,,
IPL_2024_049,2,CSK,MM Ali,2.0,12,0,22,0,11.0,,
IPL_2024_049,2,CSK,S Dube,1.0,6,0,14,1,14.0,14.0,6.0
IPL_2024_050,1,RR,TA Boult,4.0,24,0,32,0,8.0,,
IPL_2024_050,1,RR,R Ashwin,4.0,24,0,35,0,8.75,,
IPL_2024_050,1,RR,Avesh Khan,4.0,24,0,36,2,9.0,18.0,12.0
IPL_2024_050,1,RR,Sandeep Sharma,4.0,24,0,29,1,7.25,29.0,24.0
IPL_2024_050,1,RR,YS Chahal,4.0,24,0,61,0,15.25,,
IPL_2024_050,2,SRH,B Kumar,4.0,24,0,41,3,10.25,13.67,8.0
IPL_2024_050,2,SRH,M Jansen,4.2,26,0,38,0,8.77,,
IPL_2024_050,2,SRH,PJ Cummins,4.0,24,0,34,2,8.5,17.0,12.0
IPL_2024_050,2,SRH,T Natarajan,4.0,24,0,32,2,8.0,16.0,12.0
IPL_2024_050,2,SRH,JD Unadkat,2.0,12,0,21,0,10.5,,
IPL_2024_050,2,SRH,Nithish Kumar Reddy,1.0,6,0,10,0,10.0,,
IPL_2024_050,2,SRH,Shahbaz Ahmed,1.0,6,0,11,0,11.0,,
IPL_2024_051,1,MI,N Thushara,4.1,25,0,39,3,9.36,13.0,8.33
IPL_2024_051,1,MI,JJ Bumrah,3.5,23,0,18,3,4.7,6.0,7.67
IPL_2024_051,1,MI,G Coetzee,2.0,12,0,24,0,12.0,,
IPL_2024_051,1,MI,HH Pandya,4.0,24,0,43,2,10.75,21.5,12.0
IPL_2024_051,1,MI,Naman Dhir,3.0,18,0,24,0,8.0,,
IPL_2024_051,1,MI,PP Chawla,3.0,18,0,15,1,5.0,15.0,18.0
IPL_2024_051,2,KKR,VG Arora,3.1,19,0,33,0,10.42,,
IPL_2024_051,2,KKR,MA Starc,3.5,23,0,30,4,7.83,7.5,5.75
IPL_2024_051,2,KKR,CV Varun,4.0,24,0,22,2,5.5,11.0,12.0
IPL_2024_051,2,KKR,SP Narine,4.0,24,0,21,2,5.25,10.5,12.0
IPL_2024_051,2,KKR,AD Russell,4.0,24,0,32,2,8.0,16.0,12.0
IPL_2024_052,1,RCB,Swapnil Singh,1.0,6,0,1,0,1.0,,
IPL_2024_052,1,RCB,Mohammed Siraj,4.0,24,0,26,2,6.5,13.0,12.0
IPL_2024_052,1,RCB,Yash Dayal,4.0,24,0,22,2,5.5,11.0,12.0
IPL_2024_052,1,RCB,C Green,4.0,24,0,28,1,7.0,28.0,24.0
IPL_2024_052,1,RCB,Vijaykumar Vyshak,3.3,21,0,23,2,6.57,11.5,10.5
IPL_2024_052,1,RCB,KV Sharma,3.0,18,0,43,1,14.33,43.0,18.0
IPL_2024_052,2,GT,MM Sharma,2.0,12,0,32,0,16.0,,
IPL_2024_052,2,GT,J Little,4.0,24,0,44,4,11.0,11.0,6.0
IPL_2024_052,2,GT,MJ Suthar,2.0,12,0,26,0,13.0,,
IPL_2024_052,2,GT,Noor Ahmad,4.0,24,0,24,2,6.0,12.0,12.0
IPL_2024_052,2,GT,Rashid Khan,1.4,10,0,25,0,15.0,,
IPL_2024_053,1,PBKS,K Rabada,3.0,18,0,23,0,7.67,,
IPL_2024_053,1,PBKS,Arshdeep Singh,4.0,24,0,42,2,10.5,21.0,12.0
IPL_2024_053,1,PBKS,SM Curran,4.0,24,0,34,1,8.5,34.0,24.0
IPL_2024_053,1,PBKS,Harpreet Brar,1.0,6,0,19,0,19.0,,
IPL_2024_053,1,PBKS,RD Chahar,4.0,24,0,22,3,5.5,7.33,8.0
IPL_2024_053,1,PBKS,HV Patel,4.0,24,0,22,3,5.5,7.33,8.0
IPL_2024_053,2,CSK,MJ Santner,3.0,18,0,10,1,3.33,10.0,18.0
IPL_2024_053,2,CSK,TU Deshpande,4.0,24,0,34,2,8.5,17.0,12.0
IPL_2024_053,2,CSK,RJ Gleeson,4.0,24,0,39,0,9.75,,
IPL_2024_053,2,CSK,RA Jadeja,4.0,24,0,20,3,5.0,6.67,8.0
IPL_2024_053,2,CSK,Simarjeet Singh,3.0,18,0,17,2,5.67,8.5,9.0
IPL_2024_053,2,CSK,SN Thakur,2.0,12,0,15,1,7.5,15.0,12.0
IPL_2024_054,1,LSG,MP Stoinis,2.0,12,0,29,0,14.5,,
IPL_2024_054,1,LSG,Mohsin Khan,2.0,12,0,27,0,13.5,,
IPL_2024_054,1,LSG,Naveen-ul-Haq,4.0,24,0,48,3,12.0,16.0,8.0
IPL_2024_054,1,LSG,Yash Thakur,4.0,24,0,43,1,10.75,43.0,24.0
IPL_2024_054,1,LSG,KH Pandya,2.0,12,0,20,0,10.0,,
IPL_2024_054,1,LSG,Ravi Bishnoi,4.0,24,0,31,1,7.75,31.0,24.0
IPL_2024_054,1,LSG,Yudhvir Singh,2.0,12,0,24,1,12.0,24.0,12.0
IPL_2024_054,2,KKR,VG Arora,2.0,12,0,20,0,10.0,,
IPL_2024_054,2,KKR,MA Starc,2.0,12,0,22,1,11.0,22.0,12.0
IPL_2024_054,2,KKR,SP Narine,4.0,24,0,21,1,5.25,21.0,24.0
IPL_2024_054,2,KKR,Harshit Rana,3.1,19,0,23,3,7.26,7.67,6.33
IPL_2024_054,2,KKR,CV Varun,3.0,18,0,30,3,10.0,10.0,6.0
IPL_2024_054,2,KKR,AD Russell,2.0,12,0,15,2,7.5,7.5,6.0
IPL_2024_055,1,MI,N Thushara,4.1,25,0,38,0,9.12,,
IPL_2024_055,1,MI,A Kamboj,4.2,26,0,40,1,9.23,40.0,26.0
IPL_2024_055,1,MI,JJ Bumrah,4.0,24,0,22,1,5.5,22.0,24.0
IPL_2024_055,1,MI,HH Pandya,4.0,24,0,30,3,7.5,10.0,8.0
IPL_2024_055,1,MI,PP Chawla,4.0,24,0,31,3,7.75,10.33,8.0
IPL_2024_055,2,SRH,B Kumar,4.0,24,0,30,1,7.5,30.0,24.0
IPL_2024_055,2,SRH,M Jansen,3.0,18,0,44,1,14.67,44.0,18.0
IPL_2024_055,2,SRH,PJ Cummins,4.0,24,0,34,1,8.5,34.0,24.0
IPL_2024_055,2,SRH,T Natarajan,3.2,20,0,31,0,9.3,,
IPL_2024_055,2,SRH,Nithish Kumar Reddy,2.0,12,0,16,0,8.0,,
IPL_2024_055,2,SRH,Shahbaz Ahmed,1.0,6,0,11,0,11.0,,
IPL_2024_056,1,RR,TA Boult,4.0,24,0,48,1,12.0,48.0,24.0
IPL_2024_056,1,RR,Sandeep Sharma,4.0,24,0,42,1,10.5,42.0,24.0
IPL_2024_056,1,RR,Avesh Khan,2.0,12,0,42,0,21.0,,
IPL_2024_056,1,RR,R Ashwin,4.0,24,0,24,3,6.0,8.0,8.0
IPL_2024_056,1,RR,R Parag,2.0,12,0,16,0,8.0,,
IPL_2024_056,1,RR,YS Chahal,4.0,24,0,48,1,12.0,48.0,24.0
IPL_2024_056,2,DC,KK Ahmed,4.0,24,0,40,2,10.0,20.0,12.0
IPL_2024_056,2,DC,I Sharma,3.0,18,0,33,0,11.0,,
IPL_2024_056,2,DC,Mukesh Kumar,3.0,18,0,33,2,11.0,16.5,9.0
IPL_2024_056,2,DC,AR Patel,3.0,18,0,25,1,8.33,25.0,18.0
IPL_2024_056,2,DC,Kuldeep Yadav,4.1,25,0,24,2,5.76,12.0,12.5
IPL_2024_056,2,DC,Rasikh Salam,3.0,18,0,35,1,11.67,35.0,18.0
IPL_2024_057,1,SRH,B Kumar,4.0,24,0,13,2,3.25,6.5,12.0
IPL_2024_057,1,SRH,PJ Cummins,4.0,24,0,47,1,11.75,47.0,24.0
IPL_2024_057,1,SRH,Shahbaz Ahmed,2.0,12,0,9,0,4.5,,
IPL_2024_057,1,SRH,V Viyaskanth,4.0,24,0,27,0,6.75,,
IPL_2024_057,1,SRH,JD Unadkat,2.0,12,0,19,0,9.5,,
IPL_2024_057,1,SRH,T Natarajan,4.0,24,0,47,0,11.75,,
IPL_2024_057,2,LSG,K Gowtham,2.0,12,0,29,0,14.5,,
IPL_2024_057,2,LSG,Yash Thakur,2.4,16,0,46,0,17.25,,
IPL_2024_057,2,LSG,Ravi Bishnoi,2.0,12,0,34,0,17.0,,
IPL_2024_057,2,LSG,Naveen-ul-Haq,2.0,12,0,37,0,18.5,,
IPL_2024_057,2,LSG,A Badoni,1.0,6,0,19,0,19.0,,
IPL_2024_058,1,PBKS,V Kaverappa,4.0,24,0,36,2,9.0,18.0,12.0
IPL_2024_058,1,PBKS,Arshdeep Singh,3.0,18,0,39,1,13.0,39.0,18.0
IPL_2024_058,1,PBKS,SM Curran,3.0,18,0,48,1,16.0,48.0,18.0
IPL_2024_058,1,PBKS,HV Patel,4.0,24,0,38,3,9.5,12.67,8.0
IPL_2024_058,1,PBKS,RD Chahar,3.1,19,0,46,0,14.53,,
IPL_2024_058,1,PBKS,LS Livingstone,3.0,18,0,27,0,9.0,,
IPL_2024_058,2,RCB,Swapnil Singh,3.0,18,0,28,2,9.33,14.0,9.0
IPL_2024_058,2,RCB,Mohammed Siraj,4.0,24,0,40,3,10.0,13.33,8.0
IPL_2024_058,2,RCB,Yash Dayal,2.0,12,0,21,0,10.5,,
IPL_2024_058,2,RCB,LH Ferguson,3.0,18,0,31,2,10.33,15.5,9.0
IPL_2024_058,2,RCB,WG Jacks,1.0,6,0,5,0,5.0,,
IPL_2024_058,2,RCB,C Green,1.0,6,0,16,0,16.0,,
IPL_2024_058,2,RCB,KV Sharma,3.0,18,0,36,2,12.0,18.0,9.0
IPL_2024_059,1,CSK,MJ Santner,2.0,12,0,31,0,15.5,,
IPL_2024_059,1,CSK,TU Deshpande,4.0,24,0,31,2,7.75,15.5,12.0
IPL_2024_059,1,CSK,SN Thakur,4.0,24,0,26,0,6.5,,
IPL_2024_059,1,CSK,Simarjeet Singh,4.0,24,0,58,0,14.5,,
IPL_2024_059,1,CSK,RA Jadeja,2.0,12,0,29,0,14.5,,
IPL_2024_059,1,CSK,DJ Mitchell,4.0,24,0,51,0,12.75,,
IPL_2024_059,2,GT,UT Yadav,3.0,18,0,20,1,6.67,20.0,18.0
IPL_2024_059,2,GT,S Sandeep Warrier,3.0,18,0,28,1,9.33,28.0,18.0
IPL_2024_059,2,GT,Kartik Tyagi,4.0,24,0,50,0,12.5,,
IPL_2024_059,2,GT,Noor Ahmad,2.0,12,0,25,0,12.5,,
IPL_2024_059,2,GT,Rashid Khan,4.0,24,0,40,2,10.0,20.0,12.0
IPL_2024_059,2,GT,MM Sharma,4.0,24,0,29,3,7.25,9.67,8.0
IPL_2024_060,1,MI,N Thushara,3.0,18,0,29,1,9.67,29.0,18.0
IPL_2024_060,1,MI,JJ Bumrah,4.0,24,0,40,2,10.0,20.0,12.0
IPL_2024_060,1,MI,A Kamboj,3.0,18,0,23,1,7.67,23.0,18.0
IPL_2024_060,1,MI,HH Pandya,3.0,18,0,34,0,11.33,,
IPL_2024_060,1,MI,PP Chawla,3.0,18,0,28,2,9.33,14.0,9.0
IPL_2024_060,2,KKR,VG Arora,2.1,13,0,18,0,8.31,,
IPL_2024_060,2,KKR,MA Starc,1.0,6,0,11,0,11.0,,
IPL_2024_060,2,KKR,Harshit Rana,3.0,18,0,33,2,11.0,16.5,9.0
IPL_2024_060,2,KKR,SP Narine,3.0,18,0,21,1,7.0,21.0,18.0
IPL_2024_060,2,KKR,CV Varun,4.0,24,0,17,2,4.25,8.5,12.0
IPL_2024_060,2,KKR,AD Russell,3.0,18,0,33,2,11.0,16.5,9.0
IPL_2024_061,1,CSK,TU Deshpande,4.0,24,0,31,2,7.75,15.5,12.0
IPL_2024_061,1,CSK,M Theekshana,4.0,24,0,28,0,7.0,,
IPL_2024_061,1,CSK,SN Thakur,4.0,24,0,32,0,8.0,,
IPL_2024_061,1,CSK,Simarjeet Singh,4.0,24,0,22,3,5.5,7.33,8.0
IPL_2024_061,1,CSK,RA Jadeja,4.0,24,0,24,0,6.0,,
IPL_2024_061,2,RR,TA Boult,2.2,14,0,23,0,9.86,,
IPL_2024_061,2,RR,Sandeep Sharma,3.0,18,0,30,0,10.0,,
IPL_2024_061,2,RR,R Ashwin,4.0,24,0,34,2,8.5,17.0,12.0
IPL_2024_061,2,RR,N Burger,3.0,18,0,21,1,7.0,21.0,18.0
IPL_2024_061,2,RR,YS Chahal,4.0,24,0,21,1,5.25,21.0,24.0
IPL_2024_061,2,RR,Avesh Khan,2.0,12,0,11,0,5.5,,
IPL_2024_062,1,DC,I Sharma,3.0,18,0,28,1,9.33,28.0,18.0
IPL_2024_062,1,DC,KK Ahmed,4.0,24,0,32,2,8.0,16.0,12.0
IPL_2024_062,1,DC,Mukesh Kumar,3.0,18,0,24,1,8.0,24.0,18.0
IPL_2024_062,1,DC,AR Patel,3.0,18,0,24,0,8.0,,
IPL_2024_062,1,DC,Kuldeep Yadav,4.0,24,0,52,1,13.0,52.0,24.0
IPL_2024_062,1,DC,Rasikh Salam,3.0,18,0,20,2,6.67,10.0,9.0
IPL_2024_062,2,RCB,Swapnil Singh,1.0,6,0,9,1,9.0,9.0,6.0
IPL_2024_062,2,RCB,Mohammed Siraj,4.0,24,0,31,1,7.75,31.0,24.0
IPL_2024_062,2,RCB,Yash Dayal,3.1,19,0,19,3,6.0,6.33,6.33
IPL_2024_062,2,RCB,KV Sharma,2.0,12,0,19,0,9.5,,
IPL_2024_062,2,RCB,LH Ferguson,4.0,24,0,24,2,6.0,12.0,12.0
IPL_2024_062,2,RCB,C Green,4.0,24,0,17,1,4.25,17.0,24.0
IPL_2024_062,2,RCB,WG Jacks,1.0,6,0,16,0,16.0,,
IPL_2024_064,1,LSG,Arshad Khan,3.0,18,0,40,1,13.33,40.0,18.0
IPL_2024_064,1,LSG,Mohsin Khan,4.0,24,0,29,0,7.25,,
IPL_2024_064,1,LSG,Yudhvir Singh,2.0,12,0,28,0,14.0,,
IPL_2024_064,1,LSG,Naveen-ul-Haq,4.0,24,0,50,2,12.5,25.0,12.0
IPL_2024_064,1,LSG,Ravi Bishnoi,4.0,24,0,26,1,6.5,26.0,24.0
IPL_2024_064,1,LSG,KH Pandya,2.0,12,0,19,0,9.5,,
IPL_2024_064,1,LSG,DJ Hooda,1.0,6,0,8,0,8.0,,
IPL_2024_064,2,DC,I Sharma,4.0,24,0,32,3,8.0,10.67,8.0
IPL_2024_064,2,DC,KK Ahmed,2.0,12,0,22,1,11.0,22.0,12.0
IPL_2024_064,2,DC,AR Patel,1.0,6,0,20,1,20.0,20.0,6.0
IPL_2024_064,2,DC,Mukesh Kumar,4.0,24,0,31,1,7.75,31.0,24.0
IPL_2024_064,2,DC,Kuldeep Yadav,4.0,24,0,33,1,8.25,33.0,24.0
IPL_2024_064,2,DC,T Stubbs,1.0,6,0,4,1,4.0,4.0,6.0
IPL_2024_064,2,DC,Gulbadin Naib,1.0,6,0,12,0,12.0,,
IPL_2024_064,2,DC,Rasikh Salam,3.0,18,0,30,0,10.0,,
IPL_2024_065,1,PBKS,SM Curran,3.0,18,0,24,2,8.0,12.0,9.0
IPL_2024_065,1,PBKS,Arshdeep Singh,4.0,24,0,32,1,8.0,32.0,24.0
IPL_2024_065,1,PBKS,NT Ellis,4.0,24,0,24,1,6.0,24.0,24.0
IPL_2024_065,1,PBKS,HV Patel,4.0,24,0,27,2,6.75,13.5,12.0
IPL_2024_065,1,PBKS,RD Chahar,4.0,24,0,26,2,6.5,13.0,12.0
IPL_2024_065,1,PBKS,Harpreet Brar,1.0,6,0,10,0,10.0,,
IPL_2024_065,2,RR,TA Boult,3.0,18,0,27,1,9.0,27.0,18.0
IPL_2024_065,2,RR,Sandeep Sharma,4.0,24,0,28,0,7.0,,
IPL_2024_065,2,RR,Avesh Khan,3.5,23,0,28,2,7.3,14.0,11.5
IPL_2024_065,2,RR,R Ashwin,4.0,24,0,31,0,7.75,,
IPL_2024_065,2,RR,YS Chahal,4.0,24,0,30,2,7.5,15.0,12.0
IPL_2024_067,1,MI,N Thushara,4.0,24,0,26,3,6.5,8.67,8.0
IPL_2024_067,1,MI,Arjun Tendulkar,2.2,14,0,21,0,9.0,,
IPL_2024_067,1,MI,A Kamboj,3.0,18,0,44,0,14.67,,
IPL_2024_067,1,MI,PP Chawla,4.0,24,0,29,3,7.25,9.67,8.0
IPL_2024_067,1,MI,N Wadhera,2.0,12,0,13,0,6.5,,
IPL_2024_067,1,MI,HH Pandya,2.0,12,0,27,0,13.5,,
IPL_2024_067,1,MI,Naman Dhir,0.4,4,0,17,0,25.5,,
IPL_2024_067,1,MI,R Shepherd,2.0,12,0,26,0,13.0,,
IPL_2024_067,2,LSG,Arshad Khan,2.0,12,0,8,0,4.0,,
IPL_2024_067,2,LSG,MJ Henry,2.0,12,0,22,0,11.0,,
IPL_2024_067,2,LSG,KH Pandya,4.0,24,0,28,1,7.0,28.0,24.0
IPL_2024_067,2,LSG,Mohsin Khan,4.0,24,0,42,1,10.5,42.0,24.0
IPL_2024_067,2,LSG,Naveen-ul-Haq,4.1,25,0,48,2,11.52,24.0,12.5
IPL_2024_067,2,LSG,Ravi Bishnoi,4.0,24,0,37,2,9.25,18.5,12.0
IPL_2024_068,1,CSK,TU Deshpande,4.0,24,0,45,1,11.25,45.0,24.0
IPL_2024_068,1,CSK,SN Thakur,4.0,24,0,62,2,15.5,31.0,12.0
IPL_2024_068,1,CSK,M Theekshana,4.0,24,0,24,0,6.0,,
IPL_2024_068,1,CSK,MJ Santner,4.0,24,0,23,1,5.75,23.0,24.0
IPL_2024_068,1,CSK,RA Jadeja,3.0,18,0,40,0,13.33,,
IPL_2024_068,1,CSK,Simarjeet Singh,1.0,6,0,17,0,17.0,,
IPL_2024_068,2,RCB,GJ Maxwell,4.0,24,0,20,1,5.0,20.0,24.0
IPL_2024_068,2,RCB,Mohammed Siraj,4.0,24,0,38,1,9.5,38.0,24.0
IPL_2024_068,2,RCB,Yash Dayal,4.0,24,0,42,2,10.5,21.0,12.0
IPL_2024_068,2,RCB,Swapnil Singh,2.0,12,0,12,0,6.0,,
IPL_2024_068,2,RCB,KV Sharma,1.0,6,0,14,0,14.0,,
IPL_2024_068,2,RCB,LH Ferguson,3.2,20,0,37,1,11.1,37.0,20.0
IPL_2024_068,2,RCB,C Green,2.0,12,0,18,1,9.0,18.0,12.0
IPL_2024_069,1,SRH,B Kumar,4.0,24,0,37,0,9.25,,
IPL_2024_069,1,SRH,PJ Cummins,4.0,24,0,36,1,9.0,36.0,24.0
IPL_2024_069,1,SRH,T Natarajan,4.0,24,0,31,2,7.75,15.5,12.0
IPL_2024_069,1,SRH,V Viyaskanth,4.0,24,0,41,1,10.25,41.0,24.0
IPL_2024_069,1,SRH,Shahbaz Ahmed,1.0,6,0,13,0,13.0,,
IPL_2024_069,1,SRH,Nithish Kumar Reddy,3.1,19,0,51,0,16.11,,
IPL_2024_069,2,PBKS,Arshdeep Singh,4.0,24,0,37,2,9.25,18.5,12.0
IPL_2024_069,2,PBKS,R Dhawan,3.0,18,0,38,0,12.67,,
IPL_2024_069,2,PBKS,HV Patel,4.1,25,0,46,2,11.04,23.0,12.5
IPL_2024_069,2,PBKS,RD Chahar,4.0,24,0,42,0,10.5,,
IPL_2024_069,2,PBKS,Harpreet Brar,3.0,18,0,32,1,10.67,32.0,18.0
IPL_2024_069,2,PBKS,Shashank Singh,1.0,6,0,5,1,5.0,5.0,6.0
IPL_2024_069,2,PBKS,Atharva Taide,0.1,1,0,4,0,24.0,,
IPL_2024_000,1,KKR,MA Starc,4.0,24,0,33,3,8.25,11.0,8.0
IPL_2024_000,1,KKR,VG Arora,2.1,13,0,14,1,6.46,14.0,13.0
IPL_2024_000,1,KKR,Harshit Rana,4.0,24,0,26,1,6.5,26.0,24.0
IPL_2024_000,1,KKR,SP Narine,4.0,24,0,40,1,10.0,40.0,24.0
IPL_2024_000,1,KKR,AD Russell,1.3,9,0,15,1,10.0,15.0,9.0
IPL_2024_000,1,KKR,CV Varun,4.1,25,0,24,2,5.76,12.0,12.5
IPL_2024_000,2,SRH,B Kumar,3.0,18,0,32,0,10.67,,
IPL_2024_000,2,SRH,PJ Cummins,3.0,18,0,41,1,13.67,41.0,18.0
IPL_2024_000,2,SRH,T Natarajan,3.0,18,0,22,1,7.33,22.0,18.0
IPL_2024_000,2,SRH,V Viyaskanth,2.0,12,0,22,0,11.0,,
IPL_2024_000,2,SRH,TM Head,1.4,10,0,32,0,19.2,,
IPL_2024_000,2,SRH,Nithish Kumar Reddy,1.0,6,0,13,0,13.0,,
IPL_2024_000,1,RR,TA Boult,4.0,24,0,18,1,4.5,18.0,24.0
IPL_2024_000,1,RR,Sandeep Sharma,4.0,24,0,48,1,12.0,48.0,24.0
IPL_2024_000,1,RR,Avesh Khan,4.0,24,0,44,3,11.0,14.67,8.0
IPL_2024_000,1,RR,R Ashwin,4.0,24,0,17,2,4.25,8.5,12.0
IPL_2024_000,1,RR,YS Chahal,4.0,24,0,43,1,10.75,43.0,24.0
IPL_2024_000,2,RCB,Swapnil Singh,2.0,12,0,19,0,9.5,,
IPL_2024_000,2,RCB,Mohammed Siraj,4.0,24,0,31,2,7.75,15.5,12.0
IPL_2024_000,2,RCB,Yash Dayal,3.0,18,0,37,0,12.33,,
IPL_2024_000,2,RCB,LH Ferguson,4.0,24,0,37,1,9.25,37.0,24.0
IPL_2024_000,2,RCB,KV Sharma,2.0,12,0,17,1,8.5,17.0,12.0
IPL_2024_000,2,RCB,C Green,4.0,24,0,28,1,7.0,28.0,24.0
IPL_2024_000,1,RR,TA Boult,4.0,24,0,43,3,10.75,14.33,8.0
IPL_2024_000,1,RR,R Ashwin,4.0,24,0,43,0,10.75,,
IPL_2024_000,1,RR,Sandeep Sharma,4.0,24,0,25,2,6.25,12.5,12.0
IPL_2024_000,1,RR,Avesh Khan,4.0,24,0,25,3,6.25,8.33,8.0
IPL_2024_000,1,RR,YS Chahal,4.0,24,0,32,0,8.0,,
IPL_2024_000,2,SRH,B Kumar,3.0,18,0,33,0,11.0,,
IPL_2024_000,2,SRH,PJ Cummins,4.0,24,0,29,1,7.25,29.0,24.0
IPL_2024_000,2,SRH,T Natarajan,3.0,18,0,13,1,4.33,13.0,18.0
IPL_2024_000,2,SRH,JD Unadkat,1.0,6,0,4,0,4.0,,
IPL_2024_000,2,SRH,Shahbaz Ahmed,4.0,24,0,23,3,5.75,7.67,8.0
IPL_2024_000,2,SRH,Abhishek Sharma,4.0,24,0,24,2,6.0,12.0,12.0
IPL_2024_000,2,SRH,AK Markram,1.1,7,0,9,0,7.71,,
IPL_2024_000,1,KKR,MA Starc,3.0,18,0,14,2,4.67,7.0,9.0
IPL_2024_000,1,KKR,VG Arora,3.0,18,0,22,1,7.33,22.0,18.0
IPL_2024_000,1,KKR,Harshit Rana,4.0,24,0,23,2,5.75,11.5,12.0
IPL_2024_000,1,KKR,SP Narine,4.0,24,0,20,1,5.0,20.0,24.0
IPL_2024_000,1,KKR,AD Russell,2.3,15,0,18,3,7.2,6.0,5.0
IPL_2024_000,1,KKR,CV Varun,2.0,12,0,10,1,5.0,10.0,12.0
IPL_2024_000,2,SRH,B Kumar,2.0,12,0,24,0,12.0,,
IPL_2024_000,2,SRH,PJ Cummins,2.0,12,0,16,1,8.0,16.0,12.0
IPL_2024_000,2,SRH,T Natarajan,2.0,12,0,27,0,13.5,,
IPL_2024_000,2,SRH,Shahbaz Ahmed,2.3,15,0,28,1,11.2,28.0,15.0
IPL_2024_000,2,SRH,JD Unadkat,1.0,6,0,9,0,9.0,,
IPL_2024_000,2,SRH,AK Markram,1.0,6,0,5,0,5.0,,
IPL_2025_001,1,RCB,JR Hazlewood,4.0,24,0,23,2,5.75,11.5,12.0
IPL_2025_001,1,RCB,Yash Dayal,3.0,18,0,25,1,8.33,25.0,18.0
IPL_2025_001,1,RCB,Rasikh Salam,3.0,18,0,34,1,11.33,34.0,18.0
IPL_2025_001,1,RCB,KH Pandya,4.0,24,0,28,3,7.0,9.33,8.0
IPL_2025_001,1,RCB,Suyash Sharma,4.0,24,0,46,1,11.5,46.0,24.0
IPL_2025_001,1,RCB,LS Livingstone,2.0,12,0,14,0,7.0,,
IPL_2025_001,2,KKR,VG Arora,3.0,18,0,41,1,13.67,41.0,18.0
IPL_2025_001,2,KKR,SH Johnson,2.2,14,0,32,0,13.71,,
IPL_2025_001,2,KKR,CV Varun,4.0,24,0,43,1,10.75,43.0,24.0
IPL_2025_001,2,KKR,Harshit Rana,3.0,18,0,32,0,10.67,,
IPL_2025_001,2,KKR,SP Narine,4.0,24,0,28,1,7.0,28.0,24.0
IPL_2025_002,1,RR,Fazalhaq Farooqi,3.0,18,0,49,0,16.33,,
IPL_2025_002,1,RR,M Theekshana,4.2,26,0,47,2,10.85,23.5,13.0
IPL_2025_002,1,RR,JC Archer,4.1,25,0,77,0,18.48,,
IPL_2025_002,1,RR,Sandeep Sharma,4.0,24,0,51,1,12.75,51.0,24.0
IPL_2025_002,1,RR,N Rana,1.0,6,0,9,0,9.0,,
IPL_2025_002,1,RR,TU Deshpande,4.0,24,0,40,3,10.0,13.33,8.0
IPL_2025_002,2,SRH,Mohammed Shami,3.0,18,0,32,1,10.67,32.0,18.0
IPL_2025_002,2,SRH,Simarjeet Singh,3.1,19,0,47,2,14.84,23.5,9.5
IPL_2025_002,2,SRH,PJ Cummins,4.1,25,0,58,0,13.92,,
IPL_2025_002,2,SRH,Abhishek Sharma,2.0,12,0,17,0,8.5,,
IPL_2025_002,2,SRH,A Zampa,4.0,24,0,47,1,11.75,47.0,24.0
IPL_2025_002,2,SRH,HV Patel,4.0,24,0,32,2,8.0,16.0,12.0
IPL_2025_003,1,CSK,KK Ahmed,4.1,25,0,28,3,6.72,9.33,8.33
IPL_2025_003,1,CSK,SM Curran,1.0,6,0,13,0,13.0,,
IPL_2025_003,1,CSK,NT Ellis,4.0,24,0,38,1,9.5,38.0,24.0
IPL_2025_003,1,CSK,R Ashwin,4.0,24,0,31,1,7.75,31.0,24.0
IPL_2025_003,1,CSK,RA Jadeja,3.0,18,0,21,0,7.0,,
IPL_2025_003,1,CSK,Noor Ahmad,4.0,24,0,19,4,4.75,4.75,6.0
IPL_2025_003,2,MI,TA Boult,3.0,18,0,26,0,8.67,,
IPL_2025_003,2,MI,DL Chahar,2.0,12,0,18,1,9.0,18.0,12.0
IPL_2025_003,2,MI,PVSN Raju,1.0,6,0,12,0,12.0,,
IPL_2025_003,2,MI,MJ Santner,2.1,13,0,24,0,11.08,,
IPL_2025_003,2,MI,WG Jacks,4.0,24,0,29,1,7.25,29.0,24.0
IPL_2025_003,2,MI,V Puthur,4.0,24,0,32,3,8.0,10.67,8.0
IPL_2025_003,2,MI,Naman Dhir,3.0,18,0,12,0,4.0,,
IPL_2025_004,1,DC,MA Starc,4.0,24,0,42,3,10.5,14.0,8.0
IPL_2025_004,1,DC,AR Patel,3.0,18,0,18,0,6.0,,
IPL_2025_004,1,DC,V Nigam,2.0,12,0,35,1,17.5,35.0,12.0
IPL_2025_004,1,DC,Mukesh Kumar,2.0,12,0,21,1,10.5,21.0,12.0
IPL_2025_004,1,DC,Kuldeep Yadav,4.0,24,0,21,2,5.25,10.5,12.0
IPL_2025_004,1,DC,MM Sharma,4.1,25,0,39,0,9.36,,
IPL_2025_004,1,DC,T Stubbs,1.0,6,0,28,0,28.0,,
IPL_2025_004,2,LSG,SN Thakur,2.0,12,0,18,2,9.0,9.0,6.0
IPL_2025_004,2,LSG,M Siddharth,4.0,24,0,39,2,9.75,19.5,12.0
IPL_2025_004,2,LSG,DS Rathi,4.0,24,0,26,2,6.5,13.0,12.0
IPL_2025_004,2,LSG,Ravi Bishnoi,4.0,24,0,53,2,13.25,26.5,12.0
IPL_2025_004,2,LSG,Prince Yadav,4.0,24,0,46,0,11.5,,
IPL_2025_004,2,LSG,Shahbaz Ahmed,1.3,9,0,21,0,14.0,,
IPL_2025_005,1,GT,Mohammed Siraj,4.0,24,0,57,0,14.25,,
IPL_2025_005,1,GT,K Rabada,4.0,24,0,40,1,10.0,40.0,24.0
IPL_2025_005,1,GT,Arshad Khan,1.0,6,0,20,0,20.0,,
IPL_2025_005,1,GT,Rashid Khan,4.0,24,0,49,1,12.25,49.0,24.0
IPL_2025_005,1,GT,M Prasidh Krishna,3.0,18,0,41,0,13.67,,
IPL_2025_005,1,GT,R Sai Kishore,4.0,24,0,30,3,7.5,10.0,8.0
IPL_2025_005,2,PBKS,Arshdeep Singh,4.0,24,0,36,2,9.0,18.0,12.0
IPL_2025_005,2,PBKS,Azmatullah Omarzai,2.0,12,0,29,0,14.5,,
IPL_2025_005,2,PBKS,M Jansen,4.0,24,0,45,1,11.25,45.0,24.0
IPL_2025_005,2,PBKS,GJ Maxwell,2.0,12,0,26,1,13.0,26.0,12.0
IPL_2025_005,2,PBKS,MP Stoinis,2.0,12,0,31,0,15.5,,
IPL_2025_005,2,PBKS,YS Chahal,3.0,18,0,34,0,11.33,,
IPL_2025_005,2,PBKS,Vijaykumar Vyshak,3.0,18,0,23,0,7.67,,
IPL_2025_006,1,KKR,SH Johnson,4.0,24,0,39,1,9.75,39.0,24.0
IPL_2025_006,1,KKR,VG Arora,4.0,24,0,32,2,8.0,16.0,12.0
IPL_2025_006,1,KKR,Harshit Rana,4.0,24,0,36,2,9.0,18.0,12.0
IPL_2025_006,1,KKR,MM Ali,4.0,24,0,23,2,5.75,11.5,12.0
IPL_2025_006,1,KKR,CV Varun,4.0,24,0,17,2,4.25,8.5,12.0
IPL_2025_006,2,RR,JC Archer,2.3,15,0,29,0,11.6,,
IPL_2025_006,2,RR,M Theekshana,4.0,24,0,28,0,7.0,,
IPL_2025_006,2,RR,R Parag,4.0,24,0,26,0,6.5,,
IPL_2025_006,2,RR,Sandeep Sharma,2.0,12,0,11,0,5.5,,
IPL_2025_006,2,RR,PWH de Silva,3.0,18,0,34,1,11.33,34.0,18.0
IPL_2025_006,2,RR,N Rana,1.0,6,0,9,0,9.0,,
IPL_2025_006,2,RR,TU Deshpande,1.0,6,0,7,0,7.0,,
IPL_2025_007,1,LSG,SN Thakur,4.0,24,0,32,4,8.0,8.0,6.0
IPL_2025_007,1,LSG,Avesh Khan,4.0,24,0,45,1,11.25,45.0,24.0
IPL_2025_007,1,LSG,DS Rathi,4.1,25,0,39,1,9.36,39.0,25.0
IPL_2025_007,1,LSG,Ravi Bishnoi,4.0,24,0,42,1,10.5,42.0,24.0
IPL_2025_007,1,LSG,Prince Yadav,4.0,24,0,25,1,6.25,25.0,24.0
IPL_2025_007,2,SRH,Abhishek Sharma,2.0,12,0,20,0,10.0,,
IPL_2025_007,2,SRH,Mohammed Shami,3.0,18,0,33,1,11.0,33.0,18.0
IPL_2025_007,2,SRH,Simarjeet Singh,2.0,12,0,28,0,14.0,,
IPL_2025_007,2,SRH,PJ Cummins,3.0,18,0,26,2,8.67,13.0,9.0
IPL_2025_007,2,SRH,A Zampa,4.0,24,0,45,1,11.25,45.0,24.0
IPL_2025_007,2,SRH,HV Patel,2.0,12,0,24,1,12.0,24.0,12.0
IPL_2025_007,2,SRH,Ishan Kishan,0.1,1,0,4,0,24.0,,
IPL_2025_008,1,CSK,KK Ahmed,4.0,24,0,29,1,7.25,29.0,24.0
IPL_2025_008,1,CSK,R Ashwin,2.0,12,0,21,1,10.5,21.0,12.0
IPL_2025_008,1,CSK,SM Curran,3.0,18,0,33,0,11.0,,
IPL_2025_008,1,CSK,Noor Ahmad,4.0,24,0,35,3,8.75,11.67,8.0
IPL_2025_008,1,CSK,RA Jadeja,3.0,18,0,36,0,12.0,,
IPL_2025_008,1,CSK,M Pathirana,4.0,24,0,34,2,8.5,17.0,12.0
IPL_2025_008,2,RCB,B Kumar,3.0,18,0,19,1,6.33,19.0,18.0
IPL_2025_008,2,RCB,JR Hazlewood,4.0,24,0,21,3,5.25,7.0,8.0
IPL_2025_008,2,RCB,Yash Dayal,3.0,18,0,18,2,6.0,9.0,9.0
IPL_2025_008,2,RCB,LS Livingstone,4.0,24,0,28,2,7.0,14.0,12.0
IPL_2025_008,2,RCB,Suyash Sharma,4.0,24,0,32,0,8.0,,
IPL_2025_008,2,RCB,KH Pandya,2.0,12,0,26,0,13.0,,
IPL_2025_009,1,MI,TA Boult,4.0,24,0,34,1,8.5,34.0,24.0
IPL_2025_009,1,MI,DL Chahar,4.0,24,0,37,1,9.25,37.0,24.0
IPL_2025_009,1,MI,Mujeeb Ur Rahman,2.0,12,0,23,1,11.5,23.0,12.0
IPL_2025_009,1,MI,HH Pandya,4.0,24,0,26,2,6.5,13.0,12.0
IPL_2025_009,1,MI,MJ Santner,3.0,18,0,25,0,8.33,,
IPL_2025_009,1,MI,PVSN Raju,3.0,18,0,37,1,12.33,37.0,18.0
IPL_2025_009,2,GT,Mohammed Siraj,4.0,24,0,34,2,8.5,17.0,12.0
IPL_2025_009,2,GT,K Rabada,4.0,24,0,41,1,10.25,41.0,24.0
IPL_2025_009,2,GT,I Sharma,2.0,12,0,15,0,7.5,,
IPL_2025_009,2,GT,Rashid Khan,2.0,12,0,9,0,4.5,,
IPL_2025_009,2,GT,R Sai Kishore,4.0,24,0,36,1,9.0,36.0,24.0
IPL_2025_009,2,GT,M Prasidh Krishna,4.0,24,0,18,2,4.5,9.0,12.0
IPL_2025_010,1,DC,MA Starc,3.5,23,0,29,5,7.57,5.8,4.6
IPL_2025_010,1,DC,Mukesh Kumar,2.0,12,0,15,0,7.5,,
IPL_2025_010,1,DC,AR Patel,4.0,24,0,43,0,10.75,,
IPL_2025_010,1,DC,V Nigam,2.1,13,0,19,0,8.77,,
IPL_2025_010,1,DC,MM Sharma,3.0,18,0,24,1,8.0,24.0,18.0
IPL_2025_010,1,DC,Kuldeep Yadav,4.0,24,0,22,3,5.5,7.33,8.0
IPL_2025_010,2,SRH,Mohammed Shami,3.0,18,0,34,0,11.33,,
IPL_2025_010,2,SRH,Abhishek Sharma,3.0,18,0,27,0,9.0,,
IPL_2025_010,2,SRH,PJ Cummins,2.0,12,0,27,0,13.5,,
IPL_2025_010,2,SRH,HV Patel,3.0,18,0,18,0,6.0,,
IPL_2025_010,2,SRH,Zeeshan Ansari,4.0,24,0,42,3,10.5,14.0,8.0
IPL_2025_010,2,SRH,PWA Mulder,1.0,6,0,16,0,16.0,,
IPL_2025_011,1,CSK,KK Ahmed,4.0,24,0,38,2,9.5,19.0,12.0
IPL_2025_011,1,CSK,J Overton,2.0,12,0,30,0,15.0,,
IPL_2025_011,1,CSK,R Ashwin,4.0,24,0,45,1,11.25,45.0,24.0
IPL_2025_011,1,CSK,Noor Ahmad,4.0,24,0,27,2,6.75,13.5,12.0
IPL_2025_011,1,CSK,M Pathirana,4.0,24,0,24,2,6.0,12.0,12.0
IPL_2025_011,1,CSK,RA Jadeja,2.0,12,0,10,1,5.0,10.0,12.0
IPL_2025_011,2,RR,JC Archer,3.0,18,0,13,1,4.33,13.0,18.0
IPL_2025_011,2,RR,TU Deshpande,4.0,24,0,43,0,10.75,,
IPL_2025_011,2,RR,Sandeep Sharma,4.0,24,0,41,1,10.25,41.0,24.0
IPL_2025_011,2,RR,M Theekshana,4.0,24,0,30,0,7.5,,
IPL_2025_011,2,RR,PWH de Silva,4.0,24,0,36,4,9.0,9.0,6.0
IPL_2025_011,2,RR,K Kartikeya,1.0,6,0,10,0,10.0,,
IPL_2025_012,1,MI,TA Boult,4.0,24,0,23,1,5.75,23.0,24.0
IPL_2025_012,1,MI,DL Chahar,2.0,12,0,18,2,9.0,9.0,6.0
IPL_2025_012,1,MI,Ashwani Kumar,3.1,19,0,23,4,7.26,5.75,4.75
IPL_2025_012,1,MI,HH Pandya,2.0,12,0,10,1,5.0,10.0,12.0
IPL_2025_012,1,MI,V Puthur,2.0,12,0,21,1,10.5,21.0,12.0
IPL_2025_012,1,MI,MJ Santner,3.2,20,0,16,1,4.8,16.0,20.0
IPL_2025_012,2,KKR,SH Johnson,2.0,12,0,14,0,7.0,,
IPL_2025_012,2,KKR,Harshit Rana,2.1,13,0,26,0,12.0,,
IPL_2025_012,2,KKR,CV Varun,3.0,18,0,12,0,4.0,,
IPL_2025_012,2,KKR,AD Russell,3.0,18,0,34,2,11.33,17.0,9.0
IPL_2025_012,2,KKR,SP Narine,3.0,18,0,32,0,10.67,,
IPL_2025_013,1,PBKS,Arshdeep Singh,4.0,24,0,40,3,10.0,13.33,8.0
IPL_2025_013,1,PBKS,LH Ferguson,3.0,18,0,25,1,8.33,25.0,18.0
IPL_2025_013,1,PBKS,GJ Maxwell,3.0,18,0,22,1,7.33,22.0,18.0
IPL_2025_013,1,PBKS,M Jansen,4.0,24,0,27,1,6.75,27.0,24.0
IPL_2025_013,1,PBKS,MP Stoinis,2.0,12,0,15,0,7.5,,
IPL_2025_013,1,PBKS,YS Chahal,4.0,24,0,36,1,9.0,36.0,24.0
IPL_2025_013,2,LSG,SN Thakur,3.0,18,0,38,0,12.67,,
IPL_2025_013,2,LSG,Avesh Khan,3.0,18,0,29,0,9.67,,
IPL_2025_013,2,LSG,DS Rathi,4.0,24,0,30,2,7.5,15.0,12.0
IPL_2025_013,2,LSG,Ravi Bishnoi,3.0,18,0,43,0,14.33,,
IPL_2025_013,2,LSG,M Siddharth,3.0,18,0,27,0,9.0,,
IPL_2025_013,2,LSG,Abdul Samad,0.2,2,0,6,0,18.0,,
IPL_2025_014,1,GT,Mohammed Siraj,4.0,24,0,20,3,5.0,6.67,8.0
IPL_2025_014,1,GT,Arshad Khan,2.0,12,0,17,1,8.5,17.0,12.0
IPL_2025_014,1,GT,M Prasidh Krishna,4.0,24,0,27,1,6.75,27.0,24.0
IPL_2025_014,1,GT,I Sharma,2.0,12,0,27,1,13.5,27.0,12.0
IPL_2025_014,1,GT,R Sai Kishore,4.0,24,0,21,2,5.25,10.5,12.0
IPL_2025_014,1,GT,Rashid Khan,4.0,24,0,54,0,13.5,,
IPL_2025_014,2,RCB,B Kumar,4.0,24,0,25,1,6.25,25.0,24.0
IPL_2025_014,2,RCB,JR Hazlewood,3.5,23,0,42,1,10.96,42.0,23.0
IPL_2025_014,2,RCB,Yash Dayal,3.0,18,0,20,0,6.67,,
IPL_2025_014,2,RCB,Rasikh Salam,3.0,18,0,35,0,11.67,,
IPL_2025_014,2,RCB,KH Pandya,3.0,18,0,35,0,11.67,,
IPL_2025_014,2,RCB,LS Livingstone,1.0,6,0,12,0,12.0,,
IPL_2025_015,1,SRH,Mohammed Shami,4.0,24,0,33,1,8.25,33.0,24.0
IPL_2025_015,1,SRH,PJ Cummins,4.0,24,0,46,1,11.5,46.0,24.0
IPL_2025_015,1,SRH,Simarjeet Singh,4.0,24,0,48,0,12.0,,
IPL_2025_015,1,SRH,Zeeshan Ansari,3.0,18,0,25,1,8.33,25.0,18.0
IPL_2025_015,1,SRH,HV Patel,4.0,24,0,41,1,10.25,41.0,24.0
IPL_2025_015,1,SRH,PHKD Mendis,1.0,6,0,4,1,4.0,4.0,6.0
IPL_2025_015,2,KKR,VG Arora,4.0,24,0,29,3,7.25,9.67,8.0
IPL_2025_015,2,KKR,Harshit Rana,3.0,18,0,14,1,4.67,14.0,18.0
IPL_2025_015,2,KKR,CV Varun,4.0,24,0,20,3,5.0,6.67,8.0
IPL_2025_015,2,KKR,AD Russell,1.4,10,0,20,2,12.0,10.0,5.0
IPL_2025_015,2,KKR,SP Narine,4.0,24,0,32,1,8.0,32.0,24.0
IPL_2025_016,1,MI,TA Boult,3.0,18,0,28,1,9.33,28.0,18.0
IPL_2025_016,1,MI,DL Chahar,2.0,12,0,22,0,11.0,,
IPL_2025_016,1,MI,Ashwani Kumar,3.0,18,0,37,1,12.33,37.0,18.0
IPL_2025_016,1,MI,MJ Santner,4.0,24,0,46,0,11.5,,
IPL_2025_016,1,MI,V Puthur,4.0,24,0,30,1,7.5,30.0,24.0
IPL_2025_016,1,MI,HH Pandya,4.0,24,0,32,5,8.0,6.4,4.8
IPL_2025_016,2,LSG,SN Thakur,4.0,24,0,38,2,9.5,19.0,12.0
IPL_2025_016,2,LSG,Akash Deep,4.0,24,0,45,1,11.25,45.0,24.0
IPL_2025_016,2,LSG,Avesh Khan,4.0,24,0,39,1,9.75,39.0,24.0
IPL_2025_016,2,LSG,DS Rathi,4.0,24,0,25,1,6.25,25.0,24.0
IPL_2025_016,2,LSG,Ravi Bishnoi,4.0,24,0,40,0,10.0,,
IPL_2025_017,1,CSK,KK Ahmed,4.0,24,0,25,2,6.25,12.5,12.0
IPL_2025_017,1,CSK,Mukesh Choudhary,4.0,24,0,50,0,12.5,,
IPL_2025_017,1,CSK,R Ashwin,3.0,18,0,21,0,7.0,,
IPL_2025_017,1,CSK,RA Jadeja,2.0,12,0,18,1,9.0,18.0,12.0
IPL_2025_017,1,CSK,Noor Ahmad,3.0,18,0,36,1,12.0,36.0,18.0
IPL_2025_017,1,CSK,M Pathirana,4.0,24,0,28,1,7.0,28.0,24.0
IPL_2025_017,2,DC,MA Starc,4.1,25,0,24,1,5.76,24.0,25.0
IPL_2025_017,2,DC,Mukesh Kumar,4.0,24,0,37,1,9.25,37.0,24.0
IPL_2025_017,2,DC,MM Sharma,3.1,19,0,23,0,7.26,,
IPL_2025_017,2,DC,V Nigam,4.0,24,0,27,2,6.75,13.5,12.0
IPL_2025_017,2,DC,Kuldeep Yadav,4.0,24,0,30,1,7.5,30.0,24.0
IPL_2025_017,2,DC,AR Patel,1.0,6,0,5,0,5.0,,
IPL_2025_018,1,PBKS,Arshdeep Singh,4.0,24,0,34,1,8.5,34.0,24.0
IPL_2025_018,1,PBKS,M Jansen,4.0,24,0,45,1,11.25,45.0,24.0
IPL_2025_018,1,PBKS,LH Ferguson,4.0,24,0,34,2,8.5,17.0,12.0
IPL_2025_018,1,PBKS,GJ Maxwell,1.0,6,0,6,0,6.0,,
IPL_2025_018,1,PBKS,YS Chahal,3.0,18,0,27,0,9.0,,
IPL_2025_018,1,PBKS,MP Stoinis,4.0,24,0,49,0,12.25,,
IPL_2025_018,2,RR,JC Archer,4.0,24,0,29,3,7.25,9.67,8.0
IPL_2025_018,2,RR,Yudhvir Singh,2.0,12,0,17,0,8.5,,
IPL_2025_018,2,RR,Sandeep Sharma,4.0,24,0,20,2,5.0,10.0,12.0
IPL_2025_018,2,RR,M Theekshana,4.0,24,0,22,2,5.5,11.0,12.0
IPL_2025_018,2,RR,K Kartikeya,2.0,12,0,21,1,10.5,21.0,12.0
IPL_2025_018,2,RR,PWH de Silva,4.0,24,0,37,1,9.25,37.0,24.0
IPL_2025_021,1,KKR,VG Arora,4.0,24,0,31,0,7.75,,
IPL_2025_021,1,KKR,SH Johnson,3.0,18,0,44,0,14.67,,
IPL_2025_021,1,KKR,CV Varun,4.0,24,0,33,0,8.25,,
IPL_2025_021,1,KKR,Harshit Rana,4.0,24,0,52,2,13.0,26.0,12.0
IPL_2025_021,1,KKR,SP Narine,3.0,18,0,38,0,12.67,,
IPL_2025_021,1,KKR,AD Russell,2.0,12,0,32,1,16.0,32.0,12.0
IPL_2025_021,2,LSG,Akash Deep,4.0,24,0,48,2,12.0,24.0,12.0
IPL_2025_021,2,LSG,SN Thakur,4.0,24,0,44,2,11.0,22.0,12.0
IPL_2025_021,2,LSG,Avesh Khan,4.0,24,0,45,1,11.25,45.0,24.0
IPL_2025_021,2,LSG,DS Rathi,4.0,24,0,33,1,8.25,33.0,24.0
IPL_2025_021,2,LSG,Ravi Bishnoi,4.0,24,0,44,1,11.0,44.0,24.0
IPL_2025_019,1,GT,Mohammed Siraj,4.0,24,0,17,4,4.25,4.25,6.0
IPL_2025_019,1,GT,I Sharma,4.0,24,0,53,0,13.25,,
IPL_2025_019,1,GT,M Prasidh Krishna,4.0,24,0,24,2,6.0,12.0,12.0
IPL_2025_019,1,GT,Rashid Khan,4.0,24,0,31,0,7.75,,
IPL_2025_019,1,GT,R Sai Kishore,4.0,24,0,25,2,6.25,12.5,12.0
IPL_2025_019,2,SRH,Mohammed Shami,4.0,24,0,26,2,6.5,13.0,12.0
IPL_2025_019,2,SRH,PJ Cummins,3.4,22,0,26,1,7.09,26.0,22.0
IPL_2025_019,2,SRH,Simarjeet Singh,1.0,6,0,20,0,20.0,,
IPL_2025_019,2,SRH,JD Unadkat,2.0,12,0,16,0,8.0,,
IPL_2025_019,2,SRH,Zeeshan Ansari,4.0,24,0,33,0,8.25,,
IPL_2025_019,2,SRH,PHKD Mendis,1.0,6,0,12,0,12.0,,
IPL_2025_019,2,SRH,Abhishek Sharma,1.0,6,0,17,0,17.0,,
IPL_2025_020,1,MI,TA Boult,4.0,24,0,55,2,13.75,27.5,12.0
IPL_2025_020,1,MI,DL Chahar,2.0,12,0,28,0,14.0,,
IPL_2025_020,1,MI,JJ Bumrah,4.0,24,0,29,0,7.25,,
IPL_2025_020,1,MI,WG Jacks,1.0,6,0,10,0,10.0,,
IPL_2025_020,1,MI,MJ Santner,4.0,24,0,39,0,9.75,,
IPL_2025_020,1,MI,HH Pandya,4.0,24,0,43,2,10.75,21.5,12.0
IPL_2025_020,1,MI,V Puthur,1.0,6,0,10,1,10.0,10.0,6.0
IPL_2025_020,2,RCB,B Kumar,4.0,24,0,47,1,11.75,47.0,24.0
IPL_2025_020,2,RCB,Yash Dayal,4.0,24,0,46,2,11.5,23.0,12.0
IPL_2025_020,2,RCB,JR Hazlewood,4.0,24,0,36,2,9.0,18.0,12.0
IPL_2025_020,2,RCB,Suyash Sharma,4.0,24,0,32,0,8.0,,
IPL_2025_020,2,RCB,KH Pandya,4.0,24,0,42,4,10.5,10.5,6.0
IPL_2025_022,1,CSK,KK Ahmed,4.1,25,0,46,2,11.04,23.0,12.5
IPL_2025_022,1,CSK,Mukesh Choudhary,2.0,12,0,21,1,10.5,21.0,12.0
IPL_2025_022,1,CSK,R Ashwin,4.0,24,0,47,2,11.75,23.5,12.0
IPL_2025_022,1,CSK,RA Jadeja,3.1,19,0,17,0,5.37,,
IPL_2025_022,1,CSK,Noor Ahmad,3.0,18,0,33,1,11.0,33.0,18.0
IPL_2025_022,1,CSK,M Pathirana,4.0,24,0,51,0,12.75,,
IPL_2025_022,2,PBKS,Arshdeep Singh,4.0,24,0,38,0,9.5,,
IPL_2025_022,2,PBKS,Yash Thakur,4.0,24,0,39,1,9.75,39.0,24.0
IPL_2025_022,2,PBKS,GJ Maxwell,2.0,12,0,11,1,5.5,11.0,12.0
IPL_2025_022,2,PBKS,M Jansen,4.1,25,0,49,0,11.76,,
IPL_2025_022,2,PBKS,LH Ferguson,4.0,24,0,36,3,9.0,12.0,8.0
IPL_2025_022,2,PBKS,MP Stoinis,1.0,6,0,9,0,9.0,,
IPL_2025_022,2,PBKS,YS Chahal,1.0,6,0,9,0,9.0,,
IPL_2025_023,1,RR,JC Archer,4.0,24,0,29,1,7.25,29.0,24.0
IPL_2025_023,1,RR,Fazalhaq Farooqi,4.0,24,0,38,0,9.5,,
IPL_2025_023,1,RR,TU Deshpande,4.0,24,0,46,2,11.5,23.0,12.0
IPL_2025_023,1,RR,Sandeep Sharma,4.0,24,0,38,1,9.5,38.0,24.0
IPL_2025_023,1,RR,M Theekshana,4.0,24,0,49,2,12.25,24.5,12.0
IPL_2025_023,2,GT,Mohammed Siraj,4.0,24,0,26,1,6.5,26.0,24.0
IPL_2025_023,2,GT,Arshad Khan,2.0,12,0,18,1,9.0,18.0,12.0
IPL_2025_023,2,GT,M Prasidh Krishna,4.0,24,0,24,3,6.0,8.0,8.0
IPL_2025_023,2,GT,K Khejroliya,3.0,18,0,28,1,9.33,28.0,18.0
IPL_2025_023,2,GT,Rashid Khan,4.0,24,0,35,2,8.75,17.5,12.0
IPL_2025_023,2,GT,R Sai Kishore,2.2,14,0,19,2,8.14,9.5,7.0
IPL_2025_024,1,DC,MA Starc,3.1,19,0,34,0,10.74,,
IPL_2025_024,1,DC,AR Patel,4.0,24,0,51,0,12.75,,
IPL_2025_024,1,DC,V Nigam,4.0,24,0,18,2,4.5,9.0,12.0
IPL_2025_024,1,DC,Mukesh Kumar,3.0,18,0,23,1,7.67,23.0,18.0
IPL_2025_024,1,DC,Kuldeep Yadav,4.0,24,0,17,2,4.25,8.5,12.0
IPL_2025_024,1,DC,MM Sharma,2.0,12,0,10,1,5.0,10.0,12.0
IPL_2025_024,2,RCB,B Kumar,4.0,24,0,25,2,6.25,12.5,12.0
IPL_2025_024,2,RCB,Yash Dayal,3.5,23,0,39,1,10.17,39.0,23.0
IPL_2025_024,2,RCB,JR Hazlewood,3.0,18,0,40,0,13.33,,
IPL_2025_024,2,RCB,Suyash Sharma,4.0,24,0,25,1,6.25,25.0,24.0
IPL_2025_024,2,RCB,KH Pandya,2.0,12,0,19,0,9.5,,
IPL_2025_024,2,RCB,LS Livingstone,1.0,6,0,14,0,14.0,,
IPL_2025_025,1,KKR,VG Arora,4.0,24,0,29,1,7.25,29.0,24.0
IPL_2025_025,1,KKR,MM Ali,4.0,24,0,19,1,4.75,19.0,24.0
IPL_2025_025,1,KKR,Harshit Rana,4.0,24,0,15,2,3.75,7.5,12.0
IPL_2025_025,1,KKR,CV Varun,4.0,24,0,22,2,5.5,11.0,12.0
IPL_2025_025,1,KKR,SP Narine,4.0,24,0,14,3,3.5,4.67,8.0
IPL_2025_025,2,CSK,KK Ahmed,3.0,18,0,38,0,12.67,,
IPL_2025_025,2,CSK,A Kamboj,2.1,13,0,18,1,8.31,18.0,13.0
IPL_2025_025,2,CSK,R Ashwin,3.0,18,0,31,0,10.33,,
IPL_2025_025,2,CSK,Noor Ahmad,2.0,12,0,8,1,4.0,8.0,12.0
IPL_2025_025,2,CSK,RA Jadeja,0.2,2,0,8,0,24.0,,
IPL_2025_026,1,LSG,SN Thakur,4.0,24,0,31,2,7.75,15.5,12.0
IPL_2025_026,1,LSG,Akash Deep,3.0,18,0,32,0,10.67,,
IPL_2025_026,1,LSG,DS Rathi,4.0,24,0,30,1,7.5,30.0,24.0
IPL_2025_026,1,LSG,Avesh Khan,4.0,24,0,32,1,8.0,32.0,24.0
IPL_2025_026,1,LSG,Ravi Bishnoi,4.0,24,0,32,2,8.0,16.0,12.0
IPL_2025_026,1,LSG,AK Markram,1.0,6,0,14,0,14.0,,
IPL_2025_026,2,GT,Mohammed Siraj,4.0,24,0,45,0,11.25,,
IPL_2025_026,2,GT,Arshad Khan,2.0,12,0,11,0,5.5,,
IPL_2025_026,2,GT,M Prasidh Krishna,4.0,24,0,24,2,6.0,12.0,12.0
IPL_2025_026,2,GT,Rashid Khan,4.0,24,0,34,1,8.5,34.0,24.0
IPL_2025_026,2,GT,Washington Sundar,4.0,24,0,29,1,7.25,29.0,24.0
IPL_2025_026,2,GT,R Sai Kishore,1.3,9,0,35,0,23.33,,
IPL_2025_027,1,SRH,Mohammed Shami,4.0,24,0,75,0,18.75,,
IPL_2025_027,1,SRH,PJ Cummins,4.0,24,0,39,0,9.75,,
IPL_2025_027,1,SRH,HV Patel,4.0,24,0,36,4,9.0,9.0,6.0
IPL_2025_027,1,SRH,E Malinga,4.0,24,0,44,2,11.0,22.0,12.0
IPL_2025_027,1,SRH,Zeeshan Ansari,4.0,24,0,39,0,9.75,,
IPL_2025_027,2,PBKS,Arshdeep Singh,4.0,24,0,37,1,9.25,37.0,24.0
IPL_2025_027,2,PBKS,M Jansen,2.0,12,0,39,0,19.5,,
IPL_2025_027,2,PBKS,Yash Thakur,2.4,16,0,37,0,13.88,,
IPL_2025_027,2,PBKS,GJ Maxwell,3.0,18,0,37,0,12.33,,
IPL_2025_027,2,PBKS,LH Ferguson,0.2,2,0,1,0,3.0,,
IPL_2025_027,2,PBKS,MP Stoinis,0.4,4,0,5,0,7.5,,
IPL_2025_027,2,PBKS,YS Chahal,4.0,24,0,55,1,13.75,55.0,24.0
IPL_2025_027,2,PBKS,Shashank Singh,2.0,12,0,27,0,13.5,,
IPL_2025_028,1,RCB,B Kumar,4.0,24,0,32,1,8.0,32.0,24.0
IPL_2025_028,1,RCB,Yash Dayal,4.0,24,0,37,1,9.25,37.0,24.0
IPL_2025_028,1,RCB,JR Hazlewood,3.0,18,0,26,1,8.67,26.0,18.0
IPL_2025_028,1,RCB,KH Pandya,4.0,24,0,29,1,7.25,29.0,24.0
IPL_2025_028,1,RCB,LS Livingstone,1.0,6,0,8,0,8.0,,
IPL_2025_028,1,RCB,Suyash Sharma,4.0,24,0,39,0,9.75,,
IPL_2025_028,2,RR,JC Archer,4.1,25,0,33,0,7.92,,
IPL_2025_028,2,RR,TU Deshpande,2.0,12,0,21,0,10.5,,
IPL_2025_028,2,RR,Sandeep Sharma,2.3,15,0,28,0,11.2,,
IPL_2025_028,2,RR,M Theekshana,2.0,12,0,21,0,10.5,,
IPL_2025_028,2,RR,K Kartikeya,3.0,18,0,23,1,7.67,23.0,18.0
IPL_2025_028,2,RR,PWH de Silva,3.0,18,0,33,0,11.0,,
IPL_2025_028,2,RR,R Parag,1.0,6,0,8,0,8.0,,
IPL_2025_029,1,DC,MA Starc,3.0,18,0,42,0,14.0,,
IPL_2025_029,1,DC,Mukesh Kumar,4.0,24,0,37,1,9.25,37.0,24.0
IPL_2025_029,1,DC,V Nigam,4.0,24,0,39,2,9.75,19.5,12.0
IPL_2025_029,1,DC,Kuldeep Yadav,4.0,24,0,23,2,5.75,11.5,12.0
IPL_2025_029,1,DC,AR Patel,2.0,12,0,19,0,9.5,,
IPL_2025_029,1,DC,MM Sharma,3.0,18,0,40,0,13.33,,
IPL_2025_029,2,MI,DL Chahar,3.0,18,0,25,1,8.33,25.0,18.0
IPL_2025_029,2,MI,TA Boult,2.0,12,0,16,0,8.0,,
IPL_2025_029,2,MI,JJ Bumrah,4.0,24,0,44,1,11.0,44.0,24.0
IPL_2025_029,2,MI,MJ Santner,4.0,24,0,41,2,10.25,20.5,12.0
IPL_2025_029,2,MI,HH Pandya,2.0,12,0,21,0,10.5,,
IPL_2025_029,2,MI,KV Sharma,4.0,24,0,37,3,9.25,12.33,8.0
IPL_2025_030,1,CSK,KK Ahmed,4.0,24,0,38,1,9.5,38.0,24.0
IPL_2025_030,1,CSK,A Kamboj,3.0,18,0,20,1,6.67,20.0,18.0
IPL_2025_030,1,CSK,J Overton,2.0,12,0,25,0,12.5,,
IPL_2025_030,1,CSK,RA Jadeja,3.0,18,0,24,2,8.0,12.0,9.0
IPL_2025_030,1,CSK,Noor Ahmad,4.0,24,0,12,0,3.0,,
IPL_2025_030,1,CSK,M Pathirana,4.1,25,0,38,2,9.12,19.0,12.5
IPL_2025_030,2,LSG,SN Thakur,4.1,25,0,52,0,12.48,,
IPL_2025_030,2,LSG,Akash Deep,1.0,6,0,13,0,13.0,,
IPL_2025_030,2,LSG,DS Rathi,4.0,24,0,21,1,5.25,21.0,24.0
IPL_2025_030,2,LSG,Avesh Khan,3.3,21,0,31,1,8.86,31.0,21.0
IPL_2025_030,2,LSG,Ravi Bishnoi,3.0,18,0,17,2,5.67,8.5,9.0
IPL_2025_030,2,LSG,AK Markram,4.0,24,0,25,1,6.25,25.0,24.0
IPL_2025_031,1,KKR,VG Arora,2.3,15,0,26,1,10.4,26.0,15.0
IPL_2025_031,1,KKR,A Nortje,3.0,18,0,24,1,8.0,24.0,18.0
IPL_2025_031,1,KKR,Harshit Rana,3.0,18,0,24,3,8.0,8.0,6.0
IPL_2025_031,1,KKR,CV Varun,4.0,24,0,21,2,5.25,10.5,12.0
IPL_2025_031,1,KKR,SP Narine,3.0,18,0,13,2,4.33,6.5,9.0
IPL_2025_031,2,PBKS,M Jansen,3.1,19,0,17,3,5.37,5.67,6.33
IPL_2025_031,2,PBKS,XC Bartlett,3.0,18,0,30,1,10.0,30.0,18.0
IPL_2025_031,2,PBKS,Arshdeep Singh,3.0,18,0,15,1,5.0,15.0,18.0
IPL_2025_031,2,PBKS,YS Chahal,4.0,24,0,27,4,6.75,6.75,6.0
IPL_2025_031,2,PBKS,GJ Maxwell,2.0,12,0,5,1,2.5,5.0,12.0
IPL_2025_032,1,RR,JC Archer,4.0,24,0,31,2,7.75,15.5,12.0
IPL_2025_032,1,RR,TU Deshpande,3.0,18,0,38,0,12.67,,
IPL_2025_032,1,RR,Sandeep Sharma,4.1,25,0,27,0,6.48,,
IPL_2025_032,1,RR,M Theekshana,4.0,24,0,40,1,10.0,40.0,24.0
IPL_2025_032,1,RR,PWH de Silva,4.0,24,0,38,1,9.5,38.0,24.0
IPL_2025_032,1,RR,R Parag,1.0,6,0,6,0,6.0,,
IPL_2025_032,2,DC,MA Starc,4.0,24,0,35,1,8.75,35.0,24.0
IPL_2025_032,2,DC,Mukesh Kumar,3.0,18,0,31,0,10.33,,
IPL_2025_032,2,DC,MM Sharma,4.0,24,0,37,0,9.25,,
IPL_2025_032,2,DC,V Nigam,1.1,7,0,12,0,10.29,,
IPL_2025_032,2,DC,AR Patel,3.0,18,0,24,1,8.0,24.0,18.0
IPL_2025_032,2,DC,Kuldeep Yadav,4.0,24,0,33,1,8.25,33.0,24.0
IPL_2025_032,2,DC,T Stubbs,1.0,6,0,12,0,12.0,,
IPL_2025_032,3,DC,MA Starc,1.0,6,0,10,0,10.0,,
IPL_2025_032,4,RR,Sandeep Sharma,0.4,4,0,13,0,19.5,,
IPL_2025_033,1,MI,DL Chahar,4.0,24,0,45,0,11.25,,
IPL_2025_033,1,MI,TA Boult,4.0,24,0,27,1,6.75,27.0,24.0
IPL_2025_033,1,MI,JJ Bumrah,4.0,24,0,20,1,5.0,20.0,24.0
IPL_2025_033,1,MI,WG Jacks,3.0,18,0,12,2,4.0,6.0,9.0
IPL_2025_033,1,MI,HH Pandya,4.1,25,0,41,1,9.84,41.0,25.0
IPL_2025_033,1,MI,MJ Santner,1.0,6,0,8,0,8.0,,
IPL_2025_033,2,SRH,Mohammed Shami,3.0,18,0,29,0,9.67,,
IPL_2025_033,2,SRH,PJ Cummins,4.0,24,0,25,3,6.25,8.33,8.0
IPL_2025_033,2,SRH,E Malinga,4.0,24,0,35,2,8.75,17.5,12.0
IPL_2025_033,2,SRH,Zeeshan Ansari,3.2,20,0,33,0,9.9,,
IPL_2025_033,2,SRH,HV Patel,3.0,18,0,31,1,10.33,31.0,18.0
IPL_2025_033,2,SRH,RD Chahar,1.0,6,0,9,0,9.0,,
IPL_2025_034,1,PBKS,Arshdeep Singh,3.0,18,0,23,2,7.67,11.5,9.0
IPL_2025_034,1,PBKS,XC Bartlett,3.0,18,0,26,1,8.67,26.0,18.0
IPL_2025_034,1,PBKS,M Jansen,3.0,18,0,10,2,3.33,5.0,9.0
IPL_2025_034,1,PBKS,YS Chahal,3.0,18,0,11,2,3.67,5.5,9.0
IPL_2025_034,1,PBKS,Harpreet Brar,2.1,13,0,24,2,11.08,12.0,6.5
IPL_2025_034,2,RCB,B Kumar,3.0,18,0,26,2,8.67,13.0,9.0
IPL_2025_034,2,RCB,Yash Dayal,2.1,13,0,16,0,7.38,,
IPL_2025_034,2,RCB,JR Hazlewood,3.0,18,0,15,3,5.0,5.0,6.0
IPL_2025_034,2,RCB,KH Pandya,1.0,6,0,10,0,10.0,,
IPL_2025_034,2,RCB,Suyash Sharma,3.0,18,0,29,0,9.67,,
IPL_2025_035,1,GT,Mohammed Siraj,4.0,24,0,44,1,11.0,44.0,24.0
IPL_2025_035,1,GT,Arshad Khan,4.0,24,0,44,1,11.0,44.0,24.0
IPL_2025_035,1,GT,M Prasidh Krishna,4.0,24,0,40,4,10.0,10.0,6.0
IPL_2025_035,1,GT,Rashid Khan,4.0,24,0,38,0,9.5,,
IPL_2025_035,1,GT,I Sharma,3.0,18,0,20,1,6.67,20.0,18.0
IPL_2025_035,1,GT,R Sai Kishore,1.0,6,0,8,1,8.0,8.0,6.0
IPL_2025_035,2,DC,MA Starc,3.2,20,0,49,0,14.7,,
IPL_2025_035,2,DC,Mukesh Kumar,4.1,25,0,38,1,9.12,38.0,25.0
IPL_2025_035,2,DC,AR Patel,2.0,12,0,18,0,9.0,,
IPL_2025_035,2,DC,V Nigam,4.0,24,0,37,0,9.25,,
IPL_2025_035,2,DC,Kuldeep Yadav,4.0,24,0,29,1,7.25,29.0,24.0
IPL_2025_035,2,DC,MM Sharma,2.0,12,0,28,0,14.0,,
IPL_2025_036,1,RR,JC Archer,4.0,24,0,33,1,8.25,33.0,24.0
IPL_2025_036,1,RR,M Theekshana,4.0,24,0,32,0,8.0,,
IPL_2025_036,1,RR,Sandeep Sharma,4.0,24,0,55,1,13.75,55.0,24.0
IPL_2025_036,1,RR,TU Deshpande,4.0,24,0,23,1,5.75,23.0,24.0
IPL_2025_036,1,RR,PWH de Silva,4.0,24,0,32,2,8.0,16.0,12.0
IPL_2025_036,2,LSG,SN Thakur,3.0,18,0,34,1,11.33,34.0,18.0
IPL_2025_036,2,LSG,Avesh Khan,4.0,24,0,37,3,9.25,12.33,8.0
IPL_2025_036,2,LSG,DS Rathi,4.0,24,0,30,0,7.5,,
IPL_2025_036,2,LSG,AK Markram,2.0,12,0,18,1,9.0,18.0,12.0
IPL_2025_036,2,LSG,Prince Yadav,4.0,24,0,40,0,10.0,,
IPL_2025_036,2,LSG,Ravi Bishnoi,3.0,18,0,18,0,6.0,,
IPL_2025_037,1,RCB,B Kumar,4.0,24,0,25,0,6.25,,
IPL_2025_037,1,RCB,Yash Dayal,2.0,12,0,22,0,11.0,,
IPL_2025_037,1,RCB,JR Hazlewood,4.0,24,0,39,0,9.75,,
IPL_2025_037,1,RCB,KH Pandya,4.0,24,0,23,2,5.75,11.5,12.0
IPL_2025_037,1,RCB,R Shepherd,2.0,12,0,17,1,8.5,17.0,12.0
IPL_2025_037,1,RCB,Suyash Sharma,4.0,24,0,27,2,6.75,13.5,12.0
IPL_2025_037,2,PBKS,Arshdeep Singh,3.0,18,0,26,1,8.67,26.0,18.0
IPL_2025_037,2,PBKS,XC Bartlett,3.0,18,0,28,0,9.33,,
IPL_2025_037,2,PBKS,Harpreet Brar,4.0,24,0,27,1,6.75,27.0,24.0
IPL_2025_037,2,PBKS,M Jansen,3.0,18,0,19,0,6.33,,
IPL_2025_037,2,PBKS,YS Chahal,4.0,24,0,36,1,9.0,36.0,24.0
IPL_2025_037,2,PBKS,MP Stoinis,1.0,6,0,13,0,13.0,,
IPL_2025_037,2,PBKS,N Wadhera,0.5,5,0,9,0,10.8,,
IPL_2025_038,1,MI,DL Chahar,4.0,24,0,30,1,7.5,30.0,24.0
IPL_2025_038,1,MI,TA Boult,4.0,24,0,43,0,10.75,,
IPL_2025_038,1,MI,Ashwani Kumar,2.0,12,0,42,1,21.0,42.0,12.0
IPL_2025_038,1,MI,MJ Santner,3.0,18,0,13,1,4.33,13.0,18.0
IPL_2025_038,1,MI,JJ Bumrah,4.0,24,0,24,2,6.0,12.0,12.0
IPL_2025_038,1,MI,WG Jacks,1.0,6,0,4,0,4.0,,
IPL_2025_038,1,MI,HH Pandya,2.0,12,0,14,0,7.0,,
IPL_2025_038,2,CSK,KK Ahmed,2.0,12,0,24,0,12.0,,
IPL_2025_038,2,CSK,J Overton,2.0,12,0,24,0,12.0,,
IPL_2025_038,2,CSK,R Ashwin,4.0,24,0,26,0,6.5,,
IPL_2025_038,2,CSK,RA Jadeja,3.0,18,0,28,1,9.33,28.0,18.0
IPL_2025_038,2,CSK,Noor Ahmad,3.0,18,0,36,0,12.0,,
IPL_2025_038,2,CSK,M Pathirana,1.4,10,0,31,0,18.6,,
IPL_2025_039,1,KKR,VG Arora,4.0,24,0,43,1,10.75,43.0,24.0
IPL_2025_039,1,KKR,MM Ali,3.0,18,0,27,0,9.0,,
IPL_2025_039,1,KKR,Harshit Rana,4.0,24,0,43,1,10.75,43.0,24.0
IPL_2025_039,1,KKR,CV Varun,4.0,24,0,33,0,8.25,,
IPL_2025_039,1,KKR,SP Narine,4.1,25,0,35,0,8.4,,
IPL_2025_039,1,KKR,AD Russell,1.0,6,0,13,1,13.0,13.0,6.0
IPL_2025_039,2,GT,Mohammed Siraj,4.0,24,0,32,1,8.0,32.0,24.0
IPL_2025_039,2,GT,I Sharma,2.0,12,0,19,1,9.5,19.0,12.0
IPL_2025_039,2,GT,M Prasidh Krishna,4.0,24,0,24,2,6.0,12.0,12.0
IPL_2025_039,2,GT,Rashid Khan,4.0,24,0,26,2,6.5,13.0,12.0
IPL_2025_039,2,GT,Washington Sundar,3.0,18,0,35,1,11.67,35.0,18.0
IPL_2025_039,2,GT,R Sai Kishore,3.0,18,0,17,1,5.67,17.0,18.0
IPL_2025_040,1,DC,AR Patel,4.0,24,0,29,0,7.25,,
IPL_2025_040,1,DC,MA Starc,4.0,24,0,25,1,6.25,25.0,24.0
IPL_2025_040,1,DC,Mukesh Kumar,4.0,24,0,33,4,8.25,8.25,6.0
IPL_2025_040,1,DC,PVD Chameera,3.0,18,0,25,1,8.33,25.0,18.0
IPL_2025_040,1,DC,V Nigam,1.0,6,0,14,0,14.0,,
IPL_2025_040,1,DC,Kuldeep Yadav,4.0,24,0,32,0,8.0,,
IPL_2025_040,2,LSG,SN Thakur,2.0,12,0,28,0,14.0,,
IPL_2025_040,2,LSG,DS Rathi,4.0,24,0,24,0,6.0,,
IPL_2025_040,2,LSG,Prince Yadav,2.5,17,0,23,0,8.12,,
IPL_2025_040,2,LSG,AK Markram,3.0,18,0,29,2,9.67,14.5,9.0
IPL_2025_040,2,LSG,Avesh Khan,3.0,18,0,18,0,6.0,,
IPL_2025_040,2,LSG,Ravi Bishnoi,3.0,18,0,36,0,12.0,,
IPL_2025_041,1,MI,DL Chahar,4.0,24,0,12,2,3.0,6.0,12.0
IPL_2025_041,1,MI,TA Boult,4.0,24,0,25,4,6.25,6.25,6.0
IPL_2025_041,1,MI,JJ Bumrah,4.0,24,0,39,1,9.75,39.0,24.0
IPL_2025_041,1,MI,MJ Santner,4.0,24,0,19,0,4.75,,
IPL_2025_041,1,MI,HH Pandya,3.0,18,0,30,1,10.0,30.0,18.0
IPL_2025_041,1,MI,V Puthur,1.0,6,0,15,0,15.0,,
IPL_2025_041,2,SRH,PJ Cummins,3.0,18,0,31,0,10.33,,
IPL_2025_041,2,SRH,JD Unadkat,3.0,18,0,25,1,8.33,25.0,18.0
IPL_2025_041,2,SRH,HV Patel,3.0,18,0,21,0,7.0,,
IPL_2025_041,2,SRH,E Malinga,3.0,18,0,32,1,10.67,32.0,18.0
IPL_2025_041,2,SRH,Zeeshan Ansari,3.4,22,0,36,1,9.82,36.0,22.0
IPL_2025_042,1,RR,JC Archer,4.0,24,0,27,1,6.75,27.0,24.0
IPL_2025_042,1,RR,Fazalhaq Farooqi,3.0,18,0,29,0,9.67,,
IPL_2025_042,1,RR,TU Deshpande,2.0,12,0,34,0,17.0,,
IPL_2025_042,1,RR,Sandeep Sharma,4.0,24,0,42,2,10.5,21.0,12.0
IPL_2025_042,1,RR,PWH de Silva,4.0,24,0,29,1,7.25,29.0,24.0
IPL_2025_042,1,RR,R Parag,3.0,18,0,30,0,10.0,,
IPL_2025_042,2,RCB,B Kumar,4.0,24,0,50,1,12.5,50.0,24.0
IPL_2025_042,2,RCB,Yash Dayal,3.0,18,0,33,1,11.0,33.0,18.0
IPL_2025_042,2,RCB,JR Hazlewood,4.0,24,0,32,4,8.0,8.0,6.0
IPL_2025_042,2,RCB,R Shepherd,1.0,6,0,15,0,15.0,,
IPL_2025_042,2,RCB,Suyash Sharma,4.0,24,0,31,0,7.75,,
IPL_2025_042,2,RCB,KH Pandya,4.0,24,0,29,2,7.25,14.5,12.0
IPL_2025_043,1,SRH,Mohammed Shami,3.1,19,0,27,1,8.53,27.0,19.0
IPL_2025_043,1,SRH,PJ Cummins,4.0,24,0,22,2,5.5,11.0,12.0
IPL_2025_043,1,SRH,JD Unadkat,2.5,17,0,20,2,7.06,10.0,8.5
IPL_2025_043,1,SRH,HV Patel,4.1,25,0,27,4,6.48,6.75,6.25
IPL_2025_043,1,SRH,Zeeshan Ansari,3.0,18,0,28,0,9.33,,
IPL_2025_043,1,SRH,PHKD Mendis,3.0,18,0,26,1,8.67,26.0,18.0
IPL_2025_043,2,CSK,KK Ahmed,3.0,18,0,20,1,6.67,20.0,18.0
IPL_2025_043,2,CSK,A Kamboj,3.0,18,0,16,1,5.33,16.0,18.0
IPL_2025_043,2,CSK,Noor Ahmad,4.2,26,0,35,2,8.08,17.5,13.0
IPL_2025_043,2,CSK,RA Jadeja,3.4,22,0,23,1,6.27,23.0,22.0
IPL_2025_043,2,CSK,SM Curran,2.0,12,0,26,0,13.0,,
IPL_2025_043,2,CSK,M Pathirana,3.0,18,0,22,0,7.33,,
IPL_2025_044,1,KKR,VG Arora,4.0,24,0,33,2,8.25,16.5,12.0
IPL_2025_044,1,KKR,C Sakariya,3.0,18,0,38,0,12.67,,
IPL_2025_044,1,KKR,Harshit Rana,2.0,12,0,27,0,13.5,,
IPL_2025_044,1,KKR,CV Varun,4.0,24,0,39,1,9.75,39.0,24.0
IPL_2025_044,1,KKR,SP Narine,4.1,25,0,34,0,8.16,,
IPL_2025_044,1,KKR,AD Russell,3.0,18,0,27,1,9.0,27.0,18.0
IPL_2025_044,2,PBKS,M Jansen,1.0,6,0,6,0,6.0,,
IPL_2025_045,1,LSG,MP Yadav,4.0,24,0,36,2,9.0,18.0,12.0
IPL_2025_045,1,LSG,Prince Yadav,4.0,24,0,43,1,10.75,43.0,24.0
IPL_2025_045,1,LSG,DS Rathi,4.0,24,0,48,1,12.0,48.0,24.0
IPL_2025_045,1,LSG,Ravi Bishnoi,4.0,24,0,41,1,10.25,41.0,24.0
IPL_2025_045,1,LSG,Avesh Khan,4.0,24,0,42,2,10.5,21.0,12.0
IPL_2025_045,2,MI,TA Boult,4.0,24,0,21,3,5.25,7.0,8.0
IPL_2025_045,2,MI,DL Chahar,3.1,19,0,36,0,11.37,,
IPL_2025_045,2,MI,JJ Bumrah,4.0,24,0,21,4,5.25,5.25,6.0
IPL_2025_045,2,MI,WG Jacks,2.0,12,0,18,2,9.0,9.0,6.0
IPL_2025_045,2,MI,KV Sharma,2.0,12,0,26,0,13.0,,
IPL_2025_045,2,MI,HH Pandya,1.0,6,0,10,0,10.0,,
IPL_2025_045,2,MI,C Bosch,4.0,24,0,23,1,5.75,23.0,24.0
IPL_2025_046,1,RCB,B Kumar,4.0,24,0,34,3,8.5,11.33,8.0
IPL_2025_046,1,RCB,Yash Dayal,4.1,25,0,40,1,9.6,40.0,25.0
IPL_2025_046,1,RCB,JR Hazlewood,4.0,24,0,35,2,8.75,17.5,12.0
IPL_2025_046,1,RCB,Suyash Sharma,4.0,24,0,22,0,5.5,,
IPL_2025_046,1,RCB,KH Pandya,4.0,24,0,28,1,7.0,28.0,24.0
IPL_2025_046,2,DC,AR Patel,4.0,24,0,18,2,4.5,9.0,12.0
IPL_2025_046,2,DC,MA Starc,3.0,18,0,31,0,10.33,,
IPL_2025_046,2,DC,Mukesh Kumar,3.4,22,0,50,0,13.64,,
IPL_2025_046,2,DC,V Nigam,1.1,7,0,11,0,9.43,,
IPL_2025_046,2,DC,Kuldeep Yadav,4.0,24,0,28,0,7.0,,
IPL_2025_046,2,DC,PVD Chameera,3.0,18,0,23,1,7.67,23.0,18.0
IPL_2025_047,1,RR,JC Archer,4.0,24,0,49,1,12.25,49.0,24.0
IPL_2025_047,1,RR,M Theekshana,4.0,24,0,32,2,8.0,16.0,12.0
IPL_2025_047,1,RR,Yudhvir Singh,3.0,18,0,38,0,12.67,,
IPL_2025_047,1,RR,Sandeep Sharma,4.0,24,0,30,1,7.5,30.0,24.0
IPL_2025_047,1,RR,R Parag,1.0,6,0,14,0,14.0,,
IPL_2025_047,1,RR,PWH de Silva,4.0,24,0,38,0,9.5,,
IPL_2025_047,2,GT,Mohammed Siraj,2.0,12,0,22,0,11.0,,
IPL_2025_047,2,GT,I Sharma,2.0,12,0,34,0,17.0,,
IPL_2025_047,2,GT,Washington Sundar,1.5,11,0,34,0,18.55,,
IPL_2025_047,2,GT,M Prasidh Krishna,4.0,24,0,47,1,11.75,47.0,24.0
IPL_2025_047,2,GT,Rashid Khan,4.0,24,0,25,1,6.25,25.0,24.0
IPL_2025_047,2,GT,Karim Janat,1.0,6,0,30,0,30.0,,
IPL_2025_047,2,GT,R Sai Kishore,1.0,6,0,16,0,16.0,,
IPL_2025_048,1,DC,MA Starc,4.0,24,0,45,3,11.25,15.0,8.0
IPL_2025_048,1,DC,PVD Chameera,3.0,18,0,40,1,13.33,40.0,18.0
IPL_2025_048,1,DC,Mukesh Kumar,2.0,12,0,15,0,7.5,,
IPL_2025_048,1,DC,V Nigam,4.1,25,0,39,2,9.36,19.5,12.5
IPL_2025_048,1,DC,AR Patel,4.0,24,0,26,2,6.5,13.0,12.0
IPL_2025_048,1,DC,Kuldeep Yadav,3.0,18,0,27,0,9.0,,
IPL_2025_048,2,KKR,AS Roy,4.0,24,0,26,1,6.5,26.0,24.0
IPL_2025_048,2,KKR,VG Arora,2.0,12,0,18,1,9.0,18.0,12.0
IPL_2025_048,2,KKR,Harshit Rana,4.0,24,0,49,0,12.25,,
IPL_2025_048,2,KKR,CV Varun,4.0,24,0,42,2,10.5,21.0,12.0
IPL_2025_048,2,KKR,SP Narine,4.0,24,0,29,3,7.25,9.67,8.0
IPL_2025_048,2,KKR,AD Russell,2.1,13,0,21,1,9.69,21.0,13.0
IPL_2025_049,1,PBKS,Arshdeep Singh,3.2,20,0,19,2,5.7,9.5,10.0
IPL_2025_049,1,PBKS,M Jansen,4.0,24,0,31,2,7.75,15.5,12.0
IPL_2025_049,1,PBKS,Azmatullah Omarzai,4.0,24,0,36,1,9.0,36.0,24.0
IPL_2025_049,1,PBKS,Harpreet Brar,2.0,12,0,21,1,10.5,21.0,12.0
IPL_2025_049,1,PBKS,YS Chahal,3.0,18,0,31,4,10.33,7.75,4.5
IPL_2025_049,1,PBKS,Suryansh Shedge,3.1,19,0,39,0,12.32,,
IPL_2025_049,2,CSK,KK Ahmed,3.4,22,0,28,2,7.64,14.0,11.0
IPL_2025_049,2,CSK,A Kamboj,2.0,12,0,21,0,10.5,,
IPL_2025_049,2,CSK,RA Jadeja,3.0,18,0,32,1,10.67,32.0,18.0
IPL_2025_049,2,CSK,Noor Ahmad,4.0,24,0,39,1,9.75,39.0,24.0
IPL_2025_049,2,CSK,SM Curran,3.0,18,0,27,0,9.0,,
IPL_2025_049,2,CSK,M Pathirana,4.0,24,0,44,2,11.0,22.0,12.0
IPL_2025_050,1,RR,JC Archer,4.0,24,0,42,0,10.5,,
IPL_2025_050,1,RR,Fazalhaq Farooqi,4.0,24,0,54,0,13.5,,
IPL_2025_050,1,RR,M Theekshana,4.0,24,0,44,1,11.0,44.0,24.0
IPL_2025_050,1,RR,K Kartikeya,2.0,12,0,22,0,11.0,,
IPL_2025_050,1,RR,Akash Madhwal,4.0,24,0,38,0,9.5,,
IPL_2025_050,1,RR,R Parag,2.0,12,0,11,1,5.5,11.0,12.0
IPL_2025_050,2,MI,DL Chahar,2.0,12,0,6,1,3.0,6.0,12.0
IPL_2025_050,2,MI,TA Boult,2.1,13,0,27,3,12.46,9.0,4.33
IPL_2025_050,2,MI,JJ Bumrah,4.0,24,0,19,2,4.75,9.5,12.0
IPL_2025_050,2,MI,C Bosch,3.0,18,0,30,0,10.0,,
IPL_2025_050,2,MI,HH Pandya,1.0,6,0,2,1,2.0,2.0,6.0
IPL_2025_050,2,MI,KV Sharma,4.0,24,0,25,3,6.25,8.33,8.0
IPL_2025_051,1,SRH,Mohammed Shami,3.0,18,0,48,0,16.0,,
IPL_2025_051,1,SRH,JD Unadkat,4.0,24,0,34,3,8.5,11.33,8.0
IPL_2025_051,1,SRH,PJ Cummins,4.0,24,0,39,1,9.75,39.0,24.0
IPL_2025_051,1,SRH,HV Patel,3.0,18,0,41,0,13.67,,
IPL_2025_051,1,SRH,Zeeshan Ansari,4.0,24,0,41,1,10.25,41.0,24.0
IPL_2025_051,1,SRH,PHKD Mendis,2.0,12,0,18,0,9.0,,
IPL_2025_051,2,GT,Mohammed Siraj,4.0,24,0,32,2,8.0,16.0,12.0
IPL_2025_051,2,GT,I Sharma,3.2,20,0,35,1,10.5,35.0,20.0
IPL_2025_051,2,GT,M Prasidh Krishna,4.0,24,0,20,2,5.0,10.0,12.0
IPL_2025_051,2,GT,G Coetzee,4.0,24,0,35,1,8.75,35.0,24.0
IPL_2025_051,2,GT,Washington Sundar,1.0,6,0,5,0,5.0,,
IPL_2025_051,2,GT,Rashid Khan,3.0,18,0,50,0,16.67,,
IPL_2025_051,2,GT,R Sai Kishore,0.4,4,0,2,0,3.0,,
IPL_2025_052,1,CSK,KK Ahmed,3.1,19,0,64,0,20.21,,
IPL_2025_052,1,CSK,A Kamboj,3.0,18,0,25,0,8.33,,
IPL_2025_052,1,CSK,Noor Ahmad,4.0,24,0,27,1,6.75,27.0,24.0
IPL_2025_052,1,CSK,RA Jadeja,3.0,18,0,25,0,8.33,,
IPL_2025_052,1,CSK,SM Curran,3.0,18,0,34,1,11.33,34.0,18.0
IPL_2025_052,1,CSK,M Pathirana,4.0,24,0,33,3,8.25,11.0,8.0
IPL_2025_052,2,RCB,KH Pandya,3.0,18,0,24,1,8.0,24.0,18.0
IPL_2025_052,2,RCB,B Kumar,4.0,24,0,55,0,13.75,,
IPL_2025_052,2,RCB,Yash Dayal,4.1,25,0,40,1,9.6,40.0,25.0
IPL_2025_052,2,RCB,L Ngidi,4.0,24,0,30,3,7.5,10.0,8.0
IPL_2025_052,2,RCB,Suyash Sharma,4.0,24,0,43,0,10.75,,
IPL_2025_052,2,RCB,R Shepherd,1.0,6,0,18,0,18.0,,
IPL_2025_053,1,RR,JC Archer,4.0,24,0,30,1,7.5,30.0,24.0
IPL_2025_053,1,RR,Yudhvir Singh,2.0,12,0,25,1,12.5,25.0,12.0
IPL_2025_053,1,RR,M Theekshana,4.0,24,0,41,1,10.25,41.0,24.0
IPL_2025_053,1,RR,Akash Madhwal,3.0,18,0,47,0,15.67,,
IPL_2025_053,1,RR,PWH de Silva,4.0,24,0,36,0,9.0,,
IPL_2025_053,1,RR,R Parag,3.0,18,0,20,1,6.67,20.0,18.0
IPL_2025_053,2,KKR,VG Arora,4.0,24,0,50,1,12.5,50.0,24.0
IPL_2025_053,2,KKR,MM Ali,3.0,18,0,41,2,13.67,20.5,9.0
IPL_2025_053,2,KKR,Harshit Rana,4.1,25,0,39,2,9.36,19.5,12.5
IPL_2025_053,2,KKR,CV Varun,4.0,24,0,32,2,8.0,16.0,12.0
IPL_2025_053,2,KKR,SP Narine,4.0,24,0,27,0,6.75,,
IPL_2025_053,2,KKR,AD Russell,1.0,6,0,11,0,11.0,,
IPL_2025_054,1,LSG,Akash Singh,4.0,24,0,30,2,7.5,15.0,12.0
IPL_2025_054,1,LSG,MP Yadav,4.0,24,0,59,0,14.75,,
IPL_2025_054,1,LSG,Avesh Khan,4.0,24,0,55,0,13.75,,
IPL_2025_054,1,LSG,DS Rathi,4.0,24,0,45,2,11.25,22.5,12.0
IPL_2025_054,1,LSG,Prince Yadav,4.0,24,0,42,1,10.5,42.0,24.0
IPL_2025_054,2,PBKS,Arshdeep Singh,4.0,24,0,15,3,3.75,5.0,8.0
IPL_2025_054,2,PBKS,M Jansen,4.0,24,0,32,1,8.0,32.0,24.0
IPL_2025_054,2,PBKS,Azmatullah Omarzai,4.0,24,0,31,2,7.75,15.5,12.0
IPL_2025_054,2,PBKS,YS Chahal,4.0,24,0,48,1,12.0,48.0,24.0
IPL_2025_054,2,PBKS,Vijaykumar Vyshak,3.0,18,0,49,0,16.33,,
IPL_2025_054,2,PBKS,MP Stoinis,1.0,6,0,15,0,15.0,,
IPL_2025_055,1,SRH,PJ Cummins,4.0,24,0,18,3,4.5,6.0,8.0
IPL_2025_055,1,SRH,JD Unadkat,4.0,24,0,13,1,3.25,13.0,24.0
IPL_2025_055,1,SRH,HV Patel,4.0,24,0,35,1,8.75,35.0,24.0
IPL_2025_055,1,SRH,E Malinga,4.0,24,0,29,1,7.25,29.0,24.0
IPL_2025_055,1,SRH,Zeeshan Ansari,3.0,18,0,30,0,10.0,,
IPL_2025_055,1,SRH,Abhishek Sharma,1.0,6,0,5,0,5.0,,
IPL_2025_056,1,GT,Mohammed Siraj,3.0,18,0,29,1,9.67,29.0,18.0
IPL_2025_056,1,GT,Arshad Khan,3.0,18,0,19,1,6.33,19.0,18.0
IPL_2025_056,1,GT,M Prasidh Krishna,4.0,24,0,38,1,9.5,38.0,24.0
IPL_2025_056,1,GT,R Sai Kishore,4.0,24,0,33,2,8.25,16.5,12.0
IPL_2025_056,1,GT,Rashid Khan,4.0,24,0,25,1,6.25,25.0,24.0
IPL_2025_056,1,GT,G Coetzee,2.0,12,0,10,1,5.0,10.0,12.0
IPL_2025_056,2,MI,DL Chahar,3.1,19,0,30,1,9.47,30.0,19.0
IPL_2025_056,2,MI,TA Boult,4.0,24,0,22,2,5.5,11.0,12.0
IPL_2025_056,2,MI,JJ Bumrah,4.0,24,0,18,2,4.5,9.0,12.0
IPL_2025_056,2,MI,HH Pandya,1.2,8,0,13,0,9.75,,
IPL_2025_056,2,MI,KV Sharma,2.0,12,0,13,0,6.5,,
IPL_2025_056,2,MI,Ashwani Kumar,4.0,24,0,28,2,7.0,14.0,12.0
IPL_2025_056,2,MI,WG Jacks,1.0,6,0,14,0,14.0,,
IPL_2025_057,1,CSK,KK Ahmed,2.0,12,0,14,0,7.0,,
IPL_2025_057,1,CSK,A Kamboj,3.0,18,0,38,1,12.67,38.0,18.0
IPL_2025_057,1,CSK,R Ashwin,3.0,18,0,20,0,6.67,,
IPL_2025_057,1,CSK,Noor Ahmad,4.0,24,0,31,4,7.75,7.75,6.0
IPL_2025_057,1,CSK,RA Jadeja,4.0,24,0,34,1,8.5,34.0,24.0
IPL_2025_057,1,CSK,M Pathirana,4.0,24,0,40,0,10.0,,
IPL_2025_057,2,KKR,VG Arora,3.0,18,0,46,3,15.33,15.33,6.0
IPL_2025_057,2,KKR,MM Ali,2.0,12,0,23,1,11.5,23.0,12.0
IPL_2025_057,2,KKR,Harshit Rana,4.0,24,0,43,2,10.75,21.5,12.0
IPL_2025_057,2,KKR,CV Varun,4.0,24,0,17,2,4.25,8.5,12.0
IPL_2025_057,2,KKR,SP Narine,4.0,24,0,28,0,7.0,,
IPL_2025_057,2,KKR,AD Russell,2.4,16,0,22,0,8.25,,
IPL_2025_058,1,DC,MA Starc,2.0,12,0,23,0,11.5,,
IPL_2025_058,1,DC,PVD Chameera,2.1,13,0,26,0,12.0,,
IPL_2025_058,1,DC,AR Patel,2.0,12,0,25,0,12.5,,
IPL_2025_058,1,DC,T Natarajan,1.1,7,0,4,1,3.43,4.0,7.0
IPL_2025_058,1,DC,Kuldeep Yadav,2.0,12,0,28,0,14.0,,
IPL_2025_058,1,DC,M Tiwari,1.0,6,0,14,0,14.0,,
IPL_2025_059,1,RR,Fazalhaq Farooqi,3.0,18,0,39,0,13.0,,
IPL_2025_059,1,RR,TU Deshpande,4.0,24,0,36,2,9.0,18.0,12.0
IPL_2025_059,1,RR,KT Maphaka,3.0,18,0,36,1,12.0,36.0,18.0
IPL_2025_059,1,RR,R Parag,3.0,18,0,24,1,8.0,24.0,18.0
IPL_2025_059,1,RR,PWH de Silva,3.0,18,0,33,0,11.0,,
IPL_2025_059,1,RR,Akash Madhwal,4.0,24,0,46,1,11.5,46.0,24.0
IPL_2025_059,2,PBKS,Arshdeep Singh,4.0,24,0,55,0,13.75,,
IPL_2025_059,2,PBKS,M Jansen,3.0,18,0,39,2,13.0,19.5,9.0
IPL_2025_059,2,PBKS,XC Bartlett,1.0,6,0,12,0,12.0,,
IPL_2025_059,2,PBKS,Harpreet Brar,4.0,24,0,22,3,5.5,7.33,8.0
IPL_2025_059,2,PBKS,YS Chahal,4.0,24,0,30,0,7.5,,
IPL_2025_059,2,PBKS,Azmatullah Omarzai,4.0,24,0,44,2,11.0,22.0,12.0
IPL_2025_060,1,GT,Mohammed Siraj,4.0,24,0,36,0,9.0,,
IPL_2025_060,1,GT,Arshad Khan,2.0,12,0,5,1,2.5,5.0,12.0
IPL_2025_060,1,GT,K Rabada,2.0,12,0,34,0,17.0,,
IPL_2025_060,1,GT,M Prasidh Krishna,4.0,24,0,41,1,10.25,41.0,24.0
IPL_2025_060,1,GT,Rashid Khan,4.0,24,0,32,0,8.0,,
IPL_2025_060,1,GT,R Sai Kishore,4.0,24,0,47,1,11.75,47.0,24.0
IPL_2025_060,2,DC,AR Patel,3.0,18,0,35,0,11.67,,
IPL_2025_060,2,DC,T Natarajan,3.0,18,0,49,0,16.33,,
IPL_2025_060,2,DC,Mustafizur Rahman,3.0,18,0,24,0,8.0,,
IPL_2025_060,2,DC,PVD Chameera,2.0,12,0,21,0,10.5,,
IPL_2025_060,2,DC,V Nigam,4.0,24,0,36,0,9.0,,
IPL_2025_060,2,DC,Kuldeep Yadav,4.0,24,0,37,0,9.25,,
IPL_2025_061,1,SRH,PJ Cummins,4.0,24,0,33,0,8.25,,
IPL_2025_061,1,SRH,Harsh Dubey,4.0,24,0,43,1,10.75,43.0,24.0
IPL_2025_061,1,SRH,HV Patel,4.2,26,0,44,1,10.15,44.0,26.0
IPL_2025_061,1,SRH,E Malinga,4.0,24,0,28,2,7.0,14.0,12.0
IPL_2025_061,1,SRH,Zeeshan Ansari,2.0,12,0,21,0,10.5,,
IPL_2025_061,1,SRH,Nithish Kumar Reddy,2.0,12,0,25,1,12.5,25.0,12.0
IPL_2025_061,2,LSG,Akash Deep,3.0,18,0,29,0,9.67,,
IPL_2025_061,2,LSG,W O'Rourke,2.2,14,0,31,1,13.29,31.0,14.0
IPL_2025_061,2,LSG,DS Rathi,4.0,24,0,36,2,9.0,18.0,12.0
IPL_2025_061,2,LSG,Avesh Khan,3.0,18,0,23,0,7.67,,
IPL_2025_061,2,LSG,Ravi Bishnoi,1.0,6,0,25,0,25.0,,
IPL_2025_061,2,LSG,AK Markram,1.0,6,0,14,0,14.0,,
IPL_2025_061,2,LSG,SN Thakur,4.0,24,0,39,1,9.75,39.0,24.0
IPL_2025_062,1,RR,TU Deshpande,4.0,24,0,34,1,8.5,34.0,24.0
IPL_2025_062,1,RR,Yudhvir Singh,4.1,25,0,47,3,11.28,15.67,8.33
IPL_2025_062,1,RR,KT Maphaka,2.0,12,0,20,0,10.0,,
IPL_2025_062,1,RR,PWH de Silva,4.0,24,0,25,1,6.25,25.0,24.0
IPL_2025_062,1,RR,R Parag,2.0,12,0,23,0,11.5,,
IPL_2025_062,1,RR,Akash Madhwal,4.0,24,0,25,3,6.25,8.33,8.0
IPL_2025_062,2,CSK,KK Ahmed,3.0,18,0,35,0,11.67,,
IPL_2025_062,2,CSK,A Kamboj,3.0,18,0,21,1,7.0,21.0,18.0
IPL_2025_062,2,CSK,R Ashwin,4.0,24,0,41,2,10.25,20.5,12.0
IPL_2025_062,2,CSK,Noor Ahmad,3.1,19,0,35,1,11.05,35.0,19.0
IPL_2025_062,2,CSK,M Pathirana,2.1,13,0,21,0,9.69,,
IPL_2025_062,2,CSK,RA Jadeja,2.0,12,0,27,0,13.5,,
IPL_2025_063,1,DC,Mukesh Kumar,4.0,24,0,48,2,12.0,24.0,12.0
IPL_2025_063,1,DC,PVD Chameera,4.0,24,0,54,1,13.5,54.0,24.0
IPL_2025_063,1,DC,Mustafizur Rahman,4.0,24,0,30,1,7.5,30.0,24.0
IPL_2025_063,1,DC,V Nigam,4.0,24,0,26,0,6.5,,
IPL_2025_063,1,DC,Kuldeep Yadav,4.0,24,0,21,1,5.25,21.0,24.0
IPL_2025_063,2,MI,TA Boult,4.0,24,0,29,1,7.25,29.0,24.0
IPL_2025_063,2,MI,DL Chahar,3.0,18,0,22,1,7.33,22.0,18.0
IPL_2025_063,2,MI,WG Jacks,1.1,7,0,15,1,12.86,15.0,7.0
IPL_2025_063,2,MI,MJ Santner,4.0,24,0,11,3,2.75,3.67,8.0
IPL_2025_063,2,MI,JJ Bumrah,3.2,20,0,12,3,3.6,4.0,6.67
IPL_2025_063,2,MI,KV Sharma,3.0,18,0,31,1,10.33,31.0,18.0
IPL_2025_064,1,GT,Mohammed Siraj,4.0,24,0,35,0,8.75,,
IPL_2025_064,1,GT,Arshad Khan,3.1,19,0,35,1,11.05,35.0,19.0
IPL_2025_064,1,GT,K Rabada,4.0,24,0,45,0,11.25,,
IPL_2025_064,1,GT,M Prasidh Krishna,4.0,24,0,43,0,10.75,,
IPL_2025_064,1,GT,R Sai Kishore,3.0,18,0,35,1,11.67,35.0,18.0
IPL_2025_064,1,GT,Rashid Khan,2.0,12,0,35,0,17.5,,
IPL_2025_064,2,LSG,Akash Singh,3.1,19,0,29,1,9.16,29.0,19.0
IPL_2025_064,2,LSG,Akash Deep,4.0,24,0,46,0,11.5,,
IPL_2025_064,2,LSG,W O'Rourke,4.0,24,0,27,3,6.75,9.0,8.0
IPL_2025_064,2,LSG,Avesh Khan,3.5,23,0,51,2,13.3,25.5,11.5
IPL_2025_064,2,LSG,Shahbaz Ahmed,4.0,24,0,38,1,9.5,38.0,24.0
IPL_2025_064,2,LSG,A Badoni,1.0,6,0,4,2,4.0,2.0,3.0
IPL_2025_065,1,RCB,Yash Dayal,3.1,19,0,35,0,11.05,,
IPL_2025_065,1,RCB,B Kumar,4.0,24,0,45,1,11.25,45.0,24.0
IPL_2025_065,1,RCB,L Ngidi,4.0,24,0,51,1,12.75,51.0,24.0
IPL_2025_065,1,RCB,Suyash Sharma,3.0,18,0,46,1,15.33,46.0,18.0
IPL_2025_065,1,RCB,KH Pandya,4.0,24,0,38,1,9.5,38.0,24.0
IPL_2025_065,1,RCB,R Shepherd,2.0,12,0,13,2,6.5,6.5,6.0
IPL_2025_065,2,SRH,PJ Cummins,4.0,24,0,32,3,8.0,10.67,8.0
IPL_2025_065,2,SRH,JD Unadkat,4.0,24,0,41,1,10.25,41.0,24.0
IPL_2025_065,2,SRH,HV Patel,4.0,24,0,37,1,9.25,37.0,24.0
IPL_2025_065,2,SRH,E Malinga,4.0,24,0,41,2,10.25,20.5,12.0
IPL_2025_065,2,SRH,Harsh Dubey,2.0,12,0,20,1,10.0,20.0,12.0
IPL_2025_065,2,SRH,Nithish Kumar Reddy,2.0,12,0,13,1,6.5,13.0,12.0
IPL_2025_067,1,GT,Mohammed Siraj,4.0,24,0,45,0,11.25,,
IPL_2025_067,1,GT,Arshad Khan,2.0,12,0,41,0,20.5,,
IPL_2025_067,1,GT,M Prasidh Krishna,4.0,24,0,25,2,6.25,12.5,12.0
IPL_2025_067,1,GT,G Coetzee,3.0,18,0,36,0,12.0,,
IPL_2025_067,1,GT,R Sai Kishore,2.0,12,0,23,1,11.5,23.0,12.0
IPL_2025_067,1,GT,Rashid Khan,4.0,24,0,42,1,10.5,42.0,24.0
IPL_2025_067,1,GT,M Shahrukh Khan,1.0,6,0,13,1,13.0,13.0,6.0
IPL_2025_067,2,CSK,RA Jadeja,3.0,18,0,17,2,5.67,8.5,9.0
IPL_2025_067,2,CSK,KK Ahmed,3.0,18,0,17,1,5.67,17.0,18.0
IPL_2025_067,2,CSK,A Kamboj,2.3,15,0,13,3,5.2,4.33,5.0
IPL_2025_067,2,CSK,S Dube,2.0,12,0,28,0,14.0,,
IPL_2025_067,2,CSK,Noor Ahmad,4.0,24,0,21,3,5.25,7.0,8.0
IPL_2025_067,2,CSK,M Pathirana,3.0,18,0,27,1,9.0,27.0,18.0
IPL_2025_067,2,CSK,DJ Hooda,1.0,6,0,14,0,14.0,,
IPL_2025_068,1,KKR,VG Arora,4.0,24,0,36,1,9.0,36.0,24.0
IPL_2025_068,1,KKR,A Nortje,4.0,24,0,56,0,14.0,,
IPL_2025_068,1,KKR,Harshit Rana,3.0,18,0,45,0,15.0,,
IPL_2025_068,1,KKR,SP Narine,4.0,24,0,42,2,10.5,21.0,12.0
IPL_2025_068,1,KKR,CV Varun,3.0,18,0,51,0,17.0,,
IPL_2025_068,1,KKR,AD Russell,2.1,13,0,33,0,15.23,,
IPL_2025_068,2,SRH,PJ Cummins,2.0,12,0,24,0,12.0,,
IPL_2025_068,2,SRH,JD Unadkat,4.0,24,0,25,3,6.25,8.33,8.0
IPL_2025_068,2,SRH,HV Patel,2.0,12,0,20,0,10.0,,
IPL_2025_068,2,SRH,E Malinga,3.4,22,0,30,3,8.18,10.0,7.33
IPL_2025_068,2,SRH,Harsh Dubey,4.0,24,0,34,3,8.5,11.33,8.0
IPL_2025_068,2,SRH,Nithish Kumar Reddy,1.0,6,0,5,0,5.0,,
IPL_2025_068,2,SRH,Abhishek Sharma,2.0,12,0,26,0,13.0,,
IPL_2025_069,1,PBKS,Arshdeep Singh,4.0,24,0,28,2,7.0,14.0,12.0
IPL_2025_069,1,PBKS,KA Jamieson,4.0,24,0,42,0,10.5,,
IPL_2025_069,1,PBKS,M Jansen,4.0,24,0,30,2,7.5,15.0,12.0
IPL_2025_069,1,PBKS,Harpreet Brar,4.0,24,0,36,1,9.0,36.0,24.0
IPL_2025_069,1,PBKS,Vijaykumar Vyshak,4.0,24,0,37,2,9.25,18.5,12.0
IPL_2025_069,2,MI,TA Boult,3.3,21,0,37,0,10.57,,
IPL_2025_069,2,MI,DL Chahar,3.0,18,0,27,0,9.0,,
IPL_2025_069,2,MI,JJ Bumrah,4.0,24,0,24,1,6.0,24.0,24.0
IPL_2025_069,2,MI,MJ Santner,4.0,24,0,38,2,9.5,19.0,12.0
IPL_2025_069,2,MI,HH Pandya,2.0,12,0,28,0,14.0,,
IPL_2025_069,2,MI,Ashwani Kumar,1.0,6,0,15,0,15.0,,
IPL_2025_069,2,MI,WG Jacks,1.0,6,0,10,0,10.0,,
IPL_2025_070,1,RCB,N Thushara,4.1,25,0,28,1,6.72,28.0,25.0
IPL_2025_070,1,RCB,KH Pandya,2.0,12,0,13,0,6.5,,
IPL_2025_070,1,RCB,Yash Dayal,3.0,18,0,44,0,14.67,,
IPL_2025_070,1,RCB,B Kumar,4.0,24,0,46,1,11.5,46.0,24.0
IPL_2025_070,1,RCB,Suyash Sharma,3.0,18,0,40,0,13.33,,
IPL_2025_070,1,RCB,R Shepherd,4.0,24,0,49,1,12.25,49.0,24.0
IPL_2025_070,2,LSG,Akash Singh,4.0,24,0,40,1,10.0,40.0,24.0
IPL_2025_070,2,LSG,W O'Rourke,4.0,24,0,71,2,17.75,35.5,12.0
IPL_2025_070,2,LSG,DS Rathi,4.1,25,0,35,0,8.4,,
IPL_2025_070,2,LSG,Shahbaz Ahmed,3.0,18,0,39,0,13.0,,
IPL_2025_070,2,LSG,Avesh Khan,3.0,18,0,30,1,10.0,30.0,18.0
IPL_2025_070,2,LSG,A Badoni,0.4,4,0,9,0,13.5,,
IPL_2025_000,1,RCB,B Kumar,2.0,12,0,17,1,8.5,17.0,12.0
IPL_2025_000,1,RCB,Yash Dayal,4.1,25,0,25,2,6.0,12.5,12.5
IPL_2025_000,1,RCB,JR Hazlewood,3.1,19,0,21,3,6.63,7.0,6.33
IPL_2025_000,1,RCB,Suyash Sharma,3.0,18,0,13,3,4.33,4.33,6.0
IPL_2025_000,1,RCB,KH Pandya,1.0,6,0,10,0,10.0,,
IPL_2025_000,1,RCB,R Shepherd,1.0,6,0,9,1,9.0,9.0,6.0
IPL_2025_000,2,PBKS,Arshdeep Singh,2.0,12,0,24,0,12.0,,
IPL_2025_000,2,PBKS,KA Jamieson,3.0,18,0,27,1,9.0,27.0,18.0
IPL_2025_000,2,PBKS,Azmatullah Omarzai,1.0,6,0,10,0,10.0,,
IPL_2025_000,2,PBKS,Harpreet Brar,2.0,12,0,18,0,9.0,,
IPL_2025_000,2,PBKS,Musheer Khan,2.0,12,0,27,1,13.5,27.0,12.0
IPL_2025_000,1,GT,Mohammed Siraj,4.0,24,0,36,1,9.0,36.0,24.0
IPL_2025_000,1,GT,M Prasidh Krishna,4.0,24,0,59,2,14.75,29.5,12.0
IPL_2025_000,1,GT,R Sai Kishore,4.0,24,0,42,2,10.5,21.0,12.0
IPL_2025_000,1,GT,Rashid Khan,4.0,24,0,32,0,8.0,,
IPL_2025_000,1,GT,G Coetzee,3.0,18,0,48,0,16.0,,
IPL_2025_000,1,GT,Washington Sundar,1.0,6,0,7,0,7.0,,
IPL_2025_000,2,MI,TA Boult,4.0,24,0,55,2,13.75,27.5,12.0
IPL_2025_000,2,MI,JJ Bumrah,4.0,24,0,27,1,6.75,27.0,24.0
IPL_2025_000,2,MI,RJ Gleeson,3.3,21,0,38,1,10.86,38.0,21.0
IPL_2025_000,2,MI,HH Pandya,3.0,18,0,37,0,12.33,,
IPL_2025_000,2,MI,MJ Santner,1.0,6,0,10,1,10.0,10.0,6.0
IPL_2025_000,2,MI,Naman Dhir,1.0,6,0,9,0,9.0,,
IPL_2025_000,2,MI,Ashwani Kumar,3.3,21,0,28,1,8.0,28.0,21.0
IPL_2025_000,1,PBKS,Arshdeep Singh,4.0,24,0,42,0,10.5,,
IPL_2025_000,1,PBKS,KA Jamieson,4.0,24,0,29,1,7.25,29.0,24.0
IPL_2025_000,1,PBKS,MP Stoinis,1.1,7,0,14,1,12.0,14.0,7.0
IPL_2025_000,1,PBKS,Azmatullah Omarzai,4.0,24,0,44,2,11.0,22.0,12.0
IPL_2025_000,1,PBKS,Vijaykumar Vyshak,3.1,19,0,29,1,9.16,29.0,19.0
IPL_2025_000,1,PBKS,YS Chahal,4.0,24,0,39,1,9.75,39.0,24.0
IPL_2025_000,2,MI,TA Boult,4.0,24,0,37,1,9.25,37.0,24.0
IPL_2025_000,2,MI,RJW Topley,3.0,18,0,40,0,13.33,,
IPL_2025_000,2,MI,JJ Bumrah,4.0,24,0,40,0,10.0,,
IPL_2025_000,2,MI,Ashwani Kumar,4.1,25,0,52,2,12.48,26.0,12.5
IPL_2025_000,2,MI,MJ Santner,2.0,12,0,15,0,7.5,,
IPL_2025_000,2,MI,HH Pandya,2.0,12,0,19,1,9.5,19.0,12.0
IPL_2025_000,1,PBKS,Arshdeep Singh,4.0,24,0,38,3,9.5,12.67,8.0
IPL_2025_000,1,PBKS,KA Jamieson,4.0,24,0,45,3,11.25,15.0,8.0
IPL_2025_000,1,PBKS,Azmatullah Omarzai,4.0,24,0,33,1,8.25,33.0,24.0
IPL_2025_000,1,PBKS,Vijaykumar Vyshak,4.0,24,0,28,1,7.0,28.0,24.0
IPL_2025_000,1,PBKS,YS Chahal,4.0,24,0,37,1,9.25,37.0,24.0
IPL_2025_000,2,RCB,B Kumar,4.0,24,0,38,2,9.5,19.0,12.0
IPL_2025_000,2,RCB,Yash Dayal,3.0,18,0,24,1,8.0,24.0,18.0
IPL_2025_000,2,RCB,JR Hazlewood,4.0,24,0,53,1,13.25,53.0,24.0
IPL_2025_000,2,RCB,KH Pandya,4.0,24,0,17,2,4.25,8.5,12.0
IPL_2025_000,2,RCB,Suyash Sharma,2.0,12,0,20,0,10.0,,
IPL_2025_000,2,RCB,R Shepherd,3.0,18,0,29,1,9.67,29.0,18.0
IPL_2025_066,1,DC,Mukesh Kumar,4.0,24,0,45,1,11.25,45.0,24.0
IPL_2025_066,1,DC,Mustafizur Rahman,4.0,24,0,33,3,8.25,11.0,8.0
IPL_2025_066,1,DC,MM Sharma,4.1,25,0,45,0,10.8,,
IPL_2025_066,1,DC,V Nigam,4.0,24,0,37,2,9.25,18.5,12.0
IPL_2025_066,1,DC,Kuldeep Yadav,4.1,25,0,38,2,9.12,19.0,12.5
IPL_2025_066,2,PBKS,Arshdeep Singh,4.0,24,0,35,0,8.75,,
IPL_2025_066,2,PBKS,Azmatullah Omarzai,4.0,24,0,46,0,11.5,,
IPL_2025_066,2,PBKS,Harpreet Brar,4.0,24,0,40,2,10.0,20.0,12.0
IPL_2025_066,2,PBKS,M Jansen,4.1,25,0,42,1,10.08,42.0,25.0
IPL_2025_066,2,PBKS,P Dubey,2.0,12,0,21,1,10.5,21.0,12.0
IPL_2025_066,2,PBKS,MP Stoinis,1.3,9,0,20,0,13.33,,
IPL_2026_001,1,RCB,JA Duffy,4.0,24,0,21,3,5.25,7.0,8.0
IPL_2026_001,1,RCB,B Kumar,4.0,24,0,31,1,7.75,31.0,24.0
IPL_2026_001,1,RCB,Abhinandan Singh,3.0,18,0,38,1,12.67,38.0,18.0
IPL_2026_001,1,RCB,R Shepherd,4.0,24,0,53,3,13.25,17.67,8.0
IPL_2026_001,1,RCB,Suyash Sharma,3.0,18,0,28,1,9.33,28.0,18.0
IPL_2026_001,1,RCB,KH Pandya,2.0,12,0,26,0,13.0,,
IPL_2026_001,2,SRH,Nithish Kumar Reddy,2.0,12,0,21,0,10.5,,
IPL_2026_001,2,SRH,JD Unadkat,3.0,18,0,33,1,11.0,33.0,18.0
IPL_2026_001,2,SRH,DA Payne,3.0,18,0,34,2,11.33,17.0,9.0
IPL_2026_001,2,SRH,Harsh Dubey,3.0,18,0,35,1,11.67,35.0,18.0
IPL_2026_001,2,SRH,E Malinga,2.0,12,0,31,0,15.5,,
IPL_2026_001,2,SRH,HV Patel,2.4,16,0,42,0,15.75,,
IPL_2026_002,1,MI,TA Boult,4.0,24,0,35,0,8.75,,
IPL_2026_002,1,MI,HH Pandya,3.0,18,0,38,1,12.67,38.0,18.0
IPL_2026_002,1,MI,AM Ghazanfar,4.0,24,0,51,0,12.75,,
IPL_2026_002,1,MI,JJ Bumrah,4.1,25,0,33,0,7.92,,
IPL_2026_002,1,MI,SN Thakur,4.0,24,0,39,3,9.75,13.0,8.0
IPL_2026_002,1,MI,M Markande,1.0,6,0,16,0,16.0,,
IPL_2026_002,2,KKR,VG Arora,4.0,24,0,52,1,13.0,52.0,24.0
IPL_2026_002,2,KKR,B Muzarabani,3.0,18,0,34,0,11.33,,
IPL_2026_002,2,KKR,CV Varun,4.0,24,0,47,0,11.75,,
IPL_2026_002,2,KKR,Kartik Tyagi,4.1,25,0,43,1,10.32,43.0,25.0
IPL_2026_002,2,KKR,SP Narine,3.0,18,0,30,1,10.0,30.0,18.0
IPL_2026_002,2,KKR,AS Roy,1.1,7,0,14,0,12.0,,
IPL_2026_003,1,RR,JC Archer,4.0,24,0,19,2,4.75,9.5,12.0
IPL_2026_003,1,RR,N Burger,4.1,25,0,28,2,6.72,14.0,12.5
IPL_2026_003,1,RR,Brijesh Sharma,3.0,18,0,15,1,5.0,15.0,18.0
IPL_2026_003,1,RR,Sandeep Sharma,2.4,16,0,23,1,8.62,23.0,16.0
IPL_2026_003,1,RR,Ravi Bishnoi,3.0,18,0,16,1,5.33,16.0,18.0
IPL_2026_003,1,RR,RA Jadeja,3.0,18,0,19,2,6.33,9.5,9.0
IPL_2026_003,2,CSK,MJ Henry,3.0,18,0,39,0,13.0,,
IPL_2026_003,2,CSK,KK Ahmed,3.0,18,0,18,0,6.0,,
IPL_2026_003,2,CSK,A Kamboj,3.0,18,0,27,2,9.0,13.5,9.0
IPL_2026_003,2,CSK,Noor Ahmad,2.0,12,0,28,0,14.0,,
IPL_2026_003,2,CSK,J Overton,1.0,6,0,14,0,14.0,,
IPL_2026_003,2,CSK,MW Short,0.1,1,0,1,0,6.0,,
IPL_2026_004,1,PBKS,Arshdeep Singh,4.1,25,0,33,0,7.92,,
IPL_2026_004,1,PBKS,XC Bartlett,4.0,24,0,35,0,8.75,,
IPL_2026_004,1,PBKS,M Jansen,4.0,24,0,20,1,5.0,20.0,24.0
IPL_2026_004,1,PBKS,Vijaykumar Vyshak,4.0,24,0,34,3,8.5,11.33,8.0
IPL_2026_004,1,PBKS,YS Chahal,4.0,24,0,28,2,7.0,14.0,12.0
IPL_2026_004,2,GT,Mohammed Siraj,2.0,12,0,15,0,7.5,,
IPL_2026_004,2,GT,K Rabada,3.0,18,0,34,1,11.33,34.0,18.0
IPL_2026_004,2,GT,Ashok Sharma,3.0,18,0,29,1,9.67,29.0,18.0
IPL_2026_004,2,GT,Rashid Khan,4.0,24,0,29,1,7.25,29.0,24.0
IPL_2026_004,2,GT,Washington Sundar,3.1,19,0,27,1,8.53,27.0,19.0
IPL_2026_004,2,GT,M Prasidh Krishna,4.0,24,0,27,3,6.75,9.0,8.0
IPL_2026_005,1,DC,Mukesh Kumar,3.0,18,0,19,0,6.33,,
IPL_2026_005,1,DC,L Ngidi,3.4,22,0,27,3,7.36,9.0,7.33
IPL_2026_005,1,DC,AR Patel,3.0,18,0,21,1,7.0,21.0,18.0
IPL_2026_005,1,DC,T Natarajan,4.0,24,0,29,3,7.25,9.67,8.0
IPL_2026_005,1,DC,Kuldeep Yadav,4.0,24,0,31,2,7.75,15.5,12.0
IPL_2026_005,1,DC,V Nigam,1.0,6,0,12,0,12.0,,
IPL_2026_005,2,LSG,Mohammed Shami,4.0,24,0,24,1,6.0,24.0,24.0
IPL_2026_005,2,LSG,Prince Yadav,3.0,18,0,16,2,5.33,8.0,9.0
IPL_2026_005,2,LSG,Mohsin Khan,4.0,24,0,22,1,5.5,22.0,24.0
IPL_2026_005,2,LSG,A Nortje,4.0,24,0,32,0,8.0,,
IPL_2026_005,2,LSG,Shahbaz Ahmed,1.0,6,0,16,0,16.0,,
IPL_2026_005,2,LSG,AK Markram,1.0,6,0,13,0,13.0,,
IPL_2026_005,2,LSG,Abdul Samad,0.1,1,0,6,0,36.0,,
IPL_2026_006,1,KKR,VG Arora,4.0,24,0,45,2,11.25,22.5,12.0
IPL_2026_006,1,KKR,B Muzarabani,4.0,24,0,43,4,10.75,10.75,6.0
IPL_2026_006,1,KKR,SP Narine,4.0,24,0,39,0,9.75,,
IPL_2026_006,1,KKR,CV Varun,2.0,12,0,30,0,15.0,,
IPL_2026_006,1,KKR,Kartik Tyagi,4.0,24,0,46,1,11.5,46.0,24.0
IPL_2026_006,1,KKR,AS Roy,2.0,12,0,14,1,7.0,14.0,12.0
IPL_2026_006,2,SRH,DA Payne,2.0,12,0,35,0,17.5,,
IPL_2026_006,2,SRH,Harsh Dubey,2.0,12,0,15,1,7.5,15.0,12.0
IPL_2026_006,2,SRH,Abhishek Sharma,1.0,6,0,15,0,15.0,,
IPL_2026_006,2,SRH,JD Unadkat,3.0,18,0,21,3,7.0,7.0,6.0
IPL_2026_006,2,SRH,E Malinga,2.0,12,0,10,2,5.0,5.0,6.0
IPL_2026_006,2,SRH,Shivang Kumar,4.0,24,0,41,0,10.25,,
IPL_2026_006,2,SRH,Nithish Kumar Reddy,2.0,12,0,17,2,8.5,8.5,6.0
IPL_2026_007,1,PBKS,Arshdeep Singh,4.0,24,0,39,0,9.75,,
IPL_2026_007,1,PBKS,XC Bartlett,4.0,24,0,46,1,11.5,46.0,24.0
IPL_2026_007,1,PBKS,M Jansen,4.0,24,0,37,1,9.25,37.0,24.0
IPL_2026_007,1,PBKS,Vijaykumar Vyshak,4.0,24,0,38,2,9.5,19.0,12.0
IPL_2026_007,1,PBKS,YS Chahal,3.1,19,0,17,1,5.37,17.0,19.0
IPL_2026_007,1,PBKS,MP Stoinis,1.0,6,0,16,0,16.0,,
IPL_2026_007,2,CSK,KK Ahmed,3.0,18,0,25,0,8.33,,
IPL_2026_007,2,CSK,MJ Henry,4.0,24,0,55,2,13.75,27.5,12.0
IPL_2026_007,2,CSK,A Kamboj,3.5,23,0,41,2,10.7,20.5,11.5
IPL_2026_007,2,CSK,Noor Ahmad,4.1,25,0,36,0,8.64,,
IPL_2026_007,2,CSK,RD Chahar,4.0,24,0,45,0,11.25,,
IPL_2026_008,1,DC,Mukesh Kumar,3.0,18,0,25,2,8.33,12.5,9.0
IPL_2026_008,1,DC,L Ngidi,4.0,24,0,33,1,8.25,33.0,24.0
IPL_2026_008,1,DC,AR Patel,4.0,24,0,21,1,5.25,21.0,24.0
IPL_2026_008,1,DC,V Nigam,3.0,18,0,23,1,7.67,23.0,18.0
IPL_2026_008,1,DC,Kuldeep Yadav,3.0,18,0,32,0,10.67,,
IPL_2026_008,1,DC,T Natarajan,3.0,18,0,24,1,8.0,24.0,18.0
IPL_2026_008,2,MI,DL Chahar,3.0,18,0,20,1,6.67,20.0,18.0
IPL_2026_008,2,MI,JJ Bumrah,4.0,24,0,20,0,5.0,,
IPL_2026_008,2,MI,MJ Santner,3.0,18,0,23,1,7.67,23.0,18.0
IPL_2026_008,2,MI,SN Thakur,3.0,18,0,40,0,13.33,,
IPL_2026_008,2,MI,M Markande,2.0,12,0,19,0,9.5,,
IPL_2026_008,2,MI,C Bosch,3.1,19,0,38,1,12.0,38.0,19.0
IPL_2026_009,1,GT,Mohammed Siraj,4.0,24,0,48,1,12.0,48.0,24.0
IPL_2026_009,1,GT,K Rabada,4.0,24,0,39,2,9.75,19.5,12.0
IPL_2026_009,1,GT,Ashok Sharma,4.0,24,0,35,1,8.75,35.0,24.0
IPL_2026_009,1,GT,M Prasidh Krishna,4.0,24,0,42,1,10.5,42.0,24.0
IPL_2026_009,1,GT,Rashid Khan,4.0,24,0,33,1,8.25,33.0,24.0
IPL_2026_009,2,RR,JC Archer,4.0,24,0,34,0,8.5,,
IPL_2026_009,2,RR,N Burger,3.0,18,0,29,1,9.67,29.0,18.0
IPL_2026_009,2,RR,Sandeep Sharma,3.0,18,0,34,0,11.33,,
IPL_2026_009,2,RR,TU Deshpande,3.0,18,0,23,1,7.67,23.0,18.0
IPL_2026_009,2,RR,RA Jadeja,2.0,12,0,25,0,12.5,,
IPL_2026_009,2,RR,R Parag,1.0,6,0,11,1,11.0,11.0,6.0
IPL_2026_009,2,RR,Ravi Bishnoi,4.1,25,0,40,4,9.6,10.0,6.25
IPL_2026_010,1,LSG,Mohammed Shami,4.0,24,0,8,2,2.0,4.0,12.0
IPL_2026_010,1,LSG,DS Rathi,4.0,24,0,45,1,11.25,45.0,24.0
IPL_2026_010,1,LSG,Prince Yadav,4.0,24,0,36,2,9.0,18.0,12.0
IPL_2026_010,1,LSG,M Siddharth,4.0,24,0,28,1,7.0,28.0,24.0
IPL_2026_010,1,LSG,Avesh Khan,4.0,24,0,36,2,9.0,18.0,12.0
IPL_2026_010,2,SRH,Harsh Dubey,4.0,24,0,19,2,4.75,9.5,12.0
IPL_2026_010,2,SRH,Nithish Kumar Reddy,1.0,6,0,14,0,14.0,,
IPL_2026_010,2,SRH,JD Unadkat,3.5,23,0,50,0,13.04,,
IPL_2026_010,2,SRH,E Malinga,4.0,24,0,30,1,7.5,30.0,24.0
IPL_2026_010,2,SRH,HV Patel,3.0,18,0,16,0,5.33,,
IPL_2026_010,2,SRH,Shivang Kumar,4.0,24,0,31,1,7.75,31.0,24.0
IPL_2026_011,1,CSK,KK Ahmed,4.0,24,0,37,0,9.25,,
IPL_2026_011,1,CSK,MJ Henry,3.0,18,0,36,0,12.0,,
IPL_2026_011,1,CSK,A Kamboj,4.1,25,0,50,1,12.0,50.0,25.0
IPL_2026_011,1,CSK,Noor Ahmad,4.0,24,0,51,0,12.75,,
IPL_2026_011,1,CSK,J Overton,3.0,18,0,43,1,14.33,43.0,18.0
IPL_2026_011,1,CSK,S Dube,2.0,12,0,29,1,14.5,29.0,12.0
IPL_2026_011,2,RCB,JA Duffy,4.1,25,0,56,2,13.44,28.0,12.5
IPL_2026_011,2,RCB,B Kumar,4.1,25,0,40,3,9.6,13.33,8.33
IPL_2026_011,2,RCB,Abhinandan Singh,3.4,22,0,30,2,8.18,15.0,11.0
IPL_2026_011,2,RCB,KH Pandya,3.0,18,0,36,2,12.0,18.0,9.0
IPL_2026_011,2,RCB,Suyash Sharma,4.0,24,0,21,1,5.25,21.0,24.0
IPL_2026_011,2,RCB,R Shepherd,1.0,6,0,19,0,19.0,,
IPL_2026_012,1,PBKS,Arshdeep Singh,2.0,12,0,16,0,8.0,,
IPL_2026_012,1,PBKS,XC Bartlett,1.4,10,0,9,2,5.4,4.5,5.0
IPL_2026_013,1,MI,DL Chahar,1.0,6,0,22,0,22.0,,
IPL_2026_013,1,MI,JJ Bumrah,3.0,18,0,31,0,10.33,,
IPL_2026_013,1,MI,TA Boult,1.0,6,0,21,0,21.0,,
IPL_2026_013,1,MI,HH Pandya,2.0,12,0,17,0,8.5,,
IPL_2026_013,1,MI,SN Thakur,2.0,12,0,33,1,16.5,33.0,12.0
IPL_2026_013,1,MI,AM Ghazanfar,2.0,12,0,20,2,10.0,10.0,6.0
IPL_2026_013,2,RR,JC Archer,2.0,12,0,17,1,8.5,17.0,12.0
IPL_2026_013,2,RR,N Burger,2.0,12,0,24,2,12.0,12.0,6.0
IPL_2026_013,2,RR,Sandeep Sharma,3.0,18,0,23,2,7.67,11.5,9.0
IPL_2026_013,2,RR,TU Deshpande,2.0,12,0,29,1,14.5,29.0,12.0
IPL_2026_013,2,RR,Ravi Bishnoi,2.0,12,0,24,2,12.0,12.0,6.0
IPL_2026_014,1,DC,Mukesh Kumar,4.0,24,0,53,2,13.25,26.5,12.0
IPL_2026_014,1,DC,L Ngidi,4.0,24,0,22,1,5.5,22.0,24.0
IPL_2026_014,1,DC,AR Patel,3.0,18,0,31,0,10.33,,
IPL_2026_014,1,DC,Kuldeep Yadav,4.0,24,0,42,1,10.5,42.0,24.0
IPL_2026_014,1,DC,T Natarajan,4.0,24,0,34,0,8.5,,
IPL_2026_014,1,DC,V Nigam,1.1,7,0,22,0,18.86,,
IPL_2026_014,2,GT,Mohammed Siraj,4.0,24,0,48,1,12.0,48.0,24.0
IPL_2026_014,2,GT,K Rabada,4.0,24,0,30,0,7.5,,
IPL_2026_014,2,GT,Rashid Khan,4.0,24,0,17,3,4.25,5.67,8.0
IPL_2026_014,2,GT,Ashok Sharma,3.0,18,0,43,0,14.33,,
IPL_2026_014,2,GT,M Prasidh Krishna,4.0,24,0,52,2,13.0,26.0,12.0
IPL_2026_014,2,GT,Washington Sundar,1.0,6,0,11,0,11.0,,
IPL_2026_015,1,LSG,Mohammed Shami,4.0,24,0,27,0,6.75,,
IPL_2026_015,1,LSG,Prince Yadav,4.0,24,0,45,1,11.25,45.0,24.0
IPL_2026_015,1,LSG,M Siddharth,4.0,24,0,32,1,8.0,32.0,24.0
IPL_2026_015,1,LSG,DS Rathi,4.0,24,0,26,1,6.5,26.0,24.0
IPL_2026_015,1,LSG,Avesh Khan,4.0,24,0,44,1,11.0,44.0,24.0
IPL_2026_015,2,KKR,VG Arora,4.0,24,0,39,2,9.75,19.5,12.0
IPL_2026_015,2,KKR,AS Roy,4.0,24,0,29,2,7.25,14.5,12.0
IPL_2026_015,2,KKR,Navdeep Saini,3.0,18,0,37,0,12.33,,
IPL_2026_015,2,KKR,SP Narine,4.0,24,0,13,1,3.25,13.0,24.0
IPL_2026_015,2,KKR,Kartik Tyagi,3.0,18,0,31,1,10.33,31.0,18.0
IPL_2026_015,2,KKR,C Green,2.1,13,0,26,1,12.0,26.0,13.0
IPL_2026_016,1,RR,JC Archer,3.0,18,0,33,2,11.0,16.5,9.0
IPL_2026_016,1,RR,N Burger,3.0,18,0,31,0,10.33,,
IPL_2026_016,1,RR,Sandeep Sharma,4.0,24,0,45,1,11.25,45.0,24.0
IPL_2026_016,1,RR,Ravi Bishnoi,4.0,24,0,33,2,8.25,16.5,12.0
IPL_2026_016,1,RR,RA Jadeja,2.0,12,0,14,1,7.0,14.0,12.0
IPL_2026_016,1,RR,Brijesh Sharma,4.0,24,0,38,2,9.5,19.0,12.0
IPL_2026_016,2,RCB,B Kumar,4.0,24,0,37,0,9.25,,
IPL_2026_016,2,RCB,JR Hazlewood,4.0,24,0,45,2,11.25,22.5,12.0
IPL_2026_016,2,RCB,Abhinandan Singh,3.0,18,0,52,0,17.33,,
IPL_2026_016,2,RCB,KH Pandya,4.0,24,0,30,2,7.5,15.0,12.0
IPL_2026_016,2,RCB,TH David,1.0,6,0,18,0,18.0,,
IPL_2026_016,2,RCB,R Shepherd,2.0,12,0,18,0,9.0,,
IPL_2026_017,1,PBKS,Arshdeep Singh,4.0,24,0,44,2,11.0,22.0,12.0
IPL_2026_017,1,PBKS,XC Bartlett,4.1,25,0,42,1,10.08,42.0,25.0
IPL_2026_017,1,PBKS,M Jansen,4.0,24,0,39,0,9.75,,
IPL_2026_017,1,PBKS,Vijaykumar Vyshak,2.0,12,0,33,0,16.5,,
IPL_2026_017,1,PBKS,Shashank Singh,3.0,18,0,19,2,6.33,9.5,9.0
IPL_2026_017,1,PBKS,YS Chahal,3.0,18,0,30,0,10.0,,
IPL_2026_017,2,SRH,Harsh Dubey,4.0,24,0,36,1,9.0,36.0,24.0
IPL_2026_017,2,SRH,JD Unadkat,3.0,18,0,40,0,13.33,,
IPL_2026_017,2,SRH,E Malinga,3.0,18,0,44,0,14.67,,
IPL_2026_017,2,SRH,HV Patel,2.0,12,0,39,0,19.5,,
IPL_2026_017,2,SRH,Shivang Kumar,4.0,24,0,32,3,8.0,10.67,8.0
IPL_2026_017,2,SRH,Nithish Kumar Reddy,2.0,12,0,20,0,10.0,,
IPL_2026_017,2,SRH,Abhishek Sharma,0.5,5,0,7,0,8.4,,
IPL_2026_018,1,DC,Auqib Nabi,2.0,12,0,16,0,8.0,,
IPL_2026_018,1,DC,Mukesh Kumar,4.0,24,0,36,0,9.0,,
IPL_2026_018,1,DC,AR Patel,4.0,24,0,39,1,9.75,39.0,24.0
IPL_2026_018,1,DC,T Natarajan,4.0,24,0,53,1,13.25,53.0,24.0
IPL_2026_018,1,DC,L Ngidi,4.0,24,0,41,0,10.25,,
IPL_2026_018,1,DC,Kuldeep Yadav,2.0,12,0,24,0,12.0,,
IPL_2026_018,2,CSK,AJ Hosein,2.2,14,0,18,0,7.71,,
IPL_2026_018,2,CSK,KK Ahmed,3.0,18,0,39,1,13.0,39.0,18.0
IPL_2026_018,2,CSK,A Kamboj,4.1,25,0,34,3,8.16,11.33,8.33
IPL_2026_018,2,CSK,Gurjapneet Singh,4.0,24,0,34,1,8.5,34.0,24.0
IPL_2026_018,2,CSK,J Overton,4.0,24,0,17,4,4.25,4.25,6.0
IPL_2026_018,2,CSK,Noor Ahmad,3.0,18,0,33,1,11.0,33.0,18.0
IPL_2026_019,1,GT,Mohammed Siraj,4.0,24,0,20,1,5.0,20.0,24.0
IPL_2026_019,1,GT,K Rabada,4.0,24,0,54,1,13.5,54.0,24.0
IPL_2026_019,1,GT,Ashok Sharma,4.0,24,0,34,2,8.5,17.0,12.0
IPL_2026_019,1,GT,M Prasidh Krishna,4.0,24,0,28,4,7.0,7.0,6.0
IPL_2026_019,1,GT,Rashid Khan,4.0,24,0,25,0,6.25,,
IPL_2026_019,2,LSG,Mohammed Shami,4.0,24,0,36,1,9.0,36.0,24.0
IPL_2026_019,2,LSG,Prince Yadav,4.0,24,0,30,1,7.5,30.0,24.0
IPL_2026_019,2,LSG,DS Rathi,4.0,24,0,30,1,7.5,30.0,24.0
IPL_2026_019,2,LSG,GF Linde,3.0,18,0,28,0,9.33,,
IPL_2026_019,2,LSG,Avesh Khan,2.0,12,0,23,0,11.5,,
IPL_2026_019,2,LSG,AK Markram,1.4,10,0,15,0,9.0,,
IPL_2026_020,1,MI,TA Boult,4.0,24,0,48,1,12.0,48.0,24.0
IPL_2026_020,1,MI,HH Pandya,4.1,25,0,37,1,8.88,37.0,25.0
IPL_2026_020,1,MI,JJ Bumrah,4.0,24,0,35,0,8.75,,
IPL_2026_020,1,MI,MJ Santner,4.0,24,0,42,1,10.5,42.0,24.0
IPL_2026_020,1,MI,M Markande,2.0,12,0,40,0,20.0,,
IPL_2026_020,1,MI,SN Thakur,2.0,12,0,26,1,13.0,26.0,12.0
IPL_2026_020,2,RCB,JA Duffy,4.0,24,0,54,1,13.5,54.0,24.0
IPL_2026_020,2,RCB,B Kumar,4.0,24,0,36,0,9.0,,
IPL_2026_020,2,RCB,Rasikh Salam,2.5,17,0,23,1,8.12,23.0,17.0
IPL_2026_020,2,RCB,KH Pandya,4.0,24,0,27,1,6.75,27.0,24.0
IPL_2026_020,2,RCB,Suyash Sharma,4.0,24,0,47,2,11.75,23.5,12.0
IPL_2026_020,2,RCB,R Shepherd,1.2,8,0,25,0,18.75,,
IPL_2026_021,1,RR,JC Archer,4.0,24,0,37,2,9.25,18.5,12.0
IPL_2026_021,1,RR,N Burger,4.0,24,0,32,0,8.0,,
IPL_2026_021,1,RR,Sandeep Sharma,4.0,24,0,48,1,12.0,48.0,24.0
IPL_2026_021,1,RR,TU Deshpande,4.0,24,0,51,1,12.75,51.0,24.0
IPL_2026_021,1,RR,R Parag,1.0,6,0,5,1,5.0,5.0,6.0
IPL_2026_021,1,RR,Ravi Bishnoi,3.0,18,0,35,0,11.67,,
IPL_2026_021,2,SRH,PP Hinge,4.0,24,0,32,4,8.0,8.0,6.0
IPL_2026_021,2,SRH,Sakib Hussain,4.0,24,0,21,4,5.25,5.25,6.0
IPL_2026_021,2,SRH,E Malinga,4.0,24,0,31,2,7.75,15.5,12.0
IPL_2026_021,2,SRH,Shivang Kumar,3.0,18,0,28,0,9.33,,
IPL_2026_021,2,SRH,Nithish Kumar Reddy,2.0,12,0,18,0,9.0,,
IPL_2026_021,2,SRH,Harsh Dubey,2.0,12,0,20,0,10.0,,
IPL_2026_022,1,KKR,VG Arora,4.0,24,0,51,1,12.75,51.0,24.0
IPL_2026_022,1,KKR,C Green,2.0,12,0,29,0,14.5,,
IPL_2026_022,1,KKR,AS Roy,3.0,18,0,17,1,5.67,17.0,18.0
IPL_2026_022,1,KKR,SP Narine,4.0,24,0,24,1,6.0,24.0,24.0
IPL_2026_022,1,KKR,CV Varun,3.0,18,0,26,0,8.67,,
IPL_2026_022,1,KKR,Kartik Tyagi,4.0,24,0,34,2,8.5,17.0,12.0
IPL_2026_022,2,CSK,KK Ahmed,3.5,23,0,25,1,6.52,25.0,23.0
IPL_2026_022,2,CSK,A Kamboj,4.0,24,0,30,2,7.5,15.0,12.0
IPL_2026_022,2,CSK,AJ Hosein,4.0,24,0,26,1,6.5,26.0,24.0
IPL_2026_022,2,CSK,Noor Ahmad,4.0,24,0,22,3,5.5,7.33,8.0
IPL_2026_022,2,CSK,Gurjapneet Singh,1.1,7,0,22,0,18.86,,
IPL_2026_022,2,CSK,J Overton,3.0,18,0,30,0,10.0,,
IPL_2026_023,1,RCB,B Kumar,4.0,24,0,26,3,6.5,8.67,8.0
IPL_2026_023,1,RCB,JR Hazlewood,4.0,24,0,21,1,5.25,21.0,24.0
IPL_2026_023,1,RCB,Rasikh Salam,4.0,24,0,25,4,6.25,6.25,6.0
IPL_2026_023,1,RCB,KH Pandya,4.0,24,0,36,2,9.0,18.0,12.0
IPL_2026_023,1,RCB,Suyash Sharma,4.0,24,0,34,0,8.5,,
IPL_2026_023,2,LSG,Mohammed Shami,3.0,18,0,34,0,11.33,,
IPL_2026_023,2,LSG,Prince Yadav,3.0,18,0,31,3,10.33,10.33,6.0
IPL_2026_023,2,LSG,DS Rathi,4.0,24,0,51,0,12.75,,
IPL_2026_023,2,LSG,Avesh Khan,4.0,24,0,23,2,5.75,11.5,12.0
IPL_2026_023,2,LSG,GF Linde,1.1,7,0,9,0,7.71,,
IPL_2026_024,1,PBKS,Arshdeep Singh,4.0,24,0,21,3,5.25,7.0,8.0
IPL_2026_024,1,PBKS,M Jansen,4.0,24,0,33,1,8.25,33.0,24.0
IPL_2026_024,1,PBKS,XC Bartlett,4.0,24,0,39,0,9.75,,
IPL_2026_024,1,PBKS,Vijaykumar Vyshak,3.0,18,0,35,0,11.67,,
IPL_2026_024,1,PBKS,YS Chahal,3.0,18,0,44,0,14.67,,
IPL_2026_024,1,PBKS,Shashank Singh,2.0,12,0,19,1,9.5,19.0,12.0
IPL_2026_024,2,MI,DL Chahar,2.3,15,0,42,0,16.8,,
IPL_2026_024,2,MI,JJ Bumrah,4.1,25,0,39,0,9.36,,
IPL_2026_024,2,MI,AM Ghazanfar,4.0,24,0,31,2,7.75,15.5,12.0
IPL_2026_024,2,MI,HH Pandya,3.0,18,0,38,0,12.67,,
IPL_2026_024,2,MI,SN Thakur,3.0,18,0,38,1,12.67,38.0,18.0
IPL_2026_025,1,GT,Mohammed Siraj,4.0,24,0,23,2,5.75,11.5,12.0
IPL_2026_025,1,GT,K Rabada,4.0,24,0,29,3,7.25,9.67,8.0
IPL_2026_025,1,GT,M Prasidh Krishna,4.0,24,0,30,1,7.5,30.0,24.0
IPL_2026_025,1,GT,Ashok Sharma,4.1,25,0,42,2,10.08,21.0,12.5
IPL_2026_025,1,GT,Rashid Khan,4.0,24,0,49,1,12.25,49.0,24.0
IPL_2026_025,2,KKR,VG Arora,4.0,24,0,35,1,8.75,35.0,24.0
IPL_2026_025,2,KKR,Kartik Tyagi,4.0,24,0,40,0,10.0,,
IPL_2026_025,2,KKR,AS Roy,3.0,18,0,36,0,12.0,,
IPL_2026_025,2,KKR,SP Narine,4.0,24,0,28,1,7.0,28.0,24.0
IPL_2026_025,2,KKR,CV Varun,4.0,24,0,34,2,8.5,17.0,12.0
IPL_2026_025,2,KKR,Ramandeep Singh,0.4,4,0,4,1,6.0,4.0,4.0
IPL_2026_026,1,DC,Auqib Nabi,3.0,18,0,36,0,12.0,,
IPL_2026_026,1,DC,Mukesh Kumar,4.1,25,0,27,1,6.48,27.0,25.0
IPL_2026_026,1,DC,L Ngidi,4.0,24,0,38,2,9.5,19.0,12.0
IPL_2026_026,1,DC,Kuldeep Yadav,4.0,24,0,32,2,8.0,16.0,12.0
IPL_2026_026,1,DC,T Natarajan,2.0,12,0,15,0,7.5,,
IPL_2026_026,1,DC,AR Patel,3.0,18,0,18,2,6.0,9.0,9.0
IPL_2026_026,2,RCB,B Kumar,4.0,24,0,26,3,6.5,8.67,8.0
IPL_2026_026,2,RCB,JR Hazlewood,4.0,24,0,38,0,9.5,,
IPL_2026_026,2,RCB,Rasikh Salam,4.1,25,0,37,0,8.88,,
IPL_2026_026,2,RCB,KH Pandya,4.0,24,0,24,1,6.0,24.0,24.0
IPL_2026_026,2,RCB,Suyash Sharma,3.0,18,0,33,0,11.0,,
IPL_2026_026,2,RCB,R Shepherd,0.5,5,0,18,0,21.6,,
IPL_2026_027,1,CSK,MW Short,3.0,18,0,37,0,12.33,,
IPL_2026_027,1,CSK,Mukesh Choudhary,2.0,12,0,22,2,11.0,11.0,6.0
IPL_2026_027,1,CSK,A Kamboj,3.0,18,0,24,3,8.0,8.0,6.0
IPL_2026_027,1,CSK,Noor Ahmad,4.0,24,0,37,0,9.25,,
IPL_2026_027,1,CSK,J Overton,4.0,24,0,37,3,9.25,12.33,8.0
IPL_2026_027,1,CSK,Gurjapneet Singh,4.0,24,0,33,1,8.25,33.0,24.0
IPL_2026_027,2,SRH,PP Hinge,4.2,26,0,57,1,13.15,57.0,26.0
IPL_2026_027,2,SRH,Nithish Kumar Reddy,4.0,24,0,28,2,7.0,14.0,12.0
IPL_2026_027,2,SRH,Sakib Hussain,4.0,24,0,23,1,5.75,23.0,24.0
IPL_2026_027,2,SRH,E Malinga,4.0,24,0,28,3,7.0,9.33,8.0
IPL_2026_027,2,SRH,Shivang Kumar,3.0,18,0,18,1,6.0,18.0,18.0
IPL_2026_027,2,SRH,Abhishek Sharma,1.0,6,0,13,0,13.0,,
IPL_2026_028,1,KKR,VG Arora,4.0,24,0,37,0,9.25,,
IPL_2026_028,1,KKR,Kartik Tyagi,4.0,24,0,22,3,5.5,7.33,8.0
IPL_2026_028,1,KKR,C Green,2.0,12,0,23,0,11.5,,
IPL_2026_028,1,KKR,SP Narine,4.0,24,0,26,2,6.5,13.0,12.0
IPL_2026_028,1,KKR,CV Varun,4.0,24,0,15,3,3.75,5.0,8.0
IPL_2026_028,1,KKR,Ramandeep Singh,2.0,12,0,22,0,11.0,,
IPL_2026_028,2,RR,JC Archer,4.0,24,0,33,1,8.25,33.0,24.0
IPL_2026_028,2,RR,N Burger,2.0,12,0,20,1,10.0,20.0,12.0
IPL_2026_028,2,RR,Ravi Bishnoi,4.0,24,0,38,1,9.5,38.0,24.0
IPL_2026_028,2,RR,Yash Raj Punja,4.0,24,0,25,1,6.25,25.0,24.0
IPL_2026_028,2,RR,RA Jadeja,3.0,18,0,8,2,2.67,4.0,9.0
IPL_2026_028,2,RR,R Parag,1.0,6,0,9,0,9.0,,
IPL_2026_028,2,RR,Brijesh Sharma,1.4,10,0,20,0,12.0,,
IPL_2026_029,1,LSG,Mohammed Shami,4.0,24,0,52,1,13.0,52.0,24.0
IPL_2026_029,1,LSG,Mohsin Khan,4.0,24,0,44,1,11.0,44.0,24.0
IPL_2026_029,1,LSG,Prince Yadav,4.0,24,0,25,2,6.25,12.5,12.0
IPL_2026_029,1,LSG,A Badoni,1.0,6,0,14,0,14.0,,
IPL_2026_029,1,LSG,Avesh Khan,3.0,18,0,47,0,15.67,,
IPL_2026_029,1,LSG,M Siddharth,3.0,18,0,35,2,11.67,17.5,9.0
IPL_2026_029,1,LSG,AK Markram,1.0,6,0,31,0,31.0,,
IPL_2026_029,2,PBKS,Arshdeep Singh,4.0,24,0,40,1,10.0,40.0,24.0
IPL_2026_029,2,PBKS,XC Bartlett,4.0,24,0,52,0,13.0,,
IPL_2026_029,2,PBKS,M Jansen,4.0,24,0,38,2,9.5,19.0,12.0
IPL_2026_029,2,PBKS,Vijaykumar Vyshak,4.1,25,0,26,1,6.24,26.0,25.0
IPL_2026_029,2,PBKS,YS Chahal,4.0,24,0,37,1,9.25,37.0,24.0
IPL_2026_030,1,GT,Mohammed Siraj,4.0,24,0,27,1,6.75,27.0,24.0
IPL_2026_030,1,GT,K Rabada,4.0,24,0,32,3,8.0,10.67,8.0
IPL_2026_030,1,GT,Ashok Sharma,3.0,18,0,39,0,13.0,,
IPL_2026_030,1,GT,Rashid Khan,4.0,24,0,33,0,8.25,,
IPL_2026_030,1,GT,M Prasidh Krishna,4.0,24,0,53,1,13.25,53.0,24.0
IPL_2026_030,1,GT,Washington Sundar,1.0,6,0,13,0,13.0,,
IPL_2026_030,2,MI,JJ Bumrah,3.0,18,0,13,1,4.33,13.0,18.0
IPL_2026_030,2,MI,HH Pandya,1.0,6,0,16,1,16.0,16.0,6.0
IPL_2026_030,2,MI,Krish Bhagat,2.0,12,0,10,0,5.0,,
IPL_2026_030,2,MI,Ashwani Kumar,4.0,24,0,22,4,5.5,5.5,6.0
IPL_2026_030,2,MI,AM Ghazanfar,2.5,17,0,16,2,5.65,8.0,8.5
IPL_2026_030,2,MI,MJ Santner,3.0,18,0,16,2,5.33,8.0,9.0
IPL_2026_031,1,DC,Mukesh Kumar,4.0,24,0,52,0,13.0,,
IPL_2026_031,1,DC,N Rana,4.0,24,0,53,0,13.25,,
IPL_2026_031,1,DC,L Ngidi,4.0,24,0,39,0,9.75,,
IPL_2026_031,1,DC,AR Patel,2.0,12,0,23,1,11.5,23.0,12.0
IPL_2026_031,1,DC,Kuldeep Yadav,2.0,12,0,30,0,15.0,,
IPL_2026_031,1,DC,T Natarajan,4.0,24,0,37,0,9.25,,
IPL_2026_031,2,SRH,D Madushanka,4.0,24,0,32,1,8.0,32.0,24.0
IPL_2026_031,2,SRH,Nithish Kumar Reddy,4.0,24,0,56,0,14.0,,
IPL_2026_031,2,SRH,E Malinga,4.0,24,0,30,4,7.5,7.5,6.0
IPL_2026_031,2,SRH,Sakib Hussain,4.0,24,0,29,1,7.25,29.0,24.0
IPL_2026_031,2,SRH,Shivang Kumar,2.0,12,0,28,0,14.0,,
IPL_2026_031,2,SRH,Harsh Dubey,2.0,12,0,13,3,6.5,4.33,4.0
IPL_2026_032,1,LSG,Mohammed Shami,4.0,24,0,27,2,6.75,13.5,12.0
IPL_2026_032,1,LSG,Prince Yadav,4.0,24,0,30,2,7.5,15.0,12.0
IPL_2026_032,1,LSG,Mohsin Khan,4.0,24,0,17,2,4.25,8.5,12.0
IPL_2026_032,1,LSG,MP Yadav,4.0,24,0,55,0,13.75,,
IPL_2026_032,1,LSG,DS Rathi,4.0,24,0,26,0,6.5,,
IPL_2026_032,2,RR,JC Archer,4.0,24,0,19,3,4.75,6.33,8.0
IPL_2026_032,2,RR,N Burger,4.0,24,0,28,2,7.0,14.0,12.0
IPL_2026_032,2,RR,Brijesh Sharma,3.0,18,0,17,2,5.67,8.5,9.0
IPL_2026_032,2,RR,RA Jadeja,4.0,24,0,29,1,7.25,29.0,24.0
IPL_2026_032,2,RR,Ravi Bishnoi,3.0,18,0,21,1,7.0,21.0,18.0
IPL_2026_033,1,MI,JJ Bumrah,4.2,26,0,30,1,6.92,30.0,26.0
IPL_2026_033,1,MI,HH Pandya,2.1,13,0,35,0,16.15,,
IPL_2026_033,1,MI,AM Ghazanfar,4.0,24,0,25,2,6.25,12.5,12.0
IPL_2026_033,1,MI,MJ Santner,4.0,24,0,42,1,10.5,42.0,24.0
IPL_2026_033,1,MI,Ashwani Kumar,4.0,24,0,36,2,9.0,18.0,12.0
IPL_2026_033,1,MI,Krish Bhagat,2.0,12,0,31,0,15.5,,
IPL_2026_033,2,CSK,AJ Hosein,4.0,24,0,17,4,4.25,4.25,6.0
IPL_2026_033,2,CSK,Mukesh Choudhary,4.0,24,0,28,1,7.0,28.0,24.0
IPL_2026_033,2,CSK,A Kamboj,3.0,18,0,9,1,3.0,9.0,18.0
IPL_2026_033,2,CSK,Noor Ahmad,4.0,24,0,23,2,5.75,11.5,12.0
IPL_2026_033,2,CSK,J Overton,2.0,12,0,14,1,7.0,14.0,12.0
IPL_2026_033,2,CSK,Gurjapneet Singh,2.0,12,0,7,1,3.5,7.0,12.0
IPL_2026_034,1,RCB,B Kumar,4.0,24,0,31,1,7.75,31.0,24.0
IPL_2026_034,1,RCB,JR Hazlewood,4.0,24,0,40,1,10.0,40.0,24.0
IPL_2026_034,1,RCB,Rasikh Salam,3.0,18,0,28,0,9.33,,
IPL_2026_034,1,RCB,KH Pandya,4.0,24,0,49,0,12.25,,
IPL_2026_034,1,RCB,R Shepherd,1.0,6,0,17,0,17.0,,
IPL_2026_034,1,RCB,Suyash Sharma,4.0,24,0,37,1,9.25,37.0,24.0
IPL_2026_034,2,GT,Mohammed Siraj,3.0,18,0,26,1,8.67,26.0,18.0
IPL_2026_034,2,GT,K Rabada,4.0,24,0,45,0,11.25,,
IPL_2026_034,2,GT,JO Holder,3.5,23,0,34,1,8.87,34.0,23.0
IPL_2026_034,2,GT,M Prasidh Krishna,2.0,12,0,31,0,15.5,,
IPL_2026_034,2,GT,Rashid Khan,4.0,24,0,48,2,12.0,24.0,12.0
IPL_2026_034,2,GT,MJ Suthar,2.0,12,0,19,1,9.5,19.0,12.0
IPL_2026_035,1,PBKS,Arshdeep Singh,4.0,24,0,49,1,12.25,49.0,24.0
IPL_2026_035,1,PBKS,XC Bartlett,4.0,24,0,68,1,17.0,68.0,24.0
IPL_2026_035,1,PBKS,M Jansen,4.0,24,0,45,0,11.25,,
IPL_2026_035,1,PBKS,Vijaykumar Vyshak,3.0,18,0,47,0,15.67,,
IPL_2026_035,1,PBKS,YS Chahal,4.1,25,0,39,0,9.36,,
IPL_2026_035,1,PBKS,MP Stoinis,1.0,6,0,9,0,9.0,,
IPL_2026_035,2,DC,Auqib Nabi,2.1,13,0,40,0,18.46,,
IPL_2026_035,2,DC,Mukesh Kumar,3.0,18,0,54,0,18.0,,
IPL_2026_035,2,DC,AR Patel,4.0,24,0,43,1,10.75,43.0,24.0
IPL_2026_035,2,DC,T Natarajan,3.5,23,0,48,0,12.52,,
IPL_2026_035,2,DC,Kuldeep Yadav,4.0,24,0,44,2,11.0,22.0,12.0
IPL_2026_035,2,DC,V Nigam,2.0,12,0,23,1,11.5,23.0,12.0
IPL_2026_036,1,SRH,PP Hinge,4.0,24,0,49,1,12.25,49.0,24.0
IPL_2026_036,1,SRH,PJ Cummins,4.0,24,0,27,1,6.75,27.0,24.0
IPL_2026_036,1,SRH,E Malinga,4.0,24,0,37,2,9.25,18.5,12.0
IPL_2026_036,1,SRH,Sakib Hussain,4.0,24,0,60,1,15.0,60.0,24.0
IPL_2026_036,1,SRH,Shivang Kumar,2.0,12,0,31,0,15.5,,
IPL_2026_036,1,SRH,Nithish Kumar Reddy,2.0,12,0,18,1,9.0,18.0,12.0
IPL_2026_036,2,RR,JC Archer,4.0,24,0,33,2,8.25,16.5,12.0
IPL_2026_036,2,RR,N Burger,3.3,21,0,47,0,13.43,,
IPL_2026_036,2,RR,TU Deshpande,3.0,18,0,43,0,14.33,,
IPL_2026_036,2,RR,Brijesh Sharma,4.0,24,0,41,2,10.25,20.5,12.0
IPL_2026_036,2,RR,R Parag,1.0,6,0,12,0,12.0,,
IPL_2026_036,2,RR,D Ferreira,1.0,6,0,14,1,14.0,14.0,6.0
IPL_2026_036,2,RR,Ravi Bishnoi,1.0,6,0,16,0,16.0,,
IPL_2026_036,2,RR,RA Jadeja,1.0,6,0,10,0,10.0,,
IPL_2026_037,1,GT,Mohammed Siraj,4.0,24,0,23,1,5.75,23.0,24.0
IPL_2026_037,1,GT,K Rabada,4.0,24,0,25,3,6.25,8.33,8.0
IPL_2026_037,1,GT,MJ Suthar,3.0,18,0,20,1,6.67,20.0,18.0
IPL_2026_037,1,GT,JO Holder,4.0,24,0,22,0,5.5,,
IPL_2026_037,1,GT,Arshad Khan,4.0,24,0,42,2,10.5,21.0,12.0
IPL_2026_037,1,GT,Rashid Khan,1.0,6,0,16,0,16.0,,
IPL_2026_037,2,CSK,AJ Hosein,3.4,22,0,46,1,12.55,46.0,22.0
IPL_2026_037,2,CSK,A Kamboj,3.0,18,0,16,0,5.33,,
IPL_2026_037,2,CSK,J Overton,2.0,12,0,27,0,13.5,,
IPL_2026_037,2,CSK,Gurjapneet Singh,3.0,18,0,36,0,12.0,,
IPL_2026_037,2,CSK,Noor Ahmad,4.0,24,0,28,1,7.0,28.0,24.0
IPL_2026_037,2,CSK,S Dube,1.0,6,0,7,0,7.0,,
IPL_2026_038,1,LSG,Mohammed Shami,4.0,24,0,33,0,8.25,,
IPL_2026_038,1,LSG,Mohsin Khan,4.0,24,0,23,5,5.75,4.6,4.8
IPL_2026_038,1,LSG,Prince Yadav,4.0,24,0,21,0,5.25,,
IPL_2026_038,1,LSG,DS Rathi,4.0,24,0,44,0,11.0,,
IPL_2026_038,1,LSG,GF Linde,2.0,12,0,18,1,9.0,18.0,12.0
IPL_2026_038,1,LSG,AK Markram,2.0,12,0,9,0,4.5,,
IPL_2026_038,2,KKR,AS Roy,2.0,12,0,20,1,10.0,20.0,12.0
IPL_2026_038,2,KKR,VG Arora,4.0,24,0,23,2,5.75,11.5,12.0
IPL_2026_038,2,KKR,C Green,2.0,12,0,12,1,6.0,12.0,12.0
IPL_2026_038,2,KKR,SP Narine,4.0,24,0,23,1,5.75,23.0,24.0
IPL_2026_038,2,KKR,CV Varun,4.0,24,0,31,2,7.75,15.5,12.0
IPL_2026_038,2,KKR,Kartik Tyagi,4.2,26,0,41,1,9.46,41.0,26.0
IPL_2026_038,3,KKR,SP Narine,0.3,3,0,1,2,2.0,0.5,1.5
IPL_2026_038,4,LSG,Prince Yadav,0.1,1,0,4,0,24.0,,
IPL_2026_039,1,RCB,B Kumar,3.0,18,0,4,3,1.33,1.33,6.0
IPL_2026_039,1,RCB,JR Hazlewood,3.3,21,0,12,4,3.43,3.0,5.25
IPL_2026_039,1,RCB,Rasikh Salam,2.0,12,0,21,1,10.5,21.0,12.0
IPL_2026_039,1,RCB,R Shepherd,2.0,12,0,21,0,10.5,,
IPL_2026_039,1,RCB,Suyash Sharma,4.0,24,0,4,1,1.0,4.0,24.0
IPL_2026_039,1,RCB,KH Pandya,2.0,12,0,9,1,4.5,9.0,12.0
IPL_2026_039,2,DC,KA Jamieson,3.0,18,0,42,1,14.0,42.0,18.0
IPL_2026_039,2,DC,PVD Chameera,2.0,12,0,18,0,9.0,,
IPL_2026_039,2,DC,AR Patel,1.0,6,0,5,0,5.0,,
IPL_2026_039,2,DC,T Natarajan,0.3,3,0,12,0,24.0,,
IPL_2026_040,1,RR,JC Archer,4.0,24,0,44,1,11.0,44.0,24.0
IPL_2026_040,1,RR,N Burger,4.0,24,0,59,1,14.75,59.0,24.0
IPL_2026_040,1,RR,Brijesh Sharma,4.0,24,0,41,0,10.25,,
IPL_2026_040,1,RR,Yash Raj Punja,4.0,24,0,41,2,10.25,20.5,12.0
IPL_2026_040,1,RR,RA Jadeja,4.0,24,0,36,0,9.0,,
IPL_2026_040,2,PBKS,Arshdeep Singh,4.0,24,0,67,1,16.75,67.0,24.0
IPL_2026_040,2,PBKS,LH Ferguson,4.0,24,0,56,0,14.0,,
IPL_2026_040,2,PBKS,M Jansen,3.2,20,0,41,0,12.3,,
IPL_2026_040,2,PBKS,Harpreet Brar,4.0,24,0,25,0,6.25,,
IPL_2026_040,2,PBKS,YS Chahal,4.1,25,0,34,3,8.16,11.33,8.33
IPL_2026_041,1,SRH,PJ Cummins,4.0,24,0,38,0,9.5,,
IPL_2026_041,1,SRH,PP Hinge,4.0,24,0,54,2,13.5,27.0,12.0
IPL_2026_041,1,SRH,E Malinga,4.0,24,0,26,1,6.5,26.0,24.0
IPL_2026_041,1,SRH,Harsh Dubey,3.0,18,0,50,0,16.67,,
IPL_2026_041,1,SRH,Sakib Hussain,3.0,18,0,38,1,12.67,38.0,18.0
IPL_2026_041,1,SRH,Nithish Kumar Reddy,2.0,12,0,30,1,15.0,30.0,12.0
IPL_2026_041,2,MI,TA Boult,4.0,24,0,39,1,9.75,39.0,24.0
IPL_2026_041,2,MI,JJ Bumrah,4.0,24,0,56,0,14.0,,
IPL_2026_041,2,MI,WG Jacks,1.0,6,0,19,0,19.0,,
IPL_2026_041,2,MI,AM Ghazanfar,4.0,24,0,51,2,12.75,25.5,12.0
IPL_2026_041,2,MI,Ashwani Kumar,2.0,12,0,40,0,20.0,,
IPL_2026_041,2,MI,HH Pandya,3.4,22,0,36,1,9.82,36.0,22.0
IPL_2026_042,1,GT,Mohammed Siraj,4.0,24,0,39,1,9.75,39.0,24.0
IPL_2026_042,1,GT,K Rabada,4.0,24,0,44,1,11.0,44.0,24.0
IPL_2026_042,1,GT,JO Holder,4.0,24,0,30,2,7.5,15.0,12.0
IPL_2026_042,1,GT,Arshad Khan,3.2,20,0,21,3,6.3,7.0,6.67
IPL_2026_042,1,GT,Rashid Khan,4.0,24,0,19,2,4.75,9.5,12.0
IPL_2026_042,2,RCB,B Kumar,4.0,24,0,28,3,7.0,9.33,8.0
IPL_2026_042,2,RCB,JR Hazlewood,4.0,24,0,56,0,14.0,,
IPL_2026_042,2,RCB,Suyash Sharma,3.5,23,0,42,1,10.96,42.0,23.0
IPL_2026_042,2,RCB,R Shepherd,4.0,24,0,28,2,7.0,14.0,12.0
IPL_2026_043,1,DC,MA Starc,4.0,24,0,38,3,9.5,12.67,8.0
IPL_2026_043,1,DC,KA Jamieson,4.0,24,0,48,1,12.0,48.0,24.0
IPL_2026_043,1,DC,AR Patel,4.0,24,0,39,1,9.75,39.0,24.0
IPL_2026_043,1,DC,Kuldeep Yadav,4.0,24,0,42,0,10.5,,
IPL_2026_043,1,DC,T Natarajan,4.0,24,0,52,1,13.0,52.0,24.0
IPL_2026_043,2,RR,JC Archer,4.0,24,0,44,1,11.0,44.0,24.0
IPL_2026_043,2,RR,N Burger,3.0,18,0,41,0,13.67,,
IPL_2026_043,2,RR,TU Deshpande,4.0,24,0,40,1,10.0,40.0,24.0
IPL_2026_043,2,RR,Brijesh Sharma,3.2,20,0,32,0,9.6,,
IPL_2026_043,2,RR,Ravi Bishnoi,2.0,12,0,28,0,14.0,,
IPL_2026_043,2,RR,RA Jadeja,3.0,18,0,33,1,11.0,33.0,18.0
IPL_2026_044,1,CSK,Mukesh Choudhary,3.0,18,0,26,0,8.67,,
IPL_2026_044,1,CSK,A Kamboj,4.0,24,0,32,3,8.0,10.67,8.0
IPL_2026_044,1,CSK,PR Veer,2.0,12,0,25,0,12.5,,
IPL_2026_044,1,CSK,Noor Ahmad,4.0,24,0,27,2,6.75,13.5,12.0
IPL_2026_044,1,CSK,RS Ghosh,3.0,18,0,24,1,8.0,24.0,18.0
IPL_2026_044,1,CSK,J Overton,4.0,24,0,24,1,6.0,24.0,24.0
IPL_2026_044,2,MI,TA Boult,3.1,19,0,35,0,11.05,,
IPL_2026_044,2,MI,JJ Bumrah,3.0,18,0,19,1,6.33,19.0,18.0
IPL_2026_044,2,MI,Krish Bhagat,2.0,12,0,22,0,11.0,,
IPL_2026_044,2,MI,AM Ghazanfar,4.0,24,0,40,1,10.0,40.0,24.0
IPL_2026_044,2,MI,Raghu Sharma,4.0,24,0,24,0,6.0,,
IPL_2026_044,2,MI,HH Pandya,2.0,12,0,16,0,8.0,,
IPL_2026_045,1,KKR,SP Narine,4.0,24,0,31,2,7.75,15.5,12.0
IPL_2026_045,1,KKR,VG Arora,3.0,18,0,24,1,8.0,24.0,18.0
IPL_2026_045,1,KKR,Kartik Tyagi,4.0,24,0,29,2,7.25,14.5,12.0
IPL_2026_045,1,KKR,C Green,3.0,18,0,33,1,11.0,33.0,18.0
IPL_2026_045,1,KKR,CV Varun,4.0,24,0,36,3,9.0,12.0,8.0
IPL_2026_045,1,KKR,AS Roy,1.0,6,0,8,1,8.0,8.0,6.0
IPL_2026_045,2,SRH,Abhishek Sharma,2.0,12,0,14,0,7.0,,
IPL_2026_045,2,SRH,PJ Cummins,4.0,24,0,41,1,10.25,41.0,24.0
IPL_2026_045,2,SRH,E Malinga,3.2,20,0,40,0,12.0,,
IPL_2026_045,2,SRH,Shivang Kumar,4.0,24,0,31,1,7.75,31.0,24.0
IPL_2026_045,2,SRH,HV Patel,2.0,12,0,16,0,8.0,,
IPL_2026_045,2,SRH,Sakib Hussain,3.0,18,0,15,1,5.0,15.0,18.0
IPL_2026_046,1,GT,Mohammed Siraj,4.0,24,0,27,2,6.75,13.5,12.0
IPL_2026_046,1,GT,K Rabada,4.0,24,0,21,2,5.25,10.5,12.0
IPL_2026_046,1,GT,JO Holder,4.0,24,0,23,4,5.75,5.75,6.0
IPL_2026_046,1,GT,Arshad Khan,3.0,18,0,27,0,9.0,,
IPL_2026_046,1,GT,Rashid Khan,4.0,24,0,31,1,7.75,31.0,24.0
IPL_2026_046,1,GT,MJ Suthar,1.0,6,0,27,0,27.0,,
IPL_2026_046,2,PBKS,XC Bartlett,4.0,24,0,34,0,8.5,,
IPL_2026_046,2,PBKS,Arshdeep Singh,4.0,24,0,24,2,6.0,12.0,12.0
IPL_2026_046,2,PBKS,M Jansen,4.0,24,0,32,1,8.0,32.0,24.0
IPL_2026_046,2,PBKS,Vijaykumar Vyshak,4.0,24,0,32,2,8.0,16.0,12.0
IPL_2026_046,2,PBKS,MP Stoinis,2.5,17,0,25,1,8.82,25.0,17.0
IPL_2026_046,2,PBKS,YS Chahal,1.0,6,0,13,0,13.0,,
IPL_2026_047,1,MI,DL Chahar,4.0,24,0,41,0,10.25,,
IPL_2026_047,1,MI,JJ Bumrah,4.3,27,0,39,0,8.67,,
IPL_2026_047,1,MI,AM Ghazanfar,4.0,24,0,50,1,12.5,50.0,24.0
IPL_2026_047,1,MI,WG Jacks,2.0,12,0,33,1,16.5,33.0,12.0
IPL_2026_047,1,MI,C Bosch,2.1,13,0,18,2,8.31,9.0,6.5
IPL_2026_047,1,MI,Raghu Sharma,4.0,24,0,36,1,9.0,36.0,24.0
IPL_2026_047,2,LSG,Mohammed Shami,4.0,24,0,54,1,13.5,54.0,24.0
IPL_2026_047,2,LSG,Mohsin Khan,4.0,24,0,46,1,11.5,46.0,24.0
IPL_2026_047,2,LSG,Prince Yadav,3.0,18,0,23,0,7.67,,
IPL_2026_047,2,LSG,Avesh Khan,3.4,22,0,55,0,15.0,,
IPL_2026_047,2,LSG,M Siddharth,4.0,24,0,47,2,11.75,23.5,12.0
IPL_2026_048,1,CSK,AJ Hosein,4.0,24,0,19,1,4.75,19.0,24.0
IPL_2026_048,1,CSK,Mukesh Choudhary,4.0,24,0,30,1,7.5,30.0,24.0
IPL_2026_048,1,CSK,A Kamboj,4.0,24,0,49,0,12.25,,
IPL_2026_048,1,CSK,Noor Ahmad,3.0,18,0,22,2,7.33,11.0,9.0
IPL_2026_048,1,CSK,Gurjapneet Singh,4.0,24,0,28,1,7.0,28.0,24.0
IPL_2026_048,1,CSK,J Overton,1.0,6,0,5,1,5.0,5.0,6.0
IPL_2026_048,2,DC,MA Starc,4.0,24,0,29,0,7.25,,
IPL_2026_048,2,DC,AR Patel,4.0,24,0,20,1,5.0,20.0,24.0
IPL_2026_048,2,DC,L Ngidi,4.0,24,0,30,1,7.5,30.0,24.0
IPL_2026_048,2,DC,Kuldeep Yadav,3.0,18,0,34,0,11.33,,
IPL_2026_048,2,DC,T Natarajan,2.3,15,0,39,0,15.6,,
IPL_2026_049,1,PBKS,Arshdeep Singh,4.0,24,0,42,1,10.5,42.0,24.0
IPL_2026_049,1,PBKS,M Jansen,4.0,24,0,60,0,15.0,,
IPL_2026_049,1,PBKS,LH Ferguson,4.0,24,0,40,1,10.0,40.0,24.0
IPL_2026_049,1,PBKS,YS Chahal,4.0,24,0,33,1,8.25,33.0,24.0
IPL_2026_049,1,PBKS,Vijaykumar Vyshak,4.0,24,0,55,1,13.75,55.0,24.0
IPL_2026_049,2,SRH,PJ Cummins,4.1,25,0,33,2,7.92,16.5,12.5
IPL_2026_049,2,SRH,Nithish Kumar Reddy,2.0,12,0,11,1,5.5,11.0,12.0
IPL_2026_049,2,SRH,E Malinga,4.0,24,0,35,1,8.75,35.0,24.0
IPL_2026_049,2,SRH,Sakib Hussain,4.1,25,0,37,1,8.88,37.0,25.0
IPL_2026_049,2,SRH,Shivang Kumar,4.0,24,0,43,2,10.75,21.5,12.0
IPL_2026_049,2,SRH,Harsh Dubey,2.0,12,0,34,0,17.0,,
IPL_2026_050,1,RCB,B Kumar,4.0,24,0,34,0,8.5,,
IPL_2026_050,1,RCB,JR Hazlewood,4.0,24,0,46,1,11.5,46.0,24.0
IPL_2026_050,1,RCB,KH Pandya,4.0,24,0,30,1,7.5,30.0,24.0
IPL_2026_050,1,RCB,Rasikh Salam,4.0,24,0,53,1,13.25,53.0,24.0
IPL_2026_050,1,RCB,Suyash Sharma,2.0,12,0,21,0,10.5,,
IPL_2026_050,1,RCB,R Shepherd,1.0,6,0,20,0,20.0,,
IPL_2026_050,2,LSG,Mohammed Shami,4.0,24,0,32,1,8.0,32.0,24.0
IPL_2026_050,2,LSG,Prince Yadav,4.0,24,0,34,3,8.5,11.33,8.0
IPL_2026_050,2,LSG,MP Yadav,4.0,24,0,49,0,12.25,,
IPL_2026_050,2,LSG,DS Rathi,4.0,24,0,50,0,12.5,,
IPL_2026_050,2,LSG,Shahbaz Ahmed,3.0,18,0,30,2,10.0,15.0,9.0
IPL_2026_051,1,KKR,AS Roy,4.0,24,0,29,2,7.25,14.5,12.0
IPL_2026_051,1,KKR,VG Arora,3.0,18,0,29,1,9.67,29.0,18.0
IPL_2026_051,1,KKR,SP Narine,4.0,24,0,17,1,4.25,17.0,24.0
IPL_2026_051,1,KKR,Kartik Tyagi,4.0,24,0,25,2,6.25,12.5,12.0
IPL_2026_051,1,KKR,CV Varun,4.0,24,0,28,0,7.0,,
IPL_2026_051,1,KKR,C Green,1.0,6,0,12,1,12.0,12.0,6.0
IPL_2026_051,2,DC,MA Starc,3.0,18,0,31,0,10.33,,
IPL_2026_051,2,DC,AR Patel,4.0,24,0,27,1,6.75,27.0,24.0
IPL_2026_051,2,DC,L Ngidi,2.0,12,0,7,0,3.5,,
IPL_2026_051,2,DC,V Nigam,2.0,12,0,34,0,17.0,,
IPL_2026_051,2,DC,Kuldeep Yadav,3.0,18,0,41,0,13.67,,
IPL_2026_051,2,DC,Mukesh Kumar,0.2,2,0,7,0,21.0,,
IPL_2026_052,1,RR,JC Archer,3.1,19,0,36,0,11.37,,
IPL_2026_052,1,RR,TU Deshpande,4.0,24,0,49,0,12.25,,
IPL_2026_052,1,RR,Brijesh Sharma,4.0,24,0,45,2,11.25,22.5,12.0
IPL_2026_052,1,RR,Yash Raj Punja,4.0,24,0,37,1,9.25,37.0,24.0
IPL_2026_052,1,RR,RA Jadeja,4.0,24,0,34,1,8.5,34.0,24.0
IPL_2026_052,1,RR,D Ferreira,1.0,6,0,11,0,11.0,,
IPL_2026_052,2,GT,Mohammed Siraj,4.0,24,0,53,1,13.25,53.0,24.0
IPL_2026_052,2,GT,K Rabada,3.0,18,0,33,2,11.0,16.5,9.0
IPL_2026_052,2,GT,R Sai Kishore,1.0,6,0,8,0,8.0,,
IPL_2026_052,2,GT,Rashid Khan,4.0,24,0,34,4,8.5,8.5,6.0
IPL_2026_052,2,GT,Washington Sundar,2.0,12,0,10,0,5.0,,
IPL_2026_052,2,GT,JO Holder,2.3,15,0,12,3,4.8,4.0,5.0
IPL_2026_053,1,CSK,AJ Hosein,4.0,24,0,49,0,12.25,,
IPL_2026_053,1,CSK,Mukesh Choudhary,4.0,24,0,43,0,10.75,,
IPL_2026_053,1,CSK,A Kamboj,4.1,25,0,45,2,10.8,22.5,12.5
IPL_2026_053,1,CSK,Noor Ahmad,4.0,24,0,25,1,6.25,25.0,24.0
IPL_2026_053,1,CSK,J Overton,4.0,24,0,35,3,8.75,11.67,8.0
IPL_2026_053,2,LSG,Mohammed Shami,4.0,24,0,37,0,9.25,,
IPL_2026_053,2,LSG,Prince Yadav,4.0,24,0,34,0,8.5,,
IPL_2026_053,2,LSG,DS Rathi,4.0,24,0,44,2,11.0,22.0,12.0
IPL_2026_053,2,LSG,Avesh Khan,4.0,24,0,42,1,10.5,42.0,24.0
IPL_2026_053,2,LSG,Shahbaz Ahmed,3.0,18,0,30,2,10.0,15.0,9.0
IPL_2026_053,2,LSG,AK Markram,0.2,2,0,12,0,36.0,,
IPL_2026_054,1,RCB,B Kumar,4.0,24,0,22,4,5.5,5.5,6.0
IPL_2026_054,1,RCB,JR Hazlewood,4.0,24,0,35,1,8.75,35.0,24.0
IPL_2026_054,1,RCB,Rasikh Salam,4.0,24,0,42,1,10.5,42.0,24.0
IPL_2026_054,1,RCB,R Shepherd,3.0,18,0,18,1,6.0,18.0,18.0
IPL_2026_054,1,RCB,KH Pandya,3.0,18,0,25,0,8.33,,
IPL_2026_054,1,RCB,Suyash Sharma,2.0,12,0,21,0,10.5,,
IPL_2026_054,2,MI,DL Chahar,4.0,24,0,31,2,7.75,15.5,12.0
IPL_2026_054,2,MI,JJ Bumrah,4.0,24,0,21,0,5.25,,
IPL_2026_054,2,MI,C Bosch,4.0,24,0,26,4,6.5,6.5,6.0
IPL_2026_054,2,MI,WG Jacks,2.0,12,0,12,0,6.0,,
IPL_2026_054,2,MI,AM Ghazanfar,3.0,18,0,33,1,11.0,33.0,18.0
IPL_2026_054,2,MI,RA Bawa,3.1,19,0,32,1,10.11,32.0,19.0
IPL_2026_055,1,DC,MA Starc,4.0,24,0,50,2,12.5,25.0,12.0
IPL_2026_055,1,DC,Auqib Nabi,4.2,26,0,30,0,6.92,,
IPL_2026_055,1,DC,L Ngidi,4.0,24,0,46,0,11.5,,
IPL_2026_055,1,DC,Mukesh Kumar,4.0,24,0,29,1,7.25,29.0,24.0
IPL_2026_055,1,DC,M Tiwari,4.0,24,0,42,2,10.5,21.0,12.0
IPL_2026_055,2,PBKS,Arshdeep Singh,4.0,24,0,17,2,4.25,8.5,12.0
IPL_2026_055,2,PBKS,Yash Thakur,4.1,25,0,49,2,11.76,24.5,12.5
IPL_2026_055,2,PBKS,M Jansen,4.0,24,0,44,0,11.0,,
IPL_2026_055,2,PBKS,BJ Dwarshuis,4.0,24,0,46,1,11.5,46.0,24.0
IPL_2026_055,2,PBKS,MP Stoinis,3.0,18,0,42,1,14.0,42.0,18.0
IPL_2026_056,1,SRH,PJ Cummins,4.0,24,0,21,1,5.25,21.0,24.0
IPL_2026_056,1,SRH,Nithish Kumar Reddy,3.0,18,0,28,0,9.33,,
IPL_2026_056,1,SRH,PP Hinge,3.0,18,0,17,2,5.67,8.5,9.0
IPL_2026_056,1,SRH,E Malinga,4.0,24,0,45,0,11.25,,
IPL_2026_056,1,SRH,Sakib Hussain,4.0,24,0,34,2,8.5,17.0,12.0
IPL_2026_056,1,SRH,Shivang Kumar,2.0,12,0,17,0,8.5,,
IPL_2026_056,2,GT,Mohammed Siraj,3.0,18,0,11,1,3.67,11.0,18.0
IPL_2026_056,2,GT,K Rabada,4.0,24,0,28,3,7.0,9.33,8.0
IPL_2026_056,2,GT,JO Holder,4.0,24,0,19,3,4.75,6.33,8.0
IPL_2026_056,2,GT,M Prasidh Krishna,3.0,18,0,23,2,7.67,11.5,9.0
IPL_2026_056,2,GT,Rashid Khan,0.5,5,0,4,1,4.8,4.0,5.0
IPL_2026_057,1,RCB,B Kumar,4.0,24,0,34,1,8.5,34.0,24.0
IPL_2026_057,1,RCB,JA Duffy,4.0,24,0,48,0,12.0,,
IPL_2026_057,1,RCB,JR Hazlewood,4.0,24,0,36,1,9.0,36.0,24.0
IPL_2026_057,1,RCB,Rasikh Salam,4.0,24,0,34,1,8.5,34.0,24.0
IPL_2026_057,1,RCB,KH Pandya,4.0,24,0,38,0,9.5,,
IPL_2026_057,2,KKR,SR Dubey,2.1,13,0,22,0,10.15,,
IPL_2026_057,2,KKR,VG Arora,4.0,24,0,48,0,12.0,,
IPL_2026_057,2,KKR,Kartik Tyagi,4.0,24,0,31,3,7.75,10.33,8.0
IPL_2026_057,2,KKR,SP Narine,4.0,24,0,32,1,8.0,32.0,24.0
IPL_2026_057,2,KKR,C Green,2.0,12,0,21,0,10.5,,
IPL_2026_057,2,KKR,AS Roy,3.0,18,0,30,0,10.0,,
IPL_2026_058,1,MI,DL Chahar,4.0,24,0,40,2,10.0,20.0,12.0
IPL_2026_058,1,MI,JJ Bumrah,4.0,24,0,34,0,8.5,,
IPL_2026_058,1,MI,SN Thakur,4.0,24,0,37,4,9.25,9.25,6.0
IPL_2026_058,1,MI,C Bosch,4.0,24,0,43,1,10.75,43.0,24.0
IPL_2026_058,1,MI,Raghu Sharma,2.0,12,0,22,0,11.0,,
IPL_2026_058,1,MI,WG Jacks,1.0,6,0,8,0,8.0,,
IPL_2026_058,1,MI,RA Bawa,1.0,6,0,9,1,9.0,9.0,6.0
IPL_2026_058,2,PBKS,Arshdeep Singh,4.0,24,0,28,0,7.0,,
IPL_2026_058,2,PBKS,Azmatullah Omarzai,4.0,24,0,35,2,8.75,17.5,12.0
IPL_2026_058,2,PBKS,M Jansen,4.0,24,0,55,1,13.75,55.0,24.0
IPL_2026_058,2,PBKS,XC Bartlett,3.5,23,0,53,0,13.83,,
IPL_2026_058,2,PBKS,YS Chahal,4.0,24,0,31,1,7.75,31.0,24.0
IPL_2026_059,1,LSG,Mohammed Shami,4.0,24,0,40,1,10.0,40.0,24.0
IPL_2026_059,1,LSG,Akash Singh,4.0,24,0,25,3,6.25,8.33,8.0
IPL_2026_059,1,LSG,Prince Yadav,4.0,24,0,47,0,11.75,,
IPL_2026_059,1,LSG,MP Yadav,4.0,24,0,23,0,5.75,,
IPL_2026_059,1,LSG,Shahbaz Ahmed,4.0,24,0,45,1,11.25,45.0,24.0
IPL_2026_059,2,CSK,Mukesh Choudhary,3.0,18,0,29,1,9.67,29.0,18.0
IPL_2026_059,2,CSK,SH Johnson,4.0,24,0,38,1,9.5,38.0,24.0
IPL_2026_059,2,CSK,A Kamboj,2.4,16,0,63,0,23.62,,
IPL_2026_059,2,CSK,Noor Ahmad,4.0,24,0,21,0,5.25,,
IPL_2026_059,2,CSK,Gurjapneet Singh,3.0,18,0,34,0,11.33,,
IPL_2026_060,1,GT,Mohammed Siraj,4.0,24,0,47,1,11.75,47.0,24.0
IPL_2026_060,1,GT,K Rabada,4.0,24,0,40,0,10.0,,
IPL_2026_060,1,GT,JO Holder,4.1,25,0,38,0,9.12,,
IPL_2026_060,1,GT,Rashid Khan,4.0,24,0,57,0,14.25,,
IPL_2026_060,1,GT,R Sai Kishore,3.0,18,0,38,1,12.67,38.0,18.0
IPL_2026_060,1,GT,Arshad Khan,1.0,6,0,22,0,22.0,,
IPL_2026_060,2,KKR,SR Dubey,2.4,16,0,15,1,5.62,15.0,16.0
IPL_2026_060,2,KKR,C Green,3.0,18,0,30,1,10.0,30.0,18.0
IPL_2026_060,2,KKR,Kartik Tyagi,4.0,24,0,60,0,15.0,,
IPL_2026_060,2,KKR,M Pathirana,1.2,8,0,7,0,5.25,,
IPL_2026_060,2,KKR,SP Narine,4.0,24,0,31,2,7.75,15.5,12.0
IPL_2026_060,2,KKR,CV Varun,4.0,24,0,46,0,11.5,,
IPL_2026_060,2,KKR,AS Roy,1.0,6,0,18,0,18.0,,
IPL_2026_061,1,PBKS,Arshdeep Singh,4.0,24,0,42,1,10.5,42.0,24.0
IPL_2026_061,1,PBKS,Azmatullah Omarzai,4.0,24,0,37,0,9.25,,
IPL_2026_061,1,PBKS,Harpreet Brar,4.0,24,0,34,2,8.5,17.0,12.0
IPL_2026_061,1,PBKS,LH Ferguson,3.0,18,0,41,0,13.67,,
IPL_2026_061,1,PBKS,YS Chahal,3.1,19,0,41,1,12.95,41.0,19.0
IPL_2026_061,1,PBKS,Shashank Singh,2.0,12,0,21,0,10.5,,
IPL_2026_061,2,RCB,B Kumar,4.0,24,0,37,2,9.25,18.5,12.0
IPL_2026_061,2,RCB,JR Hazlewood,4.0,24,0,38,1,9.5,38.0,24.0
IPL_2026_061,2,RCB,Rasikh Salam,4.0,24,0,33,3,8.25,11.0,8.0
IPL_2026_061,2,RCB,Suyash Sharma,4.0,24,0,49,1,12.25,49.0,24.0
IPL_2026_061,2,RCB,R Shepherd,1.0,6,0,8,1,8.0,8.0,6.0
IPL_2026_061,2,RCB,KH Pandya,3.0,18,0,26,0,8.67,,
IPL_2026_062,1,DC,MA Starc,4.0,24,0,39,4,9.75,9.75,6.0
IPL_2026_062,1,DC,L Ngidi,4.0,24,0,25,2,6.25,12.5,12.0
IPL_2026_062,1,DC,T Vijay,2.0,12,0,29,0,14.5,,
IPL_2026_062,1,DC,Mukesh Kumar,2.0,12,0,39,0,19.5,,
IPL_2026_062,1,DC,M Tiwari,4.0,24,0,23,2,5.75,11.5,12.0
IPL_2026_062,1,DC,AR Patel,4.0,24,0,32,0,8.0,,
IPL_2026_062,2,RR,JC Archer,4.0,24,0,28,2,7.0,14.0,12.0
IPL_2026_062,2,RR,AF Milne,3.2,20,0,40,0,12.0,,
IPL_2026_062,2,RR,Brijesh Sharma,4.0,24,0,41,2,10.25,20.5,12.0
IPL_2026_062,2,RR,MD Shanaka,3.0,18,0,31,1,10.33,31.0,18.0
IPL_2026_062,2,RR,Yash Raj Punja,4.0,24,0,28,0,7.0,,
IPL_2026_062,2,RR,D Ferreira,1.0,6,0,16,0,16.0,,
IPL_2026_063,1,SRH,Nithish Kumar Reddy,2.1,13,0,33,0,15.23,,
IPL_2026_063,1,SRH,PP Hinge,3.0,18,0,34,1,11.33,34.0,18.0
IPL_2026_063,1,SRH,PJ Cummins,4.0,24,0,27,3,6.75,9.0,8.0
IPL_2026_063,1,SRH,E Malinga,4.0,24,0,26,1,6.5,26.0,24.0
IPL_2026_063,1,SRH,Sakib Hussain,4.0,24,0,31,2,7.75,15.5,12.0
IPL_2026_063,1,SRH,Shivang Kumar,3.0,18,0,20,0,6.67,,
IPL_2026_063,2,CSK,Mukesh Choudhary,4.0,24,0,33,2,8.25,16.5,12.0
IPL_2026_063,2,CSK,SH Johnson,3.0,18,0,26,0,8.67,,
IPL_2026_063,2,CSK,A Kamboj,4.0,24,0,45,1,11.25,45.0,24.0
IPL_2026_063,2,CSK,Noor Ahmad,4.0,24,0,40,1,10.0,40.0,24.0
IPL_2026_063,2,CSK,AJ Hosein,3.0,18,0,20,1,6.67,20.0,18.0
IPL_2026_063,2,CSK,S Dube,1.0,6,0,11,0,11.0,,
IPL_2026_064,1,RR,JC Archer,4.0,24,0,40,1,10.0,40.0,24.0
IPL_2026_064,1,RR,SS Mishra,4.0,24,0,41,0,10.25,,
IPL_2026_064,1,RR,Sandeep Sharma,3.0,18,0,43,0,14.33,,
IPL_2026_064,1,RR,Brijesh Sharma,4.1,25,0,42,0,10.08,,
IPL_2026_064,1,RR,Yash Raj Punja,4.0,24,0,35,2,8.75,17.5,12.0
IPL_2026_064,1,RR,MD Shanaka,1.0,6,0,9,0,9.0,,
IPL_2026_064,2,LSG,Akash Singh,3.0,18,0,45,1,15.0,45.0,18.0
IPL_2026_064,2,LSG,Mohsin Khan,4.0,24,0,32,1,8.0,32.0,24.0
IPL_2026_064,2,LSG,MP Yadav,4.0,24,0,51,0,12.75,,
IPL_2026_064,2,LSG,Prince Yadav,4.0,24,0,43,0,10.75,,
IPL_2026_064,2,LSG,DS Rathi,4.0,24,0,38,0,9.5,,
IPL_2026_064,2,LSG,Shahbaz Ahmed,0.1,1,0,6,0,36.0,,
IPL_2026_065,1,KKR,AS Roy,1.0,6,0,6,0,6.0,,
IPL_2026_065,1,KKR,SR Dubey,4.0,24,0,34,2,8.5,17.0,12.0
IPL_2026_065,1,KKR,C Green,3.0,18,0,23,2,7.67,11.5,9.0
IPL_2026_065,1,KKR,Kartik Tyagi,4.0,24,0,37,2,9.25,18.5,12.0
IPL_2026_065,1,KKR,SP Narine,4.0,24,0,17,1,4.25,17.0,24.0
IPL_2026_065,1,KKR,CV Varun,4.0,24,0,27,0,6.75,,
IPL_2026_065,2,MI,DL Chahar,3.0,18,0,21,1,7.0,21.0,18.0
IPL_2026_065,2,MI,JJ Bumrah,4.0,24,0,25,1,6.25,25.0,24.0
IPL_2026_065,2,MI,C Bosch,3.1,19,0,29,3,9.16,9.67,6.33
IPL_2026_065,2,MI,AM Ghazanfar,4.0,24,0,25,1,6.25,25.0,24.0
IPL_2026_065,2,MI,HH Pandya,2.0,12,0,13,0,6.5,,
IPL_2026_065,2,MI,Raghu Sharma,2.0,12,0,23,0,11.5,,
IPL_2026_065,2,MI,WG Jacks,0.5,5,0,7,0,8.4,,
IPL_2026_066,1,CSK,Mukesh Choudhary,4.0,24,0,36,1,9.0,36.0,24.0
IPL_2026_066,1,CSK,SH Johnson,4.1,25,0,41,1,9.84,41.0,25.0
IPL_2026_066,1,CSK,Gurjapneet Singh,4.0,24,0,27,0,6.75,,
IPL_2026_066,1,CSK,A Kamboj,4.0,24,0,57,1,14.25,57.0,24.0
IPL_2026_066,1,CSK,Noor Ahmad,3.0,18,0,39,0,13.0,,
IPL_2026_066,1,CSK,S Dube,1.0,6,0,15,0,15.0,,
IPL_2026_066,2,GT,Mohammed Siraj,3.0,18,0,26,3,8.67,8.67,6.0
IPL_2026_066,2,GT,K Rabada,3.4,22,0,31,3,8.45,10.33,7.33
IPL_2026_066,2,GT,Arshad Khan,2.0,12,0,22,0,11.0,,
IPL_2026_066,2,GT,JO Holder,2.0,12,0,27,0,13.5,,
IPL_2026_066,2,GT,Rashid Khan,2.0,12,0,17,3,8.5,5.67,4.0
IPL_2026_066,2,GT,M Prasidh Krishna,1.0,6,0,13,0,13.0,,
IPL_2026_067,1,RCB,B Kumar,4.0,24,0,48,0,12.0,,
IPL_2026_067,1,RCB,JR Hazlewood,4.0,24,0,51,0,12.75,,
IPL_2026_067,1,RCB,Rasikh Salam,4.0,24,0,49,2,12.25,24.5,12.0
IPL_2026_067,1,RCB,Suyash Sharma,3.0,18,0,35,1,11.67,35.0,18.0
IPL_2026_067,1,RCB,R Shepherd,3.0,18,0,35,0,11.67,,
IPL_2026_067,1,RCB,KH Pandya,2.0,12,0,23,1,11.5,23.0,12.0
IPL_2026_067,2,SRH,PJ Cummins,4.1,25,0,45,0,10.8,,
IPL_2026_067,2,SRH,E Malinga,4.0,24,0,33,2,8.25,16.5,12.0
IPL_2026_067,2,SRH,Shivang Kumar,2.0,12,0,31,0,15.5,,
IPL_2026_067,2,SRH,Sakib Hussain,4.0,24,0,31,1,7.75,31.0,24.0
IPL_2026_067,2,SRH,HV Patel,4.0,24,0,37,0,9.25,,
IPL_2026_067,2,SRH,Nithish Kumar Reddy,1.0,6,0,9,0,9.0,,
IPL_2026_067,2,SRH,TM Head,1.0,6,0,8,1,8.0,8.0,6.0
IPL_2026_068,1,PBKS,Arshdeep Singh,3.0,18,0,48,0,16.0,,
IPL_2026_068,1,PBKS,Azmatullah Omarzai,3.0,18,0,28,1,9.33,28.0,18.0
IPL_2026_068,1,PBKS,M Jansen,4.0,24,0,34,2,8.5,17.0,12.0
IPL_2026_068,1,PBKS,YS Chahal,4.0,24,0,25,2,6.25,12.5,12.0
IPL_2026_068,1,PBKS,Vijaykumar Vyshak,3.0,18,0,25,0,8.33,,
IPL_2026_068,1,PBKS,Shashank Singh,3.0,18,0,28,1,9.33,28.0,18.0
IPL_2026_068,2,LSG,Mohammed Shami,4.0,24,0,43,2,10.75,21.5,12.0
IPL_2026_068,2,LSG,Prince Yadav,3.0,18,0,31,0,10.33,,
IPL_2026_068,2,LSG,Mohsin Khan,4.0,24,0,48,0,12.0,,
IPL_2026_068,2,LSG,DS Rathi,3.0,18,0,39,0,13.0,,
IPL_2026_068,2,LSG,Arjun Tendulkar,4.0,24,0,36,1,9.0,36.0,24.0
IPL_2026_069,1,MI,DL Chahar,4.0,24,0,43,2,10.75,21.5,12.0
IPL_2026_069,1,MI,WG Jacks,2.0,12,0,10,1,5.0,10.0,12.0
IPL_2026_069,1,MI,AM Ghazanfar,3.0,18,0,42,1,14.0,42.0,18.0
IPL_2026_069,1,MI,Raghu Sharma,3.0,18,0,25,0,8.33,,
IPL_2026_069,1,MI,SN Thakur,4.2,26,0,39,2,9.0,19.5,13.0
IPL_2026_069,1,MI,C Bosch,4.0,24,0,38,1,9.5,38.0,24.0
IPL_2026_069,2,RR,JC Archer,4.0,24,0,17,3,4.25,5.67,8.0
IPL_2026_069,2,RR,N Burger,4.0,24,0,41,2,10.25,20.5,12.0
IPL_2026_069,2,RR,Brijesh Sharma,4.1,25,0,25,2,6.0,12.5,12.5
IPL_2026_069,2,RR,RA Jadeja,2.0,12,0,24,0,12.0,,
IPL_2026_069,2,RR,Yash Raj Punja,4.0,24,0,43,2,10.75,21.5,12.0
IPL_2026_069,2,RR,MD Shanaka,2.0,12,0,20,0,10.0,,
IPL_2026_070,1,KKR,AS Roy,2.0,12,0,21,1,10.5,21.0,12.0
IPL_2026_070,1,KKR,SR Dubey,4.0,24,0,25,2,6.25,12.5,12.0
IPL_2026_070,1,KKR,C Green,2.0,12,0,22,0,11.0,,
IPL_2026_070,1,KKR,Kartik Tyagi,4.1,25,0,54,0,12.96,,
IPL_2026_070,1,KKR,SP Narine,4.0,24,0,38,1,9.5,38.0,24.0
IPL_2026_070,1,KKR,CV Varun,4.0,24,0,34,1,8.5,34.0,24.0
IPL_2026_070,2,DC,MA Starc,3.0,18,0,26,2,8.67,13.0,9.0
IPL_2026_070,2,DC,Auqib Nabi,2.0,12,0,23,0,11.5,,
IPL_2026_070,2,DC,L Ngidi,3.4,22,0,27,3,7.36,9.0,7.33
IPL_2026_070,2,DC,AR Patel,4.0,24,0,38,1,9.5,38.0,24.0
IPL_2026_070,2,DC,M Tiwari,2.0,12,0,17,0,8.5,,
IPL_2026_070,2,DC,Kuldeep Yadav,4.0,24,0,27,3,6.75,9.0,8.0
IPL_2026_000,1,GT,Mohammed Siraj,3.0,18,0,46,0,15.33,,
IPL_2026_000,1,GT,K Rabada,4.0,24,0,54,2,13.5,27.0,12.0
IPL_2026_000,1,GT,JO Holder,4.0,24,0,39,2,9.75,19.5,12.0
IPL_2026_000,1,GT,Rashid Khan,3.0,18,0,30,0,10.0,,
IPL_2026_000,1,GT,M Prasidh Krishna,4.0,24,0,52,1,13.0,52.0,24.0
IPL_2026_000,1,GT,K Khejroliya,2.2,14,0,28,0,12.0,,
IPL_2026_000,2,RCB,JA Duffy,4.0,24,0,39,3,9.75,13.0,8.0
IPL_2026_000,2,RCB,B Kumar,4.0,24,0,27,2,6.75,13.5,12.0
IPL_2026_000,2,RCB,JR Hazlewood,4.0,24,0,39,1,9.75,39.0,24.0
IPL_2026_000,2,RCB,Rasikh Salam,3.1,19,0,20,2,6.32,10.0,9.5
IPL_2026_000,2,RCB,KH Pandya,3.3,21,0,15,2,4.29,7.5,10.5
IPL_2026_000,2,RCB,R Shepherd,1.0,6,0,15,0,15.0,,
IPL_2026_000,1,SRH,PJ Cummins,4.0,24,0,63,0,15.75,,
IPL_2026_000,1,SRH,E Malinga,4.0,24,0,39,1,9.75,39.0,24.0
IPL_2026_000,1,SRH,Sakib Hussain,4.0,24,0,54,0,13.5,,
IPL_2026_000,1,SRH,PP Hinge,4.1,25,0,52,3,12.48,17.33,8.33
IPL_2026_000,1,SRH,Shivang Kumar,2.0,12,0,19,1,9.5,19.0,12.0
IPL_2026_000,1,SRH,Nithish Kumar Reddy,2.0,12,0,12,1,6.0,12.0,12.0
IPL_2026_000,2,RR,JC Archer,4.0,24,0,57,3,14.25,19.0,8.0
IPL_2026_000,2,RR,N Burger,3.0,18,0,20,2,6.67,10.0,9.0
IPL_2026_000,2,RR,Brijesh Sharma,3.1,19,0,29,0,9.16,,
IPL_2026_000,2,RR,Yash Raj Punja,4.0,24,0,37,1,9.25,37.0,24.0
IPL_2026_000,2,RR,SS Mishra,2.2,14,0,18,2,7.71,9.0,7.0
IPL_2026_000,2,RR,RA Jadeja,3.0,18,0,19,2,6.33,9.5,9.0
IPL_2026_000,1,GT,Mohammed Siraj,4.0,24,0,37,1,9.25,37.0,24.0
IPL_2026_000,1,GT,K Rabada,4.0,24,0,35,2,8.75,17.5,12.0
IPL_2026_000,1,GT,M Prasidh Krishna,4.0,24,0,42,1,10.5,42.0,24.0
IPL_2026_000,1,GT,Washington Sundar,2.0,12,0,23,0,11.5,,
IPL_2026_000,1,GT,JO Holder,4.0,24,0,26,2,6.5,13.0,12.0
IPL_2026_000,1,GT,Rashid Khan,2.0,12,0,45,0,22.5,,
IPL_2026_000,2,RR,JC Archer,4.0,24,0,44,1,11.0,44.0,24.0
IPL_2026_000,2,RR,N Burger,4.0,24,0,32,1,8.0,32.0,24.0
IPL_2026_000,2,RR,Brijesh Sharma,3.4,22,0,41,1,11.18,41.0,22.0
IPL_2026_000,2,RR,TU Deshpande,3.0,18,0,34,0,11.33,,
IPL_2026_000,2,RR,Yash Raj Punja,2.0,12,0,29,0,14.5,,
IPL_2026_000,2,RR,RA Jadeja,2.0,12,0,28,0,14.0,,
IPL_2026_000,1,RCB,JA Duffy,4.0,24,0,36,0,9.0,,
IPL_2026_000,1,RCB,B Kumar,4.0,24,0,29,2,7.25,14.5,12.0
IPL_2026_000,1,RCB,JR Hazlewood,4.0,24,0,36,2,9.0,18.0,12.0
IPL_2026_000,1,RCB,Rasikh Salam,4.0,24,0,27,3,6.75,9.0,8.0
IPL_2026_000,1,RCB,KH Pandya,4.0,24,0,23,1,5.75,23.0,24.0
IPL_2026_000,2,GT,Mohammed Siraj,4.0,24,0,36,1,9.0,36.0,24.0
IPL_2026_000,2,GT,K Rabada,3.0,18,0,44,1,14.67,44.0,18.0
IPL_2026_000,2,GT,JO Holder,2.0,12,0,16,0,8.0,,
IPL_2026_000,2,GT,Rashid Khan,4.0,24,0,25,2,6.25,12.5,12.0
IPL_2026_000,2,GT,Arshad Khan,4.0,24,0,32,1,8.0,32.0,24.0
IPL_2026_000,2,GT,M Prasidh Krishna,1.0,6,0,7,0,7.0,,
